# COMMON_MC_OBJ_START
# version: 1
# exporter: jmc2obj
# world_name: voltage_2
# world_path: D:\GitHub\mcresourcepile\map-fetcher\tmp\Xerocoles\stratus-maps\competitive\voltage_2
# export_bounds_min: (0, 0, 0)
# export_bounds_max: (495, 255, 495)
# export_offset: (0.000000, 0.000000, 0.000000)
# block_scale: 1.000000
# block_origin_offset: (-0.5, -0.5, -0.5)
# z_up: false
# texture_type: INDIVIDUAL_TILES
# has_split_blocks: false
# COMMON_MC_OBJ_END
mtllib minecraft.mtl

vt 0.000000000 0.000000000
vt 1.000000000 0.000000000
vt 1.000000000 9.000000000
vt 0.000000000 9.000000000
vt 1.000000000 1.000000000
vt 0.000000000 1.000000000
vt 1.000000000 2.000000000
vt 0.000000000 2.000000000
vt 0.000000000 0.500000000
vt 1.000000000 0.500000000
vt 0.500000000 0.500000000
vt 0.500000000 0.000000000
vt -0.000000000 0.000000000
vt 1.000000000 11.000000000
vt 0.000000000 11.000000000
vt 0.000000000 -2.000000000
vt 1.000000000 -2.000000000
vt 1.000000000 1.500000000
vt 0.000000000 1.500000000
vt -1.000000000 0.000000000
vt -1.000000000 1.000000000
vt 1.000000000 5.000000000
vt 0.000000000 5.000000000
vt 1.000000000 3.000000000
vt 0.000000000 3.000000000
vt 3.000000000 0.000000000
vt 3.000000000 1.000000000
vt 0.000000000 -1.000000000
vt 1.000000000 -1.000000000
vt 4.000000000 0.000000000
vt 4.000000000 1.000000000
vt 5.000000000 0.000000000
vt 5.000000000 1.000000000
vt 0.000000000 -3.000000000
vt 1.000000000 -3.000000000
vt 2.000000000 0.000000000
vt 2.000000000 1.000000000
vt -2.000000000 0.000000000
vt -2.000000000 1.000000000
vt -1.000000000 3.000000000
vt -3.000000000 -1.000000000
vt -3.000000000 1.000000000
vt -3.000000000 0.000000000
vt -4.000000000 0.000000000
vt -4.000000000 1.000000000
vt 3.000000000 3.000000000
vt 1.000000000 10.000000000
vt 0.000000000 10.000000000
vt 1.000000000 12.000000000
vt 0.000000000 12.000000000
vt 0.000000000 0.500000000
vt 0.000000000 0.000000000
vt 1.000000000 0.000000000
vt 0.500000000 0.000000000
vt 0.500000000 1.000000000
vt -0.000000000 1.000000000
vt 0.000000000 -0.000000000
vt -3.000000000 -2.000000000
vt -6.000000000 0.000000000
vt -6.000000000 1.000000000
vt 12.000000000 0.000000000
vt 12.000000000 1.000000000
vt -2.000000000 0.500000000
vt 7.000000000 0.000000000
vt 7.000000000 1.000000000
vt -8.000000000 0.000000000
vt -8.000000000 1.000000000
vt -15.000000000 0.000000000
vt -15.000000000 1.000000000
vt -2.000000000 3.000000000
vt -3.000000000 3.000000000
vt 1.000000000 4.000000000
vt 0.000000000 4.000000000
vt 1.000000000 7.000000000
vt 0.000000000 7.000000000
vt 16.000000000 0.000000000
vt 16.000000000 1.000000000
vt 3.000000000 -2.000000000
vt 3.000000000 0.500000000
vt 0.437500000 0.437500000
vt 0.562500000 0.437500000
vt 0.562500000 0.562500000
vt 0.437500000 0.562500000
vt -2.000000000 -2.000000000
vt 0.000000000 1.000000000
vt 0.000000000 0.000000000
vt -0.000000000 0.000000000
vt 1.000000000 -0.000000000
vt 1.000000000 8.000000000
vt 0.000000000 8.000000000
vt -2.000000000 -1.000000000
vt 2.000000000 3.000000000
vt 2.000000000 -2.000000000
vt 0.000000000 -4.000000000
vt 1.000000000 -4.000000000
vt -2.000000000 -3.000000000
vt -1.000000000 -2.000000000
vt -6.000000000 -2.000000000
vt 13.000000000 0.000000000
vt 13.000000000 1.000000000
vt -7.000000000 0.000000000
vt -7.000000000 1.000000000
vt 8.000000000 0.000000000
vt 8.000000000 1.000000000
vt -12.000000000 0.000000000
vt -12.000000000 1.000000000
vt 9.000000000 0.000000000
vt 9.000000000 1.000000000
vt 0.000000000 -6.000000000
vt 1.000000000 -6.000000000
vt 3.000000000 7.000000000
vt 2.000000000 0.500000000
vt -1.000000000 0.500000000
vt -2.000000000 7.000000000
vt 0.000000000 -2.000000000
vt 6.000000000 0.000000000
vt 6.000000000 1.000000000
vt 4.000000000 7.000000000
vt 5.000000000 -1.000000000
vt 6.000000000 -1.000000000
vt -4.000000000 -1.000000000
vt -5.000000000 -1.000000000
vt -5.000000000 1.000000000
vt 0.000000000 -0.000000000
vt -5.000000000 0.000000000
vt 3.000000000 -1.000000000
vt 4.000000000 -1.000000000
vt 15.000000000 0.000000000
vt 15.000000000 1.000000000
vt -14.000000000 0.000000000
vt -14.000000000 1.000000000
vt 0.000000000 -5.000000000
vt 1.000000000 -5.000000000
vt 2.000000000 7.000000000
vt 4.000000000 3.000000000
vt 14.000000000 0.000000000
vt 14.000000000 1.000000000
vt -1.000000000 7.000000000
vt 7.000000000 3.000000000
vt 3.000000000 4.000000000
vt 4.000000000 -3.000000000
vt -3.000000000 -3.000000000
vt -3.000000000 7.000000000
vt 3.000000000 0.000000000
v 366.500 17.500 96.500
v 366.500 17.500 95.500
v 366.500 26.500 95.500
v 366.500 26.500 96.500
v 365.500 17.500 95.500
v 365.500 17.500 96.500
v 365.500 26.500 96.500
v 365.500 26.500 95.500
v 365.500 18.500 97.500
v 365.500 18.500 96.500
v 365.500 27.500 96.500
v 365.500 27.500 97.500
v 364.500 18.500 96.500
v 364.500 18.500 97.500
v 364.500 27.500 97.500
v 364.500 27.500 96.500
v 364.500 17.500 98.500
v 364.500 17.500 97.500
v 364.500 26.500 97.500
v 364.500 26.500 98.500
v 363.500 17.500 97.500
v 363.500 17.500 98.500
v 363.500 26.500 98.500
v 363.500 26.500 97.500
v 366.500 26.500 121.500
v 367.500 26.500 121.500
v 367.500 27.500 121.500
v 366.500 27.500 121.500
v 367.500 29.500 121.500
v 366.500 29.500 121.500
v 366.500 28.000 121.500
v 367.500 28.000 121.500
v 367.000 28.000 121.500
v 367.000 27.500 121.500
v 366.500 30.500 121.500
v 367.500 30.500 121.500
v 367.500 31.000 121.500
v 366.500 31.000 121.500
v 366.500 29.500 120.500
v 367.500 29.500 120.500
v 367.500 30.500 120.500
v 366.500 30.500 120.500
v 367.500 26.500 120.500
v 366.500 26.500 120.500
v 366.500 27.500 120.500
v 367.500 27.500 120.500
v 367.500 28.000 120.500
v 366.500 28.000 120.500
v 367.000 28.000 120.500
v 367.000 27.500 120.500
v 366.500 31.000 120.500
v 367.500 31.000 120.500
v 366.500 15.500 122.500
v 367.500 15.500 122.500
v 367.500 26.500 122.500
v 366.500 26.500 122.500
v 366.500 29.000 122.500
v 367.500 29.000 122.500
v 367.500 30.500 122.500
v 366.500 30.500 122.500
v 367.500 29.000 120.500
v 366.500 29.000 120.500
v 366.500 29.000 119.500
v 367.500 29.000 119.500
v 366.500 29.000 121.500
v 367.500 29.000 121.500
v 367.000 30.000 121.500
v 367.000 30.000 120.500
v 367.000 29.500 120.500
v 367.000 29.500 121.500
v 366.500 15.500 119.500
v 367.500 15.500 119.500
v 367.500 26.500 119.500
v 366.500 26.500 119.500
v 366.500 29.500 119.500
v 367.500 29.500 119.500
v 367.500 29.500 122.500
v 366.500 29.500 122.500
v 367.500 28.500 121.500
v 366.500 28.500 121.500
v 366.500 28.500 120.500
v 367.500 28.500 120.500
v 366.500 30.500 119.500
v 367.500 30.500 119.500
v 366.500 15.500 120.500
v 366.500 15.500 121.500
v 366.500 16.500 121.500
v 366.500 16.500 120.500
v 366.500 25.500 121.500
v 366.500 25.500 120.500
v 366.500 30.000 120.500
v 366.500 30.000 121.500
v 367.500 30.000 120.500
v 367.500 30.000 121.500
v 422.500 17.500 128.500
v 422.500 17.500 129.500
v 422.500 26.500 129.500
v 422.500 26.500 128.500
v 422.500 18.500 130.500
v 422.500 18.500 129.500
v 422.500 27.500 129.500
v 422.500 27.500 130.500
v 421.500 18.500 129.500
v 421.500 18.500 130.500
v 421.500 27.500 130.500
v 421.500 27.500 129.500
v 421.500 17.500 131.500
v 421.500 17.500 130.500
v 421.500 26.500 130.500
v 421.500 26.500 131.500
v 420.500 15.500 129.500
v 420.500 15.500 127.500
v 420.500 16.500 127.500
v 420.500 16.500 129.500
v 420.500 16.500 128.500
v 420.500 17.500 127.500
v 420.500 17.500 128.500
v 420.500 18.500 127.500
v 420.500 18.500 128.500
v 420.500 19.500 127.500
v 420.500 19.500 128.500
v 420.500 19.500 129.500
v 420.500 20.500 127.500
v 420.500 20.500 129.500
v 420.500 17.500 129.500
v 420.500 15.500 130.500
v 420.500 20.500 130.500
v 420.500 17.500 130.500
v 420.500 17.500 131.500
v 420.500 26.500 131.500
v 420.500 26.500 130.500
v 420.500 18.500 132.500
v 420.500 18.500 131.500
v 420.500 27.500 131.500
v 420.500 27.500 132.500
v 416.500 17.500 135.500
v 417.500 17.500 135.500
v 417.500 26.500 135.500
v 416.500 26.500 135.500
v 416.500 18.500 135.500
v 415.500 18.500 135.500
v 415.500 27.500 135.500
v 416.500 27.500 135.500
v 415.500 18.500 136.500
v 416.500 18.500 136.500
v 416.500 27.500 136.500
v 415.500 27.500 136.500
v 418.500 17.500 133.500
v 419.500 17.500 133.500
v 419.500 26.500 133.500
v 418.500 26.500 133.500
v 416.500 16.500 133.500
v 415.500 16.500 133.500
v 415.500 19.500 133.500
v 416.500 19.500 133.500
v 418.500 18.500 133.500
v 417.500 18.500 133.500
v 417.500 27.500 133.500
v 418.500 27.500 133.500
v 415.500 15.500 134.500
v 416.500 15.500 134.500
v 416.500 20.500 134.500
v 415.500 20.500 134.500
v 417.500 18.500 134.500
v 418.500 18.500 134.500
v 418.500 27.500 134.500
v 417.500 27.500 134.500
v 417.500 17.500 134.500
v 416.500 17.500 134.500
v 416.500 26.500 134.500
v 417.500 26.500 134.500
v 424.500 18.500 128.500
v 424.500 18.500 127.500
v 424.500 27.500 127.500
v 424.500 27.500 128.500
v 415.500 17.500 131.500
v 416.500 17.500 131.500
v 416.500 18.500 131.500
v 415.500 18.500 131.500
v 416.500 19.500 131.500
v 415.500 19.500 131.500
v 419.500 18.500 131.500
v 419.500 27.500 131.500
v 423.500 18.500 127.500
v 423.500 18.500 128.500
v 423.500 27.500 128.500
v 423.500 27.500 127.500
v 423.500 17.500 129.500
v 423.500 17.500 128.500
v 423.500 26.500 128.500
v 423.500 26.500 129.500
v 415.500 16.500 132.500
v 416.500 16.500 132.500
v 416.500 17.500 132.500
v 415.500 17.500 132.500
v 416.500 18.500 132.500
v 415.500 18.500 132.500
v 419.500 18.500 132.500
v 419.500 27.500 132.500
v 419.500 17.500 132.500
v 418.500 17.500 132.500
v 418.500 26.500 132.500
v 419.500 26.500 132.500
v 415.500 20.500 128.500
v 418.500 20.500 128.500
v 418.500 20.500 127.500
v 415.500 20.500 127.500
v 419.500 20.500 128.500
v 419.500 20.500 127.500
v 419.500 20.500 129.500
v 415.500 20.500 129.500
v 415.500 20.500 130.500
v 416.500 20.500 130.500
v 415.500 16.500 130.500
v 416.500 16.500 130.500
v 416.500 19.500 130.500
v 415.500 19.500 130.500
v 416.500 15.500 130.500
v 420.500 16.500 130.500
v 418.500 16.500 130.500
v 418.500 17.500 130.500
v 416.500 17.500 130.500
v 417.500 17.500 130.500
v 417.500 18.500 130.500
v 416.500 18.500 130.500
v 417.500 19.500 130.500
v 420.500 19.500 130.500
v 418.500 18.500 130.500
v 419.500 18.500 130.500
v 419.500 19.500 130.500
v 419.500 16.500 130.500
v 419.500 17.500 130.500
v 418.500 15.500 127.500
v 415.500 15.500 127.500
v 415.500 16.500 127.500
v 418.500 16.500 127.500
v 419.500 17.500 127.500
v 419.500 18.500 127.500
v 419.500 19.500 127.500
v 415.500 15.500 129.500
v 415.500 15.500 133.500
v 415.500 16.500 129.500
v 415.500 16.500 134.500
v 415.500 19.500 134.500
v 419.500 16.500 129.500
v 419.500 16.500 127.500
v 419.500 19.500 129.500
v 419.500 15.500 127.500
v 419.500 15.500 129.500
v 418.500 15.500 128.500
v 418.500 16.500 128.500
v 418.500 19.500 127.500
v 418.500 19.500 128.500
v 418.500 16.500 129.500
v 418.500 17.500 129.500
v 418.500 18.500 129.500
v 416.500 16.500 129.500
v 417.500 17.500 129.500
v 417.500 18.500 129.500
v 417.500 19.500 129.500
v 415.500 15.500 128.500
v 419.500 15.500 128.500
v 415.500 15.500 130.500
v 416.500 19.500 129.500
v 416.500 15.500 133.500
v 416.500 16.500 131.500
v 416.500 20.500 133.500
v 416.500 19.500 132.500
v 416.500 17.500 133.500
v 419.500 18.500 128.500
v 416.500 18.500 129.500
v 415.500 18.500 130.500
v 415.500 16.500 128.500
v 419.500 16.500 128.500
v 419.500 17.500 128.500
v 415.500 19.500 128.500
v 419.500 17.500 129.500
v 415.500 17.500 133.500
v 415.500 19.500 127.500
v 367.500 18.500 95.500
v 367.500 18.500 94.500
v 367.500 27.500 94.500
v 367.500 27.500 95.500
v 366.500 18.500 94.500
v 366.500 18.500 95.500
v 366.500 27.500 95.500
v 366.500 27.500 94.500
v 365.500 15.500 137.500
v 364.500 15.500 137.500
v 364.500 16.500 137.500
v 365.500 16.500 137.500
v 364.500 26.500 137.500
v 365.500 26.500 137.500
v 364.500 27.500 137.500
v 365.500 27.500 137.500
v 367.500 16.500 137.500
v 366.500 16.500 137.500
v 366.500 26.500 137.500
v 367.500 26.500 137.500
v 367.500 30.500 137.500
v 366.500 30.500 137.500
v 366.500 31.500 137.500
v 367.500 31.500 137.500
v 366.500 32.500 137.500
v 367.500 32.500 137.500
v 366.500 30.500 138.500
v 367.500 30.500 138.500
v 367.500 31.500 138.500
v 366.500 31.500 138.500
v 367.500 32.500 138.500
v 366.500 32.500 138.500
v 364.500 15.500 138.500
v 363.500 15.500 138.500
v 363.500 27.500 138.500
v 364.500 27.500 138.500
v 365.500 31.500 138.500
v 365.500 32.500 138.500
v 365.500 33.500 138.500
v 367.500 33.500 138.500
v 367.500 27.500 138.500
v 366.500 27.500 138.500
v 366.500 28.000 138.500
v 367.500 28.000 138.500
v 367.500 28.500 138.500
v 366.500 28.500 138.500
v 366.500 29.000 138.500
v 367.500 29.000 138.500
v 367.500 29.500 138.500
v 366.500 29.500 138.500
v 366.500 33.500 138.500
v 366.500 34.500 138.500
v 367.500 34.500 138.500
v 366.500 35.500 138.500
v 367.500 35.500 138.500
v 367.500 15.500 136.500
v 365.500 15.500 136.500
v 365.500 16.500 136.500
v 367.500 16.500 136.500
v 366.500 16.500 136.500
v 365.500 26.500 136.500
v 366.500 26.500 136.500
v 367.500 26.500 136.500
v 365.500 27.500 136.500
v 367.500 27.500 136.500
v 367.500 28.000 139.000
v 366.500 28.000 139.000
v 366.500 28.500 139.000
v 367.500 28.500 139.000
v 363.500 15.500 139.500
v 363.500 27.500 139.500
v 363.500 15.500 140.500
v 363.500 16.500 140.500
v 363.500 16.500 139.500
v 363.500 26.500 140.500
v 363.500 26.500 139.500
v 363.500 27.500 140.500
v 363.500 15.500 141.500
v 363.500 27.500 141.500
v 367.500 29.000 128.500
v 366.500 29.000 128.500
v 366.500 29.000 127.500
v 367.500 29.000 127.500
v 367.500 29.000 130.500
v 366.500 29.000 130.500
v 366.500 29.000 129.500
v 367.500 29.000 129.500
v 366.500 29.000 139.500
v 367.500 29.000 139.500
v 365.500 29.000 140.500
v 366.500 29.000 140.500
v 365.500 29.000 139.500
v 366.500 29.000 141.500
v 367.500 29.000 141.500
v 367.500 29.000 140.500
v 367.000 28.000 129.500
v 367.000 28.000 128.500
v 367.000 27.500 128.500
v 367.000 27.500 129.500
v 367.000 30.000 129.500
v 367.000 30.000 128.500
v 367.000 29.500 128.500
v 367.000 29.500 129.500
v 366.500 27.500 129.500
v 367.500 27.500 129.500
v 367.500 27.500 128.500
v 366.500 27.500 128.500
v 367.500 27.500 137.500
v 366.500 27.500 137.500
v 365.500 27.500 139.500
v 365.500 27.500 138.500
v 366.500 27.500 139.500
v 367.500 27.500 139.500
v 364.500 27.500 140.500
v 364.500 27.500 139.500
v 365.500 27.500 140.500
v 366.500 27.500 140.500
v 365.500 27.500 141.500
v 366.500 27.500 141.500
v 367.500 27.500 141.500
v 367.500 27.500 140.500
v 364.500 27.500 142.500
v 366.500 27.500 142.500
v 364.500 27.500 141.500
v 367.500 27.500 142.500
v 365.500 27.500 143.500
v 367.500 27.500 143.500
v 365.500 27.500 142.500
v 366.000 28.000 139.500
v 366.000 28.000 140.500
v 366.000 28.500 140.500
v 366.000 28.500 139.500
v 366.500 26.500 128.500
v 367.500 26.500 128.500
v 367.500 26.500 127.500
v 366.500 26.500 127.500
v 366.500 26.500 130.500
v 367.500 26.500 130.500
v 367.500 26.500 129.500
v 366.500 26.500 129.500
v 364.500 26.500 140.500
v 364.500 26.500 139.500
v 367.500 26.500 143.500
v 366.500 26.500 143.500
v 366.500 26.500 142.500
v 367.500 26.500 142.500
v 367.500 29.500 128.500
v 366.500 29.500 128.500
v 366.500 29.500 127.500
v 367.500 29.500 127.500
v 366.500 29.500 129.500
v 367.500 29.500 129.500
v 367.500 29.500 130.500
v 366.500 29.500 130.500
v 367.500 29.500 139.500
v 366.500 29.500 139.500
v 366.500 29.500 140.500
v 367.500 29.500 140.500
v 366.500 29.500 141.500
v 365.500 29.500 141.500
v 365.500 29.500 140.500
v 367.500 29.500 141.500
v 367.500 28.500 129.500
v 366.500 28.500 129.500
v 366.500 28.500 128.500
v 367.500 28.500 128.500
v 366.500 28.500 139.500
v 367.500 28.500 139.500
v 366.500 28.500 140.500
v 365.500 28.500 140.500
v 365.500 28.500 139.500
v 367.500 28.500 141.000
v 367.500 28.500 140.500
v 366.500 28.500 141.000
v 367.500 28.500 141.500
v 366.500 28.500 141.500
v 364.500 16.500 139.500
v 365.500 31.500 139.500
v 366.500 31.500 139.500
v 366.500 32.500 139.500
v 365.500 32.500 139.500
v 367.500 32.500 139.500
v 367.500 33.500 139.500
v 365.500 33.500 139.500
v 367.500 30.500 139.500
v 366.500 30.500 139.500
v 366.500 33.500 139.500
v 367.500 34.500 139.500
v 366.500 34.500 139.500
v 367.500 35.500 139.500
v 366.500 35.500 139.500
v 364.500 31.500 139.500
v 364.500 32.500 139.500
v 365.500 28.000 139.500
v 366.500 28.000 139.500
v 365.500 30.500 139.500
v 367.500 30.500 127.500
v 367.500 30.500 128.500
v 367.500 30.500 129.500
v 367.500 31.000 128.500
v 367.500 31.000 129.500
v 367.500 30.500 130.500
v 367.500 28.000 139.500
v 367.500 30.500 140.500
v 367.500 28.000 140.500
v 367.500 28.000 141.500
v 367.500 28.000 141.000
v 367.500 30.500 141.500
v 367.500 31.500 141.500
v 367.500 31.500 140.500
v 367.500 32.500 140.500
v 367.500 32.500 141.500
v 367.500 33.500 140.500
v 367.500 33.500 141.500
v 367.500 32.500 142.500
v 367.500 33.500 142.500
v 366.500 15.500 127.500
v 366.500 15.500 128.500
v 366.500 30.500 128.500
v 366.500 30.500 127.500
v 366.500 15.500 129.500
v 366.500 16.500 129.500
v 366.500 16.500 128.500
v 366.500 25.500 129.500
v 366.500 25.500 128.500
v 366.500 28.000 128.500
v 366.500 28.000 129.500
v 366.500 31.000 129.500
v 366.500 31.000 128.500
v 366.500 30.000 128.500
v 366.500 30.000 129.500
v 366.500 15.500 130.500
v 366.500 30.500 130.500
v 366.500 30.500 129.500
v 366.500 30.500 140.500
v 366.500 32.500 140.500
v 366.500 30.500 141.500
v 366.500 31.500 141.500
v 366.500 31.500 140.500
v 366.500 32.500 141.500
v 366.500 33.500 141.500
v 366.500 33.500 140.500
v 366.500 34.500 140.500
v 366.500 34.500 141.500
v 366.500 28.000 141.500
v 366.500 28.000 140.500
v 366.500 28.000 141.000
v 366.500 32.500 142.500
v 366.500 33.500 142.500
v 366.500 16.500 143.500
v 366.500 16.500 142.500
v 367.500 28.000 128.500
v 367.500 28.000 129.500
v 365.500 28.000 140.500
v 365.500 31.500 140.500
v 365.500 32.500 140.500
v 365.500 30.500 140.500
v 365.500 30.500 141.500
v 365.500 31.500 141.500
v 365.500 32.500 141.500
v 365.500 33.500 140.500
v 365.500 33.500 141.500
v 365.500 34.500 141.500
v 365.500 34.500 140.500
v 365.500 15.500 142.500
v 365.500 15.500 143.500
v 364.500 16.500 138.500
v 364.500 26.500 138.500
v 364.500 16.500 140.500
v 364.500 31.500 140.500
v 364.500 32.500 140.500
v 364.500 30.500 140.500
v 364.500 30.500 141.500
v 364.500 31.500 141.500
v 364.500 32.500 141.500
v 364.500 33.500 141.500
v 364.500 33.500 140.500
v 364.500 15.500 141.500
v 364.500 15.500 142.500
v 364.500 16.500 142.500
v 364.500 16.500 141.500
v 364.500 26.500 142.500
v 364.500 26.500 141.500
v 367.500 15.500 130.500
v 367.500 15.500 127.500
v 365.500 16.500 142.500
v 365.500 26.500 142.500
v 367.500 16.500 142.500
v 367.500 15.500 143.500
v 367.500 16.500 143.500
v 365.500 16.500 143.500
v 365.500 26.500 143.500
v 367.500 15.500 137.500
v 367.500 15.500 138.500
v 367.500 15.500 141.500
v 367.500 15.500 142.500
v 367.500 30.000 128.500
v 367.500 30.000 129.500
v 388.500 16.500 137.500
v 391.500 16.500 137.500
v 391.500 19.500 137.500
v 388.500 19.500 137.500
v 388.500 20.500 137.500
v 391.500 20.500 137.500
v 391.500 23.500 137.500
v 388.500 23.500 137.500
v 384.500 16.500 137.500
v 383.500 16.500 137.500
v 383.500 19.500 137.500
v 384.500 19.500 137.500
v 387.500 15.500 137.500
v 384.500 15.500 137.500
v 387.500 16.500 137.500
v 385.500 19.500 137.500
v 384.500 20.500 137.500
v 385.500 20.500 137.500
v 385.500 24.500 137.500
v 384.500 24.500 137.500
v 384.500 25.500 137.500
v 385.500 25.500 137.500
v 387.500 25.500 137.500
v 384.500 26.500 137.500
v 387.500 26.500 137.500
v 385.500 29.000 137.500
v 384.500 29.000 137.500
v 384.500 30.500 137.500
v 385.500 30.500 137.500
v 386.500 19.500 137.500
v 386.500 20.500 137.500
v 386.500 24.500 137.500
v 386.500 25.500 137.500
v 386.500 26.500 137.500
v 385.500 26.500 137.500
v 385.500 27.500 137.500
v 386.500 27.500 137.500
v 385.500 29.500 137.500
v 386.500 29.500 137.500
v 386.500 28.000 137.500
v 385.500 28.000 137.500
v 385.500 31.000 137.500
v 386.500 31.000 137.500
v 386.500 30.000 137.500
v 385.500 30.000 137.500
v 387.500 19.500 137.500
v 387.500 20.500 137.500
v 387.500 24.500 137.500
v 387.500 29.000 137.500
v 386.500 29.000 137.500
v 386.500 30.500 137.500
v 387.500 30.500 137.500
v 387.500 23.500 137.500
v 391.500 15.500 137.500
v 388.500 15.500 137.500
v 388.500 24.500 137.500
v 391.500 24.500 137.500
v 392.500 16.500 137.500
v 392.500 19.500 137.500
v 392.500 20.500 137.500
v 392.500 23.500 137.500
v 399.500 23.500 137.500
v 392.500 24.500 137.500
v 399.500 24.500 137.500
v 383.500 15.500 138.500
v 384.500 15.500 138.500
v 384.500 24.500 138.500
v 383.500 24.500 138.500
v 384.500 29.500 138.500
v 385.500 29.500 138.500
v 385.500 30.500 138.500
v 384.500 30.500 138.500
v 386.500 30.500 138.500
v 386.500 31.000 138.500
v 385.500 31.000 138.500
v 386.500 29.500 138.500
v 387.500 29.500 138.500
v 387.500 30.500 138.500
v 387.500 15.500 138.500
v 392.500 15.500 138.500
v 392.500 16.500 138.500
v 387.500 16.500 138.500
v 388.500 16.500 138.500
v 388.500 19.500 138.500
v 387.500 19.500 138.500
v 392.500 19.500 138.500
v 392.500 20.500 138.500
v 387.500 20.500 138.500
v 388.500 20.500 138.500
v 388.500 23.500 138.500
v 387.500 23.500 138.500
v 399.500 23.500 138.500
v 399.500 24.500 138.500
v 387.500 24.500 138.500
v 391.500 16.500 138.500
v 391.500 19.500 138.500
v 391.500 20.500 138.500
v 391.500 23.500 138.500
v 392.500 23.500 138.500
v 385.500 26.500 138.500
v 384.500 26.500 138.500
v 384.500 27.500 138.500
v 385.500 27.500 138.500
v 385.500 28.000 138.500
v 384.500 28.000 138.500
v 385.000 28.000 138.500
v 385.000 27.500 138.500
v 384.500 31.000 138.500
v 387.500 31.000 138.500
v 386.500 27.500 138.500
v 385.500 28.500 138.500
v 386.500 28.500 138.500
v 387.500 26.500 138.500
v 386.500 26.500 138.500
v 387.500 27.500 138.500
v 387.500 28.000 138.500
v 386.500 28.000 138.500
v 387.000 28.000 138.500
v 387.000 27.500 138.500
v 383.500 23.500 135.500
v 386.500 23.500 135.500
v 386.500 24.500 135.500
v 383.500 24.500 135.500
v 393.500 23.500 135.500
v 398.500 23.500 135.500
v 398.500 24.500 135.500
v 393.500 24.500 135.500
v 399.500 17.500 135.500
v 392.500 17.500 135.500
v 392.500 18.500 135.500
v 399.500 18.500 135.500
v 399.500 21.500 135.500
v 392.500 21.500 135.500
v 392.500 22.500 135.500
v 399.500 22.500 135.500
v 385.000 28.000 139.500
v 385.000 27.500 139.500
v 385.000 30.000 139.500
v 385.000 30.000 138.500
v 385.000 29.500 138.500
v 385.000 29.500 139.500
v 392.500 17.500 136.500
v 399.500 17.500 136.500
v 399.500 18.500 136.500
v 392.500 18.500 136.500
v 392.500 21.500 136.500
v 399.500 21.500 136.500
v 399.500 22.500 136.500
v 392.500 22.500 136.500
v 393.500 23.500 136.500
v 398.500 23.500 136.500
v 398.500 24.500 136.500
v 393.500 24.500 136.500
v 386.500 23.500 136.500
v 383.500 23.500 136.500
v 383.500 24.500 136.500
v 386.500 24.500 136.500
v 392.500 15.500 133.500
v 383.500 15.500 133.500
v 383.500 16.500 133.500
v 392.500 16.500 133.500
v 384.500 16.500 133.500
v 383.500 19.500 133.500
v 384.500 19.500 133.500
v 392.500 19.500 133.500
v 383.500 20.500 133.500
v 392.500 20.500 133.500
v 387.500 20.500 133.500
v 383.500 21.500 133.500
v 387.500 21.500 133.500
v 386.500 21.500 133.500
v 383.500 22.500 133.500
v 386.500 22.500 133.500
v 387.500 22.500 133.500
v 383.500 23.500 133.500
v 387.500 23.500 133.500
v 399.500 23.500 133.500
v 383.500 24.500 133.500
v 399.500 24.500 133.500
v 387.500 16.500 133.500
v 387.500 19.500 133.500
v 388.500 16.500 133.500
v 388.500 19.500 133.500
v 388.500 20.500 133.500
v 388.500 23.500 133.500
v 391.500 16.500 133.500
v 391.500 19.500 133.500
v 391.500 20.500 133.500
v 391.500 23.500 133.500
v 392.500 23.500 133.500
v 385.500 28.000 138.000
v 386.500 28.000 138.000
v 386.500 27.500 138.000
v 385.500 27.500 138.000
v 385.500 30.000 138.000
v 386.500 30.000 138.000
v 386.500 29.500 138.000
v 385.500 29.500 138.000
v 387.000 28.000 139.500
v 387.000 27.500 139.500
v 387.000 30.000 138.500
v 387.000 30.000 139.500
v 387.000 29.500 139.500
v 387.000 29.500 138.500
v 383.500 16.500 134.500
v 384.500 16.500 134.500
v 384.500 19.500 134.500
v 383.500 19.500 134.500
v 384.500 15.500 134.500
v 387.500 15.500 134.500
v 387.500 16.500 134.500
v 387.500 19.500 134.500
v 387.500 20.500 134.500
v 384.500 20.500 134.500
v 388.500 16.500 134.500
v 388.500 19.500 134.500
v 388.500 20.500 134.500
v 388.500 23.500 134.500
v 387.500 23.500 134.500
v 388.500 15.500 134.500
v 391.500 15.500 134.500
v 391.500 16.500 134.500
v 391.500 19.500 134.500
v 391.500 20.500 134.500
v 391.500 23.500 134.500
v 391.500 24.500 134.500
v 388.500 24.500 134.500
v 392.500 16.500 134.500
v 392.500 19.500 134.500
v 392.500 20.500 134.500
v 392.500 23.500 134.500
v 399.500 23.500 134.500
v 399.500 24.500 134.500
v 392.500 24.500 134.500
v 383.500 20.500 134.500
v 383.500 23.500 134.500
v 383.500 15.500 134.500
v 383.500 15.500 137.500
v 383.500 16.500 138.500
v 383.500 23.500 138.500
v 383.500 23.500 137.500
v 384.500 29.000 138.500
v 384.500 15.500 139.500
v 384.500 16.500 139.500
v 384.500 16.500 138.500
v 384.500 25.500 139.500
v 384.500 25.500 138.500
v 384.500 27.500 139.500
v 384.500 29.500 139.500
v 384.500 28.000 139.500
v 384.500 31.000 139.500
v 384.500 30.000 138.500
v 384.500 30.000 139.500
v 384.500 15.500 140.500
v 384.500 26.500 140.500
v 384.500 26.500 139.500
v 384.500 29.000 139.500
v 384.500 29.000 140.500
v 384.500 30.500 140.500
v 384.500 30.500 139.500
v 385.500 30.500 139.500
v 385.500 31.000 139.500
v 385.500 27.500 139.500
v 385.500 28.500 139.500
v 385.500 29.500 139.500
v 385.500 29.500 140.500
v 385.500 30.500 140.500
v 385.500 26.500 139.500
v 385.500 26.500 140.500
v 385.500 27.500 140.500
v 385.500 28.000 139.500
v 385.500 28.000 140.500
v 385.500 28.000 140.000
v 385.500 27.500 140.000
v 385.500 31.000 140.500
v 383.500 24.500 134.500
v 387.500 24.500 135.500
v 387.500 24.500 134.500
v 392.500 24.500 135.500
v 399.500 24.500 135.500
v 387.500 24.500 136.500
v 392.500 24.500 136.500
v 399.500 24.500 136.500
v 383.500 24.500 137.500
v 385.500 29.000 138.500
v 387.500 29.000 138.500
v 386.500 29.000 138.500
v 385.500 29.000 140.500
v 385.500 29.000 139.500
v 387.500 29.000 140.500
v 386.500 29.000 140.500
v 386.500 29.000 139.500
v 387.500 29.000 139.500
v 386.500 27.500 139.500
v 387.500 27.500 139.500
v 386.500 27.500 140.500
v 386.500 26.500 140.500
v 387.500 26.500 140.500
v 387.500 26.500 139.500
v 386.500 26.500 139.500
v 384.500 29.500 137.500
v 387.500 29.500 137.500
v 386.500 29.500 139.500
v 387.500 29.500 139.500
v 384.500 29.500 140.500
v 386.500 29.500 140.500
v 387.500 29.500 140.500
v 385.500 28.500 137.500
v 386.500 28.500 137.500
v 384.500 28.500 139.500
v 384.500 28.500 138.500
v 387.500 28.500 139.500
v 386.500 28.500 139.500
v 387.500 28.500 138.500
v 386.500 28.500 140.500
v 385.500 28.500 140.500
v 387.500 30.500 139.500
v 387.500 31.000 139.500
v 386.500 30.500 139.500
v 386.500 28.000 139.500
v 387.500 28.000 139.500
v 386.500 31.000 139.500
v 383.500 21.500 134.500
v 386.500 21.500 134.500
v 392.938 21.500 136.063
v 393.063 21.500 136.063
v 393.063 21.500 135.938
v 392.938 21.500 135.938
v 393.938 21.500 136.063
v 394.063 21.500 136.063
v 394.063 21.500 135.938
v 393.938 21.500 135.938
v 394.938 21.500 136.063
v 395.063 21.500 136.063
v 395.063 21.500 135.938
v 394.938 21.500 135.938
v 395.938 21.500 136.063
v 396.063 21.500 136.063
v 396.063 21.500 135.938
v 395.938 21.500 135.938
v 396.938 21.500 136.063
v 397.063 21.500 136.063
v 397.063 21.500 135.938
v 396.938 21.500 135.938
v 397.938 21.500 136.063
v 398.063 21.500 136.063
v 398.063 21.500 135.938
v 397.938 21.500 135.938
v 398.938 21.500 136.063
v 399.063 21.500 136.063
v 399.063 21.500 135.938
v 398.938 21.500 135.938
v 393.063 20.500 136.063
v 392.938 20.500 136.063
v 392.938 20.500 135.938
v 393.063 20.500 135.938
v 394.063 20.500 136.063
v 393.938 20.500 136.063
v 393.938 20.500 135.938
v 394.063 20.500 135.938
v 395.063 20.500 136.063
v 394.938 20.500 136.063
v 394.938 20.500 135.938
v 395.063 20.500 135.938
v 396.063 20.500 136.063
v 395.938 20.500 136.063
v 395.938 20.500 135.938
v 396.063 20.500 135.938
v 397.063 20.500 136.063
v 396.938 20.500 136.063
v 396.938 20.500 135.938
v 397.063 20.500 135.938
v 398.063 20.500 136.063
v 397.938 20.500 136.063
v 397.938 20.500 135.938
v 398.063 20.500 135.938
v 399.063 20.500 136.063
v 398.938 20.500 136.063
v 398.938 20.500 135.938
v 399.063 20.500 135.938
v 399.500 23.500 135.500
v 392.500 23.500 135.500
v 392.500 23.500 136.500
v 399.500 23.500 136.500
v 386.500 28.000 140.500
v 383.500 22.500 134.500
v 386.500 22.500 134.500
v 386.500 28.000 140.000
v 386.500 27.500 140.000
v 386.500 30.500 140.500
v 386.500 31.000 140.500
v 387.500 15.500 139.500
v 387.500 16.500 139.500
v 387.500 25.500 138.500
v 387.500 25.500 139.500
v 387.500 30.000 139.500
v 387.500 30.000 138.500
v 387.500 15.500 140.500
v 387.500 30.500 140.500
v 392.500 15.500 134.500
v 392.500 15.500 137.500
v 392.500 16.500 135.500
v 392.500 19.500 135.500
v 392.500 20.500 135.500
v 392.500 16.500 136.500
v 392.500 19.500 136.500
v 392.500 20.500 136.500
v 393.063 18.500 136.063
v 392.938 18.500 136.063
v 392.938 18.500 135.938
v 393.063 18.500 135.938
v 394.063 18.500 136.063
v 393.938 18.500 136.063
v 393.938 18.500 135.938
v 394.063 18.500 135.938
v 395.063 18.500 136.063
v 394.938 18.500 136.063
v 394.938 18.500 135.938
v 395.063 18.500 135.938
v 396.063 18.500 136.063
v 395.938 18.500 136.063
v 395.938 18.500 135.938
v 396.063 18.500 135.938
v 397.063 18.500 136.063
v 396.938 18.500 136.063
v 396.938 18.500 135.938
v 397.063 18.500 135.938
v 398.063 18.500 136.063
v 397.938 18.500 136.063
v 397.938 18.500 135.938
v 398.063 18.500 135.938
v 399.063 18.500 136.063
v 398.938 18.500 136.063
v 398.938 18.500 135.938
v 399.063 18.500 135.938
v 392.938 19.500 136.063
v 393.063 19.500 136.063
v 393.063 19.500 135.938
v 392.938 19.500 135.938
v 393.938 19.500 136.063
v 394.063 19.500 136.063
v 394.063 19.500 135.938
v 393.938 19.500 135.938
v 394.938 19.500 136.063
v 395.063 19.500 136.063
v 395.063 19.500 135.938
v 394.938 19.500 135.938
v 395.938 19.500 136.063
v 396.063 19.500 136.063
v 396.063 19.500 135.938
v 395.938 19.500 135.938
v 396.938 19.500 136.063
v 397.063 19.500 136.063
v 397.063 19.500 135.938
v 396.938 19.500 135.938
v 397.938 19.500 136.063
v 398.063 19.500 136.063
v 398.063 19.500 135.938
v 397.938 19.500 135.938
v 398.938 19.500 136.063
v 399.063 19.500 136.063
v 399.063 19.500 135.938
v 398.938 19.500 135.938
v 387.500 16.500 140.500
v 384.500 16.500 140.500
v 385.500 16.500 140.500
v 385.500 25.500 140.500
v 384.500 25.500 140.500
v 387.500 25.500 140.500
v 386.500 16.500 140.500
v 386.500 25.500 140.500
v 385.500 30.000 140.500
v 386.500 30.000 140.500
v 386.500 30.000 138.500
v 385.500 30.000 138.500
v 385.500 30.000 139.500
v 386.500 30.000 139.500
v 386.500 30.000 140.000
v 385.500 30.000 140.000
v 385.500 29.500 140.000
v 386.500 29.500 140.000
v 380.500 17.500 82.500
v 380.500 17.500 81.500
v 380.500 26.500 81.500
v 380.500 26.500 82.500
v 380.500 16.500 86.500
v 380.500 16.500 87.500
v 380.500 19.500 87.500
v 380.500 19.500 86.500
v 380.500 16.500 90.500
v 380.500 19.500 90.500
v 380.500 15.500 87.500
v 380.500 15.500 94.500
v 380.500 16.500 94.500
v 380.500 16.500 91.500
v 380.500 19.500 91.500
v 380.500 19.500 94.500
v 380.500 16.500 95.500
v 380.500 19.500 95.500
v 381.500 16.500 87.500
v 381.500 16.500 86.500
v 381.500 19.500 86.500
v 381.500 19.500 87.500
v 381.500 15.500 90.500
v 381.500 15.500 87.500
v 381.500 16.500 90.500
v 381.500 19.500 90.500
v 381.500 20.500 87.500
v 381.500 20.500 90.500
v 381.500 16.500 91.500
v 381.500 19.500 91.500
v 381.500 15.500 94.500
v 381.500 15.500 91.500
v 381.500 16.500 94.500
v 381.500 16.500 92.500
v 381.500 18.500 91.500
v 381.500 18.500 92.500
v 381.500 19.500 92.500
v 381.500 19.500 94.500
v 381.500 20.500 91.500
v 381.500 20.500 94.500
v 381.500 16.500 93.500
v 381.500 17.500 92.500
v 381.500 17.500 93.500
v 381.500 18.500 93.500
v 381.500 19.500 93.500
v 381.500 17.500 94.500
v 381.500 15.500 95.500
v 381.500 20.500 95.500
v 378.500 27.500 83.500
v 379.500 27.500 83.500
v 379.500 27.500 82.500
v 378.500 27.500 82.500
v 376.500 27.500 85.500
v 377.500 27.500 85.500
v 377.500 27.500 84.500
v 376.500 27.500 84.500
v 374.500 27.500 87.500
v 375.500 27.500 87.500
v 375.500 27.500 86.500
v 374.500 27.500 86.500
v 372.500 27.500 89.500
v 373.500 27.500 89.500
v 373.500 27.500 88.500
v 372.500 27.500 88.500
v 370.500 27.500 91.500
v 371.500 27.500 91.500
v 371.500 27.500 90.500
v 370.500 27.500 90.500
v 368.500 27.500 93.500
v 369.500 27.500 93.500
v 369.500 27.500 92.500
v 368.500 27.500 92.500
v 379.500 26.500 82.500
v 379.500 26.500 81.500
v 377.500 26.500 84.500
v 378.500 26.500 84.500
v 378.500 26.500 83.500
v 377.500 26.500 83.500
v 375.500 26.500 86.500
v 376.500 26.500 86.500
v 376.500 26.500 85.500
v 375.500 26.500 85.500
v 373.500 26.500 88.500
v 374.500 26.500 88.500
v 374.500 26.500 87.500
v 373.500 26.500 87.500
v 371.500 26.500 90.500
v 372.500 26.500 90.500
v 372.500 26.500 89.500
v 371.500 26.500 89.500
v 369.500 26.500 92.500
v 370.500 26.500 92.500
v 370.500 26.500 91.500
v 369.500 26.500 91.500
v 367.500 26.500 94.500
v 368.500 26.500 94.500
v 368.500 26.500 93.500
v 367.500 26.500 93.500
v 369.500 17.500 91.500
v 369.500 17.500 92.500
v 369.500 18.500 93.500
v 369.500 18.500 92.500
v 369.500 16.500 95.500
v 369.500 16.500 94.500
v 369.500 19.500 94.500
v 369.500 19.500 95.500
v 368.500 18.500 92.500
v 368.500 18.500 93.500
v 368.500 17.500 94.500
v 368.500 17.500 93.500
v 368.500 15.500 94.500
v 368.500 15.500 95.500
v 368.500 20.500 95.500
v 368.500 20.500 94.500
v 370.500 18.500 91.500
v 371.500 18.500 91.500
v 372.500 16.500 91.500
v 373.500 16.500 91.500
v 373.500 19.500 91.500
v 372.500 19.500 91.500
v 373.500 15.500 91.500
v 377.500 15.500 91.500
v 377.500 16.500 91.500
v 383.500 15.500 91.500
v 383.500 16.500 91.500
v 383.500 19.500 91.500
v 383.500 20.500 91.500
v 370.500 17.500 91.500
v 376.500 16.500 91.500
v 376.500 19.500 91.500
v 367.500 17.500 93.500
v 367.500 17.500 94.500
v 376.500 20.500 87.500
v 383.500 20.500 87.500
v 383.500 20.500 86.500
v 376.500 20.500 86.500
v 376.500 20.500 90.500
v 377.500 20.500 90.500
v 377.500 20.500 87.500
v 377.500 20.500 88.500
v 380.500 20.500 88.500
v 380.500 20.500 87.500
v 380.500 20.500 90.500
v 383.500 20.500 90.500
v 377.500 20.500 91.500
v 378.500 20.500 91.500
v 378.500 20.500 88.500
v 378.500 20.500 92.500
v 379.500 20.500 92.500
v 379.500 20.500 88.500
v 379.500 20.500 93.500
v 380.500 20.500 93.500
v 372.500 20.500 91.500
v 372.500 20.500 90.500
v 380.500 20.500 91.500
v 372.500 20.500 94.500
v 373.500 20.500 94.500
v 373.500 20.500 91.500
v 373.500 20.500 92.500
v 380.500 20.500 94.500
v 373.500 20.500 95.500
v 374.500 20.500 95.500
v 374.500 20.500 92.500
v 374.500 20.500 93.500
v 375.500 20.500 95.500
v 375.500 20.500 93.500
v 375.500 20.500 94.500
v 376.500 20.500 95.500
v 376.500 20.500 94.500
v 371.500 17.500 90.500
v 372.500 17.500 90.500
v 383.500 16.500 90.500
v 383.500 19.500 90.500
v 371.500 18.500 90.500
v 370.500 18.500 90.500
v 376.500 15.500 90.500
v 372.500 15.500 90.500
v 372.500 16.500 90.500
v 376.500 16.500 90.500
v 373.500 16.500 90.500
v 372.500 19.500 90.500
v 373.500 19.500 90.500
v 376.500 19.500 90.500
v 374.500 16.500 90.500
v 373.500 17.500 90.500
v 374.500 17.500 90.500
v 373.500 18.500 90.500
v 374.500 18.500 90.500
v 375.500 18.500 90.500
v 375.500 19.500 90.500
v 376.500 17.500 90.500
v 375.500 17.500 90.500
v 376.500 18.500 90.500
v 377.500 16.500 90.500
v 377.500 19.500 90.500
v 383.500 15.500 90.500
v 372.500 17.500 93.500
v 373.500 17.500 93.500
v 373.500 18.500 93.500
v 372.500 18.500 93.500
v 373.500 19.500 93.500
v 372.500 19.500 93.500
v 375.500 15.500 93.500
v 379.500 15.500 93.500
v 379.500 16.500 93.500
v 375.500 16.500 93.500
v 380.500 16.500 93.500
v 380.500 17.500 93.500
v 380.500 18.500 93.500
v 379.500 19.500 93.500
v 375.500 19.500 93.500
v 370.500 17.500 92.500
v 372.500 16.500 92.500
v 373.500 16.500 92.500
v 373.500 17.500 92.500
v 372.500 17.500 92.500
v 373.500 18.500 92.500
v 372.500 18.500 92.500
v 374.500 15.500 92.500
v 378.500 15.500 92.500
v 378.500 16.500 92.500
v 374.500 16.500 92.500
v 374.500 19.500 92.500
v 378.500 19.500 92.500
v 380.500 17.500 92.500
v 380.500 18.500 92.500
v 380.500 19.500 92.500
v 368.500 16.500 95.500
v 368.500 19.500 95.500
v 369.500 15.500 95.500
v 373.500 15.500 95.500
v 373.500 16.500 95.500
v 376.500 16.500 95.500
v 377.500 16.500 95.500
v 377.500 19.500 95.500
v 376.500 19.500 95.500
v 377.500 15.500 95.500
v 381.500 16.500 95.500
v 379.500 16.500 95.500
v 379.500 17.500 95.500
v 377.500 17.500 95.500
v 378.500 17.500 95.500
v 378.500 18.500 95.500
v 377.500 18.500 95.500
v 378.500 19.500 95.500
v 381.500 19.500 95.500
v 377.500 20.500 95.500
v 379.500 18.500 95.500
v 380.500 18.500 95.500
v 380.500 17.500 95.500
v 377.500 16.500 94.500
v 377.500 19.500 94.500
v 372.500 15.500 94.500
v 368.500 16.500 94.500
v 372.500 16.500 94.500
v 368.500 19.500 94.500
v 372.500 19.500 94.500
v 370.500 16.500 94.500
v 369.500 17.500 94.500
v 370.500 17.500 94.500
v 369.500 18.500 94.500
v 370.500 18.500 94.500
v 371.500 18.500 94.500
v 371.500 19.500 94.500
v 372.500 17.500 94.500
v 371.500 17.500 94.500
v 372.500 18.500 94.500
v 373.500 16.500 94.500
v 373.500 19.500 94.500
v 376.500 15.500 94.500
v 376.500 16.500 94.500
v 374.500 18.500 86.500
v 374.500 18.500 87.500
v 374.500 17.500 88.500
v 374.500 17.500 87.500
v 374.500 16.500 91.500
v 374.500 17.500 91.500
v 374.500 18.500 91.500
v 374.500 15.500 95.500
v 374.500 16.500 95.500
v 374.500 19.500 95.500
v 373.500 17.500 87.500
v 373.500 17.500 88.500
v 373.500 18.500 89.500
v 373.500 18.500 88.500
v 377.500 16.500 87.500
v 377.500 16.500 86.500
v 383.500 16.500 87.500
v 383.500 16.500 86.500
v 376.500 16.500 87.500
v 372.500 16.500 95.500
v 372.500 18.500 88.500
v 372.500 18.500 89.500
v 372.500 17.500 89.500
v 372.500 15.500 91.500
v 372.500 17.500 91.500
v 372.500 19.500 92.500
v 372.500 16.500 93.500
v 372.500 19.500 95.500
v 383.500 15.500 87.500
v 376.500 15.500 87.500
v 376.500 15.500 86.500
v 383.500 15.500 86.500
v 377.500 15.500 90.500
v 377.500 15.500 87.500
v 380.500 15.500 88.500
v 377.500 15.500 88.500
v 380.500 15.500 90.500
v 378.500 15.500 91.500
v 378.500 15.500 88.500
v 379.500 15.500 92.500
v 379.500 15.500 88.500
v 380.500 15.500 93.500
v 380.500 15.500 91.500
v 373.500 15.500 94.500
v 373.500 15.500 92.500
v 374.500 15.500 93.500
v 375.500 15.500 95.500
v 375.500 15.500 94.500
v 376.500 15.500 95.500
v 371.500 17.500 89.500
v 371.500 17.500 95.500
v 371.500 18.500 95.500
v 371.500 19.500 95.500
v 379.500 18.500 83.500
v 378.500 18.500 83.500
v 378.500 18.500 82.500
v 379.500 18.500 82.500
v 377.500 18.500 85.500
v 376.500 18.500 85.500
v 376.500 18.500 84.500
v 377.500 18.500 84.500
v 375.500 18.500 87.500
v 375.500 18.500 86.500
v 378.500 18.500 87.500
v 379.500 18.500 87.500
v 379.500 18.500 86.500
v 378.500 18.500 86.500
v 380.500 18.500 87.500
v 380.500 18.500 86.500
v 376.500 18.500 89.500
v 377.500 18.500 89.500
v 377.500 18.500 88.500
v 376.500 18.500 88.500
v 377.500 18.500 90.500
v 375.500 18.500 91.500
v 376.500 18.500 91.500
v 380.500 18.500 91.500
v 373.500 18.500 94.500
v 370.500 18.500 95.500
v 372.500 18.500 95.500
v 378.500 18.500 94.500
v 377.500 18.500 94.500
v 379.500 18.500 94.500
v 370.500 16.500 95.500
v 370.500 17.500 95.500
v 379.500 17.500 82.500
v 379.500 17.500 81.500
v 378.500 17.500 84.500
v 377.500 17.500 84.500
v 377.500 17.500 83.500
v 378.500 17.500 83.500
v 376.500 17.500 86.500
v 375.500 17.500 86.500
v 375.500 17.500 85.500
v 376.500 17.500 85.500
v 377.500 17.500 87.500
v 378.500 17.500 87.500
v 378.500 17.500 86.500
v 377.500 17.500 86.500
v 379.500 17.500 87.500
v 379.500 17.500 86.500
v 376.500 17.500 88.500
v 377.500 17.500 88.500
v 376.500 17.500 87.500
v 376.500 17.500 89.500
v 377.500 17.500 89.500
v 373.500 17.500 91.500
v 375.500 17.500 91.500
v 380.500 17.500 94.500
v 369.500 17.500 95.500
v 379.500 17.500 94.500
v 378.500 17.500 94.500
v 377.500 19.500 87.500
v 377.500 19.500 86.500
v 383.500 19.500 87.500
v 383.500 19.500 86.500
v 376.500 19.500 87.500
v 379.500 19.500 92.500
v 379.500 19.500 88.500
v 378.500 19.500 88.500
v 374.500 19.500 93.500
v 375.500 19.500 95.500
v 379.500 19.500 86.500
v 379.500 19.500 87.500
v 379.500 16.500 88.500
v 379.500 16.500 94.500
v 378.500 16.500 87.500
v 378.500 16.500 86.500
v 378.500 16.500 88.500
v 378.500 19.500 94.500
v 376.500 16.500 88.500
v 376.500 19.500 88.500
v 376.500 16.500 89.500
v 376.500 19.500 89.500
v 375.500 19.500 91.500
v 375.500 16.500 95.500
v 376.500 16.500 86.500
v 376.500 19.500 86.500
v 377.500 18.500 86.500
v 380.500 17.500 86.500
v 377.500 16.500 88.500
v 377.500 19.500 89.500
v 400.500 16.500 137.500
v 403.500 16.500 137.500
v 403.500 19.500 137.500
v 400.500 19.500 137.500
v 400.500 20.500 137.500
v 403.500 20.500 137.500
v 403.500 23.500 137.500
v 400.500 23.500 137.500
v 404.500 16.500 137.500
v 407.500 16.500 137.500
v 407.500 19.500 137.500
v 404.500 19.500 137.500
v 408.500 16.500 137.500
v 411.500 16.500 137.500
v 411.500 19.500 137.500
v 408.500 19.500 137.500
v 414.500 17.500 137.500
v 415.500 17.500 137.500
v 415.500 26.500 137.500
v 414.500 26.500 137.500
v 399.500 16.500 137.500
v 399.500 19.500 137.500
v 399.500 20.500 137.500
v 399.500 23.500 137.500
v 403.500 15.500 137.500
v 400.500 15.500 137.500
v 400.500 24.500 137.500
v 403.500 24.500 137.500
v 404.500 20.500 137.500
v 404.500 23.500 137.500
v 407.500 15.500 137.500
v 404.500 15.500 137.500
v 407.500 20.500 137.500
v 411.500 15.500 137.500
v 408.500 15.500 137.500
v 412.500 16.500 137.500
v 412.500 19.500 137.500
v 414.500 18.500 137.500
v 413.500 18.500 137.500
v 413.500 27.500 137.500
v 414.500 27.500 137.500
v 400.500 16.500 134.500
v 400.500 16.500 133.500
v 400.500 19.500 133.500
v 400.500 19.500 134.500
v 400.500 20.500 134.500
v 400.500 20.500 133.500
v 400.500 23.500 133.500
v 400.500 23.500 134.500
v 400.500 15.500 134.500
v 400.500 24.500 134.500
v 400.500 16.500 138.500
v 400.500 19.500 138.500
v 400.500 20.500 138.500
v 400.500 23.500 138.500
v 399.500 15.500 138.500
v 412.500 15.500 138.500
v 412.500 16.500 138.500
v 399.500 16.500 138.500
v 399.500 19.500 138.500
v 412.500 19.500 138.500
v 412.500 20.500 138.500
v 399.500 20.500 138.500
v 399.500 23.500 138.500
v 404.500 23.500 138.500
v 404.500 24.500 138.500
v 399.500 24.500 138.500
v 403.500 16.500 138.500
v 403.500 19.500 138.500
v 403.500 20.500 138.500
v 403.500 23.500 138.500
v 404.500 16.500 138.500
v 404.500 19.500 138.500
v 404.500 20.500 138.500
v 407.500 16.500 138.500
v 407.500 19.500 138.500
v 408.500 16.500 138.500
v 408.500 19.500 138.500
v 410.500 16.500 138.500
v 410.500 17.500 138.500
v 408.500 17.500 138.500
v 409.500 17.500 138.500
v 409.500 18.500 138.500
v 408.500 18.500 138.500
v 409.500 19.500 138.500
v 410.500 18.500 138.500
v 411.500 18.500 138.500
v 411.500 19.500 138.500
v 411.500 16.500 138.500
v 411.500 17.500 138.500
v 413.500 18.500 138.500
v 414.500 18.500 138.500
v 414.500 27.500 138.500
v 413.500 27.500 138.500
v 413.500 17.500 138.500
v 412.500 17.500 138.500
v 412.500 26.500 138.500
v 413.500 26.500 138.500
v 411.500 17.500 135.500
v 412.500 17.500 135.500
v 412.500 18.500 135.500
v 411.500 18.500 135.500
v 412.500 19.500 135.500
v 411.500 19.500 135.500
v 409.500 15.500 136.500
v 410.500 15.500 136.500
v 410.500 16.500 136.500
v 409.500 16.500 136.500
v 411.500 16.500 136.500
v 412.500 16.500 136.500
v 412.500 17.500 136.500
v 411.500 17.500 136.500
v 412.500 18.500 136.500
v 411.500 18.500 136.500
v 410.500 19.500 136.500
v 409.500 19.500 136.500
v 409.500 20.500 136.500
v 410.500 20.500 136.500
v 415.500 17.500 136.500
v 414.500 17.500 136.500
v 414.500 26.500 136.500
v 415.500 26.500 136.500
v 412.500 16.500 133.500
v 415.500 16.500 133.500
v 415.500 19.500 133.500
v 412.500 19.500 133.500
v 407.500 15.500 133.500
v 399.500 15.500 133.500
v 399.500 16.500 133.500
v 407.500 16.500 133.500
v 399.500 19.500 133.500
v 407.500 19.500 133.500
v 399.500 20.500 133.500
v 407.500 20.500 133.500
v 399.500 23.500 133.500
v 404.500 23.500 133.500
v 399.500 24.500 133.500
v 404.500 24.500 133.500
v 403.500 16.500 133.500
v 403.500 19.500 133.500
v 403.500 20.500 133.500
v 403.500 23.500 133.500
v 404.500 16.500 133.500
v 404.500 19.500 133.500
v 404.500 20.500 133.500
v 408.500 16.500 133.500
v 408.500 19.500 133.500
v 415.500 15.500 133.500
v 411.500 15.500 133.500
v 411.500 16.500 133.500
v 403.500 16.500 134.500
v 403.500 19.500 134.500
v 403.500 20.500 134.500
v 403.500 23.500 134.500
v 403.500 15.500 134.500
v 403.500 24.500 134.500
v 399.500 16.500 134.500
v 399.500 19.500 134.500
v 399.500 20.500 134.500
v 399.500 23.500 134.500
v 404.500 16.500 134.500
v 404.500 19.500 134.500
v 404.500 20.500 134.500
v 404.500 23.500 134.500
v 404.500 15.500 134.500
v 407.500 15.500 134.500
v 407.500 16.500 134.500
v 407.500 19.500 134.500
v 407.500 20.500 134.500
v 408.500 16.500 134.500
v 408.500 19.500 134.500
v 411.500 16.500 134.500
v 412.500 16.500 134.500
v 412.500 19.500 134.500
v 411.500 19.500 134.500
v 412.500 15.500 134.500
v 415.500 15.500 134.500
v 415.500 16.500 134.500
v 414.500 16.500 134.500
v 414.500 17.500 134.500
v 412.500 17.500 134.500
v 413.500 17.500 134.500
v 413.500 18.500 134.500
v 412.500 18.500 134.500
v 413.500 19.500 134.500
v 415.500 19.500 134.500
v 415.500 20.500 134.500
v 412.500 20.500 134.500
v 414.500 18.500 134.500
v 415.500 18.500 134.500
v 415.500 17.500 134.500
v 404.500 24.500 134.500
v 404.500 24.500 137.500
v 407.500 16.500 131.500
v 408.500 16.500 131.500
v 408.500 17.500 131.500
v 407.500 17.500 131.500
v 408.500 18.500 131.500
v 407.500 18.500 131.500
v 409.500 15.500 131.500
v 413.500 15.500 131.500
v 413.500 16.500 131.500
v 409.500 16.500 131.500
v 409.500 19.500 131.500
v 413.500 19.500 131.500
v 413.500 20.500 131.500
v 409.500 20.500 131.500
v 407.500 17.500 132.500
v 408.500 17.500 132.500
v 408.500 18.500 132.500
v 407.500 18.500 132.500
v 408.500 19.500 132.500
v 407.500 19.500 132.500
v 410.500 15.500 132.500
v 414.500 15.500 132.500
v 414.500 16.500 132.500
v 410.500 16.500 132.500
v 414.500 19.500 132.500
v 410.500 19.500 132.500
v 410.500 20.500 132.500
v 414.500 20.500 132.500
v 407.500 15.500 129.500
v 407.500 15.500 130.500
v 407.500 20.500 130.500
v 407.500 20.500 129.500
v 407.500 16.500 130.500
v 407.500 17.500 130.500
v 407.500 19.500 131.500
v 407.500 19.500 130.500
v 407.500 16.500 132.500
v 407.500 18.500 133.500
v 408.500 16.500 130.500
v 408.500 16.500 129.500
v 408.500 19.500 129.500
v 408.500 19.500 130.500
v 408.500 15.500 130.500
v 408.500 17.500 142.500
v 408.500 17.500 143.500
v 408.500 26.500 143.500
v 408.500 26.500 142.500
v 399.500 24.500 134.500
v 399.500 24.500 137.500
v 411.500 27.500 140.500
v 412.500 27.500 140.500
v 412.500 27.500 139.500
v 411.500 27.500 139.500
v 409.500 27.500 142.500
v 410.500 27.500 142.500
v 410.500 27.500 141.500
v 409.500 27.500 141.500
v 412.500 26.500 139.500
v 413.500 26.500 139.500
v 410.500 26.500 141.500
v 411.500 26.500 141.500
v 411.500 26.500 140.500
v 410.500 26.500 140.500
v 409.500 26.500 143.500
v 409.500 26.500 142.500
v 409.500 16.500 130.500
v 409.500 16.500 129.500
v 409.500 17.500 129.500
v 409.500 17.500 130.500
v 409.500 18.500 129.500
v 409.500 18.500 130.500
v 409.500 17.500 137.500
v 409.500 18.500 137.500
v 409.500 19.500 137.500
v 409.500 18.500 141.500
v 409.500 18.500 142.500
v 409.500 17.500 143.500
v 409.500 17.500 142.500
v 412.500 17.500 139.500
v 413.500 17.500 139.500
v 412.500 18.500 139.500
v 411.500 18.500 139.500
v 411.500 20.500 129.500
v 412.500 20.500 129.500
v 412.500 20.500 127.500
v 411.500 20.500 127.500
v 412.500 20.500 130.500
v 413.500 20.500 130.500
v 413.500 20.500 127.500
v 413.500 20.500 128.500
v 415.500 20.500 128.500
v 415.500 20.500 127.500
v 414.500 20.500 131.500
v 414.500 20.500 128.500
v 415.500 20.500 132.500
v 408.500 20.500 133.500
v 408.500 20.500 130.500
v 408.500 20.500 131.500
v 408.500 20.500 136.500
v 409.500 20.500 132.500
v 410.500 20.500 133.500
v 415.500 20.500 133.500
v 408.500 20.500 134.500
v 411.500 20.500 136.500
v 411.500 20.500 133.500
v 411.500 20.500 134.500
v 408.500 20.500 137.500
v 411.500 20.500 137.500
v 412.500 20.500 137.500
v 412.500 15.500 130.500
v 412.500 16.500 130.500
v 411.500 16.500 130.500
v 411.500 19.500 130.500
v 411.500 15.500 127.500
v 411.500 15.500 129.500
v 411.500 16.500 129.500
v 411.500 16.500 127.500
v 411.500 16.500 128.500
v 411.500 17.500 128.500
v 411.500 17.500 127.500
v 411.500 18.500 128.500
v 411.500 18.500 127.500
v 411.500 19.500 128.500
v 411.500 19.500 127.500
v 411.500 19.500 129.500
v 411.500 18.500 129.500
v 411.500 18.500 140.500
v 411.500 17.500 141.500
v 411.500 17.500 140.500
v 410.500 17.500 130.500
v 410.500 17.500 129.500
v 410.500 18.500 129.500
v 410.500 18.500 130.500
v 410.500 19.500 129.500
v 410.500 19.500 130.500
v 410.500 16.500 137.500
v 410.500 17.500 137.500
v 410.500 18.500 137.500
v 410.500 17.500 140.500
v 410.500 17.500 141.500
v 410.500 18.500 142.500
v 410.500 18.500 141.500
v 412.500 16.500 127.500
v 412.500 17.500 127.500
v 412.500 18.500 127.500
v 415.500 15.500 127.500
v 413.500 15.500 127.500
v 413.500 16.500 127.500
v 415.500 16.500 127.500
v 415.500 16.500 130.500
v 415.500 19.500 130.500
v 414.500 15.500 128.500
v 414.500 16.500 128.500
v 414.500 19.500 128.500
v 414.500 16.500 133.500
v 414.500 17.500 133.500
v 414.500 18.500 133.500
v 413.500 19.500 127.500
v 413.500 17.500 133.500
v 413.500 18.500 133.500
v 413.500 19.500 133.500
v 412.500 15.500 127.500
v 412.500 16.500 129.500
v 412.500 19.500 129.500
v 412.500 19.500 127.500
v 412.500 15.500 137.500
v 412.500 16.500 135.500
v 412.500 19.500 136.500
v 412.500 17.500 137.500
v 412.500 18.500 140.500
v 412.500 15.500 129.500
v 413.500 15.500 130.500
v 415.500 15.500 128.500
v 413.500 15.500 128.500
v 414.500 15.500 131.500
v 415.500 15.500 132.500
v 408.500 15.500 133.500
v 408.500 15.500 131.500
v 408.500 15.500 136.500
v 409.500 15.500 132.500
v 410.500 15.500 133.500
v 408.500 15.500 134.500
v 399.500 15.500 134.500
v 411.500 15.500 136.500
v 411.500 15.500 134.500
v 399.500 15.500 137.500
v 412.500 18.500 128.500
v 412.500 18.500 129.500
v 411.500 18.500 130.500
v 408.500 18.500 133.500
v 412.500 18.500 133.500
v 411.500 18.500 134.500
v 408.500 18.500 137.500
v 407.500 16.500 129.500
v 407.500 19.500 129.500
v 408.500 17.500 129.500
v 408.500 18.500 129.500
v 411.500 17.500 129.500
v 412.500 17.500 128.500
v 408.500 17.500 130.500
v 415.500 17.500 133.500
v 411.500 17.500 137.500
v 412.500 19.500 128.500
v 415.500 16.500 128.500
v 415.500 19.500 128.500
v 413.500 19.500 128.500
v 415.500 19.500 127.500
v 414.500 19.500 131.500
v 409.500 19.500 132.500
v 399.500 16.500 135.500
v 399.500 19.500 135.500
v 399.500 20.500 135.500
v 399.500 23.500 135.500
v 399.500 16.500 136.500
v 399.500 17.500 136.500
v 399.500 17.500 135.500
v 399.500 18.500 135.500
v 399.500 18.500 136.500
v 399.500 19.500 136.500
v 399.500 20.500 136.500
v 399.500 21.500 136.500
v 399.500 21.500 135.500
v 399.500 22.500 135.500
v 399.500 22.500 136.500
v 399.500 23.500 136.500
v 368.500 24.500 103.500
v 373.500 24.500 103.500
v 373.500 24.500 102.500
v 368.500 24.500 102.500
v 368.500 24.500 106.500
v 369.500 24.500 106.500
v 369.500 24.500 103.500
v 372.500 24.500 106.500
v 372.500 24.500 103.500
v 373.500 24.500 106.500
v 368.500 24.500 107.500
v 373.500 24.500 107.500
v 368.500 24.500 111.500
v 369.500 24.500 111.500
v 369.500 24.500 107.500
v 369.500 24.500 108.500
v 372.500 24.500 108.500
v 372.500 24.500 107.500
v 372.500 24.500 111.500
v 373.500 24.500 111.500
v 370.500 24.500 111.500
v 370.500 24.500 108.500
v 371.500 24.500 111.500
v 371.500 24.500 108.500
v 369.500 15.500 98.500
v 369.500 15.500 95.500
v 369.500 16.500 95.500
v 369.500 16.500 98.500
v 369.500 19.500 98.500
v 369.500 19.500 95.500
v 369.500 16.500 99.500
v 369.500 19.500 99.500
v 369.500 15.500 102.500
v 369.500 15.500 99.500
v 369.500 16.500 102.500
v 369.500 19.500 102.500
v 369.500 20.500 99.500
v 369.500 20.500 102.500
v 369.500 16.500 103.500
v 369.500 19.500 103.500
v 369.500 20.500 103.500
v 369.500 23.500 102.500
v 369.500 23.500 103.500
v 369.500 15.500 106.500
v 369.500 15.500 103.500
v 369.500 16.500 106.500
v 369.500 19.500 106.500
v 369.500 20.500 106.500
v 369.500 23.500 106.500
v 369.500 16.500 107.500
v 369.500 19.500 107.500
v 369.500 20.500 107.500
v 369.500 23.500 107.500
v 369.500 23.500 111.500
v 368.500 15.500 95.500
v 368.500 15.500 98.500
v 368.500 16.500 98.500
v 368.500 16.500 95.500
v 368.500 16.500 96.500
v 368.500 17.500 96.500
v 368.500 17.500 95.500
v 368.500 19.500 96.500
v 368.500 19.500 95.500
v 368.500 19.500 98.500
v 368.500 20.500 98.500
v 368.500 20.500 95.500
v 368.500 16.500 97.500
v 368.500 17.500 97.500
v 368.500 18.500 97.500
v 368.500 18.500 96.500
v 368.500 19.500 97.500
v 368.500 18.500 98.500
v 368.500 15.500 99.500
v 368.500 20.500 99.500
v 368.500 15.500 102.500
v 368.500 16.500 102.500
v 368.500 16.500 99.500
v 368.500 19.500 102.500
v 368.500 19.500 99.500
v 368.500 20.500 102.500
v 368.500 15.500 103.500
v 368.500 15.500 106.500
v 368.500 16.500 106.500
v 368.500 16.500 103.500
v 368.500 19.500 106.500
v 368.500 19.500 103.500
v 368.500 20.500 106.500
v 368.500 20.500 103.500
v 368.500 23.500 106.500
v 368.500 23.500 103.500
v 368.500 15.500 107.500
v 368.500 23.500 107.500
v 368.500 23.500 111.500
v 370.938 21.500 108.063
v 371.063 21.500 108.063
v 371.063 21.500 107.938
v 370.938 21.500 107.938
v 371.500 21.500 111.500
v 370.500 21.500 111.500
v 370.500 21.500 107.500
v 371.500 21.500 107.500
v 370.938 21.500 109.063
v 371.063 21.500 109.063
v 371.063 21.500 108.938
v 370.938 21.500 108.938
v 370.938 21.500 110.063
v 371.063 21.500 110.063
v 371.063 21.500 109.938
v 370.938 21.500 109.938
v 370.938 21.500 111.063
v 371.063 21.500 111.063
v 371.063 21.500 110.938
v 370.938 21.500 110.938
v 369.500 20.500 98.500
v 369.500 20.500 95.500
v 369.500 20.500 96.500
v 374.500 20.500 96.500
v 374.500 20.500 95.500
v 375.500 20.500 96.500
v 375.500 20.500 95.500
v 375.500 20.500 97.500
v 376.500 20.500 97.500
v 376.500 20.500 95.500
v 376.500 20.500 98.500
v 377.500 20.500 98.500
v 377.500 20.500 95.500
v 369.500 20.500 97.500
v 370.500 20.500 97.500
v 370.500 20.500 96.500
v 377.500 20.500 99.500
v 372.500 20.500 102.500
v 372.500 20.500 99.500
v 373.500 20.500 102.500
v 373.500 20.500 99.500
v 372.500 20.500 103.500
v 372.500 20.500 106.500
v 373.500 20.500 106.500
v 373.500 20.500 103.500
v 372.500 20.500 107.500
v 371.063 20.500 108.063
v 370.938 20.500 108.063
v 370.938 20.500 107.938
v 371.063 20.500 107.938
v 371.063 20.500 109.063
v 370.938 20.500 109.063
v 370.938 20.500 108.938
v 371.063 20.500 108.938
v 371.063 20.500 110.063
v 370.938 20.500 110.063
v 370.938 20.500 109.938
v 371.063 20.500 109.938
v 371.063 20.500 111.063
v 370.938 20.500 111.063
v 370.938 20.500 110.938
v 371.063 20.500 110.938
v 372.500 23.500 103.500
v 372.500 23.500 102.500
v 372.500 23.500 106.500
v 373.500 23.500 106.500
v 373.500 23.500 103.500
v 372.500 23.500 107.500
v 372.500 23.500 108.500
v 369.500 23.500 108.500
v 373.500 23.500 111.500
v 372.500 23.500 111.500
v 373.500 23.500 107.500
v 370.500 23.500 111.500
v 370.500 23.500 108.500
v 371.500 23.500 111.500
v 371.500 23.500 108.500
v 370.500 22.500 111.500
v 371.500 22.500 111.500
v 371.500 22.500 107.500
v 370.500 22.500 107.500
v 372.500 16.500 95.500
v 372.500 19.500 95.500
v 369.500 17.500 97.500
v 369.500 18.500 97.500
v 369.500 19.500 97.500
v 370.500 15.500 97.500
v 375.500 15.500 97.500
v 375.500 16.500 97.500
v 370.500 16.500 97.500
v 376.500 16.500 97.500
v 377.500 16.500 97.500
v 377.500 17.500 97.500
v 376.500 17.500 97.500
v 377.500 18.500 97.500
v 376.500 18.500 97.500
v 375.500 19.500 97.500
v 370.500 19.500 97.500
v 369.500 16.500 96.500
v 369.500 17.500 96.500
v 369.500 18.500 96.500
v 370.500 15.500 96.500
v 374.500 15.500 96.500
v 374.500 16.500 96.500
v 370.500 16.500 96.500
v 370.500 19.500 96.500
v 374.500 19.500 96.500
v 376.500 17.500 96.500
v 377.500 17.500 96.500
v 377.500 18.500 96.500
v 376.500 18.500 96.500
v 377.500 19.500 96.500
v 376.500 19.500 96.500
v 372.500 15.500 99.500
v 372.500 16.500 99.500
v 372.500 19.500 99.500
v 373.500 16.500 99.500
v 373.500 19.500 99.500
v 373.500 15.500 99.500
v 377.500 15.500 99.500
v 377.500 16.500 99.500
v 375.500 16.500 99.500
v 375.500 17.500 99.500
v 373.500 17.500 99.500
v 374.500 17.500 99.500
v 374.500 18.500 99.500
v 373.500 18.500 99.500
v 374.500 19.500 99.500
v 377.500 19.500 99.500
v 375.500 18.500 99.500
v 376.500 18.500 99.500
v 376.500 19.500 99.500
v 376.500 16.500 99.500
v 376.500 17.500 99.500
v 372.500 16.500 98.500
v 372.500 19.500 98.500
v 373.500 16.500 98.500
v 376.500 16.500 98.500
v 376.500 19.500 98.500
v 373.500 19.500 98.500
v 376.500 15.500 98.500
v 377.500 16.500 98.500
v 377.500 19.500 98.500
v 372.500 16.500 102.500
v 372.500 19.500 102.500
v 368.500 23.500 102.500
v 373.500 23.500 102.500
v 372.500 15.500 102.500
v 373.500 16.500 102.500
v 373.500 19.500 102.500
v 372.500 15.500 103.500
v 372.500 16.500 103.500
v 372.500 19.500 103.500
v 373.500 16.500 103.500
v 373.500 19.500 103.500
v 374.500 15.500 95.500
v 374.500 16.500 95.500
v 374.500 19.500 95.500
v 374.500 17.500 98.500
v 374.500 18.500 98.500
v 374.500 19.500 98.500
v 373.500 15.500 102.500
v 373.500 15.500 103.500
v 373.500 15.500 106.500
v 373.500 16.500 106.500
v 373.500 19.500 106.500
v 373.500 15.500 107.500
v 376.500 16.500 95.500
v 377.500 16.500 95.500
v 372.500 16.500 106.500
v 372.500 16.500 107.500
v 372.500 19.500 106.500
v 372.500 15.500 106.500
v 372.500 19.500 107.500
v 369.500 15.500 96.500
v 375.500 15.500 96.500
v 375.500 15.500 95.500
v 376.500 15.500 97.500
v 376.500 15.500 95.500
v 377.500 15.500 98.500
v 377.500 15.500 95.500
v 369.500 15.500 97.500
v 371.500 17.500 111.500
v 371.500 17.500 107.500
v 371.500 18.500 107.500
v 371.500 18.500 111.500
v 377.500 18.500 95.500
v 376.500 18.500 95.500
v 369.500 18.500 98.500
v 373.500 18.500 98.500
v 375.500 18.500 98.500
v 370.500 18.500 111.500
v 370.500 18.500 107.500
v 371.063 18.500 108.063
v 370.938 18.500 108.063
v 370.938 18.500 107.938
v 371.063 18.500 107.938
v 371.063 18.500 109.063
v 370.938 18.500 109.063
v 370.938 18.500 108.938
v 371.063 18.500 108.938
v 371.063 18.500 110.063
v 370.938 18.500 110.063
v 370.938 18.500 109.938
v 371.063 18.500 109.938
v 371.063 18.500 111.063
v 370.938 18.500 111.063
v 370.938 18.500 110.938
v 371.063 18.500 110.938
v 370.500 17.500 107.500
v 370.500 17.500 111.500
v 373.500 16.500 107.500
v 368.500 16.500 107.500
v 368.500 19.500 107.500
v 373.500 19.500 107.500
v 373.500 20.500 107.500
v 368.500 20.500 107.500
v 372.500 17.500 107.500
v 369.500 17.500 107.500
v 369.500 18.500 107.500
v 372.500 18.500 107.500
v 372.500 21.500 107.500
v 369.500 21.500 107.500
v 369.500 22.500 107.500
v 372.500 22.500 107.500
v 369.500 17.500 95.500
v 376.500 17.500 98.500
v 377.500 17.500 98.500
v 375.500 17.500 98.500
v 375.500 19.500 96.500
v 375.500 19.500 95.500
v 376.500 19.500 95.500
v 377.500 19.500 95.500
v 370.938 19.500 108.063
v 371.063 19.500 108.063
v 371.063 19.500 107.938
v 370.938 19.500 107.938
v 370.938 19.500 109.063
v 371.063 19.500 109.063
v 371.063 19.500 108.938
v 370.938 19.500 108.938
v 370.938 19.500 110.063
v 371.063 19.500 110.063
v 371.063 19.500 109.938
v 370.938 19.500 109.938
v 370.938 19.500 111.063
v 371.063 19.500 111.063
v 371.063 19.500 110.938
v 370.938 19.500 110.938
v 377.500 16.500 96.500
v 377.500 19.500 97.500
v 375.500 16.500 95.500
v 375.500 16.500 98.500
v 373.500 15.500 114.500
v 368.500 15.500 114.500
v 368.500 16.500 114.500
v 373.500 16.500 114.500
v 369.500 16.500 114.500
v 368.500 19.500 114.500
v 369.500 19.500 114.500
v 373.500 19.500 114.500
v 368.500 20.500 114.500
v 373.500 20.500 114.500
v 369.500 20.500 114.500
v 368.500 23.500 114.500
v 369.500 23.500 114.500
v 372.500 16.500 114.500
v 369.500 17.500 114.500
v 372.500 17.500 114.500
v 370.500 17.500 114.500
v 369.500 18.500 114.500
v 370.500 18.500 114.500
v 372.500 18.500 114.500
v 372.500 19.500 114.500
v 372.500 20.500 114.500
v 369.500 21.500 114.500
v 372.500 21.500 114.500
v 370.500 21.500 114.500
v 369.500 22.500 114.500
v 370.500 22.500 114.500
v 372.500 22.500 114.500
v 372.500 23.500 114.500
v 369.500 24.500 114.500
v 372.500 24.500 114.500
v 371.500 17.500 114.500
v 371.500 18.500 114.500
v 371.500 21.500 114.500
v 371.500 22.500 114.500
v 373.500 23.500 114.500
v 370.500 23.500 113.500
v 371.500 23.500 113.500
v 371.500 24.500 113.500
v 370.500 24.500 113.500
v 368.500 16.500 115.500
v 369.500 16.500 115.500
v 369.500 19.500 115.500
v 368.500 19.500 115.500
v 368.500 20.500 115.500
v 369.500 20.500 115.500
v 369.500 23.500 115.500
v 368.500 23.500 115.500
v 369.500 15.500 115.500
v 372.500 15.500 115.500
v 372.500 16.500 115.500
v 372.500 19.500 115.500
v 372.500 20.500 115.500
v 372.500 23.500 115.500
v 372.500 24.500 115.500
v 369.500 24.500 115.500
v 373.500 16.500 115.500
v 373.500 19.500 115.500
v 373.500 20.500 115.500
v 373.500 23.500 115.500
v 368.500 24.500 114.500
v 369.500 24.500 111.500
v 368.500 24.500 111.500
v 369.500 24.500 113.500
v 370.500 24.500 111.500
v 371.500 24.500 111.500
v 372.500 24.500 113.500
v 372.500 24.500 111.500
v 373.500 24.500 114.500
v 373.500 24.500 111.500
v 368.500 24.500 115.500
v 373.500 24.500 115.500
v 368.500 24.500 118.500
v 369.500 24.500 118.500
v 372.500 24.500 118.500
v 373.500 24.500 118.500
v 368.500 24.500 119.500
v 373.500 24.500 119.500
v 369.500 24.500 120.500
v 372.500 24.500 120.500
v 372.500 24.500 119.500
v 369.500 24.500 119.500
v 372.500 24.500 126.500
v 373.500 24.500 126.500
v 369.500 24.500 125.500
v 370.500 24.500 125.500
v 370.500 24.500 120.500
v 371.500 24.500 125.500
v 371.500 24.500 120.500
v 372.500 24.500 125.500
v 368.500 24.500 126.500
v 369.500 24.500 126.500
v 369.500 24.500 122.500
v 368.500 24.500 122.500
v 368.500 24.500 127.500
v 373.500 24.500 127.500
v 369.500 29.000 120.500
v 368.500 29.000 120.500
v 368.500 29.000 119.500
v 369.500 29.000 119.500
v 369.500 29.000 122.500
v 368.500 29.000 122.500
v 368.500 29.000 121.500
v 369.500 29.000 121.500
v 367.500 27.500 120.500
v 368.500 27.500 120.500
v 368.500 27.500 119.500
v 367.500 27.500 119.500
v 368.500 27.500 121.500
v 369.500 27.500 121.500
v 369.500 27.500 120.500
v 367.500 27.500 122.500
v 368.500 27.500 122.500
v 367.500 27.500 121.500
v 368.500 26.500 120.500
v 369.500 26.500 120.500
v 369.500 26.500 119.500
v 368.500 26.500 119.500
v 368.500 26.500 122.500
v 369.500 26.500 122.500
v 369.500 26.500 121.500
v 368.500 26.500 121.500
v 369.500 16.500 118.500
v 372.500 16.500 118.500
v 372.500 19.500 118.500
v 369.500 19.500 118.500
v 369.500 20.500 118.500
v 372.500 20.500 118.500
v 372.500 23.500 118.500
v 369.500 23.500 118.500
v 368.500 16.500 118.500
v 368.500 19.500 118.500
v 368.500 20.500 118.500
v 368.500 23.500 118.500
v 372.500 15.500 118.500
v 369.500 15.500 118.500
v 373.500 16.500 118.500
v 373.500 19.500 118.500
v 373.500 20.500 118.500
v 373.500 23.500 118.500
v 367.500 29.500 120.500
v 368.500 29.500 120.500
v 368.500 29.500 119.500
v 367.500 29.500 119.500
v 369.500 29.500 120.500
v 369.500 29.500 119.500
v 368.500 29.500 121.500
v 369.500 29.500 121.500
v 367.500 29.500 122.500
v 368.500 29.500 122.500
v 367.500 29.500 121.500
v 369.500 29.500 122.500
v 368.500 28.500 120.500
v 367.500 28.500 120.500
v 367.500 28.500 119.500
v 368.500 28.500 119.500
v 369.500 28.500 121.500
v 368.500 28.500 121.500
v 369.500 28.500 120.500
v 368.500 28.500 122.500
v 367.500 28.500 122.500
v 367.500 28.500 121.500
v 369.500 15.500 119.500
v 372.500 15.500 119.500
v 372.500 16.500 119.500
v 369.500 16.500 119.500
v 369.500 19.500 119.500
v 372.500 19.500 119.500
v 372.500 20.500 119.500
v 369.500 20.500 119.500
v 373.500 16.500 119.500
v 373.500 19.500 119.500
v 373.500 20.500 119.500
v 373.500 23.500 119.500
v 372.500 23.500 119.500
v 368.500 15.500 119.500
v 367.500 15.500 119.500
v 367.500 16.500 119.500
v 368.500 16.500 119.500
v 367.500 25.500 119.500
v 368.500 25.500 119.500
v 369.500 25.500 119.500
v 367.500 26.500 119.500
v 368.500 28.000 119.500
v 367.500 28.000 119.500
v 367.500 31.000 119.500
v 368.500 31.000 119.500
v 368.500 30.000 119.500
v 367.500 30.000 119.500
v 368.500 30.500 119.500
v 369.500 30.500 119.500
v 369.500 23.500 119.500
v 369.500 23.500 111.500
v 369.500 15.500 122.500
v 369.500 16.500 122.500
v 369.500 19.500 120.500
v 369.500 20.500 120.500
v 369.500 30.500 120.500
v 369.500 19.500 121.500
v 369.500 20.500 121.500
v 369.500 24.500 121.500
v 369.500 25.500 120.500
v 369.500 25.500 121.500
v 369.500 28.000 121.500
v 369.500 28.000 120.500
v 369.500 31.000 120.500
v 369.500 31.000 121.500
v 369.500 30.000 121.500
v 369.500 30.000 120.500
v 369.500 19.500 122.500
v 369.500 20.500 122.500
v 369.500 30.500 121.500
v 369.500 30.500 122.500
v 369.500 16.500 123.500
v 369.500 19.500 123.500
v 369.500 15.500 126.500
v 369.500 15.500 123.500
v 369.500 16.500 126.500
v 369.500 23.500 126.500
v 369.500 23.500 123.500
v 369.500 16.500 127.500
v 369.500 23.500 127.500
v 368.500 23.500 111.500
v 368.500 15.500 115.500
v 368.500 15.500 118.500
v 368.500 28.000 120.500
v 368.500 28.000 120.000
v 368.500 27.500 120.000
v 368.500 30.500 120.500
v 368.500 31.000 120.500
v 368.500 31.000 121.500
v 368.500 30.500 121.500
v 368.500 28.000 122.500
v 368.500 28.000 121.500
v 368.500 28.000 122.000
v 368.500 27.500 122.000
v 368.500 30.500 122.500
v 368.500 31.000 122.500
v 368.500 15.500 122.500
v 368.500 15.500 123.500
v 368.500 24.500 123.500
v 368.500 15.500 126.500
v 368.500 16.500 126.500
v 368.500 16.500 123.500
v 368.500 16.500 124.500
v 368.500 23.500 124.500
v 368.500 23.500 123.500
v 368.500 23.500 126.500
v 368.500 16.500 125.500
v 368.500 17.500 125.500
v 368.500 17.500 124.500
v 368.500 22.500 125.500
v 368.500 22.500 124.500
v 368.500 23.500 125.500
v 368.500 15.500 127.500
v 370.938 21.500 112.063
v 371.063 21.500 112.063
v 371.063 21.500 111.938
v 370.938 21.500 111.938
v 370.500 21.500 111.500
v 371.500 21.500 111.500
v 370.938 21.500 113.063
v 371.063 21.500 113.063
v 371.063 21.500 112.938
v 370.938 21.500 112.938
v 370.938 21.500 114.063
v 371.063 21.500 114.063
v 371.063 21.500 113.938
v 370.938 21.500 113.938
v 372.500 21.500 124.500
v 373.500 21.500 124.500
v 373.500 21.500 120.500
v 372.500 21.500 120.500
v 367.500 26.500 120.500
v 367.500 28.000 120.500
v 367.500 28.000 120.000
v 367.500 27.500 120.000
v 367.500 30.500 119.500
v 367.500 30.500 120.500
v 367.500 31.000 120.500
v 367.500 31.000 121.500
v 367.500 26.500 121.500
v 367.500 26.500 122.500
v 367.500 28.000 121.500
v 367.500 28.000 122.500
v 367.500 28.000 122.000
v 367.500 27.500 122.000
v 367.500 30.500 121.500
v 367.500 30.500 122.500
v 367.500 31.000 122.500
v 371.063 20.500 112.063
v 370.938 20.500 112.063
v 370.938 20.500 111.938
v 371.063 20.500 111.938
v 371.063 20.500 113.063
v 370.938 20.500 113.063
v 370.938 20.500 112.938
v 371.063 20.500 112.938
v 371.063 20.500 114.063
v 370.938 20.500 114.063
v 370.938 20.500 113.938
v 371.063 20.500 113.938
v 372.500 20.500 122.500
v 372.500 20.500 123.500
v 373.500 20.500 123.500
v 369.500 23.500 113.500
v 370.500 23.500 111.500
v 371.500 23.500 111.500
v 372.500 23.500 113.500
v 372.500 23.500 111.500
v 373.500 23.500 111.500
v 373.500 23.500 126.500
v 372.500 23.500 126.500
v 370.500 23.500 125.500
v 371.500 23.500 125.500
v 371.500 23.500 120.500
v 370.500 23.500 120.500
v 372.500 23.500 127.500
v 371.500 22.500 111.500
v 370.500 22.500 111.500
v 372.500 22.500 125.500
v 373.500 22.500 125.500
v 373.500 22.500 120.500
v 372.500 22.500 120.500
v 369.500 22.500 125.500
v 369.500 22.500 124.500
v 369.000 28.000 120.500
v 369.000 28.000 121.500
v 369.000 27.500 121.500
v 369.000 27.500 120.500
v 369.000 30.000 120.500
v 369.000 30.000 121.500
v 369.000 29.500 121.500
v 369.000 29.500 120.500
v 369.500 17.500 125.500
v 372.500 17.500 125.500
v 373.500 17.500 125.500
v 369.500 17.500 124.500
v 372.500 17.500 124.500
v 373.500 17.500 124.500
v 369.500 15.500 127.500
v 372.500 15.500 127.500
v 372.500 16.500 127.500
v 373.500 16.500 127.500
v 373.500 23.500 127.500
v 372.500 16.500 126.500
v 372.500 15.500 126.500
v 373.500 16.500 126.500
v 372.500 15.500 123.500
v 372.500 16.500 123.500
v 373.500 16.500 123.500
v 372.500 19.500 123.500
v 367.500 15.500 122.500
v 368.500 16.500 122.500
v 367.500 16.500 122.500
v 368.500 25.500 122.500
v 367.500 25.500 122.500
v 369.500 25.500 122.500
v 367.500 30.000 122.500
v 368.500 30.000 122.500
v 372.500 16.500 122.500
v 372.500 19.500 122.500
v 372.500 15.500 122.500
v 373.500 16.500 122.500
v 373.500 19.500 122.500
v 373.500 15.500 115.500
v 373.500 15.500 118.500
v 373.500 15.500 119.500
v 373.500 15.500 122.500
v 373.500 20.500 122.500
v 373.500 20.500 120.500
v 373.500 23.500 120.500
v 373.500 21.500 123.500
v 373.500 22.500 124.500
v 373.500 23.500 125.500
v 373.500 15.500 123.500
v 373.500 15.500 126.500
v 373.500 16.500 124.500
v 373.500 16.500 125.500
v 373.500 15.500 127.500
v 372.500 23.500 123.500
v 371.500 17.500 111.500
v 371.500 18.500 111.500
v 370.500 17.500 111.500
v 370.500 18.500 111.500
v 371.063 18.500 112.063
v 370.938 18.500 112.063
v 370.938 18.500 111.938
v 371.063 18.500 111.938
v 371.063 18.500 113.063
v 370.938 18.500 113.063
v 370.938 18.500 112.938
v 371.063 18.500 112.938
v 371.063 18.500 114.063
v 370.938 18.500 114.063
v 370.938 18.500 113.938
v 371.063 18.500 113.938
v 370.938 19.500 112.063
v 371.063 19.500 112.063
v 371.063 19.500 111.938
v 370.938 19.500 111.938
v 370.938 19.500 113.063
v 371.063 19.500 113.063
v 371.063 19.500 112.938
v 370.938 19.500 112.938
v 370.938 19.500 114.063
v 371.063 19.500 114.063
v 371.063 19.500 113.938
v 370.938 19.500 113.938
v 368.500 30.000 122.000
v 367.500 30.000 122.000
v 367.500 29.500 122.000
v 368.500 29.500 122.000
v 368.500 30.000 120.500
v 367.500 30.000 120.500
v 368.500 30.000 121.500
v 367.500 30.000 121.500
v 367.500 30.000 120.000
v 368.500 30.000 120.000
v 368.500 29.500 120.000
v 367.500 29.500 120.000
v 367.500 31.500 138.500
v 368.500 31.500 138.500
v 368.500 32.500 138.500
v 367.500 32.500 138.500
v 368.500 33.500 138.500
v 367.500 33.500 138.500
v 370.500 15.500 138.500
v 376.500 15.500 138.500
v 376.500 16.500 138.500
v 370.500 16.500 138.500
v 371.500 16.500 138.500
v 371.500 23.500 138.500
v 370.500 23.500 138.500
v 376.500 23.500 138.500
v 376.500 24.500 138.500
v 370.500 24.500 138.500
v 375.500 16.500 138.500
v 375.500 23.500 138.500
v 376.500 29.500 138.500
v 377.500 29.500 138.500
v 377.500 30.500 138.500
v 376.500 30.500 138.500
v 378.500 30.500 138.500
v 378.500 31.000 138.500
v 377.500 31.000 138.500
v 378.500 29.500 138.500
v 379.500 29.500 138.500
v 379.500 30.500 138.500
v 379.500 15.500 138.500
v 383.500 15.500 138.500
v 383.500 16.500 138.500
v 379.500 16.500 138.500
v 380.500 16.500 138.500
v 380.500 23.500 138.500
v 379.500 23.500 138.500
v 383.500 23.500 138.500
v 383.500 24.500 138.500
v 379.500 24.500 138.500
v 383.500 17.500 138.500
v 380.500 17.500 138.500
v 381.500 17.500 138.500
v 381.500 22.500 138.500
v 380.500 22.500 138.500
v 383.500 22.500 138.500
v 382.500 17.500 138.500
v 382.500 22.500 138.500
v 368.500 29.500 138.500
v 367.500 29.500 138.500
v 367.500 30.500 138.500
v 368.500 30.500 138.500
v 368.500 34.500 138.500
v 367.500 34.500 138.500
v 367.500 35.500 138.500
v 368.500 35.500 138.500
v 369.500 24.500 138.500
v 369.500 27.500 138.500
v 370.500 27.500 138.500
v 377.500 26.500 138.500
v 376.500 26.500 138.500
v 376.500 27.500 138.500
v 377.500 27.500 138.500
v 377.500 28.000 138.500
v 376.500 28.000 138.500
v 377.000 28.000 138.500
v 377.000 27.500 138.500
v 376.500 31.000 138.500
v 379.500 31.000 138.500
v 378.500 27.500 138.500
v 377.500 28.500 138.500
v 378.500 28.500 138.500
v 379.500 26.500 138.500
v 378.500 26.500 138.500
v 379.500 27.500 138.500
v 379.500 28.000 138.500
v 378.500 28.000 138.500
v 379.000 28.000 138.500
v 379.000 27.500 138.500
v 380.500 16.500 134.500
v 380.500 16.500 133.500
v 380.500 23.500 133.500
v 380.500 23.500 134.500
v 380.500 15.500 137.500
v 380.500 15.500 134.500
v 380.500 16.500 137.500
v 380.500 23.500 137.500
v 371.500 15.500 136.500
v 374.500 15.500 136.500
v 374.500 16.500 136.500
v 371.500 16.500 136.500
v 371.500 23.500 136.500
v 374.500 23.500 136.500
v 374.500 24.500 136.500
v 371.500 24.500 136.500
v 368.500 15.500 136.500
v 367.500 15.500 136.500
v 367.500 27.500 136.500
v 368.500 27.500 136.500
v 370.500 15.500 136.500
v 369.500 15.500 136.500
v 369.500 16.500 136.500
v 370.500 16.500 136.500
v 370.500 23.500 136.500
v 369.500 23.500 136.500
v 369.500 24.500 136.500
v 370.500 24.500 136.500
v 378.500 23.500 136.500
v 377.500 23.500 136.500
v 377.500 24.500 136.500
v 378.500 24.500 136.500
v 383.500 23.500 136.500
v 381.500 23.500 136.500
v 381.500 24.500 136.500
v 383.500 24.500 136.500
v 382.500 17.500 134.500
v 382.500 17.500 133.500
v 382.500 21.500 133.500
v 382.500 21.500 134.500
v 382.500 17.500 137.500
v 382.500 22.500 137.500
v 377.500 28.000 138.000
v 378.500 28.000 138.000
v 378.500 27.500 138.000
v 377.500 27.500 138.000
v 377.500 30.000 138.000
v 378.500 30.000 138.000
v 378.500 29.500 138.000
v 377.500 29.500 138.000
v 371.500 15.500 134.500
v 372.500 15.500 134.500
v 372.500 16.500 134.500
v 371.500 16.500 134.500
v 371.500 23.500 134.500
v 372.500 23.500 134.500
v 372.500 24.500 134.500
v 371.500 24.500 134.500
v 373.500 15.500 134.500
v 373.500 16.500 134.500
v 373.500 23.500 134.500
v 373.500 24.500 134.500
v 374.500 15.500 134.500
v 375.500 15.500 134.500
v 375.500 16.500 134.500
v 374.500 16.500 134.500
v 374.500 23.500 134.500
v 375.500 23.500 134.500
v 375.500 24.500 134.500
v 374.500 24.500 134.500
v 376.500 16.500 134.500
v 376.500 23.500 134.500
v 376.500 15.500 134.500
v 379.500 15.500 134.500
v 379.500 16.500 134.500
v 379.500 23.500 134.500
v 383.500 15.500 134.500
v 383.500 16.500 134.500
v 383.500 23.500 134.500
v 370.500 15.500 132.500
v 371.500 15.500 132.500
v 371.500 16.500 132.500
v 370.500 16.500 132.500
v 370.500 23.500 132.500
v 371.500 23.500 132.500
v 371.500 24.500 132.500
v 370.500 24.500 132.500
v 372.500 15.500 132.500
v 374.500 15.500 132.500
v 374.500 16.500 132.500
v 372.500 16.500 132.500
v 372.500 23.500 132.500
v 374.500 23.500 132.500
v 374.500 24.500 132.500
v 372.500 24.500 132.500
v 369.500 29.000 128.500
v 368.500 29.000 128.500
v 368.500 29.000 127.500
v 369.500 29.000 127.500
v 369.500 29.000 130.500
v 368.500 29.000 130.500
v 368.500 29.000 129.500
v 369.500 29.000 129.500
v 377.500 29.000 138.500
v 376.500 29.000 138.500
v 376.500 29.000 137.500
v 377.500 29.000 137.500
v 379.500 29.000 138.500
v 378.500 29.000 138.500
v 378.500 29.000 137.500
v 379.500 29.000 137.500
v 367.500 29.000 140.500
v 368.500 29.000 140.500
v 368.500 29.000 139.500
v 367.500 29.000 139.500
v 377.500 29.000 140.500
v 376.500 29.000 140.500
v 376.500 29.000 139.500
v 377.500 29.000 139.500
v 379.500 29.000 140.500
v 378.500 29.000 140.500
v 378.500 29.000 139.500
v 379.500 29.000 139.500
v 367.500 27.500 128.500
v 368.500 27.500 128.500
v 368.500 27.500 127.500
v 367.500 27.500 127.500
v 368.500 27.500 129.500
v 369.500 27.500 129.500
v 369.500 27.500 128.500
v 367.500 27.500 130.500
v 368.500 27.500 130.500
v 367.500 27.500 129.500
v 367.500 27.500 137.500
v 368.500 27.500 137.500
v 367.500 27.500 138.500
v 369.500 27.500 137.500
v 378.500 27.500 137.500
v 377.500 27.500 137.500
v 367.500 27.500 139.500
v 368.500 27.500 139.500
v 368.500 27.500 138.500
v 370.500 27.500 139.500
v 376.500 27.500 139.500
v 377.500 27.500 139.500
v 378.500 27.500 139.500
v 379.500 27.500 139.500
v 367.500 27.500 140.500
v 368.500 27.500 140.500
v 369.500 27.500 140.500
v 369.500 27.500 139.500
v 370.500 27.500 140.500
v 377.500 27.500 140.500
v 378.500 27.500 140.500
v 367.500 27.500 141.500
v 368.500 27.500 141.500
v 370.500 27.500 141.500
v 367.500 27.500 142.500
v 369.500 27.500 142.500
v 369.500 27.500 141.500
v 367.500 27.500 143.500
v 368.500 27.500 143.500
v 368.500 27.500 142.500
v 367.500 29.500 128.500
v 368.500 29.500 128.500
v 368.500 29.500 127.500
v 367.500 29.500 127.500
v 369.500 29.500 128.500
v 369.500 29.500 127.500
v 368.500 29.500 129.500
v 369.500 29.500 129.500
v 367.500 29.500 130.500
v 368.500 29.500 130.500
v 367.500 29.500 129.500
v 369.500 29.500 130.500
v 376.500 29.500 137.500
v 377.500 29.500 137.500
v 378.500 29.500 137.500
v 379.500 29.500 137.500
v 368.500 29.500 139.500
v 367.500 29.500 139.500
v 376.500 29.500 139.500
v 377.500 29.500 139.500
v 378.500 29.500 139.500
v 379.500 29.500 139.500
v 377.500 29.500 140.500
v 376.500 29.500 140.500
v 378.500 29.500 140.500
v 379.500 29.500 140.500
v 369.500 15.500 130.500
v 369.500 15.500 127.500
v 369.500 16.500 127.500
v 369.500 16.500 130.500
v 369.500 24.500 128.500
v 369.500 24.500 127.500
v 369.500 26.500 127.500
v 369.500 26.500 128.500
v 369.500 30.500 127.500
v 369.500 30.500 128.500
v 369.500 24.500 129.500
v 369.500 25.500 128.500
v 369.500 25.500 129.500
v 369.500 28.000 129.500
v 369.500 28.000 128.500
v 369.500 31.000 128.500
v 369.500 31.000 129.500
v 369.500 30.000 129.500
v 369.500 30.000 128.500
v 369.500 24.500 130.500
v 369.500 26.500 129.500
v 369.500 26.500 130.500
v 369.500 30.500 129.500
v 369.500 30.500 130.500
v 369.500 16.500 131.500
v 369.500 23.500 130.500
v 369.500 23.500 131.500
v 369.500 15.500 131.500
v 369.500 24.500 131.500
v 369.500 16.500 135.500
v 369.500 23.500 135.500
v 369.500 24.500 137.500
v 369.500 26.500 137.500
v 369.500 26.500 138.500
v 369.500 16.500 140.500
v 369.500 16.500 139.500
v 369.500 26.500 139.500
v 369.500 26.500 140.500
v 369.500 31.500 140.500
v 369.500 31.500 139.500
v 369.500 33.500 139.500
v 369.500 33.500 140.500
v 369.500 32.500 141.500
v 369.500 32.500 140.500
v 369.500 33.500 141.500
v 369.500 15.500 142.500
v 369.500 15.500 141.500
v 369.500 16.500 141.500
v 369.500 16.500 142.500
v 369.500 26.500 141.500
v 369.500 26.500 142.500
v 367.500 26.500 127.500
v 367.500 26.500 128.500
v 367.500 28.000 127.500
v 367.500 28.000 128.500
v 367.500 28.000 128.000
v 367.500 27.500 128.000
v 367.500 30.500 127.500
v 367.500 30.500 128.500
v 367.500 31.000 128.500
v 367.500 31.000 127.500
v 367.500 28.500 129.500
v 367.500 28.500 128.500
v 367.500 31.000 129.500
v 367.500 26.500 129.500
v 367.500 26.500 130.500
v 367.500 28.000 129.500
v 367.500 28.000 130.500
v 367.500 28.000 130.000
v 367.500 27.500 130.000
v 367.500 30.500 129.500
v 367.500 30.500 130.500
v 367.500 31.000 130.500
v 367.500 16.500 136.500
v 367.500 16.500 137.500
v 367.500 26.500 137.500
v 367.500 26.500 136.500
v 367.500 31.500 137.500
v 367.500 32.500 137.500
v 367.500 33.500 137.500
v 367.500 30.500 139.500
v 367.500 34.500 139.500
v 367.500 35.500 139.500
v 367.500 30.500 140.500
v 367.500 31.500 140.500
v 367.500 31.500 139.500
v 367.500 34.500 140.500
v 367.500 35.500 140.500
v 367.500 36.500 140.500
v 367.500 36.500 139.500
v 367.500 32.500 141.500
v 367.500 32.500 142.500
v 367.500 33.500 142.500
v 367.500 33.500 141.500
v 367.500 34.500 142.500
v 367.500 34.500 141.500
v 367.500 16.500 142.500
v 367.500 16.500 143.500
v 367.500 26.500 143.500
v 367.500 26.500 142.500
v 383.500 21.500 134.500
v 383.500 21.500 133.500
v 373.500 23.500 130.500
v 372.500 23.500 130.500
v 372.500 23.500 127.500
v 373.500 23.500 127.500
v 370.500 23.500 129.500
v 371.500 23.500 129.500
v 371.500 23.500 128.500
v 370.500 23.500 128.500
v 372.500 23.500 131.500
v 368.500 23.500 135.500
v 368.500 23.500 131.500
v 369.500 23.500 132.500
v 369.500 23.500 134.500
v 376.500 23.500 133.500
v 379.500 23.500 133.500
v 383.500 23.500 133.500
v 375.500 23.500 136.500
v 376.500 23.500 137.500
v 375.500 23.500 137.500
v 379.500 23.500 137.500
v 378.500 23.500 135.500
v 377.500 23.500 135.500
v 383.500 23.500 135.500
v 381.500 23.500 135.500
v 370.500 23.500 137.500
v 371.500 23.500 137.500
v 383.500 23.500 137.500
v 369.000 28.000 128.500
v 369.000 28.000 129.500
v 369.000 27.500 129.500
v 369.000 27.500 128.500
v 369.000 30.000 128.500
v 369.000 30.000 129.500
v 369.000 29.500 129.500
v 369.000 29.500 128.500
v 367.500 15.500 130.500
v 368.500 15.500 130.500
v 368.500 16.500 130.500
v 367.500 16.500 130.500
v 368.500 25.500 130.500
v 367.500 25.500 130.500
v 369.500 25.500 130.500
v 368.500 26.500 130.500
v 368.500 28.000 130.500
v 368.500 31.000 130.500
v 367.500 30.000 130.500
v 368.500 30.000 130.500
v 368.500 24.500 130.500
v 368.500 30.500 130.500
v 372.500 16.500 130.500
v 372.500 15.500 130.500
v 373.500 16.500 130.500
v 368.500 28.000 130.000
v 368.500 27.500 130.000
v 368.500 30.000 130.000
v 367.500 30.000 130.000
v 367.500 29.500 130.000
v 368.500 29.500 130.000
v 368.500 28.000 128.000
v 368.500 27.500 128.000
v 367.500 30.000 128.000
v 368.500 30.000 128.000
v 368.500 29.500 128.000
v 367.500 29.500 128.000
v 367.500 15.500 143.500
v 368.500 15.500 143.500
v 379.000 28.000 139.500
v 379.000 27.500 139.500
v 379.000 30.000 138.500
v 379.000 30.000 139.500
v 379.000 29.500 139.500
v 379.000 29.500 138.500
v 373.500 15.500 130.500
v 373.500 15.500 127.500
v 373.500 16.500 127.500
v 373.500 16.500 128.500
v 373.500 23.500 128.500
v 373.500 24.500 127.500
v 373.500 24.500 130.500
v 373.500 16.500 129.500
v 373.500 17.500 128.500
v 373.500 17.500 129.500
v 373.500 22.500 128.500
v 373.500 22.500 129.500
v 373.500 23.500 129.500
v 373.500 15.500 131.500
v 373.500 24.500 131.500
v 373.500 15.500 133.500
v 373.500 16.500 133.500
v 373.500 23.500 133.500
v 373.500 24.500 133.500
v 372.500 16.500 127.500
v 372.500 16.500 131.500
v 368.500 16.500 135.500
v 368.500 16.500 131.500
v 369.500 16.500 132.500
v 369.500 16.500 134.500
v 379.500 16.500 133.500
v 376.500 16.500 133.500
v 383.500 16.500 133.500
v 375.500 16.500 136.500
v 375.500 16.500 137.500
v 376.500 16.500 137.500
v 379.500 16.500 137.500
v 383.500 16.500 137.500
v 370.500 16.500 137.500
v 371.500 16.500 137.500
v 370.500 16.500 140.500
v 370.500 16.500 139.500
v 368.500 35.500 139.500
v 368.500 35.500 140.500
v 377.000 28.000 139.500
v 377.000 27.500 139.500
v 377.000 30.000 139.500
v 377.000 30.000 138.500
v 377.000 29.500 138.500
v 377.000 29.500 139.500
v 371.500 24.500 129.500
v 371.500 24.500 128.500
v 371.500 15.500 135.500
v 371.500 16.500 135.500
v 371.500 23.500 135.500
v 371.500 24.500 135.500
v 368.500 30.500 128.500
v 368.500 31.000 128.500
v 370.500 24.500 128.500
v 372.500 17.500 128.500
v 372.500 22.500 128.500
v 368.500 28.500 128.500
v 368.500 26.500 128.500
v 368.500 28.000 128.500
v 379.500 15.500 137.500
v 379.500 24.500 137.500
v 379.500 26.500 137.500
v 379.500 30.500 137.500
v 379.500 15.500 139.500
v 379.500 16.500 139.500
v 379.500 25.500 138.500
v 379.500 25.500 139.500
v 379.500 28.000 139.500
v 379.500 31.000 139.500
v 379.500 30.000 139.500
v 379.500 30.000 138.500
v 379.500 15.500 140.500
v 379.500 26.500 139.500
v 379.500 26.500 140.500
v 379.500 30.500 139.500
v 379.500 30.500 140.500
v 368.500 33.500 137.500
v 368.500 33.500 140.500
v 368.500 33.500 139.500
v 368.500 33.500 141.500
v 368.500 33.500 142.500
v 377.500 17.500 134.500
v 377.500 17.500 133.500
v 377.500 22.500 133.500
v 377.500 22.500 134.500
v 377.500 24.500 135.500
v 377.500 30.500 137.500
v 377.500 26.500 137.500
v 377.500 28.000 137.500
v 377.500 31.000 137.500
v 377.500 30.500 139.500
v 377.500 31.000 139.500
v 377.500 28.500 139.500
v 377.500 30.500 140.500
v 377.500 26.500 139.500
v 377.500 26.500 140.500
v 377.500 28.000 139.500
v 377.500 28.000 140.500
v 377.500 28.000 140.000
v 377.500 27.500 140.000
v 377.500 31.000 140.500
v 368.500 31.500 137.500
v 368.500 31.500 140.500
v 368.500 31.500 139.500
v 375.500 15.500 132.500
v 375.500 15.500 131.500
v 375.500 24.500 131.500
v 375.500 24.500 132.500
v 375.500 15.500 133.500
v 375.500 16.500 132.500
v 375.500 16.500 133.500
v 375.500 23.500 132.500
v 375.500 23.500 133.500
v 375.500 24.500 133.500
v 375.500 15.500 137.500
v 375.500 24.500 137.500
v 368.500 32.500 141.500
v 370.500 15.500 141.500
v 368.500 34.500 141.500
v 368.500 31.000 127.500
v 368.500 31.000 129.500
v 378.500 31.000 137.500
v 376.500 31.000 139.500
v 378.500 31.000 140.500
v 378.500 31.000 139.500
v 368.500 32.500 137.500
v 368.500 24.500 137.500
v 368.500 26.500 137.500
v 370.500 15.500 137.500
v 370.500 24.500 137.500
v 376.500 15.500 137.500
v 377.500 24.500 137.500
v 376.500 24.500 137.500
v 376.500 25.500 137.500
v 377.500 25.500 137.500
v 379.500 25.500 137.500
v 376.500 26.500 137.500
v 376.500 30.500 137.500
v 378.500 24.500 137.500
v 378.500 25.500 137.500
v 378.500 26.500 137.500
v 378.500 28.000 137.500
v 378.500 30.000 137.500
v 377.500 30.000 137.500
v 378.500 30.500 137.500
v 383.500 15.500 137.500
v 370.500 15.500 135.500
v 370.500 16.500 135.500
v 370.500 23.500 135.500
v 370.500 24.500 135.500
v 372.500 15.500 135.500
v 374.500 15.500 135.500
v 374.500 16.500 135.500
v 372.500 16.500 135.500
v 372.500 23.500 135.500
v 374.500 23.500 135.500
v 374.500 24.500 135.500
v 372.500 24.500 135.500
v 378.500 24.500 135.500
v 383.500 24.500 135.500
v 381.500 24.500 135.500
v 381.500 17.500 134.500
v 381.500 17.500 133.500
v 381.500 22.500 133.500
v 381.500 22.500 134.500
v 381.500 17.500 137.500
v 381.500 22.500 137.500
v 372.500 15.500 133.500
v 372.500 16.500 133.500
v 372.500 23.500 133.500
v 372.500 24.500 133.500
v 383.500 15.500 133.500
v 383.500 24.500 133.500
v 376.500 17.500 133.500
v 379.500 17.500 133.500
v 376.500 22.500 133.500
v 379.500 22.500 133.500
v 378.500 17.500 133.500
v 378.500 22.500 133.500
v 380.500 17.500 133.500
v 383.500 17.500 133.500
v 380.500 22.500 133.500
v 383.500 22.500 133.500
v 381.500 21.500 133.500
v 383.500 19.500 134.500
v 383.500 19.500 137.500
v 372.500 15.500 131.500
v 372.500 24.500 131.500
v 373.500 16.500 131.500
v 375.500 16.500 131.500
v 374.500 16.500 131.500
v 373.500 23.500 131.500
v 374.500 23.500 131.500
v 375.500 23.500 131.500
v 368.000 28.000 140.500
v 368.000 28.000 139.500
v 368.000 28.500 139.500
v 368.000 28.500 140.500
v 372.500 24.500 128.500
v 372.500 24.500 127.500
v 372.500 24.500 130.500
v 370.500 24.500 129.500
v 372.500 24.500 129.500
v 368.500 24.500 131.500
v 368.500 24.500 136.500
v 369.500 24.500 132.500
v 369.500 24.500 135.500
v 370.500 24.500 134.500
v 371.500 24.500 133.500
v 374.500 24.500 133.500
v 383.500 24.500 134.500
v 375.500 24.500 135.500
v 376.500 24.500 134.500
v 376.500 24.500 135.500
v 379.500 24.500 135.500
v 379.500 24.500 134.500
v 380.500 24.500 137.500
v 380.500 24.500 134.500
v 380.500 24.500 135.500
v 375.500 24.500 136.500
v 376.500 24.500 136.500
v 379.500 24.500 136.500
v 380.500 24.500 136.500
v 383.500 24.500 137.500
v 368.500 26.500 127.500
v 368.500 26.500 129.500
v 370.500 26.500 140.500
v 370.500 26.500 139.500
v 376.500 26.500 140.500
v 376.500 26.500 139.500
v 378.500 26.500 140.500
v 378.500 26.500 139.500
v 367.500 28.500 127.500
v 368.500 28.500 127.500
v 369.500 28.500 129.500
v 368.500 28.500 129.500
v 369.500 28.500 128.500
v 368.500 28.500 130.500
v 367.500 28.500 130.500
v 377.500 28.500 137.500
v 378.500 28.500 137.500
v 376.500 28.500 139.500
v 376.500 28.500 138.500
v 379.500 28.500 139.500
v 378.500 28.500 139.500
v 379.500 28.500 138.500
v 367.500 28.500 139.500
v 367.500 28.500 140.500
v 368.500 28.500 140.500
v 368.500 28.500 139.500
v 378.500 28.500 140.500
v 377.500 28.500 140.500
v 368.500 30.500 139.500
v 368.500 34.500 139.500
v 376.500 28.000 139.500
v 376.500 30.500 139.500
v 378.500 30.500 139.500
v 378.500 28.000 139.500
v 367.500 28.000 139.500
v 368.500 28.000 139.500
v 368.500 36.500 139.500
v 368.500 28.000 127.500
v 368.500 30.500 127.500
v 368.500 30.500 129.500
v 368.500 28.000 129.500
v 368.500 15.500 131.500
v 368.500 15.500 135.500
v 368.500 24.500 135.500
v 368.500 28.000 140.500
v 368.500 30.500 140.500
v 368.500 34.500 140.500
v 368.500 36.500 140.500
v 368.500 32.500 140.500
v 368.500 32.500 142.500
v 368.500 34.500 142.500
v 368.500 15.500 142.500
v 367.500 28.000 140.500
v 378.500 28.000 140.500
v 372.500 22.500 129.500
v 378.500 22.500 134.500
v 383.500 22.500 134.500
v 368.500 15.500 127.500
v 367.500 15.500 127.500
v 367.500 16.500 127.500
v 368.500 16.500 127.500
v 367.500 25.500 127.500
v 368.500 25.500 127.500
v 369.500 25.500 127.500
v 368.500 30.000 127.500
v 367.500 30.000 127.500
v 368.500 24.500 127.500
v 369.500 23.500 127.500
v 368.500 16.500 142.500
v 368.500 26.500 142.500
v 372.500 15.500 127.500
v 369.500 15.500 132.500
v 369.500 15.500 135.500
v 370.500 15.500 134.500
v 374.500 15.500 133.500
v 371.500 15.500 133.500
v 375.500 15.500 135.500
v 375.500 15.500 136.500
v 367.500 15.500 137.500
v 367.500 15.500 138.500
v 367.500 15.500 141.500
v 376.500 15.500 140.500
v 367.500 15.500 142.500
v 372.500 17.500 129.500
v 370.500 15.500 139.500
v 370.500 15.500 140.500
v 378.500 17.500 134.500
v 376.500 30.500 140.500
v 378.500 30.500 140.500
v 378.500 28.000 140.000
v 378.500 27.500 140.000
v 376.500 15.500 139.500
v 376.500 16.500 139.500
v 376.500 25.500 139.500
v 376.500 25.500 138.500
v 376.500 30.000 138.500
v 376.500 30.000 139.500
v 379.500 16.500 140.500
v 376.500 16.500 140.500
v 377.500 16.500 140.500
v 377.500 25.500 140.500
v 376.500 25.500 140.500
v 379.500 25.500 140.500
v 378.500 16.500 140.500
v 378.500 25.500 140.500
v 377.500 30.000 140.500
v 378.500 30.000 140.500
v 368.500 30.000 128.500
v 367.500 30.000 128.500
v 368.500 30.000 129.500
v 367.500 30.000 129.500
v 378.500 30.000 138.500
v 377.500 30.000 138.500
v 377.500 30.000 139.500
v 378.500 30.000 139.500
v 378.500 30.000 140.000
v 377.500 30.000 140.000
v 377.500 29.500 140.000
v 378.500 29.500 140.000
v 415.500 15.500 125.500
v 411.500 15.500 125.500
v 411.500 16.500 125.500
v 415.500 16.500 125.500
v 412.500 16.500 125.500
v 411.500 19.500 125.500
v 412.500 19.500 125.500
v 415.500 19.500 125.500
v 411.500 20.500 125.500
v 415.500 20.500 125.500
v 413.500 16.500 125.500
v 412.500 17.500 125.500
v 413.500 17.500 125.500
v 412.500 18.500 125.500
v 413.500 18.500 125.500
v 414.500 18.500 125.500
v 414.500 19.500 125.500
v 415.500 17.500 125.500
v 414.500 17.500 125.500
v 415.500 18.500 125.500
v 411.500 15.500 126.500
v 411.500 20.500 126.500
v 411.500 15.500 127.500
v 411.500 16.500 127.500
v 411.500 16.500 126.500
v 411.500 17.500 127.500
v 411.500 17.500 126.500
v 411.500 19.500 127.500
v 411.500 19.500 126.500
v 411.500 20.500 127.500
v 399.500 13.500 116.500
v 403.500 13.500 116.500
v 403.500 14.500 116.500
v 399.500 14.500 116.500
v 402.500 14.500 116.500
v 402.500 17.500 116.500
v 399.500 17.500 116.500
v 403.500 17.500 116.500
v 403.500 18.500 116.500
v 399.500 18.500 116.500
v 412.500 16.500 127.500
v 412.500 17.500 127.500
v 412.500 18.500 127.500
v 411.500 18.500 127.500
v 413.500 15.500 127.500
v 415.500 15.500 127.500
v 415.500 16.500 127.500
v 413.500 16.500 127.500
v 413.500 19.500 127.500
v 415.500 19.500 127.500
v 415.500 20.500 127.500
v 413.500 20.500 127.500
v 399.500 14.500 115.500
v 402.500 14.500 115.500
v 402.500 17.500 115.500
v 399.500 17.500 115.500
v 402.500 13.500 115.500
v 399.500 13.500 115.500
v 399.500 18.500 115.500
v 402.500 18.500 115.500
v 403.500 14.500 115.500
v 403.500 17.500 115.500
v 412.500 16.500 126.500
v 412.500 19.500 126.500
v 412.500 15.500 126.500
v 415.500 15.500 126.500
v 415.500 16.500 126.500
v 415.500 19.500 126.500
v 403.500 13.500 112.500
v 403.500 13.500 111.500
v 403.500 18.500 111.500
v 403.500 18.500 112.500
v 403.500 13.500 115.500
v 403.500 14.500 112.500
v 403.500 17.500 112.500
v 403.500 18.500 115.500
v 414.500 17.500 126.500
v 414.500 18.500 126.500
v 414.500 19.500 126.500
v 399.500 13.500 112.500
v 402.500 13.500 112.500
v 402.500 14.500 112.500
v 399.500 14.500 112.500
v 399.500 17.500 112.500
v 402.500 17.500 112.500
v 402.500 18.500 112.500
v 399.500 18.500 112.500
v 413.500 16.500 126.500
v 413.500 17.500 126.500
v 413.500 18.500 126.500
v 412.500 15.500 127.500
v 412.500 19.500 127.500
v 399.500 13.500 111.500
v 399.500 18.500 111.500
v 415.500 18.500 126.500
v 412.500 17.500 126.500
v 415.500 20.500 126.500
v 412.500 20.500 127.500
v 412.500 20.500 126.500
v 400.500 13.500 105.500
v 400.500 13.500 104.500
v 400.500 18.500 104.500
v 400.500 18.500 105.500
v 401.500 13.500 105.500
v 400.500 14.500 105.500
v 401.500 14.500 105.500
v 400.500 17.500 105.500
v 401.500 17.500 105.500
v 401.500 18.500 105.500
v 399.500 13.500 104.500
v 399.500 18.500 104.500
v 403.500 13.500 109.500
v 403.500 13.500 108.500
v 403.500 18.500 108.500
v 403.500 18.500 109.500
v 403.500 13.500 110.500
v 403.500 14.500 109.500
v 403.500 14.500 110.500
v 403.500 17.500 109.500
v 403.500 17.500 110.500
v 403.500 18.500 110.500
v 403.500 13.500 111.500
v 403.500 18.500 111.500
v 401.500 13.500 106.500
v 401.500 14.500 106.500
v 401.500 17.500 106.500
v 401.500 18.500 106.500
v 402.500 13.500 107.500
v 402.500 13.500 106.500
v 402.500 18.500 106.500
v 402.500 18.500 107.500
v 402.500 13.500 108.500
v 402.500 14.500 107.500
v 402.500 14.500 108.500
v 402.500 17.500 107.500
v 402.500 17.500 108.500
v 402.500 18.500 108.500
v 399.500 13.500 105.500
v 399.500 13.500 106.500
v 400.500 13.500 107.500
v 399.500 13.500 107.500
v 400.500 13.500 106.500
v 401.500 13.500 108.500
v 399.500 13.500 108.500
v 401.500 13.500 107.500
v 400.500 13.500 109.500
v 399.500 13.500 109.500
v 400.500 13.500 108.500
v 401.500 13.500 109.500
v 402.500 13.500 110.500
v 399.500 13.500 110.500
v 402.500 13.500 109.500
v 399.500 13.500 111.500
v 399.500 18.500 105.500
v 399.500 18.500 106.500
v 399.500 18.500 107.500
v 400.500 18.500 107.500
v 400.500 18.500 106.500
v 399.500 18.500 108.500
v 401.500 18.500 108.500
v 401.500 18.500 107.500
v 399.500 18.500 109.500
v 400.500 18.500 109.500
v 400.500 18.500 108.500
v 401.500 18.500 109.500
v 399.500 18.500 110.500
v 402.500 18.500 110.500
v 402.500 18.500 109.500
v 399.500 18.500 111.500
v 395.500 13.500 103.500
v 390.500 13.500 103.500
v 390.500 14.500 103.500
v 395.500 14.500 103.500
v 391.500 14.500 103.500
v 390.500 17.500 103.500
v 391.500 17.500 103.500
v 395.500 17.500 103.500
v 390.500 18.500 103.500
v 395.500 18.500 103.500
v 394.500 14.500 103.500
v 394.500 17.500 103.500
v 398.500 13.500 103.500
v 398.500 14.500 103.500
v 396.500 14.500 103.500
v 396.500 17.500 103.500
v 398.500 17.500 103.500
v 398.500 18.500 103.500
v 397.500 14.500 103.500
v 397.500 17.500 103.500
v 390.500 13.500 104.500
v 390.500 18.500 104.500
v 390.500 13.500 107.500
v 390.500 14.500 107.500
v 390.500 14.500 104.500
v 390.500 17.500 107.500
v 390.500 17.500 104.500
v 390.500 18.500 107.500
v 390.500 13.500 108.500
v 390.500 18.500 108.500
v 391.500 14.500 104.500
v 391.500 17.500 104.500
v 391.500 13.500 107.500
v 391.500 13.500 104.500
v 391.500 14.500 107.500
v 391.500 17.500 107.500
v 391.500 18.500 104.500
v 391.500 18.500 107.500
v 394.500 13.500 104.500
v 394.500 14.500 104.500
v 394.500 17.500 104.500
v 394.500 18.500 104.500
v 399.500 13.500 104.500
v 398.500 13.500 104.500
v 398.500 14.500 104.500
v 399.500 14.500 104.500
v 398.500 17.500 104.500
v 399.500 17.500 104.500
v 398.500 18.500 104.500
v 399.500 18.500 104.500
v 394.500 13.500 107.500
v 394.500 14.500 107.500
v 394.500 17.500 107.500
v 394.500 18.500 107.500
v 385.500 13.500 108.500
v 385.500 13.500 109.500
v 385.500 18.500 109.500
v 385.500 18.500 108.500
v 385.500 13.500 111.500
v 385.500 14.500 111.500
v 385.500 14.500 109.500
v 385.500 17.500 111.500
v 385.500 17.500 109.500
v 385.500 18.500 111.500
v 386.500 14.500 109.500
v 389.500 14.500 109.500
v 389.500 14.500 108.500
v 386.500 14.500 108.500
v 386.500 14.500 111.500
v 389.500 14.500 111.500
v 395.500 13.500 104.500
v 395.500 13.500 107.500
v 396.500 13.500 108.500
v 395.500 13.500 108.500
v 396.500 13.500 104.500
v 397.500 13.500 105.500
v 396.500 13.500 105.500
v 397.500 13.500 104.500
v 399.500 13.500 105.500
v 399.500 13.500 106.500
v 396.500 13.500 106.500
v 397.500 13.500 107.500
v 396.500 13.500 107.500
v 397.500 13.500 106.500
v 398.500 13.500 107.500
v 398.500 13.500 106.500
v 399.500 13.500 107.500
v 399.500 13.500 109.500
v 396.500 13.500 109.500
v 391.500 13.500 109.500
v 391.500 13.500 108.500
v 386.500 13.500 111.500
v 386.500 13.500 109.500
v 389.500 13.500 111.500
v 389.500 13.500 109.500
v 390.500 13.500 111.500
v 390.500 13.500 109.500
v 392.500 13.500 110.500
v 390.500 13.500 110.500
v 392.500 13.500 109.500
v 395.500 13.500 110.500
v 395.500 13.500 109.500
v 399.500 13.500 110.500
v 391.500 13.500 111.500
v 391.500 13.500 110.500
v 393.500 13.500 111.500
v 393.500 13.500 110.500
v 397.500 13.500 111.500
v 397.500 13.500 110.500
v 399.500 13.500 111.500
v 395.500 18.500 104.500
v 395.500 18.500 107.500
v 395.500 18.500 108.500
v 396.500 18.500 108.500
v 396.500 18.500 104.500
v 396.500 18.500 105.500
v 397.500 18.500 105.500
v 397.500 18.500 104.500
v 399.500 18.500 105.500
v 396.500 18.500 106.500
v 399.500 18.500 106.500
v 396.500 18.500 107.500
v 397.500 18.500 107.500
v 397.500 18.500 106.500
v 398.500 18.500 107.500
v 398.500 18.500 106.500
v 399.500 18.500 107.500
v 396.500 18.500 109.500
v 399.500 18.500 109.500
v 391.500 18.500 109.500
v 391.500 18.500 108.500
v 386.500 18.500 111.500
v 386.500 18.500 109.500
v 389.500 18.500 111.500
v 389.500 18.500 109.500
v 390.500 18.500 111.500
v 390.500 18.500 109.500
v 390.500 18.500 110.500
v 392.500 18.500 110.500
v 392.500 18.500 109.500
v 395.500 18.500 110.500
v 395.500 18.500 109.500
v 399.500 18.500 110.500
v 391.500 18.500 111.500
v 391.500 18.500 110.500
v 393.500 18.500 111.500
v 393.500 18.500 110.500
v 397.500 18.500 111.500
v 397.500 18.500 110.500
v 399.500 18.500 111.500
v 389.500 17.500 109.500
v 386.500 17.500 109.500
v 386.500 17.500 108.500
v 389.500 17.500 108.500
v 386.500 17.500 111.500
v 389.500 17.500 111.500
v 385.500 14.500 108.500
v 390.500 14.500 108.500
v 385.500 17.500 108.500
v 390.500 17.500 108.500
v 390.500 13.500 120.500
v 390.500 13.500 121.500
v 390.500 18.500 121.500
v 390.500 18.500 120.500
v 385.500 13.500 116.500
v 386.500 13.500 116.500
v 386.500 18.500 116.500
v 385.500 18.500 116.500
v 398.500 13.500 116.500
v 399.500 13.500 116.500
v 399.500 18.500 116.500
v 398.500 18.500 116.500
v 393.500 13.500 121.500
v 393.500 14.500 121.500
v 390.500 14.500 121.500
v 391.500 14.500 121.500
v 391.500 17.500 121.500
v 390.500 17.500 121.500
v 393.500 17.500 121.500
v 393.500 18.500 121.500
v 392.500 14.500 121.500
v 392.500 17.500 121.500
v 398.500 13.500 121.500
v 398.500 14.500 121.500
v 394.500 14.500 121.500
v 394.500 17.500 121.500
v 398.500 17.500 121.500
v 398.500 18.500 121.500
v 397.500 14.500 121.500
v 397.500 17.500 121.500
v 394.500 13.500 120.500
v 394.500 13.500 117.500
v 394.500 14.500 117.500
v 394.500 14.500 120.500
v 394.500 17.500 120.500
v 394.500 17.500 117.500
v 394.500 18.500 117.500
v 394.500 18.500 120.500
v 388.500 13.500 120.500
v 390.500 14.500 120.500
v 388.500 14.500 120.500
v 389.500 14.500 120.500
v 389.500 17.500 120.500
v 388.500 17.500 120.500
v 390.500 17.500 120.500
v 388.500 18.500 120.500
v 397.500 14.500 120.500
v 397.500 17.500 120.500
v 397.500 13.500 120.500
v 397.500 18.500 120.500
v 398.500 14.500 120.500
v 398.500 17.500 120.500
v 386.500 14.500 112.500
v 385.500 14.500 112.500
v 385.500 17.500 112.500
v 386.500 17.500 112.500
v 389.500 13.500 112.500
v 386.500 13.500 112.500
v 389.500 14.500 112.500
v 389.500 17.500 112.500
v 386.500 18.500 112.500
v 389.500 18.500 112.500
v 385.500 13.500 111.500
v 385.500 13.500 112.500
v 385.500 14.500 111.500
v 385.500 17.500 111.500
v 385.500 18.500 112.500
v 385.500 18.500 111.500
v 385.500 13.500 113.500
v 385.500 18.500 113.500
v 385.500 13.500 114.500
v 385.500 18.500 114.500
v 385.500 13.500 115.500
v 385.500 14.500 115.500
v 385.500 14.500 114.500
v 385.500 17.500 115.500
v 385.500 17.500 114.500
v 385.500 18.500 115.500
v 386.500 14.500 111.500
v 389.500 14.500 111.500
v 397.500 14.500 117.500
v 398.500 14.500 117.500
v 386.500 13.500 111.500
v 389.500 13.500 111.500
v 390.500 13.500 112.500
v 390.500 13.500 111.500
v 391.500 13.500 113.500
v 390.500 13.500 113.500
v 391.500 13.500 111.500
v 392.500 13.500 113.500
v 392.500 13.500 111.500
v 396.500 13.500 113.500
v 396.500 13.500 111.500
v 397.500 13.500 113.500
v 397.500 13.500 111.500
v 398.500 13.500 114.500
v 397.500 13.500 114.500
v 398.500 13.500 111.500
v 399.500 13.500 115.500
v 398.500 13.500 115.500
v 399.500 13.500 111.500
v 391.500 13.500 114.500
v 395.500 13.500 114.500
v 395.500 13.500 113.500
v 386.500 13.500 115.500
v 386.500 13.500 114.500
v 389.500 13.500 115.500
v 389.500 13.500 114.500
v 393.500 13.500 115.500
v 393.500 13.500 114.500
v 396.500 13.500 115.500
v 396.500 13.500 114.500
v 387.500 13.500 116.500
v 387.500 13.500 115.500
v 388.500 13.500 116.500
v 388.500 13.500 115.500
v 392.500 13.500 116.500
v 392.500 13.500 115.500
v 397.500 13.500 116.500
v 397.500 13.500 115.500
v 387.500 13.500 117.500
v 386.500 13.500 117.500
v 389.500 13.500 117.500
v 389.500 13.500 116.500
v 392.500 13.500 117.500
v 393.500 13.500 120.500
v 392.500 13.500 120.500
v 393.500 13.500 116.500
v 398.500 13.500 117.500
v 393.500 13.500 117.500
v 388.500 13.500 118.500
v 386.500 13.500 118.500
v 388.500 13.500 117.500
v 390.500 13.500 118.500
v 390.500 13.500 117.500
v 391.500 13.500 118.500
v 391.500 13.500 117.500
v 392.500 13.500 118.500
v 397.500 13.500 117.500
v 398.500 13.500 120.500
v 389.500 13.500 119.500
v 387.500 13.500 119.500
v 387.500 13.500 118.500
v 389.500 13.500 118.500
v 392.500 13.500 119.500
v 391.500 13.500 120.500
v 388.500 13.500 119.500
v 391.500 13.500 119.500
v 386.500 18.500 111.500
v 389.500 18.500 111.500
v 390.500 18.500 112.500
v 390.500 18.500 111.500
v 390.500 18.500 113.500
v 391.500 18.500 113.500
v 391.500 18.500 111.500
v 392.500 18.500 113.500
v 392.500 18.500 111.500
v 396.500 18.500 113.500
v 396.500 18.500 111.500
v 397.500 18.500 113.500
v 397.500 18.500 111.500
v 397.500 18.500 114.500
v 398.500 18.500 114.500
v 398.500 18.500 111.500
v 398.500 18.500 115.500
v 399.500 18.500 115.500
v 399.500 18.500 111.500
v 391.500 18.500 114.500
v 395.500 18.500 114.500
v 395.500 18.500 113.500
v 386.500 18.500 115.500
v 386.500 18.500 114.500
v 389.500 18.500 115.500
v 389.500 18.500 114.500
v 393.500 18.500 115.500
v 393.500 18.500 114.500
v 396.500 18.500 115.500
v 396.500 18.500 114.500
v 387.500 18.500 116.500
v 387.500 18.500 115.500
v 388.500 18.500 116.500
v 388.500 18.500 115.500
v 392.500 18.500 116.500
v 392.500 18.500 115.500
v 397.500 18.500 116.500
v 397.500 18.500 115.500
v 386.500 18.500 117.500
v 387.500 18.500 117.500
v 389.500 18.500 117.500
v 389.500 18.500 116.500
v 392.500 18.500 117.500
v 392.500 18.500 120.500
v 393.500 18.500 120.500
v 393.500 18.500 116.500
v 393.500 18.500 117.500
v 398.500 18.500 117.500
v 386.500 18.500 118.500
v 388.500 18.500 118.500
v 388.500 18.500 117.500
v 390.500 18.500 118.500
v 390.500 18.500 117.500
v 391.500 18.500 118.500
v 391.500 18.500 117.500
v 392.500 18.500 118.500
v 397.500 18.500 117.500
v 398.500 18.500 120.500
v 387.500 18.500 119.500
v 389.500 18.500 119.500
v 389.500 18.500 118.500
v 387.500 18.500 118.500
v 392.500 18.500 119.500
v 391.500 18.500 120.500
v 391.500 18.500 119.500
v 388.500 18.500 119.500
v 386.500 17.500 111.500
v 389.500 17.500 111.500
v 397.500 17.500 117.500
v 398.500 17.500 117.500
v 388.500 14.500 119.500
v 387.500 14.500 119.500
v 388.500 17.500 119.500
v 387.500 17.500 119.500
v 386.500 14.500 117.500
v 386.500 14.500 116.500
v 386.500 17.500 117.500
v 386.500 17.500 116.500
v 387.500 14.500 118.500
v 387.500 17.500 118.500
v 399.500 13.500 112.500
v 399.500 14.500 112.500
v 399.500 14.500 115.500
v 399.500 17.500 115.500
v 399.500 17.500 112.500
v 399.500 18.500 112.500
v 399.500 14.500 116.500
v 399.500 17.500 116.500
v 390.500 23.500 89.500
v 390.500 23.500 88.500
v 390.500 24.500 88.500
v 390.500 24.500 89.500
v 384.500 16.500 86.500
v 384.500 16.500 87.500
v 384.500 19.500 87.500
v 384.500 19.500 86.500
v 384.500 20.500 86.500
v 384.500 20.500 87.500
v 384.500 24.500 87.500
v 384.500 24.500 86.500
v 384.500 16.500 90.500
v 384.500 19.500 90.500
v 384.500 15.500 87.500
v 384.500 15.500 90.500
v 384.500 20.500 90.500
v 384.500 23.500 90.500
v 384.500 23.500 87.500
v 384.500 24.500 90.500
v 384.500 16.500 91.500
v 384.500 19.500 91.500
v 384.500 20.500 91.500
v 384.500 24.500 91.500
v 395.500 23.500 89.500
v 395.500 23.500 88.500
v 395.500 24.500 88.500
v 395.500 24.500 89.500
v 385.500 16.500 87.500
v 385.500 16.500 86.500
v 385.500 19.500 86.500
v 385.500 19.500 87.500
v 385.500 20.500 87.500
v 385.500 20.500 86.500
v 385.500 23.500 86.500
v 385.500 23.500 87.500
v 385.500 15.500 90.500
v 385.500 15.500 87.500
v 385.500 16.500 90.500
v 385.500 19.500 90.500
v 385.500 20.500 90.500
v 385.500 23.500 90.500
v 385.500 24.500 87.500
v 385.500 24.500 90.500
v 385.500 16.500 91.500
v 385.500 19.500 91.500
v 385.500 20.500 91.500
v 385.500 23.500 91.500
v 396.500 15.500 86.500
v 396.500 15.500 87.500
v 396.500 23.500 87.500
v 396.500 23.500 86.500
v 396.500 15.500 90.500
v 396.500 16.500 90.500
v 396.500 16.500 87.500
v 396.500 16.500 88.500
v 396.500 19.500 88.500
v 396.500 19.500 87.500
v 396.500 19.500 90.500
v 396.500 20.500 90.500
v 396.500 20.500 87.500
v 396.500 20.500 88.500
v 396.500 23.500 88.500
v 396.500 23.500 90.500
v 396.500 24.500 90.500
v 396.500 24.500 87.500
v 396.500 16.500 89.500
v 396.500 17.500 89.500
v 396.500 17.500 88.500
v 396.500 18.500 88.500
v 396.500 18.500 89.500
v 396.500 19.500 89.500
v 396.500 20.500 89.500
v 396.500 21.500 89.500
v 396.500 21.500 88.500
v 396.500 22.500 88.500
v 396.500 22.500 89.500
v 396.500 23.500 89.500
v 396.500 15.500 91.500
v 396.500 23.500 91.500
v 399.500 24.500 87.500
v 399.500 24.500 86.500
v 388.500 24.500 90.500
v 388.500 24.500 87.500
v 389.500 24.500 90.500
v 389.500 24.500 87.500
v 389.500 24.500 88.500
v 396.500 24.500 88.500
v 397.500 24.500 90.500
v 397.500 24.500 87.500
v 399.500 24.500 90.500
v 389.500 24.500 89.500
v 396.500 24.500 89.500
v 399.500 24.500 91.500
v 383.500 16.500 87.500
v 383.500 16.500 86.500
v 388.500 16.500 87.500
v 388.500 16.500 86.500
v 397.500 16.500 87.500
v 399.500 16.500 87.500
v 399.500 16.500 86.500
v 397.500 16.500 86.500
v 383.500 16.500 90.500
v 388.500 16.500 90.500
v 389.500 16.500 90.500
v 389.500 16.500 87.500
v 397.500 16.500 90.500
v 399.500 16.500 90.500
v 383.500 16.500 91.500
v 388.500 16.500 91.500
v 397.500 16.500 91.500
v 399.500 16.500 91.500
v 389.500 15.500 87.500
v 383.500 15.500 87.500
v 383.500 15.500 86.500
v 389.500 15.500 86.500
v 399.500 15.500 87.500
v 399.500 15.500 86.500
v 383.500 15.500 90.500
v 388.500 15.500 90.500
v 388.500 15.500 87.500
v 389.500 15.500 90.500
v 397.500 15.500 90.500
v 397.500 15.500 87.500
v 399.500 15.500 90.500
v 389.500 15.500 91.500
v 383.500 15.500 91.500
v 399.500 15.500 91.500
v 389.500 18.500 89.500
v 389.500 18.500 88.500
v 390.063 18.500 89.063
v 389.938 18.500 89.063
v 389.938 18.500 88.938
v 390.063 18.500 88.938
v 391.063 18.500 89.063
v 390.938 18.500 89.063
v 390.938 18.500 88.938
v 391.063 18.500 88.938
v 392.063 18.500 89.063
v 391.938 18.500 89.063
v 391.938 18.500 88.938
v 392.063 18.500 88.938
v 393.063 18.500 89.063
v 392.938 18.500 89.063
v 392.938 18.500 88.938
v 393.063 18.500 88.938
v 394.063 18.500 89.063
v 393.938 18.500 89.063
v 393.938 18.500 88.938
v 394.063 18.500 88.938
v 395.063 18.500 89.063
v 394.938 18.500 89.063
v 394.938 18.500 88.938
v 395.063 18.500 88.938
v 396.063 18.500 89.063
v 395.938 18.500 89.063
v 395.938 18.500 88.938
v 396.063 18.500 88.938
v 389.500 17.500 89.500
v 389.500 17.500 88.500
v 383.500 19.500 87.500
v 383.500 19.500 86.500
v 388.500 19.500 87.500
v 388.500 19.500 86.500
v 399.500 19.500 87.500
v 397.500 19.500 87.500
v 397.500 19.500 86.500
v 399.500 19.500 86.500
v 383.500 19.500 90.500
v 388.500 19.500 90.500
v 389.500 19.500 90.500
v 389.500 19.500 87.500
v 397.500 19.500 90.500
v 399.500 19.500 90.500
v 389.938 19.500 89.063
v 390.063 19.500 89.063
v 390.063 19.500 88.938
v 389.938 19.500 88.938
v 390.938 19.500 89.063
v 391.063 19.500 89.063
v 391.063 19.500 88.938
v 390.938 19.500 88.938
v 391.938 19.500 89.063
v 392.063 19.500 89.063
v 392.063 19.500 88.938
v 391.938 19.500 88.938
v 392.938 19.500 89.063
v 393.063 19.500 89.063
v 393.063 19.500 88.938
v 392.938 19.500 88.938
v 393.938 19.500 89.063
v 394.063 19.500 89.063
v 394.063 19.500 88.938
v 393.938 19.500 88.938
v 394.938 19.500 89.063
v 395.063 19.500 89.063
v 395.063 19.500 88.938
v 394.938 19.500 88.938
v 395.938 19.500 89.063
v 396.063 19.500 89.063
v 396.063 19.500 88.938
v 395.938 19.500 88.938
v 383.500 19.500 91.500
v 388.500 19.500 91.500
v 399.500 19.500 91.500
v 397.500 19.500 91.500
v 389.938 21.500 89.063
v 390.063 21.500 89.063
v 390.063 21.500 88.938
v 389.938 21.500 88.938
v 389.500 21.500 89.500
v 389.500 21.500 88.500
v 390.938 21.500 89.063
v 391.063 21.500 89.063
v 391.063 21.500 88.938
v 390.938 21.500 88.938
v 391.938 21.500 89.063
v 392.063 21.500 89.063
v 392.063 21.500 88.938
v 391.938 21.500 88.938
v 392.938 21.500 89.063
v 393.063 21.500 89.063
v 393.063 21.500 88.938
v 392.938 21.500 88.938
v 393.938 21.500 89.063
v 394.063 21.500 89.063
v 394.063 21.500 88.938
v 393.938 21.500 88.938
v 394.938 21.500 89.063
v 395.063 21.500 89.063
v 395.063 21.500 88.938
v 394.938 21.500 88.938
v 395.938 21.500 89.063
v 396.063 21.500 89.063
v 396.063 21.500 88.938
v 395.938 21.500 88.938
v 389.500 16.500 91.500
v 389.500 19.500 91.500
v 389.500 20.500 91.500
v 383.500 20.500 91.500
v 384.500 23.500 91.500
v 399.500 23.500 91.500
v 388.500 20.500 91.500
v 388.500 23.500 91.500
v 389.500 23.500 91.500
v 396.500 16.500 91.500
v 396.500 19.500 91.500
v 399.500 20.500 91.500
v 396.500 20.500 91.500
v 397.500 20.500 91.500
v 397.500 23.500 91.500
v 383.500 20.500 87.500
v 383.500 20.500 86.500
v 388.500 20.500 87.500
v 388.500 20.500 86.500
v 397.500 20.500 87.500
v 399.500 20.500 87.500
v 399.500 20.500 86.500
v 397.500 20.500 86.500
v 383.500 20.500 90.500
v 388.500 20.500 90.500
v 389.500 20.500 90.500
v 389.500 20.500 87.500
v 397.500 20.500 90.500
v 399.500 20.500 90.500
v 390.063 20.500 89.063
v 389.938 20.500 89.063
v 389.938 20.500 88.938
v 390.063 20.500 88.938
v 391.063 20.500 89.063
v 390.938 20.500 89.063
v 390.938 20.500 88.938
v 391.063 20.500 88.938
v 392.063 20.500 89.063
v 391.938 20.500 89.063
v 391.938 20.500 88.938
v 392.063 20.500 88.938
v 393.063 20.500 89.063
v 392.938 20.500 89.063
v 392.938 20.500 88.938
v 393.063 20.500 88.938
v 394.063 20.500 89.063
v 393.938 20.500 89.063
v 393.938 20.500 88.938
v 394.063 20.500 88.938
v 395.063 20.500 89.063
v 394.938 20.500 89.063
v 394.938 20.500 88.938
v 395.063 20.500 88.938
v 396.063 20.500 89.063
v 395.938 20.500 89.063
v 395.938 20.500 88.938
v 396.063 20.500 88.938
v 388.500 23.500 90.500
v 399.500 23.500 90.500
v 397.500 23.500 90.500
v 389.500 23.500 90.500
v 388.500 23.500 87.500
v 388.500 23.500 86.500
v 389.500 23.500 87.500
v 389.500 23.500 86.500
v 399.500 23.500 87.500
v 397.500 23.500 87.500
v 397.500 23.500 86.500
v 399.500 23.500 86.500
v 389.500 23.500 88.500
v 389.500 23.500 89.500
v 389.500 22.500 89.500
v 389.500 22.500 88.500
v 389.500 16.500 86.500
v 389.500 19.500 86.500
v 389.500 20.500 86.500
v 384.500 23.500 86.500
v 396.500 16.500 86.500
v 396.500 19.500 86.500
v 396.500 20.500 86.500
v 389.500 16.500 88.500
v 389.500 19.500 88.500
v 389.500 20.500 88.500
v 389.500 16.500 89.500
v 389.500 19.500 89.500
v 389.500 20.500 89.500
v 420.500 23.500 117.500
v 420.500 23.500 111.500
v 420.500 24.500 111.500
v 420.500 24.500 117.500
v 420.500 15.500 118.500
v 420.500 15.500 117.500
v 420.500 24.500 118.500
v 420.500 15.500 121.500
v 420.500 16.500 118.500
v 420.500 16.500 121.500
v 420.500 19.500 118.500
v 420.500 19.500 121.500
v 420.500 20.500 118.500
v 420.500 20.500 121.500
v 420.500 23.500 118.500
v 420.500 23.500 121.500
v 420.500 24.500 121.500
v 420.500 15.500 122.500
v 420.500 24.500 122.500
v 420.500 15.500 125.500
v 420.500 16.500 122.500
v 420.500 16.500 125.500
v 420.500 19.500 122.500
v 420.500 19.500 125.500
v 420.500 20.500 122.500
v 420.500 20.500 125.500
v 420.500 15.500 126.500
v 420.500 20.500 126.500
v 420.500 15.500 127.500
v 420.500 16.500 126.500
v 420.500 16.500 127.500
v 420.500 18.500 126.500
v 420.500 18.500 127.500
v 420.500 19.500 126.500
v 420.500 19.500 127.500
v 420.500 20.500 127.500
v 417.500 23.500 116.500
v 418.500 23.500 116.500
v 418.500 24.500 116.500
v 417.500 24.500 116.500
v 425.500 17.500 127.500
v 425.500 17.500 126.500
v 425.500 26.500 126.500
v 425.500 26.500 127.500
v 424.500 17.500 126.500
v 424.500 17.500 127.500
v 424.500 26.500 127.500
v 424.500 26.500 126.500
v 418.500 23.500 111.500
v 417.500 23.500 111.500
v 417.500 24.500 111.500
v 418.500 24.500 111.500
v 415.500 24.500 117.500
v 416.500 24.500 117.500
v 416.500 24.500 111.500
v 415.500 24.500 111.500
v 416.500 24.500 116.500
v 419.500 24.500 116.500
v 419.500 24.500 111.500
v 419.500 24.500 117.500
v 415.500 24.500 118.500
v 415.500 24.500 121.500
v 416.500 24.500 121.500
v 416.500 24.500 118.500
v 419.500 24.500 121.500
v 419.500 24.500 118.500
v 415.500 24.500 122.500
v 415.500 16.500 118.500
v 416.500 16.500 118.500
v 416.500 19.500 118.500
v 415.500 19.500 118.500
v 415.500 20.500 118.500
v 416.500 20.500 118.500
v 416.500 23.500 118.500
v 415.500 23.500 118.500
v 416.500 15.500 118.500
v 419.500 15.500 118.500
v 419.500 16.500 118.500
v 419.500 19.500 118.500
v 419.500 20.500 118.500
v 419.500 23.500 118.500
v 415.500 15.500 117.500
v 415.500 16.500 117.500
v 420.500 16.500 117.500
v 416.500 16.500 117.500
v 415.500 19.500 117.500
v 416.500 19.500 117.500
v 420.500 19.500 117.500
v 415.500 20.500 117.500
v 420.500 20.500 117.500
v 416.500 20.500 117.500
v 415.500 23.500 117.500
v 416.500 23.500 117.500
v 419.500 16.500 117.500
v 416.500 17.500 117.500
v 419.500 17.500 117.500
v 417.500 17.500 117.500
v 416.500 18.500 117.500
v 417.500 18.500 117.500
v 419.500 18.500 117.500
v 419.500 19.500 117.500
v 419.500 20.500 117.500
v 416.500 21.500 117.500
v 419.500 21.500 117.500
v 417.500 21.500 117.500
v 416.500 22.500 117.500
v 417.500 22.500 117.500
v 419.500 22.500 117.500
v 419.500 23.500 117.500
v 418.500 17.500 117.500
v 418.500 18.500 117.500
v 418.500 21.500 117.500
v 418.500 22.500 117.500
v 417.938 21.500 112.063
v 418.063 21.500 112.063
v 418.063 21.500 111.938
v 417.938 21.500 111.938
v 417.500 21.500 111.500
v 418.500 21.500 111.500
v 417.938 21.500 113.063
v 418.063 21.500 113.063
v 418.063 21.500 112.938
v 417.938 21.500 112.938
v 417.938 21.500 114.063
v 418.063 21.500 114.063
v 418.063 21.500 113.938
v 417.938 21.500 113.938
v 417.938 21.500 115.063
v 418.063 21.500 115.063
v 418.063 21.500 114.938
v 417.938 21.500 114.938
v 417.938 21.500 116.063
v 418.063 21.500 116.063
v 418.063 21.500 115.938
v 417.938 21.500 115.938
v 417.938 21.500 117.063
v 418.063 21.500 117.063
v 418.063 21.500 116.938
v 417.938 21.500 116.938
v 418.063 20.500 112.063
v 417.938 20.500 112.063
v 417.938 20.500 111.938
v 418.063 20.500 111.938
v 418.063 20.500 113.063
v 417.938 20.500 113.063
v 417.938 20.500 112.938
v 418.063 20.500 112.938
v 418.063 20.500 114.063
v 417.938 20.500 114.063
v 417.938 20.500 113.938
v 418.063 20.500 113.938
v 418.063 20.500 115.063
v 417.938 20.500 115.063
v 417.938 20.500 114.938
v 418.063 20.500 114.938
v 418.063 20.500 116.063
v 417.938 20.500 116.063
v 417.938 20.500 115.938
v 418.063 20.500 115.938
v 418.063 20.500 117.063
v 417.938 20.500 117.063
v 417.938 20.500 116.938
v 418.063 20.500 116.938
v 415.500 20.500 121.500
v 416.500 20.500 121.500
v 419.500 20.500 121.500
v 416.500 20.500 122.500
v 419.500 20.500 122.500
v 415.500 20.500 125.500
v 416.500 20.500 125.500
v 415.500 20.500 122.500
v 419.500 20.500 125.500
v 415.500 20.500 126.500
v 415.500 20.500 127.500
v 419.500 20.500 127.500
v 419.500 20.500 126.500
v 415.500 23.500 111.500
v 416.500 23.500 111.500
v 416.500 23.500 116.500
v 419.500 23.500 116.500
v 419.500 23.500 111.500
v 416.500 23.500 121.500
v 415.500 23.500 121.500
v 419.500 23.500 121.500
v 419.500 23.500 122.500
v 416.500 23.500 122.500
v 418.500 22.500 111.500
v 417.500 22.500 111.500
v 416.500 16.500 125.500
v 419.500 16.500 125.500
v 419.500 19.500 125.500
v 416.500 19.500 125.500
v 415.500 16.500 125.500
v 415.500 19.500 125.500
v 419.500 15.500 125.500
v 416.500 15.500 125.500
v 415.500 15.500 127.500
v 418.500 15.500 127.500
v 418.500 16.500 127.500
v 415.500 16.500 127.500
v 415.500 19.500 127.500
v 418.500 19.500 127.500
v 418.500 20.500 127.500
v 419.500 17.500 127.500
v 420.500 17.500 127.500
v 419.500 18.500 127.500
v 419.500 19.500 127.500
v 415.500 15.500 126.500
v 419.500 15.500 126.500
v 419.500 16.500 126.500
v 415.500 16.500 126.500
v 419.500 19.500 126.500
v 416.500 16.500 126.500
v 416.500 19.500 126.500
v 415.500 15.500 118.500
v 415.500 15.500 121.500
v 415.500 16.500 121.500
v 415.500 19.500 121.500
v 415.500 15.500 122.500
v 415.500 15.500 125.500
v 415.500 16.500 122.500
v 415.500 19.500 122.500
v 415.500 19.500 126.500
v 416.500 16.500 121.500
v 419.500 16.500 121.500
v 419.500 19.500 121.500
v 416.500 19.500 121.500
v 419.500 15.500 121.500
v 416.500 15.500 121.500
v 416.500 16.500 122.500
v 416.500 19.500 122.500
v 415.500 23.500 122.500
v 420.500 23.500 122.500
v 416.500 15.500 122.500
v 419.500 15.500 122.500
v 419.500 16.500 122.500
v 419.500 19.500 122.500
v 419.500 16.500 127.500
v 419.500 15.500 127.500
v 418.500 17.500 111.500
v 418.500 18.500 111.500
v 417.500 17.500 111.500
v 417.500 18.500 111.500
v 418.063 18.500 112.063
v 417.938 18.500 112.063
v 417.938 18.500 111.938
v 418.063 18.500 111.938
v 418.063 18.500 113.063
v 417.938 18.500 113.063
v 417.938 18.500 112.938
v 418.063 18.500 112.938
v 418.063 18.500 114.063
v 417.938 18.500 114.063
v 417.938 18.500 113.938
v 418.063 18.500 113.938
v 418.063 18.500 115.063
v 417.938 18.500 115.063
v 417.938 18.500 114.938
v 418.063 18.500 114.938
v 418.063 18.500 116.063
v 417.938 18.500 116.063
v 417.938 18.500 115.938
v 418.063 18.500 115.938
v 418.063 18.500 117.063
v 417.938 18.500 117.063
v 417.938 18.500 116.938
v 418.063 18.500 116.938
v 419.500 18.500 126.500
v 417.938 19.500 112.063
v 418.063 19.500 112.063
v 418.063 19.500 111.938
v 417.938 19.500 111.938
v 417.938 19.500 113.063
v 418.063 19.500 113.063
v 418.063 19.500 112.938
v 417.938 19.500 112.938
v 417.938 19.500 114.063
v 418.063 19.500 114.063
v 418.063 19.500 113.938
v 417.938 19.500 113.938
v 417.938 19.500 115.063
v 418.063 19.500 115.063
v 418.063 19.500 114.938
v 417.938 19.500 114.938
v 417.938 19.500 116.063
v 418.063 19.500 116.063
v 418.063 19.500 115.938
v 417.938 19.500 115.938
v 417.938 19.500 117.063
v 418.063 19.500 117.063
v 418.063 19.500 116.938
v 417.938 19.500 116.938
v 422.500 15.500 96.500
v 422.500 15.500 95.500
v 422.500 16.500 95.500
v 422.500 16.500 96.500
v 422.500 25.500 95.500
v 422.500 25.500 96.500
v 422.500 27.500 95.500
v 422.500 27.500 96.500
v 422.500 29.500 95.500
v 422.500 29.500 96.500
v 422.500 28.000 96.500
v 422.500 28.000 95.500
v 422.500 31.000 95.500
v 422.500 31.000 96.500
v 422.500 30.000 96.500
v 422.500 30.000 95.500
v 422.500 15.500 97.500
v 422.500 26.500 96.500
v 422.500 26.500 97.500
v 422.500 29.000 97.500
v 422.500 29.000 96.500
v 422.500 30.500 96.500
v 422.500 30.500 97.500
v 422.500 15.500 103.500
v 422.500 15.500 102.500
v 422.500 26.500 102.500
v 422.500 26.500 103.500
v 422.500 29.000 103.500
v 422.500 29.000 102.500
v 422.500 30.500 102.500
v 422.500 30.500 103.500
v 422.500 15.500 104.500
v 422.500 16.500 103.500
v 422.500 16.500 104.500
v 422.500 25.500 103.500
v 422.500 25.500 104.500
v 422.500 27.500 103.500
v 422.500 27.500 104.500
v 422.500 29.500 103.500
v 422.500 29.500 104.500
v 422.500 28.000 104.500
v 422.500 28.000 103.500
v 422.500 31.000 103.500
v 422.500 31.000 104.500
v 422.500 30.000 104.500
v 422.500 30.000 103.500
v 422.500 15.500 105.500
v 422.500 26.500 104.500
v 422.500 26.500 105.500
v 422.500 29.000 105.500
v 422.500 29.000 104.500
v 422.500 30.500 104.500
v 422.500 30.500 105.500
v 421.500 27.500 96.500
v 421.500 27.500 95.500
v 421.500 28.500 95.500
v 421.500 28.500 96.500
v 421.500 29.500 96.500
v 421.500 29.500 95.500
v 421.500 31.000 95.500
v 421.500 31.000 96.500
v 421.500 30.500 95.500
v 421.500 30.500 96.500
v 421.500 26.500 97.500
v 421.500 26.500 96.500
v 421.500 27.500 97.500
v 421.500 29.500 97.500
v 421.500 28.000 97.500
v 421.500 28.000 96.500
v 421.500 28.000 97.000
v 421.500 27.500 97.000
v 421.500 30.500 97.500
v 421.500 31.000 97.500
v 421.500 26.500 103.500
v 421.500 26.500 102.500
v 421.500 27.500 102.500
v 421.500 27.500 103.500
v 421.500 29.500 102.500
v 421.500 29.500 103.500
v 421.500 28.000 103.500
v 421.500 28.000 102.500
v 421.500 28.000 103.000
v 421.500 27.500 103.000
v 421.500 30.500 103.500
v 421.500 30.500 102.500
v 421.500 31.000 102.500
v 421.500 31.000 103.500
v 421.500 27.500 104.500
v 421.500 28.500 103.500
v 421.500 28.500 104.500
v 421.500 29.500 104.500
v 421.500 31.000 104.500
v 421.500 30.500 104.500
v 421.500 26.500 105.500
v 421.500 26.500 104.500
v 421.500 27.500 105.500
v 421.500 29.500 105.500
v 421.500 28.000 105.500
v 421.500 28.000 104.500
v 421.500 28.000 105.000
v 421.500 27.500 105.000
v 421.500 30.500 105.500
v 421.500 31.000 105.500
v 420.500 30.500 96.500
v 420.500 30.500 95.500
v 420.500 31.000 95.500
v 420.500 31.000 96.500
v 420.500 27.500 95.500
v 420.500 27.500 96.500
v 420.500 28.500 96.500
v 420.500 28.500 95.500
v 420.500 29.500 95.500
v 420.500 29.500 96.500
v 420.500 29.500 97.500
v 420.500 30.500 97.500
v 420.500 26.500 96.500
v 420.500 26.500 97.500
v 420.500 27.500 97.500
v 420.500 28.000 96.500
v 420.500 28.000 97.500
v 420.500 28.000 97.000
v 420.500 27.500 97.000
v 420.500 31.000 97.500
v 420.500 15.500 98.500
v 420.500 15.500 97.500
v 420.500 24.500 97.500
v 420.500 24.500 98.500
v 420.500 15.500 101.500
v 420.500 16.500 98.500
v 420.500 16.500 101.500
v 420.500 16.500 99.500
v 420.500 23.500 98.500
v 420.500 23.500 99.500
v 420.500 23.500 101.500
v 420.500 24.500 101.500
v 420.500 16.500 100.500
v 420.500 17.500 99.500
v 420.500 17.500 100.500
v 420.500 22.500 99.500
v 420.500 22.500 100.500
v 420.500 23.500 100.500
v 420.500 15.500 102.500
v 420.500 24.500 102.500
v 420.500 29.500 103.500
v 420.500 29.500 102.500
v 420.500 30.500 102.500
v 420.500 30.500 103.500
v 420.500 26.500 102.500
v 420.500 26.500 103.500
v 420.500 27.500 103.500
v 420.500 27.500 102.500
v 420.500 28.000 102.500
v 420.500 28.000 103.500
v 420.500 28.000 103.000
v 420.500 27.500 103.000
v 420.500 31.000 103.500
v 420.500 31.000 102.500
v 420.500 30.500 104.500
v 420.500 31.000 104.500
v 420.500 27.500 104.500
v 420.500 28.500 104.500
v 420.500 28.500 103.500
v 420.500 29.500 104.500
v 420.500 29.500 105.500
v 420.500 30.500 105.500
v 420.500 26.500 104.500
v 420.500 26.500 105.500
v 420.500 27.500 105.500
v 420.500 28.000 104.500
v 420.500 28.000 105.500
v 420.500 28.000 105.000
v 420.500 27.500 105.000
v 420.500 31.000 105.500
v 420.500 15.500 106.500
v 420.500 15.500 105.500
v 420.500 24.500 105.500
v 420.500 24.500 106.500
v 420.500 15.500 109.500
v 420.500 16.500 106.500
v 420.500 16.500 109.500
v 420.500 19.500 106.500
v 420.500 19.500 109.500
v 420.500 20.500 106.500
v 420.500 20.500 109.500
v 420.500 23.500 106.500
v 420.500 23.500 109.500
v 420.500 24.500 109.500
v 420.500 15.500 110.500
v 420.500 24.500 110.500
v 420.500 23.500 111.500
v 420.500 23.500 110.500
v 420.500 24.500 111.500
v 415.500 15.500 110.500
v 420.500 16.500 110.500
v 415.500 16.500 110.500
v 416.500 16.500 110.500
v 416.500 19.500 110.500
v 415.500 19.500 110.500
v 420.500 19.500 110.500
v 420.500 20.500 110.500
v 415.500 20.500 110.500
v 416.500 20.500 110.500
v 416.500 23.500 110.500
v 415.500 23.500 110.500
v 419.500 16.500 110.500
v 419.500 17.500 110.500
v 416.500 17.500 110.500
v 417.500 17.500 110.500
v 417.500 18.500 110.500
v 416.500 18.500 110.500
v 419.500 18.500 110.500
v 419.500 19.500 110.500
v 419.500 20.500 110.500
v 419.500 21.500 110.500
v 416.500 21.500 110.500
v 417.500 21.500 110.500
v 417.500 22.500 110.500
v 416.500 22.500 110.500
v 419.500 22.500 110.500
v 419.500 23.500 110.500
v 419.500 24.500 110.500
v 416.500 24.500 110.500
v 418.500 17.500 110.500
v 418.500 18.500 110.500
v 418.500 21.500 110.500
v 418.500 22.500 110.500
v 417.500 23.500 111.500
v 418.500 23.500 111.500
v 418.500 24.500 111.500
v 417.500 24.500 111.500
v 415.500 24.500 97.500
v 416.500 24.500 97.500
v 416.500 24.500 95.500
v 415.500 24.500 95.500
v 416.500 24.500 96.500
v 417.500 24.500 96.500
v 417.500 24.500 95.500
v 418.500 24.500 96.500
v 418.500 24.500 95.500
v 419.500 24.500 96.500
v 419.500 24.500 95.500
v 419.500 24.500 97.500
v 415.500 24.500 98.500
v 415.500 24.500 105.500
v 416.500 24.500 105.500
v 416.500 24.500 98.500
v 416.500 24.500 99.500
v 419.500 24.500 99.500
v 419.500 24.500 98.500
v 419.500 24.500 102.500
v 416.500 24.500 104.500
v 417.500 24.500 104.500
v 417.500 24.500 99.500
v 418.500 24.500 104.500
v 418.500 24.500 99.500
v 419.500 24.500 104.500
v 419.500 24.500 105.500
v 415.500 24.500 106.500
v 415.500 24.500 109.500
v 416.500 24.500 109.500
v 416.500 24.500 106.500
v 419.500 24.500 109.500
v 419.500 24.500 106.500
v 415.500 24.500 110.500
v 415.500 24.500 111.500
v 416.500 24.500 111.500
v 419.500 24.500 111.500
v 420.500 29.000 97.500
v 419.500 29.000 97.500
v 419.500 29.000 96.500
v 420.500 29.000 96.500
v 421.500 29.000 97.500
v 421.500 29.000 96.500
v 420.500 29.000 103.500
v 419.500 29.000 103.500
v 419.500 29.000 102.500
v 420.500 29.000 102.500
v 421.500 29.000 103.500
v 421.500 29.000 102.500
v 420.500 29.000 105.500
v 419.500 29.000 105.500
v 419.500 29.000 104.500
v 420.500 29.000 104.500
v 421.500 29.000 105.500
v 421.500 29.000 104.500
v 419.500 27.500 96.500
v 419.500 27.500 95.500
v 419.500 27.500 104.500
v 419.500 27.500 103.500
v 419.500 26.500 97.500
v 419.500 26.500 96.500
v 419.500 26.500 103.500
v 419.500 26.500 102.500
v 419.500 26.500 105.500
v 419.500 26.500 104.500
v 419.500 29.500 96.500
v 419.500 29.500 95.500
v 419.500 29.500 97.500
v 422.500 29.500 97.500
v 419.500 29.500 103.500
v 419.500 29.500 102.500
v 422.500 29.500 102.500
v 419.500 29.500 104.500
v 419.500 29.500 105.500
v 422.500 29.500 105.500
v 419.500 28.500 96.500
v 419.500 28.500 95.500
v 422.500 28.500 96.500
v 422.500 28.500 95.500
v 421.500 28.500 97.500
v 420.500 28.500 97.500
v 420.500 28.500 102.500
v 421.500 28.500 102.500
v 419.500 28.500 104.500
v 419.500 28.500 103.500
v 422.500 28.500 104.500
v 422.500 28.500 103.500
v 421.500 28.500 105.500
v 420.500 28.500 105.500
v 415.500 21.500 104.500
v 416.500 21.500 104.500
v 416.500 21.500 100.500
v 415.500 21.500 100.500
v 417.938 21.500 111.063
v 418.063 21.500 111.063
v 418.063 21.500 110.938
v 417.938 21.500 110.938
v 418.500 21.500 111.500
v 417.500 21.500 111.500
v 415.500 20.500 105.500
v 416.500 20.500 105.500
v 416.500 20.500 101.500
v 415.500 20.500 101.500
v 419.500 20.500 105.500
v 416.500 20.500 102.500
v 419.500 20.500 102.500
v 416.500 20.500 106.500
v 419.500 20.500 106.500
v 415.500 20.500 109.500
v 416.500 20.500 109.500
v 415.500 20.500 106.500
v 419.500 20.500 109.500
v 418.063 20.500 111.063
v 417.938 20.500 111.063
v 417.938 20.500 110.938
v 418.063 20.500 110.938
v 416.500 23.500 97.500
v 415.500 23.500 97.500
v 415.500 23.500 95.500
v 416.500 23.500 95.500
v 417.500 23.500 96.500
v 418.500 23.500 96.500
v 418.500 23.500 95.500
v 417.500 23.500 95.500
v 419.500 23.500 98.500
v 416.500 23.500 98.500
v 419.500 23.500 97.500
v 416.500 23.500 105.500
v 415.500 23.500 105.500
v 415.500 23.500 98.500
v 419.500 23.500 101.500
v 417.500 23.500 104.500
v 418.500 23.500 104.500
v 418.500 23.500 99.500
v 417.500 23.500 99.500
v 419.500 23.500 106.500
v 416.500 23.500 106.500
v 419.500 23.500 105.500
v 416.500 23.500 109.500
v 415.500 23.500 109.500
v 415.500 23.500 106.500
v 419.500 23.500 109.500
v 416.500 23.500 111.500
v 415.500 23.500 111.500
v 419.500 23.500 111.500
v 419.500 28.000 95.500
v 420.500 28.000 95.500
v 419.500 28.000 96.500
v 421.500 28.000 95.500
v 419.500 28.000 103.500
v 419.500 28.000 104.500
v 415.500 22.500 96.500
v 416.500 22.500 96.500
v 416.500 22.500 95.500
v 415.500 22.500 95.500
v 415.500 22.500 104.500
v 416.500 22.500 104.500
v 416.500 22.500 99.500
v 415.500 22.500 99.500
v 419.500 22.500 100.500
v 419.500 22.500 99.500
v 417.500 22.500 111.500
v 418.500 22.500 111.500
v 421.500 30.000 97.000
v 420.500 30.000 97.000
v 420.500 29.500 97.000
v 421.500 29.500 97.000
v 416.500 17.500 95.500
v 415.500 17.500 95.500
v 420.500 26.500 95.500
v 419.500 26.500 95.500
v 420.000 28.000 95.500
v 420.000 27.500 95.500
v 422.500 30.500 95.500
v 419.500 30.500 95.500
v 419.500 31.000 95.500
v 422.500 26.500 95.500
v 421.500 26.500 95.500
v 422.000 28.000 95.500
v 422.000 27.500 95.500
v 416.500 16.500 97.500
v 419.500 16.500 97.500
v 420.500 25.500 97.500
v 419.500 25.500 97.500
v 422.500 25.500 97.500
v 419.500 30.500 97.500
v 422.500 16.500 97.500
v 420.500 16.500 97.500
v 421.500 16.500 97.500
v 421.500 25.500 97.500
v 420.500 30.000 97.500
v 421.500 30.000 97.500
v 415.500 16.500 97.500
v 419.500 15.500 97.500
v 416.500 15.500 97.500
v 415.500 17.500 96.500
v 416.500 17.500 96.500
v 420.000 28.000 96.500
v 420.000 27.500 96.500
v 419.500 30.500 96.500
v 419.500 31.000 96.500
v 422.000 28.000 96.500
v 422.000 27.500 96.500
v 415.500 17.500 99.500
v 416.500 17.500 99.500
v 419.500 17.500 99.500
v 422.000 30.000 95.500
v 422.000 30.000 96.500
v 422.000 29.500 96.500
v 422.000 29.500 95.500
v 422.000 28.000 103.500
v 422.000 28.000 104.500
v 422.000 27.500 104.500
v 422.000 27.500 103.500
v 422.000 30.000 103.500
v 422.000 30.000 104.500
v 422.000 29.500 104.500
v 422.000 29.500 103.500
v 415.500 16.500 98.500
v 416.500 16.500 98.500
v 416.500 15.500 98.500
v 419.500 15.500 98.500
v 419.500 16.500 98.500
v 420.000 30.000 96.500
v 420.000 30.000 95.500
v 420.000 29.500 95.500
v 420.000 29.500 96.500
v 420.000 28.000 104.500
v 420.000 28.000 103.500
v 420.000 27.500 103.500
v 420.000 27.500 104.500
v 420.000 30.000 104.500
v 420.000 30.000 103.500
v 420.000 29.500 103.500
v 420.000 29.500 104.500
v 415.500 16.500 102.500
v 416.500 16.500 102.500
v 416.500 19.500 102.500
v 415.500 19.500 102.500
v 416.500 15.500 102.500
v 419.500 15.500 102.500
v 419.500 16.500 102.500
v 419.500 19.500 102.500
v 419.500 25.500 102.500
v 420.500 25.500 102.500
v 422.500 25.500 102.500
v 419.500 30.500 102.500
v 420.500 16.500 102.500
v 422.500 16.500 102.500
v 421.500 16.500 102.500
v 421.500 25.500 102.500
v 421.500 30.000 102.500
v 420.500 30.000 102.500
v 419.500 30.500 103.500
v 419.500 31.000 103.500
v 416.500 16.500 105.500
v 419.500 16.500 105.500
v 419.500 19.500 105.500
v 416.500 19.500 105.500
v 420.500 25.500 105.500
v 419.500 25.500 105.500
v 422.500 25.500 105.500
v 419.500 30.500 105.500
v 422.500 16.500 105.500
v 420.500 16.500 105.500
v 421.500 16.500 105.500
v 421.500 25.500 105.500
v 420.500 30.000 105.500
v 421.500 30.000 105.500
v 415.500 16.500 105.500
v 415.500 19.500 105.500
v 419.500 15.500 105.500
v 416.500 15.500 105.500
v 419.500 30.500 104.500
v 419.500 31.000 104.500
v 415.500 15.500 95.500
v 415.500 15.500 97.500
v 415.500 16.500 95.500
v 415.500 16.500 96.500
v 415.500 23.500 96.500
v 415.500 15.500 98.500
v 415.500 15.500 101.500
v 415.500 16.500 101.500
v 415.500 16.500 99.500
v 415.500 23.500 99.500
v 415.500 16.500 100.500
v 415.500 17.500 100.500
v 415.500 22.500 100.500
v 415.500 23.500 104.500
v 415.500 21.500 101.500
v 415.500 15.500 102.500
v 415.500 20.500 102.500
v 415.500 20.500 104.500
v 415.500 15.500 105.500
v 415.500 15.500 106.500
v 415.500 15.500 109.500
v 415.500 16.500 109.500
v 415.500 16.500 106.500
v 415.500 19.500 109.500
v 415.500 19.500 106.500
v 420.500 30.000 103.000
v 421.500 30.000 103.000
v 421.500 29.500 103.000
v 420.500 29.500 103.000
v 416.500 17.500 100.500
v 419.500 17.500 100.500
v 416.500 16.500 101.500
v 419.500 16.500 101.500
v 419.500 19.500 101.500
v 416.500 19.500 101.500
v 419.500 15.500 101.500
v 416.500 15.500 101.500
v 421.500 30.000 105.000
v 420.500 30.000 105.000
v 420.500 29.500 105.000
v 421.500 29.500 105.000
v 419.500 15.500 95.500
v 419.500 16.500 95.500
v 419.500 25.500 96.500
v 419.500 25.500 95.500
v 419.500 30.000 95.500
v 419.500 30.000 96.500
v 419.500 19.500 103.500
v 419.500 20.500 103.500
v 419.500 24.500 103.500
v 419.500 19.500 104.500
v 419.500 20.500 104.500
v 419.500 25.500 104.500
v 419.500 25.500 103.500
v 419.500 30.000 103.500
v 419.500 30.000 104.500
v 419.500 16.500 106.500
v 419.500 19.500 106.500
v 419.500 16.500 109.500
v 419.500 19.500 109.500
v 419.500 15.500 106.500
v 419.500 15.500 109.500
v 418.500 17.500 111.500
v 418.500 18.500 111.500
v 416.500 16.500 95.500
v 416.500 16.500 106.500
v 416.500 16.500 109.500
v 417.500 17.500 111.500
v 417.500 18.500 111.500
v 416.500 15.500 95.500
v 416.500 23.500 101.500
v 416.500 19.500 106.500
v 416.500 15.500 109.500
v 416.500 15.500 106.500
v 416.500 19.500 109.500
v 418.063 18.500 111.063
v 417.938 18.500 111.063
v 417.938 18.500 110.938
v 418.063 18.500 110.938
v 417.938 19.500 111.063
v 418.063 19.500 111.063
v 418.063 19.500 110.938
v 417.938 19.500 110.938
v 420.500 30.000 95.500
v 420.500 30.000 96.500
v 421.500 30.000 96.500
v 421.500 30.000 95.500
v 421.500 30.000 103.500
v 420.500 30.000 103.500
v 420.500 30.000 104.500
v 421.500 30.000 104.500
v 404.000 28.000 85.500
v 404.000 28.000 86.500
v 404.000 27.500 86.500
v 404.000 27.500 85.500
v 404.000 30.000 85.500
v 404.000 30.000 86.500
v 404.000 29.500 86.500
v 404.000 29.500 85.500
v 400.500 16.500 86.500
v 400.500 16.500 87.500
v 400.500 19.500 87.500
v 400.500 19.500 86.500
v 400.500 20.500 86.500
v 400.500 20.500 87.500
v 400.500 23.500 87.500
v 400.500 23.500 86.500
v 400.500 16.500 90.500
v 400.500 19.500 90.500
v 400.500 20.500 90.500
v 400.500 23.500 90.500
v 400.500 15.500 87.500
v 400.500 15.500 90.500
v 400.500 24.500 90.500
v 400.500 24.500 87.500
v 400.500 16.500 91.500
v 400.500 19.500 91.500
v 400.500 20.500 91.500
v 400.500 23.500 91.500
v 402.000 28.000 86.500
v 402.000 28.000 85.500
v 402.000 27.500 85.500
v 402.000 27.500 86.500
v 402.000 30.000 86.500
v 402.000 30.000 85.500
v 402.000 29.500 85.500
v 402.000 29.500 86.500
v 404.500 15.500 85.500
v 404.500 15.500 84.500
v 404.500 26.500 84.500
v 404.500 26.500 85.500
v 404.500 29.000 85.500
v 404.500 29.000 84.500
v 404.500 30.500 84.500
v 404.500 30.500 85.500
v 404.500 15.500 86.500
v 404.500 16.500 85.500
v 404.500 16.500 86.500
v 404.500 25.500 85.500
v 404.500 25.500 86.500
v 404.500 27.500 85.500
v 404.500 27.500 86.500
v 404.500 29.500 85.500
v 404.500 29.500 86.500
v 404.500 28.000 86.500
v 404.500 28.000 85.500
v 404.500 31.000 85.500
v 404.500 31.000 86.500
v 404.500 30.000 86.500
v 404.500 30.000 85.500
v 404.500 24.500 87.500
v 404.500 24.500 86.500
v 404.500 26.500 86.500
v 404.500 26.500 87.500
v 404.500 29.000 87.500
v 404.500 29.000 86.500
v 404.500 30.500 86.500
v 404.500 30.500 87.500
v 404.500 16.500 90.500
v 404.500 16.500 87.500
v 404.500 19.500 87.500
v 404.500 19.500 90.500
v 404.500 15.500 87.500
v 404.500 15.500 90.500
v 404.500 20.500 90.500
v 404.500 20.500 87.500
v 404.500 16.500 91.500
v 404.500 19.500 91.500
v 402.500 29.500 85.500
v 402.500 29.500 84.500
v 402.500 30.500 84.500
v 402.500 30.500 85.500
v 402.500 26.500 84.500
v 402.500 26.500 85.500
v 402.500 27.500 85.500
v 402.500 27.500 84.500
v 402.500 28.000 84.500
v 402.500 28.000 85.500
v 402.500 28.000 85.000
v 402.500 27.500 85.000
v 402.500 31.000 85.500
v 402.500 31.000 84.500
v 402.500 30.500 86.500
v 402.500 31.000 86.500
v 402.500 27.500 86.500
v 402.500 28.500 86.500
v 402.500 28.500 85.500
v 402.500 29.500 86.500
v 402.500 29.500 87.500
v 402.500 30.500 87.500
v 402.500 26.500 86.500
v 402.500 26.500 87.500
v 402.500 27.500 87.500
v 402.500 28.000 86.500
v 402.500 28.000 87.500
v 402.500 28.000 87.000
v 402.500 27.500 87.000
v 402.500 31.000 87.500
v 402.500 23.500 89.500
v 402.500 23.500 88.500
v 402.500 24.500 88.500
v 402.500 24.500 89.500
v 402.500 21.500 91.500
v 402.500 21.500 90.500
v 402.500 22.500 90.500
v 402.500 22.500 91.500
v 402.500 29.000 85.500
v 401.500 29.000 85.500
v 401.500 29.000 84.500
v 402.500 29.000 84.500
v 403.500 29.000 85.500
v 403.500 29.000 84.500
v 410.500 29.000 85.500
v 409.500 29.000 85.500
v 409.500 29.000 84.500
v 410.500 29.000 84.500
v 412.500 29.000 85.500
v 411.500 29.000 85.500
v 411.500 29.000 84.500
v 412.500 29.000 84.500
v 402.500 29.000 87.500
v 401.500 29.000 87.500
v 401.500 29.000 86.500
v 402.500 29.000 86.500
v 403.500 29.000 87.500
v 403.500 29.000 86.500
v 410.500 29.000 87.500
v 409.500 29.000 87.500
v 409.500 29.000 86.500
v 410.500 29.000 86.500
v 412.500 29.000 87.500
v 411.500 29.000 87.500
v 411.500 29.000 86.500
v 412.500 29.000 86.500
v 408.500 16.500 86.500
v 408.500 16.500 87.500
v 408.500 23.500 87.500
v 408.500 23.500 86.500
v 408.500 16.500 90.500
v 408.500 23.500 90.500
v 408.500 15.500 87.500
v 408.500 15.500 90.500
v 408.500 16.500 91.500
v 408.500 23.500 91.500
v 403.500 27.500 85.500
v 403.500 27.500 84.500
v 410.500 27.500 85.500
v 411.500 27.500 85.500
v 411.500 27.500 84.500
v 410.500 27.500 84.500
v 401.500 27.500 86.500
v 401.500 27.500 85.500
v 403.500 27.500 86.500
v 409.500 27.500 86.500
v 410.500 27.500 86.500
v 409.500 27.500 85.500
v 411.500 27.500 86.500
v 412.500 27.500 86.500
v 412.500 27.500 85.500
v 403.500 27.500 87.500
v 410.500 27.500 87.500
v 411.500 27.500 87.500
v 406.500 17.500 87.500
v 406.500 17.500 86.500
v 406.500 22.500 86.500
v 406.500 22.500 87.500
v 406.500 17.500 91.500
v 406.500 17.500 90.500
v 406.500 21.500 90.500
v 406.500 21.500 91.500
v 401.500 29.500 85.500
v 401.500 29.500 84.500
v 403.500 29.500 85.500
v 403.500 29.500 84.500
v 404.500 29.500 84.500
v 410.500 29.500 85.500
v 409.500 29.500 85.500
v 409.500 29.500 84.500
v 410.500 29.500 84.500
v 411.500 29.500 85.500
v 411.500 29.500 84.500
v 412.500 29.500 85.500
v 412.500 29.500 84.500
v 401.500 29.500 86.500
v 403.500 29.500 86.500
v 409.500 29.500 86.500
v 410.500 29.500 86.500
v 411.500 29.500 86.500
v 412.500 29.500 86.500
v 401.500 29.500 87.500
v 403.500 29.500 87.500
v 404.500 29.500 87.500
v 410.500 29.500 87.500
v 409.500 29.500 87.500
v 411.500 29.500 87.500
v 412.500 29.500 87.500
v 399.500 15.500 91.500
v 413.500 15.500 91.500
v 413.500 16.500 91.500
v 399.500 16.500 91.500
v 399.500 19.500 91.500
v 405.500 19.500 91.500
v 405.500 20.500 91.500
v 399.500 20.500 91.500
v 399.500 23.500 91.500
v 413.500 23.500 91.500
v 413.500 24.500 91.500
v 399.500 24.500 91.500
v 401.500 16.500 91.500
v 401.500 19.500 91.500
v 401.500 20.500 91.500
v 401.500 23.500 91.500
v 406.500 20.500 91.500
v 401.500 21.500 91.500
v 401.500 22.500 91.500
v 408.500 22.500 91.500
v 407.500 21.500 91.500
v 407.500 22.500 91.500
v 405.500 16.500 91.500
v 408.500 17.500 91.500
v 405.500 17.500 91.500
v 407.500 17.500 91.500
v 409.500 16.500 91.500
v 409.500 23.500 91.500
v 412.500 16.500 91.500
v 412.500 17.500 91.500
v 409.500 17.500 91.500
v 410.500 17.500 91.500
v 410.500 22.500 91.500
v 409.500 22.500 91.500
v 412.500 22.500 91.500
v 412.500 23.500 91.500
v 411.500 17.500 91.500
v 411.500 22.500 91.500
v 399.500 23.500 87.500
v 399.500 23.500 86.500
v 405.500 23.500 87.500
v 405.500 23.500 86.500
v 415.500 23.500 87.500
v 413.500 23.500 87.500
v 413.500 23.500 86.500
v 415.500 23.500 86.500
v 399.500 23.500 90.500
v 401.500 23.500 90.500
v 401.500 23.500 87.500
v 409.500 23.500 90.500
v 409.500 23.500 87.500
v 413.500 23.500 90.500
v 412.500 23.500 90.500
v 412.500 23.500 87.500
v 415.500 23.500 90.500
v 407.500 23.500 89.500
v 407.500 23.500 88.500
v 410.500 23.500 89.500
v 411.500 23.500 89.500
v 411.500 23.500 88.500
v 410.500 23.500 88.500
v 414.500 23.500 92.500
v 415.500 23.500 92.500
v 414.500 23.500 90.500
v 413.500 15.500 93.500
v 415.500 15.500 93.500
v 415.500 16.500 93.500
v 413.500 16.500 93.500
v 414.500 16.500 93.500
v 414.500 23.500 93.500
v 413.500 23.500 93.500
v 415.500 23.500 93.500
v 415.500 24.500 93.500
v 413.500 24.500 93.500
v 410.500 30.500 84.500
v 410.500 30.500 85.500
v 410.500 26.500 84.500
v 410.500 26.500 85.500
v 410.500 28.000 84.500
v 410.500 28.000 85.500
v 410.500 28.000 85.000
v 410.500 27.500 85.000
v 410.500 31.000 85.500
v 410.500 31.000 84.500
v 410.500 30.500 86.500
v 410.500 31.000 86.500
v 410.500 28.500 86.500
v 410.500 28.500 85.500
v 410.500 30.500 87.500
v 410.500 26.500 86.500
v 410.500 26.500 87.500
v 410.500 28.000 86.500
v 410.500 28.000 87.500
v 410.500 28.000 87.000
v 410.500 27.500 87.000
v 410.500 31.000 87.500
v 410.500 24.500 88.500
v 410.500 24.500 89.500
v 410.500 17.500 90.500
v 410.500 22.500 90.500
v 414.500 15.500 89.500
v 414.500 15.500 88.500
v 414.500 16.500 88.500
v 414.500 16.500 89.500
v 414.500 23.500 89.500
v 414.500 23.500 88.500
v 414.500 24.500 88.500
v 414.500 24.500 89.500
v 414.500 15.500 92.500
v 414.500 15.500 90.500
v 414.500 16.500 90.500
v 414.500 16.500 92.500
v 414.500 24.500 90.500
v 414.500 24.500 92.500
v 412.500 15.500 85.500
v 412.500 15.500 84.500
v 412.500 26.500 84.500
v 412.500 26.500 85.500
v 412.500 30.500 84.500
v 412.500 30.500 85.500
v 412.500 15.500 86.500
v 412.500 16.500 85.500
v 412.500 16.500 86.500
v 412.500 25.500 85.500
v 412.500 25.500 86.500
v 412.500 28.000 86.500
v 412.500 28.000 85.500
v 412.500 31.000 85.500
v 412.500 31.000 86.500
v 412.500 30.000 86.500
v 412.500 30.000 85.500
v 412.500 24.500 87.500
v 412.500 24.500 86.500
v 412.500 26.500 86.500
v 412.500 26.500 87.500
v 412.500 30.500 86.500
v 412.500 30.500 87.500
v 412.500 16.500 90.500
v 412.500 16.500 87.500
v 412.500 15.500 87.500
v 412.500 15.500 90.500
v 399.500 16.500 87.500
v 399.500 16.500 86.500
v 405.500 16.500 87.500
v 405.500 16.500 86.500
v 413.500 16.500 87.500
v 415.500 16.500 87.500
v 415.500 16.500 86.500
v 413.500 16.500 86.500
v 399.500 16.500 90.500
v 401.500 16.500 90.500
v 401.500 16.500 87.500
v 405.500 16.500 90.500
v 409.500 16.500 90.500
v 409.500 16.500 87.500
v 413.500 16.500 90.500
v 415.500 16.500 90.500
v 415.500 16.500 92.500
v 401.500 15.500 84.500
v 401.500 16.500 84.500
v 404.500 16.500 84.500
v 402.500 16.500 84.500
v 401.500 25.500 84.500
v 402.500 25.500 84.500
v 404.500 25.500 84.500
v 401.500 26.500 84.500
v 401.500 30.500 84.500
v 403.500 16.500 84.500
v 403.500 25.500 84.500
v 403.500 26.500 84.500
v 403.500 28.000 84.500
v 403.500 31.000 84.500
v 403.500 30.000 84.500
v 402.500 30.000 84.500
v 403.500 30.500 84.500
v 409.500 15.500 84.500
v 409.500 16.500 84.500
v 412.500 16.500 84.500
v 410.500 16.500 84.500
v 409.500 25.500 84.500
v 410.500 25.500 84.500
v 412.500 25.500 84.500
v 409.500 26.500 84.500
v 409.500 30.500 84.500
v 411.500 16.500 84.500
v 411.500 25.500 84.500
v 411.500 26.500 84.500
v 411.500 28.000 84.500
v 411.500 31.000 84.500
v 411.500 30.000 84.500
v 410.500 30.000 84.500
v 411.500 30.500 84.500
v 401.500 26.500 86.500
v 401.500 28.000 86.500
v 401.500 30.500 86.500
v 401.500 31.000 86.500
v 403.500 28.500 86.500
v 403.500 30.500 86.500
v 403.500 26.500 86.500
v 403.500 28.000 86.500
v 409.500 26.500 86.500
v 409.500 28.000 86.500
v 410.000 28.000 86.500
v 410.000 27.500 86.500
v 409.500 30.500 86.500
v 409.500 31.000 86.500
v 411.500 28.500 86.500
v 411.500 30.500 86.500
v 411.500 26.500 86.500
v 411.500 28.000 86.500
v 412.000 28.000 86.500
v 412.000 27.500 86.500
v 401.500 15.500 86.500
v 399.500 15.500 86.500
v 401.500 16.500 86.500
v 399.500 19.500 86.500
v 401.500 19.500 86.500
v 399.500 20.500 86.500
v 401.500 20.500 86.500
v 401.500 23.500 86.500
v 399.500 24.500 86.500
v 401.500 24.500 86.500
v 403.500 31.000 86.500
v 409.500 15.500 86.500
v 409.500 16.500 86.500
v 404.500 23.500 86.500
v 409.500 23.500 86.500
v 409.500 24.500 86.500
v 405.500 17.500 86.500
v 408.500 17.500 86.500
v 405.500 22.500 86.500
v 408.500 22.500 86.500
v 407.500 17.500 86.500
v 407.500 22.500 86.500
v 411.500 31.000 86.500
v 415.500 15.500 86.500
v 412.500 23.500 86.500
v 415.500 24.500 86.500
v 412.000 28.000 85.500
v 412.000 27.500 85.500
v 412.000 30.000 85.500
v 412.000 30.000 86.500
v 412.000 29.500 86.500
v 412.000 29.500 85.500
v 407.500 24.500 88.500
v 411.500 24.500 88.500
v 415.500 15.500 88.500
v 415.500 16.500 88.500
v 415.500 23.500 88.500
v 415.500 24.500 88.500
v 403.500 31.000 85.500
v 411.500 31.000 85.500
v 401.500 31.000 85.500
v 409.500 31.000 85.500
v 403.500 31.000 87.500
v 411.500 31.000 87.500
v 410.000 28.000 85.500
v 410.000 27.500 85.500
v 410.000 30.000 86.500
v 410.000 30.000 85.500
v 410.000 29.500 85.500
v 410.000 29.500 86.500
v 403.500 26.500 85.500
v 403.500 28.000 85.500
v 403.500 28.000 85.000
v 403.500 27.500 85.000
v 403.500 30.500 85.500
v 403.500 28.500 85.500
v 403.500 26.500 87.500
v 403.500 28.000 87.500
v 403.500 28.000 87.000
v 403.500 27.500 87.000
v 403.500 30.500 87.500
v 401.500 15.500 85.500
v 401.500 26.500 85.500
v 401.500 30.500 85.500
v 401.500 16.500 85.500
v 401.500 25.500 86.500
v 401.500 25.500 85.500
v 401.500 28.000 85.500
v 401.500 30.000 85.500
v 401.500 30.000 86.500
v 401.500 24.500 87.500
v 401.500 26.500 87.500
v 401.500 30.500 87.500
v 401.500 15.500 90.500
v 401.500 15.500 87.500
v 401.500 19.500 90.500
v 401.500 19.500 87.500
v 401.500 20.500 87.500
v 401.500 20.500 90.500
v 407.500 17.500 87.500
v 407.500 22.500 87.500
v 407.500 24.500 89.500
v 407.500 17.500 90.500
v 407.500 22.500 90.500
v 399.500 24.500 87.500
v 409.500 24.500 87.500
v 415.500 24.500 87.500
v 399.500 24.500 90.500
v 401.500 24.500 90.500
v 401.500 24.500 88.500
v 408.500 24.500 88.500
v 408.500 24.500 87.500
v 408.500 24.500 90.500
v 409.500 24.500 90.500
v 409.500 24.500 88.500
v 412.500 24.500 88.500
v 412.500 24.500 90.500
v 413.500 24.500 90.500
v 413.500 24.500 87.500
v 413.500 24.500 88.500
v 401.500 24.500 89.500
v 408.500 24.500 89.500
v 409.500 24.500 89.500
v 411.500 24.500 89.500
v 412.500 24.500 89.500
v 413.500 24.500 89.500
v 415.500 24.500 89.500
v 415.500 24.500 90.500
v 414.500 24.500 91.500
v 415.500 24.500 92.500
v 413.500 24.500 92.500
v 405.500 15.500 90.500
v 405.500 15.500 87.500
v 405.500 19.500 90.500
v 405.500 19.500 87.500
v 405.500 20.500 90.500
v 409.500 26.500 85.500
v 411.500 26.500 85.500
v 409.500 26.500 87.500
v 411.500 26.500 87.500
v 402.500 28.500 84.500
v 403.500 28.500 84.500
v 411.500 28.500 85.500
v 410.500 28.500 84.500
v 411.500 28.500 84.500
v 401.500 28.500 86.500
v 401.500 28.500 85.500
v 404.500 28.500 86.500
v 404.500 28.500 85.500
v 409.500 28.500 86.500
v 409.500 28.500 85.500
v 412.500 28.500 86.500
v 412.500 28.500 85.500
v 403.500 28.500 87.500
v 402.500 28.500 87.500
v 411.500 28.500 87.500
v 410.500 28.500 87.500
v 409.500 15.500 85.500
v 409.500 30.500 85.500
v 409.500 16.500 85.500
v 409.500 25.500 86.500
v 409.500 25.500 85.500
v 409.500 28.000 85.500
v 409.500 30.000 85.500
v 409.500 30.000 86.500
v 409.500 30.500 87.500
v 409.500 15.500 90.500
v 409.500 15.500 87.500
v 399.500 20.500 87.500
v 399.500 20.500 90.500
v 399.500 19.500 90.500
v 408.500 20.500 90.500
v 399.500 15.500 90.500
v 413.500 15.500 90.500
v 411.500 28.000 85.500
v 411.500 28.000 87.500
v 411.500 22.500 90.500
v 415.500 15.500 92.500
v 411.500 28.000 85.000
v 411.500 27.500 85.000
v 411.500 30.500 85.500
v 411.500 28.000 87.000
v 411.500 27.500 87.000
v 411.500 30.500 87.500
v 411.500 17.500 90.500
v 415.500 15.500 91.500
v 415.500 15.500 90.500
v 415.500 16.500 91.500
v 415.500 23.500 91.500
v 415.500 24.500 91.500
v 413.500 15.500 87.500
v 413.500 15.500 92.500
v 413.500 16.500 92.500
v 413.500 23.500 92.500
v 415.500 15.500 87.500
v 399.500 15.500 87.500
v 413.500 15.500 88.500
v 413.500 15.500 89.500
v 415.500 15.500 89.500
v 414.500 15.500 91.500
v 399.500 19.500 87.500
v 402.500 30.000 85.000
v 403.500 30.000 85.000
v 403.500 29.500 85.000
v 402.500 29.500 85.000
v 410.500 30.000 85.000
v 411.500 30.000 85.000
v 411.500 29.500 85.000
v 410.500 29.500 85.000
v 403.500 30.000 87.000
v 402.500 30.000 87.000
v 402.500 29.500 87.000
v 403.500 29.500 87.000
v 411.500 30.000 87.000
v 410.500 30.000 87.000
v 410.500 29.500 87.000
v 411.500 29.500 87.000
v 403.500 30.000 85.500
v 402.500 30.000 85.500
v 411.500 30.000 85.500
v 410.500 30.000 85.500
v 402.500 30.000 86.500
v 403.500 30.000 86.500
v 410.500 30.000 86.500
v 411.500 30.000 86.500
v 402.500 30.000 87.500
v 403.500 30.000 87.500
v 410.500 30.000 87.500
v 411.500 30.000 87.500
v 402.500 19.500 87.500
v 402.500 20.500 87.500
v 402.500 24.500 87.500
v 402.500 25.500 87.500
v 401.500 25.500 87.500
v 404.500 25.500 87.500
v 403.500 19.500 87.500
v 403.500 20.500 87.500
v 403.500 24.500 87.500
v 403.500 25.500 87.500
v 410.500 24.500 87.500
v 410.500 25.500 87.500
v 409.500 25.500 87.500
v 412.500 25.500 87.500
v 411.500 24.500 87.500
v 411.500 25.500 87.500
v 415.500 16.500 89.500
v 415.500 23.500 89.500
v 421.500 16.500 82.500
v 421.500 16.500 81.500
v 421.500 26.500 81.500
v 421.500 26.500 82.500
v 421.500 31.500 82.500
v 421.500 31.500 83.500
v 421.500 32.500 83.500
v 421.500 32.500 82.500
v 421.500 31.500 84.500
v 421.500 33.500 83.500
v 421.500 33.500 84.500
v 421.500 27.500 83.500
v 421.500 27.500 84.500
v 421.500 28.000 84.500
v 421.500 28.000 83.500
v 421.500 28.000 84.000
v 421.500 28.500 84.500
v 421.500 28.500 84.000
v 421.500 28.500 83.500
v 421.500 29.000 84.500
v 421.500 29.000 83.500
v 421.500 30.500 83.500
v 421.500 30.500 84.500
v 421.500 32.500 84.500
v 421.500 29.500 85.500
v 421.500 29.500 84.500
v 421.500 30.500 85.500
v 421.500 32.500 85.500
v 421.500 34.500 84.500
v 421.500 34.500 85.500
v 421.500 35.500 84.500
v 421.500 35.500 85.500
v 421.500 27.500 85.500
v 421.500 29.500 86.500
v 421.500 30.500 86.500
v 421.500 34.500 86.500
v 421.500 35.500 86.500
v 421.500 27.500 86.500
v 421.500 28.000 86.500
v 421.500 28.000 85.500
v 421.500 28.000 86.000
v 421.500 28.500 86.000
v 421.500 28.500 85.500
v 421.500 28.500 86.500
v 421.500 29.000 86.500
v 421.500 29.000 85.500
v 421.500 31.500 86.500
v 421.500 31.500 85.500
v 421.500 36.500 86.500
v 421.500 36.500 85.500
v 421.500 31.500 87.500
v 421.500 33.500 87.500
v 421.500 33.500 86.500
v 421.500 16.500 88.500
v 421.500 16.500 87.500
v 421.500 26.500 87.500
v 421.500 26.500 88.500
v 421.500 26.500 95.500
v 421.500 26.500 94.500
v 421.500 27.500 94.500
v 421.500 27.500 95.500
v 421.500 29.500 94.500
v 421.500 29.500 95.500
v 421.500 28.000 95.500
v 421.500 28.000 94.500
v 421.500 28.000 95.000
v 421.500 27.500 95.000
v 421.500 30.500 95.500
v 421.500 30.500 94.500
v 421.500 31.000 94.500
v 421.500 31.000 95.500
v 425.500 15.500 84.500
v 425.500 15.500 83.500
v 425.500 27.500 83.500
v 425.500 27.500 84.500
v 425.500 15.500 85.500
v 425.500 16.500 84.500
v 425.500 16.500 85.500
v 425.500 26.500 84.500
v 425.500 26.500 85.500
v 425.500 27.500 85.500
v 425.500 15.500 86.500
v 425.500 27.500 86.500
v 423.500 15.500 82.500
v 423.500 15.500 81.500
v 423.500 27.500 81.500
v 423.500 27.500 82.500
v 423.500 30.500 83.500
v 423.500 30.500 82.500
v 423.500 31.500 82.500
v 423.500 31.500 83.500
v 423.500 32.500 83.500
v 423.500 32.500 82.500
v 423.500 33.500 82.500
v 423.500 33.500 83.500
v 423.500 29.500 84.500
v 423.500 29.500 83.500
v 423.500 30.500 84.500
v 423.500 31.500 84.500
v 423.500 32.500 84.500
v 423.500 33.500 84.500
v 423.500 34.500 83.500
v 423.500 34.500 84.500
v 423.500 27.500 85.500
v 423.500 27.500 84.500
v 423.500 28.000 84.500
v 423.500 28.000 85.500
v 423.500 28.500 85.500
v 423.500 28.500 84.500
v 423.500 29.000 84.500
v 423.500 29.000 85.500
v 423.500 29.500 85.500
v 423.500 30.500 85.500
v 423.500 31.500 85.500
v 423.500 32.500 85.500
v 423.500 33.500 85.500
v 423.500 32.500 86.500
v 423.500 33.500 86.500
v 423.500 34.500 86.500
v 423.500 34.500 85.500
v 423.500 32.500 87.500
v 423.500 33.500 87.500
v 423.500 15.500 88.500
v 423.500 15.500 87.500
v 423.500 27.500 87.500
v 423.500 27.500 88.500
v 422.500 29.000 84.500
v 422.500 29.000 83.500
v 420.500 29.000 85.500
v 420.500 29.000 84.500
v 422.500 29.000 85.500
v 422.500 29.000 86.500
v 420.500 29.000 95.500
v 419.500 29.000 95.500
v 419.500 29.000 94.500
v 420.500 29.000 94.500
v 422.500 29.000 95.500
v 421.500 29.000 95.500
v 421.500 29.000 94.500
v 422.500 29.000 94.500
v 420.500 27.500 82.500
v 420.500 27.500 81.500
v 419.500 27.500 83.500
v 421.500 27.500 82.500
v 419.500 27.500 82.500
v 422.500 27.500 83.500
v 422.500 27.500 82.500
v 424.500 27.500 83.500
v 424.500 27.500 82.500
v 418.500 27.500 84.500
v 420.500 27.500 84.500
v 420.500 27.500 83.500
v 418.500 27.500 83.500
v 422.500 27.500 84.500
v 423.500 27.500 83.500
v 418.500 27.500 85.500
v 419.500 27.500 85.500
v 419.500 27.500 84.500
v 420.500 27.500 85.500
v 422.500 27.500 85.500
v 424.500 27.500 85.500
v 424.500 27.500 84.500
v 418.500 27.500 86.500
v 420.500 27.500 86.500
v 422.500 27.500 86.500
v 423.500 27.500 86.500
v 419.500 27.500 87.500
v 421.500 27.500 87.500
v 419.500 27.500 86.500
v 422.500 27.500 87.500
v 424.500 27.500 87.500
v 424.500 27.500 86.500
v 420.500 27.500 88.500
v 420.500 27.500 87.500
v 420.500 27.500 95.500
v 420.500 27.500 94.500
v 422.500 29.500 84.500
v 422.500 29.500 83.500
v 420.500 29.500 85.500
v 420.500 29.500 84.500
v 422.500 29.500 85.500
v 420.500 29.500 86.500
v 420.500 29.500 95.500
v 419.500 29.500 95.500
v 419.500 29.500 94.500
v 420.500 29.500 94.500
v 422.500 29.500 95.500
v 422.500 29.500 94.500
v 415.500 15.500 91.500
v 416.500 15.500 91.500
v 416.500 16.500 91.500
v 415.500 16.500 91.500
v 415.500 23.500 91.500
v 416.500 23.500 91.500
v 416.500 24.500 91.500
v 415.500 24.500 91.500
v 420.500 28.000 95.000
v 420.500 27.500 95.000
v 420.500 30.000 95.000
v 421.500 30.000 95.000
v 421.500 29.500 95.000
v 420.500 29.500 95.000
v 417.500 23.500 87.500
v 415.500 23.500 87.500
v 415.500 23.500 86.500
v 417.500 23.500 86.500
v 415.500 23.500 88.500
v 418.500 23.500 88.500
v 418.500 23.500 87.500
v 415.500 23.500 92.500
v 419.500 23.500 92.500
v 419.500 23.500 88.500
v 420.500 23.500 93.500
v 419.500 23.500 93.500
v 419.500 23.500 89.500
v 420.500 23.500 89.500
v 416.500 23.500 93.500
v 416.500 23.500 92.500
v 419.500 23.500 94.500
v 416.500 23.500 94.500
v 416.500 23.500 95.500
v 415.500 23.500 95.500
v 415.500 23.500 94.500
v 416.500 16.500 93.500
v 419.500 16.500 93.500
v 419.500 15.500 93.500
v 416.500 15.500 93.500
v 416.500 24.500 93.500
v 419.500 24.500 93.500
v 420.500 16.500 93.500
v 415.500 17.500 95.500
v 416.500 17.500 95.500
v 416.500 22.500 95.500
v 415.500 22.500 95.500
v 417.500 23.500 95.500
v 418.500 23.500 95.500
v 418.500 24.500 95.500
v 417.500 24.500 95.500
v 420.500 30.500 95.500
v 419.500 30.500 95.500
v 420.500 31.000 95.500
v 422.500 30.500 95.500
v 423.000 28.000 85.500
v 423.000 28.000 84.500
v 423.000 28.500 84.500
v 423.000 28.500 85.500
v 421.000 28.000 84.500
v 421.000 28.000 85.500
v 421.000 28.500 85.500
v 421.000 28.500 84.500
v 418.500 15.500 83.500
v 418.500 15.500 84.500
v 418.500 15.500 85.500
v 418.500 16.500 85.500
v 418.500 16.500 84.500
v 418.500 26.500 85.500
v 418.500 26.500 84.500
v 418.500 15.500 86.500
v 418.500 15.500 87.500
v 418.500 15.500 88.500
v 418.500 16.500 88.500
v 418.500 16.500 87.500
v 418.500 24.500 88.500
v 418.500 24.500 87.500
v 418.500 15.500 92.500
v 418.500 15.500 89.500
v 418.500 16.500 89.500
v 418.500 16.500 92.500
v 418.500 23.500 92.500
v 418.500 23.500 89.500
v 418.500 24.500 89.500
v 418.500 24.500 92.500
v 422.500 16.500 82.500
v 422.500 16.500 81.500
v 419.500 16.500 85.500
v 419.500 16.500 84.500
v 424.500 16.500 85.500
v 424.500 16.500 84.500
v 415.500 16.500 87.500
v 417.500 16.500 87.500
v 417.500 16.500 86.500
v 415.500 16.500 86.500
v 415.500 16.500 88.500
v 422.500 16.500 88.500
v 422.500 16.500 87.500
v 419.500 16.500 92.500
v 415.500 16.500 92.500
v 419.500 16.500 88.500
v 420.500 16.500 89.500
v 419.500 16.500 89.500
v 416.500 16.500 92.500
v 416.500 16.500 94.500
v 419.500 16.500 94.500
v 415.500 16.500 95.500
v 416.500 16.500 95.500
v 415.500 16.500 94.500
v 419.500 16.500 95.500
v 420.500 35.500 85.500
v 420.500 35.500 84.500
v 420.500 35.500 86.500
v 422.500 35.500 86.500
v 422.500 35.500 85.500
v 416.500 15.500 90.500
v 416.500 15.500 89.500
v 416.500 16.500 89.500
v 416.500 16.500 90.500
v 416.500 23.500 90.500
v 416.500 23.500 89.500
v 416.500 24.500 89.500
v 416.500 24.500 90.500
v 416.500 15.500 92.500
v 416.500 24.500 92.500
v 416.500 15.500 95.500
v 416.500 15.500 94.500
v 422.500 33.500 83.500
v 422.500 33.500 82.500
v 420.500 33.500 84.500
v 420.500 33.500 83.500
v 422.500 33.500 84.500
v 422.500 33.500 85.500
v 424.500 33.500 85.500
v 424.500 33.500 84.500
v 419.500 33.500 86.500
v 420.500 33.500 86.500
v 420.500 33.500 85.500
v 419.500 33.500 85.500
v 424.500 33.500 86.500
v 422.500 33.500 87.500
v 422.500 33.500 86.500
v 422.500 28.000 84.000
v 422.500 28.500 84.000
v 420.500 15.500 82.500
v 419.500 15.500 82.500
v 419.500 16.500 82.500
v 420.500 16.500 82.500
v 419.500 26.500 82.500
v 420.500 26.500 82.500
v 422.500 26.500 82.500
v 422.500 31.500 82.500
v 422.500 32.500 82.500
v 422.500 30.500 82.500
v 424.500 15.500 82.500
v 423.500 16.500 82.500
v 424.500 16.500 82.500
v 423.500 26.500 82.500
v 424.500 26.500 82.500
v 422.500 31.500 83.500
v 420.500 31.500 84.500
v 420.500 31.500 83.500
v 422.500 31.500 84.500
v 419.500 31.500 85.500
v 420.500 31.500 85.500
v 419.500 31.500 84.500
v 422.500 31.500 85.500
v 420.500 31.500 86.500
v 419.500 31.500 86.500
v 422.500 31.500 86.500
v 422.500 31.500 87.500
v 422.500 28.000 86.000
v 422.500 28.500 86.000
v 419.500 26.500 84.500
v 420.500 32.500 84.500
v 422.500 30.500 84.500
v 422.500 34.500 84.500
v 424.500 26.500 84.500
v 420.500 30.500 84.500
v 419.500 30.500 84.500
v 419.500 32.500 84.500
v 420.500 28.000 84.500
v 420.500 28.500 84.500
v 420.500 34.500 84.500
v 422.500 28.000 84.500
v 422.500 28.500 84.500
v 422.500 32.500 84.500
v 424.500 32.500 84.500
v 418.500 24.500 86.500
v 419.500 24.500 86.500
v 420.500 32.500 86.500
v 419.500 32.500 86.500
v 420.500 30.500 86.500
v 420.500 34.500 86.500
v 422.500 28.000 86.500
v 422.500 28.500 86.500
v 422.500 30.500 86.500
v 422.500 34.500 86.500
v 422.500 36.500 86.500
v 424.500 32.500 86.500
v 424.500 34.500 86.500
v 424.500 15.500 86.500
v 415.500 15.500 86.500
v 418.500 16.500 86.500
v 418.500 23.500 86.500
v 415.500 24.500 86.500
v 422.500 32.500 86.500
v 415.500 15.500 88.500
v 417.500 15.500 88.500
v 417.500 16.500 88.500
v 417.500 23.500 88.500
v 417.500 24.500 88.500
v 415.500 24.500 88.500
v 419.500 15.500 88.500
v 419.500 24.500 88.500
v 420.500 15.500 88.500
v 423.500 16.500 88.500
v 420.500 16.500 88.500
v 420.500 26.500 88.500
v 423.500 26.500 88.500
v 422.500 26.500 88.500
v 420.500 31.000 94.500
v 422.500 26.500 81.500
v 422.500 32.500 83.500
v 422.500 30.500 83.500
v 422.500 28.000 83.500
v 422.500 28.500 83.500
v 422.500 34.500 83.500
v 422.500 30.500 85.500
v 422.500 32.500 85.500
v 422.500 28.000 85.500
v 422.500 28.500 85.500
v 422.500 34.500 85.500
v 422.500 36.500 85.500
v 422.500 32.500 87.500
v 422.500 26.500 87.500
v 422.500 15.500 95.500
v 422.500 15.500 94.500
v 422.500 26.500 94.500
v 422.500 26.500 95.500
v 422.500 30.500 94.500
v 420.500 15.500 81.500
v 420.500 30.500 85.500
v 420.500 32.500 85.500
v 420.500 28.000 85.500
v 420.500 28.500 85.500
v 420.500 34.500 85.500
v 420.500 24.500 87.500
v 420.500 24.500 88.500
v 420.500 15.500 89.500
v 420.500 24.500 89.500
v 420.500 15.500 93.500
v 420.500 24.500 93.500
v 420.500 15.500 94.500
v 420.500 24.500 94.500
v 420.500 30.500 94.500
v 420.500 26.500 94.500
v 420.500 26.500 95.500
v 420.500 28.000 94.500
v 420.500 28.000 95.500
v 424.500 15.500 83.500
v 424.500 16.500 83.500
v 424.500 26.500 83.500
v 424.500 26.500 85.500
v 424.500 32.500 85.500
v 424.500 34.500 85.500
v 424.500 15.500 87.500
v 424.500 16.500 86.500
v 424.500 16.500 87.500
v 424.500 26.500 86.500
v 424.500 26.500 87.500
v 415.500 24.500 87.500
v 419.500 24.500 87.500
v 415.500 24.500 89.500
v 417.500 24.500 89.500
v 419.500 24.500 89.500
v 415.500 24.500 90.500
v 418.500 24.500 90.500
v 419.500 24.500 92.500
v 417.500 24.500 91.500
v 417.500 24.500 90.500
v 417.500 24.500 92.500
v 415.500 24.500 92.500
v 415.500 24.500 93.500
v 415.500 24.500 94.500
v 415.500 24.500 95.500
v 416.500 24.500 95.500
v 416.500 24.500 94.500
v 419.500 24.500 95.500
v 419.500 24.500 94.500
v 419.500 26.500 85.500
v 419.500 26.500 95.500
v 419.500 26.500 94.500
v 421.500 28.500 95.500
v 420.500 28.500 95.500
v 420.500 28.500 94.500
v 421.500 28.500 94.500
v 415.500 15.500 90.500
v 415.500 16.500 90.500
v 415.500 23.500 90.500
v 417.500 15.500 90.500
v 417.500 16.500 90.500
v 417.500 23.500 90.500
v 417.500 15.500 92.500
v 417.500 16.500 92.500
v 417.500 23.500 92.500
v 415.500 15.500 92.500
v 419.500 15.500 94.500
v 419.500 25.500 94.500
v 420.500 25.500 94.500
v 422.500 25.500 94.500
v 419.500 30.500 94.500
v 420.500 16.500 94.500
v 422.500 16.500 94.500
v 421.500 16.500 94.500
v 421.500 25.500 94.500
v 421.500 30.000 94.500
v 420.500 30.000 94.500
v 415.500 15.500 93.500
v 415.500 15.500 94.500
v 415.500 15.500 95.500
v 419.500 15.500 83.500
v 419.500 16.500 83.500
v 419.500 26.500 83.500
v 419.500 30.500 85.500
v 419.500 32.500 85.500
v 419.500 26.500 87.500
v 419.500 26.500 86.500
v 419.500 15.500 95.500
v 417.500 15.500 89.500
v 417.500 16.500 89.500
v 417.500 23.500 89.500
v 415.500 15.500 87.500
v 415.500 15.500 89.500
v 419.500 15.500 89.500
v 418.500 15.500 90.500
v 419.500 15.500 92.500
v 417.500 15.500 91.500
v 420.500 16.500 81.500
v 423.500 16.500 81.500
v 420.500 26.500 81.500
v 423.500 26.500 81.500
v 421.500 30.000 95.500
v 420.500 30.000 95.500
v 420.500 26.500 87.500
v 423.500 16.500 87.500
v 423.500 26.500 87.500
v 415.500 16.500 89.500
v 415.500 23.500 89.500

usemtl minecraft_block-purple_stained_glass

f 5880/1 5881/2 5882/7 5865/8
f 5883/1 5884/2 5881/5 5885/6
f 5894/1 5888/2 5890/5 5895/6
f 5885/1 5893/2 5905/5 5906/6
f 5890/1 5895/2 5907/5 5908/6
f 5950/1 5951/2 5952/5 5953/6
f 5957/1 5949/2 5950/5 5958/6
f 5974/1 5976/2 5977/5 5978/6
f 5979/1 5975/2 5976/5 5980/6
f 5883/1 6037/2 6038/5 5884/6
f 6158/1 5895/2 5890/5 6156/6
f 6159/1 5895/2 5890/5 6160/6
f 6173/1 5953/2 5952/5 6174/6
f 6185/1 5976/2 5974/5 6179/6
f 6186/1 5980/2 5976/5 6187/6
f 5951/1 6198/2 6174/5 5952/6
f 5957/1 6208/2 6205/5 5949/6
f 6210/1 6209/2 6211/5 6206/6
f 5905/1 6215/2 6212/5 5906/6
f 5881/1 6221/2 6208/5 5867/6
f 5867/1 5957/36 5958/37 5882/6
f 6206/1 6211/2 6226/5 6220/6
f 5884/1 6038/2 6224/5 5881/6
f 6239/1 5894/2 5895/5 6158/6
f 5893/1 6242/2 6215/5 5905/6
f 5895/1 6159/2 6244/5 5907/6
f 5976/1 6185/2 6246/5 5977/6
f 5975/1 6252/2 6187/5 5976/6
f 6198/1 6269/2 6173/5 6174/6
f 6221/1 6270/2 6205/5 6208/6
f 6242/1 6274/2 6212/5 6215/6
f 6159/1 6160/2 6279/5 6244/6
f 6252/1 6280/2 6186/5 6187/6
f 6210/1 6206/2 6220/5 6289/6
f 6038/1 6037/2 6288/5 6224/6
f 6292/1 6239/2 6158/5 6156/6
f 6185/1 6179/2 6311/5 6246/6
f 6211/1 6209/2 6371/5 6226/6
f 5907/1 6244/2 6279/5 5908/6
f 6221/1 5881/2 5880/5 6270/6
f 6288/1 5885/2 5881/5 6224/6
f 6242/1 5893/2 5885/5 6274/6
f 5894/1 6239/2 6292/5 5888/6
f 5977/1 6246/2 6311/5 5978/6
f 5950/1 6269/2 6198/5 5951/6
f 5882/1 5958/36 5950/37 5865/6
f 6371/1 6289/2 6220/5 6226/6
f 5979/1 6280/2 6252/5 5975/6
f 6269/1 5950/2 5953/5 6173/6
f 6270/1 5880/2 5864/5 6205/6
f 5949/20 5864/2 5865/5 5950/21
f 6209/1 6210/2 6289/5 6371/6
f 6037/1 5883/2 5885/5 6288/6
f 5888/1 6292/2 6156/5 5890/6
f 6274/1 5885/2 5906/5 6212/6
f 6160/1 5890/2 5908/5 6279/6
f 6179/1 5974/2 5978/5 6311/6
f 6280/1 5979/2 5980/5 6186/6

usemtl minecraft_block-yellow_stained_glass

f 117/1 116/2 118/5 119/6
f 114/1 115/2 117/5 125/6
f 179/1 178/2 180/5 181/6
f 177/1 176/2 179/5 178/6
f 195/1 194/2 196/5 197/6
f 193/1 192/2 195/5 194/6
f 204/1 205/26 206/27 207/6
f 225/1 224/2 226/5 216/6
f 223/1 221/2 228/5 224/6
f 220/1 231/2 232/5 221/6
f 116/1 237/2 238/5 118/6
f 233/1 250/2 251/5 236/6
f 221/1 255/2 256/5 228/6
f 254/1 220/2 221/5 255/6
f 224/1 259/2 260/5 226/6
f 258/1 223/2 224/5 259/6
f 262/1 250/2 233/5 248/6
f 249/43 240/2 261/5 262/42
f 178/1 225/2 216/5 180/6
f 194/1 177/2 178/5 196/6
f 152/1 193/2 194/5 269/6
f 270/1 119/2 118/5 238/6
f 224/1 225/2 271/5 259/6
f 224/1 228/2 256/5 259/6
f 178/1 179/2 272/5 225/6
f 197/1 196/2 178/5 179/6
f 275/1 117/2 119/5 270/6
f 250/38 261/2 273/5 251/39
f 115/1 274/2 275/5 117/6
f 117/1 275/2 237/5 116/6
f 277/1 125/2 117/5 275/6
f 221/1 223/2 258/5 255/6
f 221/1 232/2 277/5 255/6
f 194/1 195/2 176/5 177/6
f 278/1 269/2 194/5 195/6
f 338/1 339/2 341/47 342/48
f 353/1 352/2 354/47 355/48
f 529/1 569/2 422/47 423/48
f 745/43 743/2 746/5 747/42
f 751/43 749/2 752/5 753/42
f 747/1 748/2 750/5 751/6
f 733/1 734/26 699/27 700/6
f 900/1 901/26 748/27 746/6
f 964/38 963/2 749/5 750/39
f 748/1 901/2 964/5 750/6
f 1094/1 1093/2 1088/5 1095/6
f 1101/1 1100/2 1094/5 1102/6
f 1091/1 1099/2 1101/5 1104/6
f 1206/34 1207/35 1208/5 1205/6
f 1222/1 1209/32 1207/33 1221/6
f 1220/28 1223/29 1224/5 1222/6
f 1242/1 1238/2 1243/5 1244/6
f 1250/1 1244/2 1246/5 1247/6
f 1251/1 1247/2 1248/5 1241/6
f 1255/1 1256/2 1257/5 1258/6
f 1266/1 1101/2 1102/5 1267/6
f 1257/1 1258/2 1260/5 1259/6
f 1262/43 1261/2 1264/5 1263/42
f 1099/1 1265/2 1266/5 1101/6
f 1271/1 1272/2 1273/5 1274/6
f 1277/1 1278/30 1279/31 1280/6
f 1284/1 1094/2 1095/5 1285/6
f 1273/1 1274/2 1276/5 1275/6
f 1100/1 1283/2 1284/5 1094/6
f 1302/1 1301/2 1303/5 1293/6
f 1300/1 1298/2 1306/5 1301/6
f 1297/1 1075/2 1308/5 1298/6
f 1316/1 1162/2 1317/5 1318/6
f 1324/1 1318/2 1320/5 1321/6
f 1325/1 1321/2 1322/5 1315/6
f 1334/1 1242/2 1244/5 1335/6
f 1244/1 1335/2 1336/5 1246/6
f 1337/38 1277/2 1280/5 1338/39
f 1175/1 1271/2 1274/5 1354/6
f 1274/1 1255/2 1258/5 1276/6
f 1258/1 1325/2 1315/5 1260/6
f 1364/38 1365/2 1363/5 1069/39
f 1367/16 1180/17 1365/5 1368/6
f 1371/94 1262/95 1370/5 1364/6
f 1278/44 1374/2 1179/5 1367/45
f 1337/16 1289/17 1374/5 1277/6
f 1070/44 1377/2 1261/5 1371/45
f 1378/1 1376/2 1377/5 1328/6
f 1380/1 1324/2 1321/5 1381/6
f 1321/1 1381/2 1382/5 1322/6
f 1393/1 1394/2 1395/5 1396/6
f 1397/1 1394/2 1395/5 1398/6
f 1399/1 1400/2 1401/5 1402/6
f 1403/1 1251/2 1399/5 1400/6
f 1336/1 1404/2 1247/5 1246/6
f 1405/1 1404/2 1247/5 1251/6
f 1094/1 1284/2 1406/5 1093/6
f 1258/1 1257/2 1275/5 1276/6
f 1267/1 1102/2 1094/5 1284/6
f 1407/1 1325/2 1258/5 1257/6
f 1408/1 1381/2 1321/5 1320/6
f 1409/1 1381/2 1321/5 1325/6
f 1301/1 1302/2 1411/5 1410/6
f 1301/1 1306/2 1412/5 1410/6
f 1413/1 1316/2 1318/5 1414/6
f 1318/1 1414/2 1408/5 1320/6
f 1425/1 1426/2 1427/5 1428/6
f 1429/1 1426/2 1427/5 1430/6
f 1431/1 1432/2 1425/5 1433/6
f 1435/1 1434/2 1431/5 1432/6
f 1436/1 1335/2 1244/5 1243/6
f 1437/1 1335/2 1244/5 1250/6
f 1274/1 1273/2 1436/5 1354/6
f 1256/1 1255/2 1274/5 1273/6
f 1101/1 1266/2 1283/5 1100/6
f 1438/1 1104/2 1101/5 1266/6
f 1439/1 1414/2 1318/5 1317/6
f 1380/1 1414/2 1318/5 1324/6
f 1298/1 1300/2 1441/5 1440/6
f 1298/1 1308/2 1438/5 1440/6
f 1429/1 1430/2 1395/5 1394/6
f 1395/1 1394/2 1453/5 1452/6
f 1370/1 1262/32 1263/33 1454/6
f 1298/1 1440/2 1412/5 1306/6
f 1455/1 1297/2 1298/5 1440/6
f 1456/1 1457/2 1427/5 1426/6
f 1427/1 1426/2 1393/5 1396/6
f 1278/43 1368/2 1458/5 1279/42
f 1301/1 1410/2 1459/5 1303/6
f 1441/1 1300/2 1301/5 1410/6
f 1348/1 1460/2 1431/5 1433/6
f 1431/1 1434/2 1399/5 1402/6
f 1399/1 1251/2 1241/5 1463/6
f 1437/1 1250/2 1247/5 1404/6
f 1247/1 1404/2 1464/5 1248/6
f 1261/1 1376/36 1465/37 1264/6
f 1457/1 1345/2 1428/5 1427/6
f 1430/1 1427/2 1396/5 1395/6
f 1398/1 1395/2 1452/5 1066/6
f 1460/1 1470/2 1432/5 1431/6
f 1368/1 1370/2 1454/5 1458/6
f 1432/1 1431/2 1402/5 1401/6
f 1434/1 1435/2 1400/5 1399/6
f 1400/1 1399/2 1463/5 1471/6
f 1555/1 1554/2 1556/5 1549/6
f 1553/1 1551/2 1557/5 1554/6
f 1550/1 1560/2 1561/5 1551/6
f 1573/1 1572/2 1574/5 1575/6
f 1571/1 1570/2 1573/5 1572/6
f 1583/1 1582/2 1584/5 1585/6
f 1577/1 1576/2 1579/5 1578/6
f 1581/1 1580/2 1583/5 1582/6
f 1655/1 1654/2 1656/5 1645/6
f 1653/1 1651/2 1660/5 1654/6
f 1650/1 1649/2 1662/5 1651/6
f 1665/1 1666/2 1667/5 1668/6
f 1671/1 1672/30 1673/31 1674/6
f 1667/1 1668/2 1670/5 1669/6
f 1679/1 1680/2 1681/5 1682/6
f 1681/1 1682/2 1684/5 1683/6
f 1686/43 1685/2 1688/5 1687/42
f 1697/1 1665/2 1668/5 1698/6
f 1668/1 1679/2 1682/5 1670/6
f 1682/1 1702/2 1603/5 1684/6
f 1730/1 1731/2 1732/5 1733/6
f 1732/1 1733/2 1735/5 1734/6
f 1576/44 1671/2 1674/5 1579/45
f 1554/1 1737/2 1738/5 1556/6
f 1736/1 1553/2 1554/5 1737/6
f 1754/1 1755/36 1756/37 1753/6
f 1677/16 1757/17 1758/5 1754/6
f 1764/1 1692/32 1757/33 1678/6
f 1588/34 1589/35 1691/5 1764/6
f 1784/1 1783/2 1785/5 1786/6
f 1785/1 1790/2 1789/5 1787/6
f 1794/1 1795/2 1796/5 1797/6
f 1796/1 1797/2 1799/5 1798/6
f 1685/1 1577/30 1578/31 1688/6
f 1551/1 1801/2 1802/5 1557/6
f 1800/1 1550/2 1551/5 1801/6
f 1808/1 1784/2 1786/5 1809/6
f 1816/1 1686/30 1687/31 1817/6
f 1651/1 1820/2 1821/5 1660/6
f 1819/1 1650/2 1651/5 1820/6
f 1672/43 1811/2 1812/5 1673/42
f 1654/1 1824/2 1825/5 1656/6
f 1823/1 1653/2 1654/5 1824/6
f 1572/1 1655/2 1645/5 1574/6
f 1582/1 1571/2 1572/5 1584/6
f 1507/1 1581/2 1582/5 1833/6
f 1836/16 1774/17 1826/5 1811/6
f 1840/34 1686/35 1816/5 1837/6
f 1672/44 1842/2 1707/5 1836/45
f 1576/94 1843/95 1842/5 1671/6
f 1619/44 1845/2 1685/5 1840/45
f 1848/16 1577/17 1845/5 1620/6
f 1505/38 1506/2 1843/5 1848/39
f 1785/1 1851/2 1809/5 1786/6
f 1852/1 1790/2 1785/5 1851/6
f 1735/1 1797/2 1796/5 1734/6
f 1853/1 1797/2 1796/5 1790/6
f 1682/1 1681/2 1669/5 1670/6
f 1854/1 1702/2 1682/5 1681/6
f 1654/1 1655/2 1855/5 1824/6
f 1654/1 1660/2 1821/5 1824/6
f 1572/1 1573/2 1856/5 1655/6
f 1585/1 1584/2 1572/5 1573/6
f 1554/1 1555/2 1857/5 1737/6
f 1554/1 1557/2 1802/5 1737/6
f 1731/1 1704/2 1860/5 1732/6
f 1795/1 1732/2 1734/5 1796/6
f 1790/1 1796/2 1798/5 1789/6
f 1863/1 1783/2 1784/5 1808/6
f 1864/1 1733/2 1732/5 1860/6
f 1794/1 1733/2 1732/5 1795/6
f 1668/1 1667/2 1864/5 1698/6
f 1680/1 1679/2 1668/5 1667/6
f 1651/1 1653/2 1823/5 1820/6
f 1651/1 1662/2 1865/5 1820/6
f 1582/1 1583/2 1570/5 1571/6
f 1866/1 1833/2 1582/5 1583/6
f 1551/1 1553/2 1736/5 1801/6
f 1551/1 1561/2 1866/5 1801/6
f 1783/1 1863/2 1851/5 1785/6
f 1851/1 1785/2 1787/5 1867/6
f 1837/1 1816/2 1817/5 1868/6
f 1947/1 1948/2 1949/5 1950/6
f 1949/1 1957/2 1958/5 1959/6
f 1958/1 1961/2 1953/5 1960/6
f 2006/1 2008/2 2009/5 2007/6
f 2017/1 2010/32 2008/33 2018/6
f 1957/1 2066/2 2067/5 1958/6
f 2076/1 2075/2 2077/5 2078/6
f 2067/1 1958/2 1960/5 2068/6
f 2070/44 2069/2 2072/5 2071/45
f 2074/1 2073/2 2076/5 2075/6
f 1948/1 2081/2 2082/5 1949/6
f 2084/1 2085/30 2086/31 2087/6
f 2093/1 2092/2 2094/5 2095/6
f 2082/1 1949/2 1959/5 2083/6
f 2091/1 2090/2 2093/5 2092/6
f 2109/1 2108/2 2110/5 2100/6
f 2107/1 2105/2 2112/5 2108/6
f 2104/1 2115/2 2116/5 2105/6
f 2085/1 2138/2 2139/5 2086/6
f 2108/1 2142/2 2143/5 2110/6
f 2141/1 2107/2 2108/5 2142/6
f 2085/44 2157/2 1915/5 2138/45
f 2160/28 2070/29 2159/5 2161/6
f 2069/1 2164/2 2157/5 2084/6
f 2123/59 1914/2 2164/5 2160/60
f 2092/1 2093/2 2170/5 2169/6
f 1958/1 2067/2 2083/5 1959/6
f 2078/1 2077/2 2092/5 2093/6
f 2171/1 1961/2 1958/5 2067/6
f 2108/1 2109/2 2172/5 2142/6
f 2108/1 2112/2 2173/5 2142/6
f 2069/1 2084/2 2087/5 2072/6
f 1949/1 2082/2 2208/5 1950/6
f 2066/1 1957/2 1949/5 2082/6
f 2075/1 2076/2 2090/5 2091/6
f 2209/1 2210/2 2075/5 2076/6
f 2105/1 2107/2 2141/5 2211/6
f 2105/1 2116/2 2209/5 2211/6
f 2092/1 2169/2 2215/5 2094/6
f 2075/1 2091/2 2092/5 2077/6
f 2124/1 2074/2 2075/5 2210/6
f 2159/1 2070/36 2071/37 2234/6
f 2105/1 2211/2 2173/5 2112/6
f 2235/1 2104/2 2105/5 2211/6
f 2321/94 2323/95 2324/5 2322/6
f 2479/1 2480/2 2481/74 2482/75
f 2480/1 2484/2 2485/5 2486/6
f 2488/1 2487/2 2489/5 2481/6
f 2484/1 2478/2 2483/74 2489/75
f 2505/34 2506/35 2507/5 2508/6
f 2557/94 2556/95 2559/5 2558/6
f 2560/1 2487/2 2488/5 2561/6
f 2570/1 2485/2 2487/22 2560/23
f 2572/1 2571/2 2556/22 2557/23
f 2486/1 2573/2 2561/22 2488/23
f 2574/1 2575/2 2506/72 2505/73
f 2508/1 2507/2 2558/5 2559/6
f 2606/1 2408/2 2409/24 2607/25
f 2540/38 2606/2 2507/5 2608/39
f 2557/44 2558/2 2607/5 2610/45
f 2613/1 2586/2 2608/22 2506/23
f 2614/1 2613/2 2575/5 2572/6
f 2583/1 2614/2 2610/74 2547/75
f 2582/84 2451/17 2452/5 2584/39
f 2485/1 2570/2 2573/5 2486/6
f 2571/1 2572/2 2575/5 2574/6
f 2689/1 2687/26 2695/27 2696/6
f 2696/1 2697/2 2698/22 2699/23
f 2699/1 2700/26 2692/27 2690/6
f 2701/1 2695/2 2700/22 2702/23
f 2771/1 2770/2 2773/72 2772/73
f 2774/1 2701/2 2702/22 2775/23
f 2773/1 3023/2 3024/5 2772/6
f 3100/1 3099/2 3028/74 3101/75
f 3104/1 3100/2 3105/5 3106/6
f 3108/1 3107/2 3101/5 3109/6
f 3076/1 3104/2 3109/74 3025/75
f 3151/1 3105/2 3107/22 3152/23
f 3178/1 3179/2 3180/22 3181/23
f 3258/1 3259/2 3260/22 3261/23
f 2697/1 3262/2 3263/22 2698/23
f 3122/38 3123/2 3270/5 3271/39
f 3179/1 3270/2 3272/22 3180/23
f 3273/38 3272/2 3038/5 3039/39
f 3271/1 3274/2 3275/22 3273/23
f 3124/38 2735/2 3276/5 3277/39
f 3259/1 3276/2 3278/22 3260/23
f 3279/38 3278/2 2736/5 3040/39
f 3277/1 2771/2 2772/72 3024/73
f 3298/1 3142/2 3143/5 3150/6
f 2764/1 2765/2 3255/5 3182/6
f 2768/1 2769/36 3256/37 3257/6
f 3108/1 3375/2 3152/5 3107/6
f 3376/1 3181/2 3180/5 3275/6
f 3377/20 3261/2 3260/5 3279/21
f 2702/1 2698/2 3263/5 2775/6
f 3075/84 2923/17 2924/5 3391/39
f 3156/84 3227/17 2806/5 2807/39
f 3242/84 2738/17 2739/5 2810/39
f 3106/1 3404/2 3375/22 3108/23
f 3132/1 3133/2 3324/47 3323/48
f 3404/1 3106/2 3105/5 3151/6
f 3178/1 3407/2 3274/5 3179/6
f 3258/1 2770/2 2771/5 3259/6
f 2697/1 2701/2 2774/5 3262/6
f 3274/1 3407/2 3376/22 3275/23
f 3450/1 3444/2 3451/5 3452/6
f 3458/1 3452/2 3454/5 3455/6
f 3459/1 3455/2 3456/5 3447/6
f 3464/1 3463/2 3465/5 3466/6
f 3473/1 3474/26 3475/46 3476/25
f 3463/1 3480/2 3481/5 3465/6
f 3484/1 3485/36 3486/37 3487/6
f 3500/38 3513/2 3514/24 3501/70
f 3516/1 3458/2 3455/5 3517/6
f 3455/1 3517/2 3518/5 3456/6
f 3527/1 3450/2 3452/5 3528/6
f 3452/1 3528/2 3529/5 3454/6
f 3496/84 3497/17 3519/5 3520/39
f 3485/38 3530/2 3504/5 3505/39
f 3498/16 3499/78 3525/27 3526/6
f 3529/1 3517/2 3455/5 3454/6
f 3534/1 3517/2 3455/5 3459/6
f 3535/1 3528/2 3452/5 3451/6
f 3516/1 3528/2 3452/5 3458/6
f 3465/1 3481/2 3535/5 3466/6
f 3619/38 3613/2 3615/24 3620/70
f 3633/1 3632/26 3634/46 3635/25
f 3669/1 3668/36 3670/92 3671/25
f 3659/84 3641/17 3642/5 3647/39
f 3702/91 3700/29 3701/5 3703/39
f 3646/16 3662/78 3650/27 3645/6
f 3740/28 3742/126 3743/27 3741/6
f 3675/38 3676/2 3761/24 3762/70
f 3793/1 3797/26 3798/46 3794/25
f 3833/1 3822/2 3823/24 3834/25
f 3825/38 3826/2 3851/5 3852/39
f 3817/84 3799/17 3800/5 3907/39
f 3829/1 3830/26 3918/27 3917/6
f 3806/16 3818/78 3973/27 3805/6
f 3819/38 3850/2 3986/24 3820/70
f 4359/1 4358/2 4360/5 4361/6
f 4523/1 4524/26 4525/27 4526/6
f 4532/1 4359/2 4361/5 4533/6
f 4565/43 4523/2 4534/5 4535/42
f 4359/1 4532/2 4594/5 4358/6
f 4749/1 4747/2 4750/74 4751/75
f 4754/1 4749/2 4755/5 4756/6
f 4758/1 4757/2 4751/5 4759/6
f 4748/1 4754/2 4759/74 4752/75
f 4854/1 4856/2 4857/5 4855/6
f 4870/94 4872/95 4873/5 4871/6
f 4938/34 4939/35 4940/5 4941/6
f 5001/1 5000/2 5003/5 5002/6
f 5005/94 5004/95 5007/5 5006/6
f 4758/1 5008/2 5009/5 4757/6
f 5045/1 5044/2 5000/22 5001/23
f 5052/1 5053/2 5006/22 5007/23
f 5054/1 4755/2 4757/22 5009/23
f 4939/1 4938/2 5004/5 5005/6
f 5126/1 5127/2 5044/5 5017/6
f 5003/1 5000/2 5128/5 4967/6
f 5127/1 5041/2 4966/74 5128/75
f 5067/1 5132/2 5133/74 4978/75
f 5132/1 5134/2 5135/5 5052/6
f 5007/1 5004/32 5137/33 5133/6
f 5134/1 5131/2 5138/22 4941/23
f 4951/1 5141/26 4938/27 5138/6
f 5141/1 4948/2 4977/24 5137/25
f 5153/1 5135/2 4941/72 4940/73
f 4756/1 5154/2 5008/22 4758/23
f 5042/91 5043/29 5193/5 5165/39
f 5159/84 5160/17 5069/5 5070/39
f 5044/1 5045/2 5016/5 5017/6
f 5135/1 5153/2 5053/5 5052/6
f 5154/1 4756/2 4755/5 5054/6
f 5326/1 5327/2 5328/5 5329/6
f 5386/1 5387/2 5388/22 5389/23
f 5390/1 5391/2 5392/72 5393/73
f 5434/1 5436/32 5393/33 5437/6
f 5437/1 5326/2 5329/5 5438/6
f 5438/1 5439/64 5367/65 5435/6
f 5442/1 5366/26 5443/27 5444/6
f 5444/1 5390/2 5436/24 5426/25
f 5445/1 5443/2 5439/22 5441/23
f 5446/1 5448/26 5449/27 5450/6
f 5450/1 5451/2 5452/22 5453/23
f 5453/1 5454/26 5455/27 5447/6
f 5456/1 5449/2 5454/22 5457/23
f 5326/1 5393/30 5392/31 5327/6
f 5451/1 5518/2 5519/22 5452/23
f 5358/38 5564/2 5648/5 5649/39
f 5387/1 5648/2 5650/22 5388/23
f 5651/38 5650/2 5461/5 5361/39
f 5649/1 5652/2 5653/22 5651/23
f 5652/1 5711/2 5712/22 5653/23
f 5714/1 5445/2 5441/22 5715/23
f 5325/1 5713/32 5664/33 5324/6
f 5517/1 5735/2 5665/5 5516/6
f 5712/1 5389/2 5388/5 5653/6
f 5441/44 5329/2 5328/5 5715/45
f 5457/1 5452/2 5519/5 5788/6
f 5796/1 5456/2 5457/22 5788/23
f 5365/84 5743/17 5744/5 5364/39
f 5560/84 5778/17 5779/5 5559/39
f 5386/1 5711/2 5652/5 5387/6
f 5390/1 5445/2 5714/5 5391/6
f 5451/1 5456/2 5796/5 5518/6
f 5936/1 5935/2 5937/47 5938/48
f 6089/1 6090/2 6091/22 6092/23
f 6113/1 6112/2 6114/47 6115/48
f 5912/1 6142/2 6266/47 5915/48
f 6154/1 6152/2 6080/74 6081/75
f 6374/38 6171/2 6172/5 6353/39
f 6132/1 5860/2 5861/47 6268/48

usemtl minecraft_block-blue_stained_glass

f 309/1 316/2 317/5 311/6
f 310/20 317/2 318/5 319/21
f 319/1 330/2 331/5 332/6
f 438/1 439/2 440/5 436/6
f 457/1 458/2 459/5 460/6
f 460/1 461/36 462/37 463/6
f 466/1 462/2 467/5 468/6
f 457/1 471/2 472/5 460/6
f 434/1 435/2 465/5 464/6
f 461/1 310/2 332/7 467/8
f 437/1 434/2 464/5 483/6
f 488/1 489/2 490/5 491/6
f 494/1 491/2 493/5 495/6
f 458/1 309/2 311/5 459/6
f 330/1 466/2 468/5 331/6
f 435/1 436/2 514/5 465/6
f 438/1 436/2 514/5 516/6
f 520/1 521/2 522/5 523/6
f 518/1 517/2 519/5 515/6
f 519/1 527/2 528/5 520/6
f 316/1 457/2 463/7 318/8
f 534/1 457/2 460/5 535/6
f 440/1 439/2 537/5 536/6
f 540/1 541/2 542/5 543/6
f 471/1 549/2 550/5 472/6
f 527/1 494/2 495/5 528/6
f 514/1 483/2 464/5 465/6
f 537/1 516/2 514/5 536/6
f 463/1 466/2 330/5 318/6
f 520/1 541/2 540/5 521/6
f 528/1 495/2 493/5 520/6
f 468/1 467/2 332/5 331/6
f 542/1 523/2 522/5 543/6
f 458/1 457/2 316/5 309/6
f 534/1 549/2 471/5 457/6
f 488/1 517/2 518/5 489/6
f 461/1 459/2 311/5 310/6
f 550/1 535/2 460/5 472/6
f 519/1 491/2 490/5 515/6
f 494/1 527/2 519/5 491/6
f 549/1 534/2 535/5 550/6
f 436/1 437/2 483/5 514/6
f 436/1 440/2 536/5 514/6
f 521/1 540/2 543/5 522/6
f 489/1 518/2 515/5 490/6
f 439/1 438/2 516/5 537/6
f 541/1 520/2 523/5 542/6
f 517/1 488/2 491/5 519/6
f 491/1 519/2 520/5 493/6
f 660/1 672/26 673/46 661/25
f 666/1 674/26 675/46 667/25
f 701/1 702/32 703/33 704/6
f 705/59 706/2 707/5 708/60
f 709/59 710/2 711/5 712/60
f 719/1 720/64 721/65 722/6
f 723/1 724/64 725/65 726/6
f 728/44 727/2 730/5 729/45
f 757/38 739/2 741/24 758/70
f 763/38 759/2 760/24 764/70
f 765/38 761/2 762/24 766/70
f 633/16 634/78 803/27 804/6
f 856/1 857/64 810/65 811/6
f 859/1 730/2 704/5 856/6
f 729/1 860/2 857/5 703/6
f 640/1 641/64 860/65 859/6
f 724/59 723/2 710/5 709/60
f 958/59 959/2 808/5 809/60
f 727/1 960/2 959/5 701/6
f 961/1 728/2 702/5 958/6
f 639/59 638/2 960/5 961/60
f 726/1 725/64 712/65 711/6
f 979/1 805/2 806/24 980/25
f 981/1 807/2 808/24 959/25
f 982/1 979/2 706/5 719/6
f 722/1 707/2 980/5 983/6
f 984/1 981/2 710/5 723/6
f 726/1 711/2 959/5 960/6
f 635/1 982/2 983/24 636/25
f 637/1 984/2 960/24 638/25
f 727/1 701/2 704/5 730/6
f 590/84 591/17 786/5 787/39
f 631/84 632/17 797/5 798/39
f 722/1 721/64 708/65 707/6
f 720/59 719/2 706/5 705/60
f 702/1 728/2 729/5 703/6
f 1523/1 1539/26 1540/46 1524/25
f 1525/1 1541/26 1542/46 1526/25
f 1543/1 1546/26 1547/46 1544/25
f 1610/38 1514/2 1515/24 1611/70
f 1612/38 1518/2 1519/24 1613/70
f 1601/38 1614/2 1615/24 1603/70
f 1500/38 1634/2 1635/24 1501/70
f 1498/16 1499/78 1627/27 1522/6
f 1500/16 1504/78 1640/27 1634/6
f 1496/84 1497/17 1521/5 1626/39
f 1502/84 1503/17 1636/5 1637/39
f 1628/1 1874/2 1875/24 1629/25
f 1630/1 1876/2 1877/24 1631/25
f 1874/1 1878/2 1879/5 1880/6
f 1881/1 1882/2 1883/5 1875/6
f 1876/1 1884/2 1885/5 1886/6
f 1887/1 1888/2 1889/5 1877/6
f 1878/1 1492/2 1493/24 1883/25
f 1884/1 1494/2 1495/24 1889/25
f 1895/16 1897/78 1898/27 1896/6
f 1905/1 1906/26 1907/27 1904/6
f 1903/16 1910/17 1911/5 1905/6
f 1912/16 1908/17 1906/5 1913/6
f 1966/1 1965/26 1967/46 1968/25
f 1973/1 1972/26 1974/46 1975/25
f 1977/1 1976/26 1978/46 1979/25
f 1987/34 1988/35 1989/5 1990/6
f 1927/16 2020/78 2021/27 1926/6
f 2051/38 2052/2 1942/5 2050/39
f 2056/16 1943/17 2052/5 2057/6
f 2054/16 2058/17 2059/5 2051/6
f 2060/34 2061/35 2062/5 2063/6
f 2020/38 1927/2 1931/24 2046/70
f 2131/38 2099/2 2100/24 2132/70
f 2147/38 2136/2 2137/24 2148/70
f 2026/38 2027/2 2049/24 2048/70
f 2130/84 1922/17 1923/5 2096/39
f 2155/84 1933/17 1934/5 2133/39
f 2165/43 2166/2 2167/5 2168/42
f 1987/43 1990/2 2062/5 2061/42
f 2059/1 2058/26 1912/27 1913/6
f 2174/34 2168/35 2167/5 2175/6
f 2192/1 2193/30 2174/31 2175/6
f 1989/1 1988/30 2060/31 2063/6
f 2056/38 2057/2 1911/5 1910/39
f 1939/1 2153/26 2200/27 2201/6
f 2201/1 2192/2 2175/5 2202/6
f 2202/1 2203/26 2156/27 1940/6
f 1941/1 2028/26 2204/27 2205/6
f 2205/1 1989/2 2063/5 2206/6
f 2206/1 2207/26 2050/27 1942/6
f 2166/1 2200/2 2203/5 2167/6
f 1990/1 2204/2 2207/5 2062/6
f 2165/34 2193/35 2192/5 2166/6
f 2057/1 2059/2 1913/5 1911/6
f 2249/38 2240/2 2250/5 2251/39
f 2252/1 2250/2 2253/5 2254/6
f 2255/38 2253/2 2242/5 2256/39
f 2257/38 2246/2 2258/5 2259/39
f 2260/1 2258/2 2261/5 2262/6
f 2263/38 2261/2 2248/5 2264/39
f 2251/1 2267/2 2268/5 2255/6
f 2259/1 2269/2 2270/5 2263/6
f 2273/1 2272/2 2275/5 2274/6
f 2299/28 2275/29 2300/5 2297/6
f 2274/28 2302/29 2303/5 2301/6
f 2265/1 2266/26 2302/27 2299/6
f 2309/16 2310/78 2290/27 2291/6
f 2276/1 2366/26 2367/46 2279/25
f 2280/1 2368/26 2369/46 2283/25
f 2269/16 2260/17 2495/5 2496/6
f 2272/28 2541/29 2428/5 2542/6
f 2544/28 2273/29 2543/5 2545/6
f 2264/38 2248/2 2541/5 2544/39
f 2262/16 2270/17 2554/5 2555/6
f 2372/38 2292/2 2293/24 2373/70
f 2374/38 2294/2 2295/24 2375/70
f 2599/38 2406/2 2407/24 2600/70
f 2267/38 2617/2 2618/5 2268/39
f 2269/38 2496/2 2554/5 2270/39
f 2543/1 2273/36 2274/37 2301/6
f 2370/84 2371/17 2284/5 2285/39
f 2598/84 2429/17 2398/5 2399/39
f 2272/20 2542/2 2300/5 2275/21
f 2619/1 2252/26 2254/27 2620/6
f 2495/1 2260/26 2262/27 2555/6
f 2254/16 2268/17 2618/5 2620/6
f 2267/16 2252/17 2619/5 2617/6
f 2657/1 2658/2 2659/5 2660/6
f 2667/1 2673/30 2674/118 2668/75
f 2743/38 2742/2 2745/5 2744/39
f 2747/38 2746/2 2749/5 2748/39
f 2784/1 2785/2 2786/5 2787/6
f 2788/1 2789/2 2790/5 2791/6
f 2792/1 2785/2 2786/5 2793/6
f 2794/1 2789/2 2790/5 2795/6
f 2813/1 2814/2 2815/5 2816/6
f 2817/1 2818/2 2819/5 2820/6
f 2961/1 2962/2 2963/7 2964/8
f 3000/1 2657/2 2660/5 3001/6
f 3004/1 3009/2 3010/5 3005/6
f 3112/1 2792/2 2793/5 3113/6
f 3114/1 2794/2 2795/5 3115/6
f 3010/1 3135/2 3134/5 3005/6
f 2814/1 2784/36 2787/37 2815/6
f 2818/1 2788/36 2791/37 2819/6
f 2742/1 3144/2 3145/5 2745/6
f 2746/1 3146/2 3147/5 2749/6
f 3174/1 2964/2 2963/5 3175/6
f 2658/1 2657/2 3000/5 3198/6
f 2961/1 3199/2 3200/5 2962/6
f 3198/1 3000/2 3001/5 3222/6
f 3247/1 3248/36 3249/37 3250/6
f 3251/1 3252/36 3253/37 3254/6
f 3144/1 3243/2 3244/5 3145/6
f 3146/1 3245/2 3246/5 3147/6
f 3264/1 3112/2 3113/5 3265/6
f 3266/1 3114/2 3115/5 3267/6
f 3302/1 2828/26 3284/27 2951/6
f 3303/16 3246/17 2820/5 3302/6
f 3305/1 3306/26 2827/27 2819/6
f 2791/1 2790/2 3267/5 3305/6
f 2795/1 2803/2 3306/5 3115/6
f 3254/1 3308/26 2802/27 2790/6
f 2760/1 2749/36 3147/37 3303/6
f 2748/1 3316/2 3308/5 3253/6
f 3226/1 3212/32 3316/33 2761/6
f 3350/1 3004/2 3005/5 3134/6
f 2962/1 3200/2 3175/7 2963/8
f 3119/1 3118/30 3034/118 3035/75
f 2658/1 3198/2 3222/5 2659/6
f 3367/1 3350/2 3134/5 3135/6
f 3200/1 3199/2 3174/7 3175/8
f 3248/1 2743/2 2744/5 3249/6
f 3252/1 2747/2 2748/5 3253/6
f 2785/1 3264/2 3265/5 2786/6
f 2789/1 3266/2 3267/5 2790/6
f 2785/1 3247/2 3250/5 2786/6
f 2789/1 3251/2 3254/5 2790/6
f 2821/38 3392/2 2950/5 3283/39
f 3243/16 3393/17 3392/5 2813/6
f 3395/38 3396/2 2814/5 2822/39
f 2785/1 2784/2 3396/5 3264/6
f 2796/1 2792/2 3112/5 3395/6
f 3397/38 3247/2 2785/5 2797/39
f 2742/20 2755/2 3393/5 3144/21
f 3398/1 2743/2 3248/5 3397/6
f 3211/44 3225/2 2754/5 3398/45
f 3243/38 2813/2 2816/5 3244/39
f 3245/38 2817/2 2820/5 3246/39
f 3367/1 3009/2 3004/5 3350/6
f 2660/1 2659/2 3222/5 3001/6
f 3009/1 3367/2 3135/5 3010/6
f 3199/1 2961/2 2964/7 3174/8

usemtl minecraft_block-magenta_stained_glass

f 1087/1 1183/36 1184/92 1088/25
f 1086/16 1202/93 1192/37 1085/6
f 1254/97 1081/17 1082/5 1358/21
f 1347/20 1078/2 1079/24 1445/40
f 4005/1 4006/2 4007/5 4008/6
f 4014/1 4021/26 4022/46 4023/25
f 4030/1 4029/2 4032/5 4031/6
f 4059/1 4060/2 4061/24 4062/25
f 4065/1 4066/2 4067/24 4055/25
f 4060/1 4071/2 4072/5 4073/6
f 4074/1 4075/2 4076/5 4061/6
f 4066/1 4077/2 4078/5 4079/6
f 4080/1 4081/2 4082/5 4067/6
f 4071/1 4058/2 4063/24 4076/25
f 4077/1 4064/2 4068/24 4082/25
f 4048/16 4087/78 4088/27 4047/6
f 4091/1 4092/64 4070/65 4090/6
f 4093/16 4095/93 4085/37 4094/6
f 4096/1 4008/2 4007/5 4091/6
f 4032/1 4097/2 4092/5 4031/6
f 4089/1 4069/64 4097/65 4096/6
f 4020/16 4123/17 4118/5 4019/6
f 4124/84 4041/17 4042/5 4125/39
f 4129/97 4127/17 4128/5 4121/21
f 4133/1 4075/64 4074/65 4134/6
f 4072/59 4163/2 4164/5 4073/60
f 4078/59 4215/2 4216/5 4079/60
f 4113/1 4025/2 4026/24 4207/25
f 4049/1 4114/26 4208/46 4050/25
f 4051/1 4247/26 4248/46 4052/25
f 4115/1 4116/36 4209/92 4210/25
f 4254/1 4252/36 4246/92 4255/25
f 4264/16 4021/17 4014/5 4256/6
f 4067/59 4310/2 4304/5 4055/60
f 4005/1 4311/2 4310/5 4006/6
f 4082/1 4029/2 4030/5 4067/6
f 4068/59 4301/2 4311/5 4082/60
f 4312/1 4081/64 4080/65 4313/6
f 4009/1 4100/2 4166/24 4012/25
f 4102/38 4034/2 4035/24 4168/70
f 4259/38 4038/2 4039/24 4303/70
f 4105/20 4106/2 4171/24 4172/40
f 4262/20 4263/2 4308/24 4309/40
f 4321/1 4110/2 4176/24 4322/25
f 4323/1 4267/2 4304/24 4310/25
f 4324/1 4321/2 4164/5 4163/6
f 4133/1 4134/2 4322/5 4325/6
f 4326/1 4323/2 4216/5 4215/6
f 4312/1 4313/2 4310/5 4311/6
f 4109/1 4324/2 4325/24 4175/25
f 4266/1 4326/2 4311/24 4301/25
f 4006/1 4030/32 4031/33 4007/6
f 4073/59 4164/2 4134/5 4074/60
f 4079/59 4216/2 4313/5 4080/60
f 4163/1 4072/64 4075/65 4133/6
f 4215/1 4078/64 4081/65 4312/6
f 4029/44 4005/2 4008/5 4032/45
f 4336/38 4335/2 4337/24 4338/70
f 4340/38 4339/2 4341/24 4342/70
f 4348/38 4347/2 4349/24 4350/70
f 4364/1 4363/2 4366/5 4365/6
f 4383/94 4366/95 4377/5 4381/6
f 4365/94 4384/95 4385/5 4378/6
f 4380/1 4386/26 4384/27 4383/6
f 4389/16 4391/78 4392/27 4390/6
f 4420/38 4411/2 4421/5 4422/39
f 4423/1 4421/2 4424/5 4425/6
f 4426/38 4424/2 4413/5 4427/39
f 4428/38 4417/2 4429/5 4430/39
f 4431/1 4429/2 4432/5 4433/6
f 4434/38 4432/2 4419/5 4435/39
f 4422/1 4436/2 4437/5 4426/6
f 4430/1 4438/2 4439/5 4434/6
f 4438/132 4431/133 4444/5 4445/6
f 4496/16 4498/78 4494/27 4493/6
f 4363/94 4505/95 4504/5 4376/6
f 4506/94 4364/95 4375/5 4507/6
f 4435/38 4419/2 4505/5 4506/39
f 4433/132 4439/133 4513/5 4514/6
f 4394/1 4543/26 4544/46 4397/25
f 4398/1 4490/26 4509/46 4401/25
f 4547/1 4519/26 4520/46 4548/25
f 4493/1 4494/26 4511/46 4512/25
f 4436/125 4566/2 4567/5 4437/123
f 4438/125 4445/2 4513/5 4439/123
f 4375/1 4364/32 4365/33 4378/6
f 4363/44 4376/2 4377/5 4366/45
f 4568/1 4423/116 4425/117 4569/6
f 4444/1 4431/116 4433/117 4514/6
f 4554/84 4555/17 4402/5 4403/39
f 4521/84 4522/17 4560/5 4561/39
f 4425/132 4437/133 4567/5 4569/6
f 4436/132 4423/133 4568/5 4566/6
f 4798/38 4797/2 4799/24 4800/70
f 4802/38 4801/2 4803/24 4804/70
f 4814/1 4823/26 4824/27 4825/6
f 4825/1 4826/2 4827/5 4828/6
f 4828/1 4829/26 4830/27 4815/6
f 4820/1 4831/26 4832/27 4833/6
f 4833/1 4834/2 4835/5 4836/6
f 4836/1 4837/26 4838/27 4821/6
f 4841/1 4824/2 4829/5 4842/6
f 4843/1 4832/2 4837/5 4844/6
f 4845/1 4846/2 4847/5 4848/6
f 4878/16 4880/78 4881/27 4879/6
f 4884/1 4885/26 4839/27 4840/6
f 4946/1 4947/2 4834/5 4843/6
f 4993/38 4991/2 4821/5 4838/39
f 5010/1 5011/2 4844/5 4835/6
f 5084/1 5118/26 5119/46 5087/25
f 5146/1 5145/26 5147/46 5148/25
f 4959/1 4957/26 4988/46 4989/25
f 5186/1 4841/2 4842/5 5187/6
f 4946/1 4843/2 4844/5 5011/6
f 4826/1 5191/2 5192/5 4827/6
f 4834/1 4947/2 5010/5 4835/6
f 5120/84 5121/17 5088/5 5089/39
f 5185/84 5196/17 5197/5 5184/39
f 5192/1 5187/2 4842/5 4827/6
f 5186/1 5191/2 4826/5 4841/6
f 5423/1 5239/2 5240/24 5424/25
f 5427/1 5241/2 5242/24 5428/25
f 5432/1 5290/26 5291/46 5433/25
f 5520/1 5521/2 5522/5 5523/6
f 5524/1 5525/2 5526/5 5527/6
f 5223/1 5562/2 5635/24 5226/25
f 5227/1 5637/2 5459/24 5230/25
f 5567/20 5568/2 5464/74 5465/138
f 5521/1 5666/2 5667/5 5522/6
f 5525/1 5668/2 5669/5 5526/6
f 5719/16 5237/17 5238/5 5716/6
f 5731/1 5669/36 5718/37 5730/6
f 5737/1 5527/2 5526/5 5731/6
f 5729/1 5739/36 5738/37 5737/6
f 5533/28 5741/29 5739/5 5532/6
f 5797/1 5798/2 5576/5 5799/6
f 5800/1 5474/2 5739/5 5801/6
f 5236/16 5784/17 5807/5 5235/6
f 5287/84 5705/17 5706/5 5286/39
f 5666/20 5808/2 5802/5 5806/21
f 5520/1 5809/2 5808/5 5521/6
f 5798/20 5785/2 5809/5 5810/21
f 5789/28 5528/29 5529/5 5798/6
f 5810/1 5520/2 5523/5 5857/6
f 5858/1 5524/2 5527/5 5738/6
f 5863/1 5864/2 5865/5 5866/6
f 5867/1 5864/2 5868/7 5869/8
f 5886/1 5882/2 5887/7 5888/8
f 5884/1 5883/2 5885/5 5881/6
f 5888/1 5894/2 5895/5 5890/6
f 5905/1 5909/2 5910/7 5911/8
f 5954/1 5955/2 5946/5 5956/6
f 5959/1 5953/2 5960/5 5961/6
f 5972/1 5957/2 5958/5 5973/6
f 5958/1 5973/2 5974/5 5959/6
f 5954/1 6035/2 6036/5 5955/6
f 6048/1 6047/2 6050/5 6049/6
f 6052/1 6051/2 6054/5 6053/6
f 6124/1 6123/26 6126/27 6125/6
f 6128/1 6127/26 6130/27 6129/6
f 5895/1 6159/2 6160/5 5890/6
f 6161/1 6162/2 6163/5 6164/6
f 6165/1 6166/2 6167/5 6168/6
f 6161/1 6048/2 6049/5 6164/6
f 6165/1 6052/2 6053/5 6168/6
f 6175/1 5869/2 5868/5 6176/6
f 5959/1 6177/2 6173/5 5953/6
f 5974/1 6179/2 6180/5 5959/6
f 5910/1 6186/2 6187/5 5911/6
f 6197/1 5863/2 5866/5 6198/6
f 6205/1 5864/2 5863/5 6197/6
f 5867/1 6206/2 6207/5 5864/6
f 5972/1 6212/2 6208/5 5957/6
f 6213/1 6214/2 6209/5 6210/6
f 6216/1 5909/2 5905/5 6215/6
f 6206/1 5867/2 5882/5 6220/6
f 6035/1 5954/2 5956/5 6221/6
f 6177/1 5959/2 5961/5 6222/6
f 5869/1 6175/2 6229/5 5887/6
f 6035/1 5884/2 5881/5 6221/6
f 5957/1 6208/2 6232/5 5958/6
f 6233/1 5958/2 5959/5 6180/6
f 6214/1 6213/2 6236/5 6237/6
f 5894/1 6243/2 6159/5 5895/6
f 6139/20 6140/2 6063/74 6064/138
f 6215/1 5905/2 5911/7 6187/8
f 6253/1 6254/36 6255/37 6141/6
f 6065/1 6256/36 6257/37 6258/6
f 6205/1 6197/2 6198/5 6269/6
f 6036/1 6035/2 6221/5 6270/6
f 6173/1 6177/2 6222/5 6273/6
f 6039/1 6035/2 6221/5 6274/6
f 6208/1 6212/2 6275/5 6232/6
f 6243/1 6278/2 6160/5 6159/6
f 6216/1 6215/2 6187/7 6186/8
f 6207/1 6206/2 6175/7 6176/8
f 6220/1 6289/2 6292/7 6229/8
f 6213/1 6210/2 6289/5 6236/6
f 6088/43 6147/2 6074/74 6071/143
f 6310/1 6233/2 6180/5 6179/6
f 6258/1 6121/26 6122/27 6317/6
f 6320/1 6321/36 6260/37 6257/6
f 6322/1 6168/2 6167/5 6319/6
f 6130/16 6324/17 6321/5 6129/6
f 6053/1 6325/2 6326/5 6168/6
f 6328/1 6327/36 6325/37 6054/6
f 6086/1 6087/26 6324/27 6170/6
f 6343/1 6161/2 6164/5 6344/6
f 6345/1 6165/2 6168/5 6322/6
f 6346/1 6161/2 6164/5 6347/6
f 6348/1 6165/2 6168/5 6326/6
f 6123/1 6349/2 6350/5 6126/6
f 6127/1 6351/2 6327/5 6130/6
f 6209/1 6214/2 6237/5 6371/6
f 6254/1 6375/2 6376/5 6255/6
f 6256/1 6377/2 6320/5 6257/6
f 6349/20 6346/2 6347/5 6350/21
f 6351/20 6348/2 6326/5 6327/21
f 6118/38 6253/2 6378/5 6117/39
f 6380/20 6375/2 6254/5 6259/21
f 6161/1 6343/2 6379/5 6162/6
f 6382/16 6123/17 6124/5 6380/6
f 6383/1 6048/2 6161/5 6346/6
f 6349/20 6352/2 6047/5 6383/21
f 6084/38 6085/2 6169/5 6382/39
f 6221/1 5956/2 5946/5 6270/6
f 5885/1 6274/2 6221/5 5881/6
f 6222/1 5961/2 5960/5 6273/6
f 6292/1 5888/2 5887/5 6229/6
f 6243/1 5894/2 5888/5 6278/6
f 5865/1 6269/2 6198/5 5866/6
f 5886/1 6289/2 6220/5 5882/6
f 6275/1 5973/2 5958/5 6232/6
f 6310/1 5973/2 5958/5 6233/6
f 6237/1 6236/2 6289/5 6371/6
f 5864/1 6205/2 6269/5 5865/6
f 5864/1 6207/2 6176/7 5868/8
f 5955/1 6036/2 6270/5 5946/6
f 5953/1 6173/2 6273/5 5960/6
f 6289/1 5886/2 5888/7 6292/8
f 5883/1 6039/2 6274/5 5885/6
f 6212/1 5972/2 5973/5 6275/6
f 5973/1 6310/2 6179/5 5974/6
f 6210/1 6209/2 6371/5 6289/6
f 6278/1 5888/2 5890/5 6160/6
f 5909/1 6216/2 6186/7 5910/8
f 6375/1 6124/2 6125/5 6376/6
f 6377/1 6128/2 6129/5 6320/6
f 6162/1 6379/2 6393/5 6163/6
f 6166/1 6394/2 6319/5 6167/6

usemtl minecraft_block-pink_stained_glass

f 4006/1 4005/2 4008/5 4007/6
f 4029/1 4030/2 4031/5 4032/6
f 4008/1 4032/32 4031/33 4007/6
f 4029/44 4005/2 4006/5 4030/45
f 4030/44 4006/2 4007/5 4031/45
f 4005/1 4029/32 4032/33 4008/6
f 4363/1 4364/2 4365/5 4366/6
f 4375/1 4376/2 4377/5 4378/6
f 4366/94 4365/95 4378/5 4377/6
f 4364/94 4363/95 4376/5 4375/6
f 4364/44 4375/2 4378/5 4365/45
f 4376/1 4363/32 4366/33 4377/6
f 5521/1 5520/2 5523/5 5522/6
f 5525/1 5524/2 5527/5 5526/6
f 5666/1 5521/2 5522/5 5667/6
f 5668/1 5525/2 5526/5 5669/6
f 5527/1 5738/2 5669/5 5526/6
f 5810/1 5520/2 5521/5 5666/6
f 5520/1 5810/2 5857/5 5523/6
f 5524/1 5858/2 5738/5 5527/6
f 5888/1 5887/2 5889/5 5890/6
f 5892/1 5883/2 5885/5 5893/6
f 5946/1 5947/2 5948/5 5949/6
f 5970/1 5954/2 5956/5 5971/6
f 5973/1 5958/2 5959/5 5974/6
f 5973/1 5975/2 5976/5 5974/6
f 5970/1 6039/2 6035/5 5954/6
f 5892/1 6040/2 6037/5 5883/6
f 6047/1 6048/2 6049/5 6050/6
f 6051/1 6052/2 6053/5 6054/6
f 6123/38 6124/2 6125/5 6126/39
f 6127/38 6128/2 6129/5 6130/39
f 6156/1 5890/2 5889/5 6157/6
f 6162/1 6161/2 6164/5 6163/6
f 6166/1 6165/2 6168/5 6167/6
f 6048/1 6161/2 6164/5 6049/6
f 6052/1 6165/2 6168/5 6053/6
f 6178/1 5974/2 5959/5 6177/6
f 6181/1 6182/2 6183/5 6184/6
f 5976/1 6185/2 6179/5 5974/6
f 5947/1 6199/2 6197/5 5948/6
f 6205/1 5949/2 5948/5 6197/6
f 6209/1 6210/2 6206/5 6211/6
f 6224/1 6225/2 6211/5 6206/6
f 5887/1 6229/2 6157/5 5889/6
f 5954/1 6035/2 6221/5 5956/6
f 5958/1 6232/2 6177/5 5959/6
f 6237/1 6236/2 6182/5 6181/6
f 6040/1 5892/2 5893/5 6238/6
f 5975/1 6245/2 6185/5 5976/6
f 6254/20 6253/2 6141/5 6255/21
f 6256/20 6065/2 6258/5 6257/21
f 6199/1 6270/2 6205/5 6197/6
f 6035/1 6039/2 6274/5 6221/6
f 6232/1 6275/2 6178/5 6177/6
f 6288/1 6224/2 6206/5 6210/6
f 6229/1 6292/2 6156/5 6157/6
f 6236/1 6289/2 6183/5 6182/6
f 6037/1 6040/2 6238/5 6288/6
f 6245/1 6310/2 6179/5 6185/6
f 6319/1 6320/36 6257/37 6258/6
f 6168/1 6323/36 6129/37 6167/6
f 6054/1 6053/2 6168/5 6322/6
f 6327/28 6130/29 6323/5 6326/6
f 6161/1 6346/2 6347/5 6164/6
f 6165/1 6348/2 6326/5 6168/6
f 6161/1 6343/2 6344/5 6164/6
f 6165/1 6345/2 6322/5 6168/6
f 6349/1 6123/2 6126/5 6350/6
f 6351/1 6127/2 6130/5 6327/6
f 6343/1 6047/2 6050/5 6344/6
f 6345/1 6051/2 6054/5 6322/6
f 6225/1 6370/2 6209/5 6211/6
f 6371/1 6237/2 6181/5 6184/6
f 6375/1 6254/2 6255/5 6376/6
f 6377/1 6256/2 6257/5 6320/6
f 6346/1 6349/36 6350/37 6347/6
f 6348/1 6351/36 6327/37 6326/6
f 6375/20 6379/2 6253/5 6254/21
f 6381/20 6161/2 6162/5 6124/21
f 6048/1 6047/2 6343/5 6161/6
f 6123/28 6349/29 6346/5 6381/6
f 5946/1 6270/2 6199/5 5947/6
f 6288/1 6370/2 6225/5 6224/6
f 6274/1 5971/2 5956/5 6221/6
f 6238/1 5893/2 5885/5 6288/6
f 5888/1 6292/2 6229/5 5887/6
f 5973/1 6275/2 6232/5 5958/6
f 6236/1 6237/2 6371/5 6289/6
f 6245/1 5975/2 5973/5 6310/6
f 6270/1 5946/2 5949/5 6205/6
f 6370/1 6288/2 6210/5 6209/6
f 6292/1 5888/2 5890/5 6156/6
f 6039/1 5970/2 5971/5 6274/6
f 6275/1 5973/2 5974/5 6178/6
f 6289/1 6371/2 6184/5 6183/6
f 5883/1 6037/2 6288/5 5885/6
f 6310/1 5973/2 5974/5 6179/6
f 6379/1 6162/2 6163/5 6393/6
f 6394/1 6166/2 6167/5 6319/6
f 6124/1 6375/2 6376/5 6125/6
f 6128/1 6377/2 6320/5 6129/6

usemtl minecraft_block-orange_terracotta

f 205/1 208/2 209/5 206/6
f 211/1 210/30 208/31 204/6
f 252/1 253/2 205/5 206/6
f 253/38 276/2 204/5 205/39
f 697/1 698/26 699/27 700/6
f 731/38 732/2 733/5 734/39
f 700/1 854/30 855/31 853/6
f 734/1 858/2 854/5 699/6
f 861/1 625/30 858/31 733/6
f 698/1 731/2 734/5 699/6
f 1198/1 1199/26 1200/27 1197/6
f 1203/16 1204/17 1205/5 1198/6
f 1209/94 1210/95 1199/5 1208/6
f 1217/1 1206/32 1204/33 1216/6
f 1219/16 1220/17 1221/5 1217/6
f 1225/1 1218/32 1210/33 1224/6
f 1223/1 1226/2 1227/5 1225/6
f 1268/43 1269/2 1224/5 1209/42
f 1281/1 1282/30 1206/31 1221/6
f 1339/38 1281/2 1221/5 1220/39
f 1448/1 1268/32 1209/33 1208/6
f 1282/43 1449/2 1205/5 1206/42
f 1269/1 1451/36 1223/37 1224/6
f 1449/1 1448/2 1208/5 1205/6
f 1586/1 1587/2 1588/5 1589/6
f 1675/1 1676/30 1677/31 1678/6
f 1689/43 1690/2 1691/5 1692/42
f 1587/44 1675/2 1678/5 1588/45
f 1751/16 1752/17 1753/5 1749/6
f 1692/34 1759/35 1755/5 1758/6
f 1762/1 1677/32 1752/33 1761/6
f 1763/94 1588/95 1678/5 1762/6
f 1765/1 1766/32 1759/33 1691/6
f 1589/16 1768/17 1769/5 1765/6
f 1771/1 1772/26 1768/27 1763/6
f 1690/1 1586/30 1589/31 1691/6
f 1818/1 1689/30 1692/31 1758/6
f 1676/43 1822/2 1753/5 1677/42
f 1869/1 1818/2 1758/5 1755/6
f 2005/1 2006/32 2007/33 2004/6
f 2010/28 2011/29 2012/5 2009/6
f 2016/1 2017/2 2018/5 2005/6
f 2003/1 2013/64 2011/65 2016/6
f 2079/44 2080/2 2017/5 2010/45
f 2088/1 2089/30 2006/31 2018/6
f 2089/1 2140/2 2007/5 2006/6
f 2080/1 2088/2 2018/5 2017/6
f 2213/1 2079/36 2010/37 2009/6
f 2314/1 2315/26 2316/27 2317/6
f 2320/94 2321/95 2322/5 2314/6
f 2323/94 2325/95 2315/5 2324/6
f 2327/1 2318/26 2325/27 2320/6
f 2550/1 2549/2 2321/5 2323/6
f 2552/1 2551/2 2324/5 2322/6
f 2551/1 2550/32 2323/33 2324/6
f 2549/44 2552/2 2322/5 2321/45
f 2762/1 2763/2 2764/5 2765/6
f 2766/20 2767/2 2768/5 2769/21
f 3031/1 3030/2 3142/5 3143/6
f 3032/1 3031/2 3143/5 3150/6
f 2763/1 3046/2 3182/5 2764/6
f 3046/1 3045/2 3255/5 3182/6
f 3048/1 3047/36 3256/37 3257/6
f 2767/1 3048/2 3257/5 2768/6
f 2927/1 3295/26 3296/27 2928/6
f 2933/1 3298/2 3150/5 2927/6
f 3142/1 3299/2 3295/5 3143/6
f 2942/1 3297/26 3299/27 2933/6
f 3310/1 3311/26 3312/27 3309/6
f 3315/1 3256/26 3307/27 3314/6
f 3317/1 2764/2 3182/5 3310/6
f 2765/1 3318/2 3311/5 3255/6
f 3319/1 2768/2 3257/5 3315/6
f 3229/1 3157/26 3318/27 3317/6
f 3313/1 3320/26 2769/27 3319/6
f 3030/1 3029/2 3298/5 3142/6
f 3029/1 3032/2 3150/5 3298/6
f 3045/1 2762/2 2765/5 3255/6
f 3470/1 3471/30 3472/31 3473/6
f 3476/1 3477/30 3478/31 3479/6
f 3474/1 3472/2 3477/24 3475/25
f 3488/1 3489/36 3490/37 3491/6
f 3496/38 3497/2 3492/5 3493/39
f 3494/38 3495/2 3498/5 3499/39
f 3500/1 3493/2 3494/24 3501/25
f 3508/1 3509/2 3510/22 3511/23
f 3512/38 3508/2 3513/5 3500/39
f 3501/38 3514/2 3511/5 3515/39
f 3471/1 3512/2 3515/22 3478/23
f 3519/1 3520/26 3521/27 3522/6
f 3523/1 3524/26 3525/27 3526/6
f 3521/1 3513/2 3514/24 3524/25
f 3520/1 3496/26 3493/27 3521/6
f 3524/1 3494/26 3499/27 3525/6
f 3493/1 3474/2 3475/24 3494/25
f 3493/16 3500/17 3513/5 3521/6
f 3473/1 3474/26 3493/27 3492/6
f 3508/43 3519/2 3532/5 3509/42
f 3512/16 3496/17 3520/5 3508/6
f 3471/43 3470/2 3497/5 3512/42
f 3526/1 3511/30 3510/31 3533/6
f 3499/16 3515/17 3511/5 3525/6
f 3479/1 3478/30 3515/31 3498/6
f 3501/16 3494/17 3524/5 3514/6
f 3475/38 3476/2 3495/5 3494/39
f 3537/1 3490/26 3536/27 3538/6
f 3579/1 3580/2 3578/5 3581/6
f 3582/20 3583/2 3580/5 3584/21
f 3588/1 3585/2 3587/5 3582/6
f 3589/38 3590/2 3586/5 3591/39
f 3595/1 3596/2 3597/5 3594/6
f 3598/1 3599/36 3600/37 3595/6
f 3602/1 3604/2 3599/5 3603/6
f 3605/1 3606/26 3607/27 3601/6
f 3609/44 3610/2 3611/5 3612/45
f 3613/1 3611/2 3614/24 3615/25
f 3616/44 3614/2 3617/5 3618/45
f 3612/1 3619/2 3620/24 3616/25
f 3610/1 3629/2 3630/22 3617/23
f 3629/1 3631/26 3632/27 3633/6
f 3635/1 3634/26 3636/27 3630/6
f 3631/1 3637/2 3638/22 3636/23
f 3639/1 3613/2 3615/24 3640/25
f 3641/38 3642/2 3639/5 3643/39
f 3644/38 3640/2 3645/5 3646/39
f 3633/1 3639/2 3640/24 3635/25
f 3642/1 3647/26 3648/27 3639/6
f 3640/1 3649/26 3650/27 3645/6
f 3619/1 3648/2 3649/24 3620/25
f 3647/1 3659/26 3660/27 3648/6
f 3649/1 3661/26 3662/27 3650/6
f 3663/1 3664/2 3665/22 3666/23
f 3664/1 3667/36 3668/37 3669/6
f 3671/1 3670/36 3672/37 3665/6
f 3639/1 3648/26 3619/27 3613/6
f 3632/16 3643/17 3639/5 3633/6
f 3673/1 3674/26 3675/27 3676/6
f 3668/28 3677/29 3673/5 3669/6
f 3679/44 3629/2 3610/5 3609/45
f 3641/16 3631/17 3629/5 3642/6
f 3680/16 3659/17 3647/5 3679/6
f 3684/1 3685/2 3683/5 3686/6
f 3688/38 3689/2 3685/5 3687/39
f 3690/1 3691/2 3689/5 3692/6
f 3695/1 3693/2 3694/5 3688/6
f 3682/44 3637/2 3631/5 3680/45
f 3698/125 3664/2 3663/5 3699/123
f 3700/28 3667/29 3664/5 3701/6
f 3704/28 3702/29 3703/5 3705/6
f 3709/38 3706/2 3708/5 3710/39
f 3714/20 3712/2 3713/5 3715/21
f 3630/1 3719/32 3618/33 3617/6
f 3636/16 3646/17 3645/5 3630/6
f 3662/16 3720/17 3719/5 3650/6
f 3724/1 3725/2 3726/5 3723/6
f 3728/1 3729/26 3727/27 3724/6
f 3730/1 3731/2 3732/5 3728/6
f 3733/1 3735/2 3729/5 3734/6
f 3638/1 3721/32 3720/33 3636/6
f 3665/1 3738/116 3739/117 3666/6
f 3672/28 3740/29 3741/5 3665/6
f 3742/28 3744/29 3745/5 3743/6
f 3747/1 3749/26 3750/27 3748/6
f 3752/1 3754/36 3755/37 3753/6
f 3643/1 3632/2 3634/24 3644/25
f 3659/38 3641/2 3643/5 3660/39
f 3661/38 3644/2 3646/5 3662/39
f 3649/38 3640/2 3615/5 3620/39
f 3644/16 3634/17 3635/5 3640/6
f 3759/38 3760/2 3761/5 3762/39
f 3763/28 3670/29 3671/5 3760/6
f 3669/1 3673/2 3760/24 3671/25
f 3701/1 3703/26 3674/27 3673/6
f 3760/1 3759/26 3743/27 3741/6
f 3637/44 3663/2 3765/5 3766/45
f 3676/1 3765/2 3767/24 3761/25
f 3768/44 3767/2 3666/5 3638/45
f 3766/1 3675/2 3762/24 3768/25
f 3673/1 3676/2 3761/24 3760/25
f 3700/20 3701/2 3673/5 3677/21
f 3763/20 3760/2 3741/5 3740/21
f 3675/1 3674/2 3759/24 3762/25
f 3703/1 3702/36 3678/37 3674/6
f 3759/1 3764/36 3742/37 3743/6
f 3777/1 3778/2 3779/22 3780/23
f 3781/1 3791/32 3792/33 3782/6
f 3782/1 3793/2 3794/24 3787/25
f 3787/1 3795/32 3796/33 3788/6
f 3797/1 3792/2 3795/24 3798/25
f 3799/38 3800/2 3801/5 3802/39
f 3803/38 3804/2 3805/5 3806/39
f 3793/1 3802/2 3803/24 3794/25
f 3817/38 3799/2 3802/5 3815/39
f 3816/38 3803/2 3806/5 3818/39
f 3819/1 3815/2 3816/24 3820/25
f 3821/1 3822/2 3823/24 3824/25
f 3825/38 3826/2 3821/5 3827/39
f 3828/38 3824/2 3829/5 3830/39
f 3831/1 3832/2 3822/5 3833/6
f 3834/1 3823/2 3835/5 3836/6
f 3832/1 3837/2 3838/22 3835/23
f 3822/1 3821/2 3847/5 3833/6
f 3815/16 3819/17 3850/5 3849/6
f 3793/1 3797/26 3815/27 3802/6
f 3826/1 3832/2 3831/5 3851/6
f 3853/1 3825/2 3852/5 3854/6
f 3858/28 3855/29 3857/5 3859/6
f 3862/28 3860/29 3861/5 3863/6
f 3867/34 3868/35 3866/5 3869/6
f 3856/44 3837/2 3832/5 3853/45
f 3865/20 3871/2 3872/5 3862/21
f 3875/38 3873/2 3874/5 3876/39
f 3879/38 3877/2 3878/5 3880/39
f 3883/1 3881/2 3882/5 3884/6
f 3778/20 3887/2 3888/5 3867/21
f 3891/20 3889/2 3881/5 3892/21
f 3897/44 3898/2 3896/5 3777/45
f 3902/20 3899/2 3901/5 3903/21
f 3906/1 3904/2 3905/5 3893/6
f 3799/16 3894/17 3898/5 3800/6
f 3908/16 3817/17 3907/5 3897/6
f 3913/38 3909/2 3912/5 3906/39
f 3895/1 3914/2 3916/5 3913/6
f 3791/44 3781/2 3894/5 3908/45
f 3835/1 3829/2 3917/5 3836/6
f 3830/1 3919/2 3920/5 3918/6
f 3922/28 3924/29 3925/5 3923/6
f 3926/28 3928/29 3929/5 3927/6
f 3933/34 3934/35 3935/5 3932/6
f 3838/1 3921/32 3919/33 3835/6
f 3937/1 3930/36 3928/37 3938/6
f 3939/1 3941/26 3942/27 3940/6
f 3943/1 3945/26 3946/27 3944/6
f 3947/1 3949/2 3950/5 3948/6
f 3953/1 3779/36 3934/37 3954/6
f 3956/1 3957/36 3958/37 3947/6
f 3963/1 3964/32 3780/33 3962/6
f 3966/1 3968/36 3969/37 3967/6
f 3970/1 3972/2 3959/5 3971/6
f 3961/16 3806/17 3805/5 3963/6
f 3818/16 3974/17 3964/5 3973/6
f 3976/1 3979/26 3972/27 3977/6
f 3980/1 3960/2 3979/5 3981/6
f 3788/1 3796/32 3974/33 3961/6
f 3824/1 3823/2 3834/5 3983/6
f 3820/16 3816/17 3985/5 3986/6
f 3798/38 3794/2 3803/5 3816/39
f 3800/1 3907/26 3849/27 3801/6
f 3804/1 3985/26 3973/27 3805/6
f 3849/1 3850/2 3986/24 3985/25
f 3826/1 3851/2 3847/5 3821/6
f 3824/1 3983/2 3917/5 3829/6
f 3907/1 3817/26 3815/27 3849/6
f 3985/1 3816/26 3818/27 3973/6
f 3815/1 3797/2 3798/24 3816/25
f 3897/1 3777/2 3780/22 3964/23
f 3908/38 3897/2 3850/5 3819/39
f 3820/38 3986/2 3964/5 3974/39
f 3791/1 3908/2 3974/22 3796/23
f 3867/38 3997/2 3998/5 3999/39
f 4000/38 4001/2 4002/5 3934/39
f 4003/1 3999/2 4000/24 4004/25
f 3852/1 3825/2 3827/5 3848/6
f 3984/1 3828/2 3830/5 3918/6
f 4500/1 4501/30 4502/31 4499/6
f 4527/1 4528/26 4529/27 4500/6
f 4853/1 4854/2 4855/5 4851/6
f 4856/1 4858/2 4859/5 4857/6
f 4850/1 4860/26 4858/27 4853/6
f 4865/1 4866/26 4867/27 4864/6
f 4869/94 4870/95 4871/5 4865/6
f 4872/94 4874/95 4866/5 4873/6
f 4863/1 4875/26 4874/27 4869/6
f 4970/1 4969/2 4854/5 4856/6
f 4983/1 4982/2 4873/5 4871/6
f 4981/1 4980/2 4870/5 4872/6
f 4971/1 4970/2 4856/5 4857/6
f 4982/1 4981/32 4872/33 4873/6
f 4969/1 4972/2 4855/5 4854/6
f 4980/44 4983/2 4871/5 4870/45
f 5322/1 5323/2 5324/5 5325/6
f 5477/1 5480/2 5516/5 5517/6
f 5323/1 5476/32 5664/33 5324/6
f 5480/1 5479/2 5665/5 5516/6
f 5476/1 5475/2 5713/5 5664/6
f 5721/1 5722/64 5723/65 5702/6
f 5726/1 5727/26 5551/27 5717/6
f 5732/1 5325/2 5324/5 5721/6
f 5713/1 5733/2 5722/5 5664/6
f 5734/1 5517/2 5516/5 5726/6
f 5735/1 5736/2 5727/5 5665/6
f 5720/1 5724/64 5733/65 5732/6
f 5725/1 5728/26 5736/27 5734/6
f 5479/1 5478/2 5735/5 5665/6
f 5475/44 5322/2 5325/5 5713/45
f 5478/1 5477/2 5517/5 5735/6
f 6093/1 6094/2 6095/5 6096/6
f 6332/1 6334/26 6335/27 6333/6

usemtl minecraft_block-yellow_wool

f 245/20 246/2 239/24 247/40
f 245/41 242/29 235/5 246/42
f 257/1 245/26 247/46 264/25
f 276/1 253/26 252/27 279/6
f 296/1 297/2 298/47 299/48
f 456/1 548/2 420/47 421/48
f 530/1 567/2 425/47 424/48
f 790/43 812/2 813/24 796/71
f 624/84 594/17 791/5 790/39
f 732/1 731/26 698/27 697/6
f 624/38 790/2 796/24 630/70
f 1067/38 1064/2 1065/24 1068/70
f 1071/38 1072/2 1073/24 1074/70
f 1187/38 1176/2 1177/24 1188/70
f 1309/1 1071/26 1074/46 1310/25
f 1176/1 1326/26 1327/46 1177/25
f 1072/96 1181/35 1344/5 1064/39
f 1071/98 1326/17 1176/5 1072/60
f 1291/38 1290/2 1326/5 1329/39
f 1282/34 1447/35 1448/5 1449/6
f 1450/1 1268/32 1447/33 1281/6
f 1339/28 1451/29 1269/5 1450/6
f 1344/1 1252/26 1253/46 1442/25
f 1064/38 1344/2 1442/24 1065/70
f 1484/1 1485/26 1486/46 1487/25
f 1594/1 1595/26 1596/46 1597/25
f 1703/1 1617/26 1618/46 1706/25
f 1641/1 1484/26 1487/46 1642/25
f 1776/38 1703/2 1706/24 1777/70
f 1485/38 1643/2 1646/24 1486/70
f 1595/38 1814/2 1815/24 1596/70
f 1807/1 1827/36 1828/92 1829/25
f 1814/84 1775/17 1807/5 1813/39
f 1595/98 1617/17 1703/5 1814/60
f 1485/96 1484/35 1617/5 1621/39
f 1870/1 1869/36 1871/37 1822/6
f 1676/16 1872/17 1818/5 1870/6
f 1873/1 1689/32 1872/33 1675/6
f 1587/34 1586/35 1690/5 1873/6
f 1916/1 1917/26 1918/46 1919/25
f 2064/38 1916/2 1919/24 2065/70
f 1917/1 2117/26 2118/46 1918/25
f 2119/1 2120/26 2121/46 2122/25
f 2120/98 1917/17 1916/5 2150/60
f 2089/1 2212/2 2213/5 2140/6
f 2080/1 2079/32 2212/33 2088/6
f 2120/38 2150/2 2214/24 2121/70
f 2404/38 2405/2 2427/24 2410/70
f 2449/1 2453/26 2454/111 2455/75
f 2538/84 2446/17 2405/5 2404/39
f 2549/94 2550/95 2551/5 2552/6
f 2453/1 2581/26 2548/111 2454/75
f 2585/38 2449/2 2450/24 2587/70
f 2539/43 2404/2 2410/24 2616/71
f 2581/38 2585/2 2616/74 2548/114
f 2581/84 2453/17 2449/5 2585/39
f 2734/1 2740/26 2741/111 2737/75
f 2808/38 2804/2 2805/74 2809/114
f 2811/38 2734/2 2737/74 2812/114
f 2957/1 2958/2 2959/47 2960/48
f 3029/1 3030/2 3031/5 3032/6
f 2763/1 2762/2 3045/5 3046/6
f 2767/1 2766/36 3047/37 3048/6
f 2926/1 3074/26 3026/111 2948/75
f 3074/84 2926/17 2925/5 3116/39
f 3128/84 3127/17 2804/5 2808/39
f 3129/84 2740/17 2734/5 2811/39
f 3128/38 2808/2 2809/74 3044/114
f 2740/1 3129/26 3051/111 2741/75
f 3129/38 2811/2 3281/24 3282/70
f 3116/38 2925/2 3388/74 3027/114
f 3074/38 3116/2 3027/74 3026/114
f 2804/1 3127/26 3042/111 2805/75
f 3492/1 3493/26 3494/46 3495/25
f 3506/38 3502/2 3503/24 3507/70
f 3493/38 3521/2 3524/24 3494/70
f 3502/1 3480/2 3531/24 3503/25
f 3493/84 3492/17 3522/5 3521/39
f 3486/38 3480/2 3502/5 3506/39
f 3495/16 3494/78 3524/27 3523/6
f 3639/1 3643/26 3644/46 3640/25
f 3648/38 3639/2 3640/24 3649/70
f 3660/84 3643/17 3639/5 3648/39
f 3678/91 3677/29 3673/5 3674/39
f 3644/16 3661/78 3649/27 3640/6
f 3763/28 3764/126 3759/27 3760/6
f 3674/38 3673/2 3760/24 3759/70
f 3673/1 3677/36 3763/92 3760/25
f 3802/1 3815/26 3816/46 3803/25
f 3827/38 3821/2 3847/5 3848/39
f 3815/84 3802/17 3801/5 3849/39
f 3824/1 3828/26 3984/27 3983/6
f 3803/16 3816/78 3985/27 3804/6
f 3847/1 3821/2 3824/24 3983/25
f 3815/38 3849/2 3985/24 3816/70
f 4536/38 4539/2 4540/24 4538/70
f 4564/1 4536/2 4538/24 4533/25
f 4564/43 4526/2 4537/5 4536/42
f 4952/84 4949/17 4953/5 4954/39
f 4969/1 4970/2 4971/5 4972/6
f 4980/94 4981/95 4982/5 4983/6
f 5029/1 5030/26 4975/111 4965/75
f 5071/38 5068/2 4974/74 4973/114
f 4949/1 4952/26 4986/46 4976/25
f 5155/1 5156/26 5157/46 5158/25
f 5156/38 5071/2 4973/74 4979/114
f 5030/91 5029/29 5188/5 5166/39
f 5156/84 5155/17 5068/5 5071/39
f 5188/1 5029/36 4965/134 4968/75
f 5068/1 5155/26 5194/111 4974/75
f 4950/1 4949/30 4976/135 5194/25
f 5362/38 5359/2 5360/74 5363/114
f 5322/1 5475/32 5476/33 5323/6
f 5477/1 5478/2 5479/5 5480/6
f 5557/38 5558/2 5473/74 5472/114
f 5362/84 5572/17 5563/5 5359/39
f 5557/84 5573/17 5574/5 5558/39
f 5709/1 5710/26 5467/46 5468/25
f 5563/1 5572/26 5745/46 5746/25
f 5574/1 5573/26 5469/111 5470/75
f 5288/84 5710/17 5709/5 5289/39
f 5710/1 5783/64 5363/139 5467/25
f 5572/1 5362/26 5783/140 5747/73
f 5573/1 5557/26 5472/111 5469/75
f 5359/38 5563/2 5460/74 5360/114
f 6155/38 6153/2 6150/5 6151/39
f 6150/1 6153/2 6079/74 6078/75
f 6131/1 5859/2 5862/47 6196/48
f 6135/1 6136/2 6223/47 6309/48
f 6151/38 6150/2 6078/74 6077/114
f 6134/1 6133/2 6336/47 6219/48
f 5913/1 6143/2 6281/47 5914/48

usemtl minecraft_block-quartz_block_side

f 320/1 321/2 322/10 323/9
f 324/1 325/2 326/10 327/9
f 345/9 346/10 347/5 348/6
f 408/9 409/10 410/5 411/6
f 391/1 389/2 473/10 474/9
f 474/9 408/11 411/55 446/6
f 446/1 450/2 371/10 367/9
f 392/1 391/2 435/7 434/8
f 392/1 320/2 323/10 482/9
f 482/9 345/11 348/55 447/6
f 447/1 324/2 327/10 368/9
f 400/1 392/2 434/7 437/8
f 399/1 400/2 484/10 485/9
f 486/11 484/10 452/5 451/55
f 454/1 452/2 374/10 373/9
f 321/1 391/2 474/10 322/9
f 346/11 474/10 446/5 347/55
f 325/1 446/2 367/10 326/9
f 391/1 396/2 436/7 435/8
f 396/1 398/2 524/10 525/9
f 525/9 526/11 453/55 448/6
f 448/1 455/2 372/10 370/9
f 389/1 395/2 533/10 473/9
f 450/1 449/2 369/10 371/9
f 395/1 396/2 525/10 533/9
f 409/11 525/10 448/5 410/55
f 449/1 448/2 370/10 369/9
f 396/1 400/2 437/7 436/8
f 398/1 399/2 485/10 524/9
f 455/1 454/2 373/10 372/9
f 526/9 486/10 451/5 453/6
f 3291/9 3292/10 3293/5 3294/6
f 2874/1 2873/2 3355/10 3356/9
f 3292/11 3355/10 3343/5 3293/55
f 3346/1 3343/2 2848/10 2847/9
f 2882/1 2874/2 3356/10 3365/9
f 3345/1 3346/2 2847/10 2846/9
f 2881/1 2882/2 3365/10 3373/9
f 3373/9 3291/11 3294/55 3344/6
f 3344/1 3345/2 2846/10 2845/9
f 5870/1 5871/2 5872/10 5873/9
f 5874/11 5872/10 5875/5 5876/55
f 5877/1 5875/2 5878/10 5879/9
f 5871/1 5891/2 5883/7 5884/8
f 5891/1 5896/2 5897/10 5898/9
f 5898/9 5899/11 5900/55 5901/6
f 5901/1 5902/2 5903/10 5904/9
f 5962/1 5963/2 5964/10 5965/9
f 5966/1 5967/2 5968/10 5969/9
f 6101/9 6102/10 6103/5 6104/6
f 6105/9 6106/10 6107/5 6108/6
f 6188/9 5874/10 5876/5 6189/6
f 5899/9 6217/10 6218/5 5900/6
f 5871/1 6009/2 6227/10 5872/9
f 5872/9 6105/11 6108/55 5875/6
f 5875/1 6228/2 5988/10 5878/9
f 6012/1 5871/2 5884/7 6035/8
f 5963/1 6012/2 6230/10 5964/9
f 6102/11 6230/10 6231/5 6103/55
f 5967/1 6231/2 5985/10 5968/9
f 5896/1 6023/2 6240/10 5897/9
f 5902/1 6241/2 5990/10 5903/9
f 6012/1 6004/2 6271/10 6230/9
f 6230/9 6188/11 6189/55 6231/6
f 6231/1 6272/2 5986/10 5985/9
f 6018/1 6012/2 6035/7 6039/8
f 6023/1 6018/2 6276/10 6240/9
f 6217/11 6276/10 6277/5 6218/55
f 6241/1 6277/2 5989/10 5990/9
f 6009/1 6017/2 6290/10 6227/9
f 6228/1 6291/2 5987/10 5988/9
f 6004/1 5870/2 5873/10 6271/9
f 6272/1 5877/2 5879/10 5986/9
f 6017/1 5891/2 5898/10 6290/9
f 6106/11 5898/10 5901/5 6107/55
f 6291/1 5901/2 5904/10 5987/9
f 5891/1 6018/2 6039/7 5883/8
f 6018/1 5962/2 5965/10 6276/9
f 6276/9 6101/11 6104/55 6277/6
f 6277/1 5966/2 5969/10 5989/9

usemtl minecraft_block-blue_stained_glass_pane_top

f 902/80 903/81 904/82 905/83
f 906/80 907/81 908/82 909/83
f 910/80 911/81 912/82 913/83
f 914/80 915/81 916/82 917/83
f 918/80 919/81 920/82 921/83
f 922/80 923/81 924/82 925/83
f 926/80 927/81 928/82 929/83
f 930/82 931/83 932/80 933/81
f 934/82 935/83 936/80 937/81
f 938/82 939/83 940/80 941/81
f 942/82 943/83 944/80 945/81
f 946/82 947/83 948/80 949/81
f 950/82 951/83 952/80 953/81
f 954/82 955/83 956/80 957/81
f 985/82 986/83 987/80 988/81
f 989/82 990/83 991/80 992/81
f 993/82 994/83 995/80 996/81
f 997/82 998/83 999/80 1000/81
f 1001/82 1002/83 1003/80 1004/81
f 1005/82 1006/83 1007/80 1008/81
f 1009/82 1010/83 1011/80 1012/81
f 1013/80 1014/81 1015/82 1016/83
f 1017/80 1018/81 1019/82 1020/83
f 1021/80 1022/81 1023/82 1024/83
f 1025/80 1026/81 1027/82 1028/83
f 1029/80 1030/81 1031/82 1032/83
f 1033/80 1034/81 1035/82 1036/83
f 1037/80 1038/81 1039/82 1040/83
f 1983/80 1984/81 1985/82 1986/83
f 1991/80 1992/81 1993/82 1994/83
f 1995/80 1996/81 1997/82 1998/83
f 1999/80 2000/81 2001/82 2002/83
f 2029/82 2030/83 2031/80 2032/81
f 2033/82 2034/83 2035/80 2036/81
f 2037/82 2038/83 2039/80 2040/81
f 2041/82 2042/83 2043/80 2044/81
f 2176/82 2177/83 2178/80 2179/81
f 2180/82 2181/83 2182/80 2183/81
f 2184/82 2185/83 2186/80 2187/81
f 2188/82 2189/83 2190/80 2191/81
f 2216/80 2217/81 2218/82 2219/83
f 2220/80 2221/81 2222/82 2223/83
f 2224/80 2225/81 2226/82 2227/83
f 2228/80 2229/81 2230/82 2231/83
f 2491/80 2492/81 2493/82 2494/83
f 2497/80 2498/81 2499/82 2500/83
f 2501/80 2502/81 2503/82 2504/83
f 2526/82 2527/83 2528/80 2529/81
f 2530/82 2531/83 2532/80 2533/81
f 2534/82 2535/83 2536/80 2537/81
f 2621/82 2622/83 2623/80 2624/81
f 2625/82 2626/83 2627/80 2628/81
f 2629/82 2630/83 2631/80 2632/81
f 2633/80 2634/81 2635/82 2636/83
f 2637/80 2638/81 2639/82 2640/83
f 2641/80 2642/81 2643/82 2644/83

usemtl minecraft_block-yellow_terracotta

f 3585/1 3586/2 3583/5 3587/6
f 3601/1 3602/2 3603/5 3598/6
f 3693/1 3690/2 3692/5 3694/6
f 3696/91 3697/29 3691/5 3695/39
f 3711/43 3709/2 3710/5 3696/42
f 3716/43 3714/2 3715/5 3717/42
f 3731/1 3733/2 3734/5 3732/6
f 3736/28 3737/126 3735/27 3730/6
f 3749/1 3751/30 3737/31 3750/6
f 3754/1 3756/30 3757/31 3755/6
f 3860/41 3858/29 3859/5 3861/42
f 3871/43 3870/2 3855/5 3872/42
f 3877/43 3875/2 3876/5 3878/42
f 3885/43 3883/2 3884/5 3886/42
f 3893/38 3891/2 3892/5 3885/39
f 3904/1 3902/2 3903/5 3905/6
f 3924/28 3926/127 3927/31 3925/6
f 3936/1 3937/30 3938/31 3922/6
f 3941/1 3943/30 3944/31 3942/6
f 3949/1 3951/30 3952/31 3950/6
f 3957/1 3959/26 3951/27 3958/6
f 3968/1 3970/2 3971/5 3969/6

usemtl minecraft_block-magenta_stained_glass_pane_top

f 4135/82 4136/83 4137/80 4138/81
f 4139/82 4140/83 4141/80 4142/81
f 4143/82 4144/83 4145/80 4146/81
f 4147/82 4148/83 4149/80 4150/81
f 4151/82 4152/83 4153/80 4154/81
f 4155/82 4156/83 4157/80 4158/81
f 4159/82 4160/83 4161/80 4162/81
f 4179/80 4180/81 4181/82 4182/83
f 4183/80 4184/81 4185/82 4186/83
f 4187/80 4188/81 4189/82 4190/83
f 4191/80 4192/81 4193/82 4194/83
f 4195/80 4196/81 4197/82 4198/83
f 4199/80 4200/81 4201/82 4202/83
f 4203/80 4204/81 4205/82 4206/83
f 4211/80 4212/81 4213/82 4214/83
f 4217/80 4218/81 4219/82 4220/83
f 4221/80 4222/81 4223/82 4224/83
f 4225/80 4226/81 4227/82 4228/83
f 4229/80 4230/81 4231/82 4232/83
f 4233/80 4234/81 4235/82 4236/83
f 4237/80 4238/81 4239/82 4240/83
f 4270/82 4271/83 4272/80 4273/81
f 4274/82 4275/83 4276/80 4277/81
f 4278/82 4279/83 4280/80 4281/81
f 4282/82 4283/83 4284/80 4285/81
f 4286/82 4287/83 4288/80 4289/81
f 4290/82 4291/83 4292/80 4293/81
f 4294/82 4295/83 4296/80 4297/81
f 4440/80 4441/81 4442/82 4443/83
f 4446/80 4447/81 4448/82 4449/83
f 4450/80 4451/81 4452/82 4453/83
f 4454/80 4455/81 4456/82 4457/83
f 4458/80 4459/81 4460/82 4461/83
f 4462/80 4463/81 4464/82 4465/83
f 4466/82 4467/83 4468/80 4469/81
f 4470/82 4471/83 4472/80 4473/81
f 4474/82 4475/83 4476/80 4477/81
f 4478/82 4479/83 4480/80 4481/81
f 4482/82 4483/83 4484/80 4485/81
f 4486/82 4487/83 4488/80 4489/81
f 4570/82 4571/83 4572/80 4573/81
f 4574/82 4575/83 4576/80 4577/81
f 4578/82 4579/83 4580/80 4581/81
f 4582/82 4583/83 4584/80 4585/81
f 4586/82 4587/83 4588/80 4589/81
f 4590/82 4591/83 4592/80 4593/81
f 4595/80 4596/81 4597/82 4598/83
f 4599/80 4600/81 4601/82 4602/83
f 4603/80 4604/81 4605/82 4606/83
f 4607/80 4608/81 4609/82 4610/83
f 4611/80 4612/81 4613/82 4614/83
f 4615/80 4616/81 4617/82 4618/83
f 4942/80 4943/81 4944/82 4945/83
f 4961/82 4962/83 4963/80 4964/81
f 5199/82 5200/83 5201/80 5202/81
f 5203/80 5204/81 5205/82 5206/83

usemtl minecraft_block-orange_stained_glass

f 115/1 113/2 116/5 117/6
f 119/1 118/2 120/5 121/6
f 125/1 117/2 121/7 122/8
f 176/1 177/2 178/5 179/6
f 178/1 179/2 181/5 180/6
f 192/1 193/2 194/5 195/6
f 194/1 195/2 197/5 196/6
f 215/1 220/36 221/37 222/6
f 222/1 223/2 224/5 225/6
f 224/1 229/36 230/37 226/6
f 221/1 232/2 229/5 228/6
f 233/38 234/2 235/5 236/39
f 118/1 238/2 239/5 120/6
f 250/1 233/2 236/5 251/6
f 220/1 254/2 255/5 221/6
f 255/1 221/2 228/5 256/6
f 223/1 258/2 259/5 224/6
f 259/1 224/2 226/5 260/6
f 250/38 261/2 234/5 233/39
f 266/1 215/2 225/7 178/8
f 193/1 266/2 177/5 194/6
f 196/1 178/2 180/5 268/6
f 269/1 194/2 268/7 155/8
f 119/1 270/2 238/5 118/6
f 225/1 224/2 259/5 271/6
f 228/1 224/2 259/5 256/6
f 179/1 178/2 225/5 272/6
f 196/1 197/2 179/5 178/6
f 261/1 250/26 251/27 273/6
f 274/1 115/2 117/5 275/6
f 117/1 275/2 270/5 119/6
f 275/1 117/2 116/5 237/6
f 125/1 277/2 275/5 117/6
f 223/1 221/2 255/5 258/6
f 232/1 221/2 255/5 277/6
f 195/1 194/2 177/5 176/6
f 269/1 278/2 195/5 194/6
f 748/38 746/2 749/5 750/39
f 901/38 900/2 746/5 748/39
f 963/1 964/26 750/27 749/6
f 901/1 748/2 750/5 964/6
f 1092/1 1087/2 1093/7 1094/8
f 1099/1 1092/2 1100/5 1101/6
f 1102/1 1094/2 1095/5 1103/6
f 1104/1 1101/2 1103/7 1096/8
f 1244/1 1243/2 1245/5 1246/6
f 1247/20 1245/2 1240/5 1248/21
f 1237/20 1242/2 1244/5 1249/21
f 1249/1 1250/2 1247/5 1251/6
f 1258/1 1257/2 1259/5 1260/6
f 1261/1 1262/30 1263/31 1264/6
f 1265/1 1099/2 1101/5 1266/6
f 1256/1 1255/2 1258/5 1257/6
f 1101/1 1266/2 1267/5 1102/6
f 1274/1 1273/2 1275/5 1276/6
f 1283/1 1100/2 1094/5 1284/6
f 1272/1 1271/2 1274/5 1273/6
f 1278/43 1277/2 1280/5 1279/42
f 1094/1 1284/2 1285/5 1095/6
f 1292/1 1297/36 1298/37 1299/6
f 1299/1 1300/2 1301/5 1302/6
f 1301/1 1307/36 1076/37 1303/6
f 1298/1 1308/2 1307/5 1306/6
f 1318/1 1317/2 1319/5 1320/6
f 1321/20 1319/2 1163/5 1322/21
f 1313/20 1316/2 1318/5 1323/21
f 1323/1 1324/2 1321/5 1325/6
f 1335/1 1244/2 1246/5 1336/6
f 1242/1 1334/2 1335/5 1244/6
f 1277/1 1337/26 1338/27 1280/6
f 1354/1 1274/2 1355/7 1178/8
f 1271/1 1356/2 1255/5 1274/6
f 1276/1 1258/2 1260/5 1355/6
f 1356/1 1313/2 1325/7 1258/8
f 1369/34 1278/35 1368/5 1370/6
f 1262/44 1375/2 1277/5 1369/45
f 1376/28 1337/29 1375/5 1261/6
f 1381/1 1321/2 1322/5 1382/6
f 1324/1 1380/2 1381/5 1321/6
f 1394/1 1393/2 1396/5 1395/6
f 1394/1 1397/2 1398/5 1395/6
f 1400/1 1399/2 1402/5 1401/6
f 1251/1 1403/2 1400/5 1399/6
f 1404/1 1336/2 1246/5 1247/6
f 1404/1 1405/2 1251/5 1247/6
f 1284/1 1094/2 1093/5 1406/6
f 1257/1 1258/2 1276/5 1275/6
f 1102/1 1267/2 1284/5 1094/6
f 1325/1 1407/2 1257/5 1258/6
f 1381/1 1408/2 1320/5 1321/6
f 1381/1 1409/2 1325/5 1321/6
f 1302/1 1301/2 1410/5 1411/6
f 1306/1 1301/2 1410/5 1412/6
f 1414/1 1318/2 1320/5 1408/6
f 1316/1 1413/2 1414/5 1318/6
f 1426/1 1425/2 1428/5 1427/6
f 1426/1 1429/2 1430/5 1427/6
f 1432/1 1431/2 1433/5 1425/6
f 1434/1 1435/2 1432/5 1431/6
f 1335/1 1436/2 1243/5 1244/6
f 1335/1 1437/2 1250/5 1244/6
f 1273/1 1274/2 1354/5 1436/6
f 1255/1 1256/2 1273/5 1274/6
f 1266/1 1101/2 1100/5 1283/6
f 1104/1 1438/2 1266/5 1101/6
f 1414/1 1439/2 1317/5 1318/6
f 1414/1 1380/2 1324/5 1318/6
f 1300/1 1298/2 1440/5 1441/6
f 1308/1 1298/2 1440/5 1438/6
f 1394/1 1395/2 1452/5 1453/6
f 1430/1 1429/2 1394/5 1395/6
f 1262/44 1370/2 1454/5 1263/45
f 1297/1 1455/2 1440/5 1298/6
f 1440/1 1298/2 1306/5 1412/6
f 1426/1 1427/2 1396/5 1393/6
f 1457/1 1456/2 1426/5 1427/6
f 1368/1 1278/30 1279/31 1458/6
f 1300/1 1441/2 1410/5 1301/6
f 1410/1 1301/2 1303/5 1459/6
f 1433/1 1431/2 1461/7 1446/8
f 1460/1 1462/2 1434/5 1431/6
f 1402/1 1399/2 1463/5 1461/6
f 1462/1 1237/2 1251/7 1399/8
f 1404/1 1247/2 1248/5 1464/6
f 1250/1 1437/2 1404/5 1247/6
f 1376/20 1261/2 1264/5 1465/21
f 1427/1 1428/2 1468/5 1396/6
f 1395/20 1468/2 1443/5 1452/21
f 1063/20 1457/2 1427/5 1469/21
f 1469/1 1430/2 1395/5 1398/6
f 1431/1 1432/2 1401/5 1402/6
f 1470/1 1460/2 1431/5 1432/6
f 1370/1 1368/2 1458/5 1454/6
f 1399/1 1400/2 1471/5 1463/6
f 1435/1 1434/2 1399/5 1400/6
f 1548/1 1550/36 1551/37 1552/6
f 1552/1 1553/2 1554/5 1555/6
f 1554/1 1558/36 1559/37 1556/6
f 1551/1 1561/2 1558/5 1557/6
f 1570/1 1571/2 1572/5 1573/6
f 1572/1 1573/2 1575/5 1574/6
f 1576/1 1577/2 1578/5 1579/6
f 1580/1 1581/2 1582/5 1583/6
f 1582/1 1583/2 1585/5 1584/6
f 1644/1 1650/36 1651/37 1652/6
f 1652/1 1653/2 1654/5 1655/6
f 1654/1 1661/36 1657/37 1656/6
f 1651/1 1662/2 1661/5 1660/6
f 1668/1 1667/2 1669/5 1670/6
f 1666/1 1665/2 1668/5 1667/6
f 1672/43 1671/2 1674/5 1673/42
f 1682/1 1681/2 1683/5 1684/6
f 1685/1 1686/30 1687/31 1688/6
f 1680/1 1679/2 1682/5 1681/6
f 1698/1 1668/2 1699/7 1700/8
f 1665/1 1701/2 1679/5 1668/6
f 1670/1 1682/2 1684/5 1699/6
f 1701/1 1601/2 1702/7 1682/8
f 1733/1 1732/2 1734/5 1735/6
f 1731/1 1730/2 1733/5 1732/6
f 1671/1 1576/32 1579/33 1674/6
f 1553/1 1736/2 1737/5 1554/6
f 1737/1 1554/2 1556/5 1738/6
f 1781/1 1782/2 1783/5 1784/6
f 1786/1 1785/2 1787/5 1788/6
f 1782/1 1780/2 1790/7 1785/8
f 1797/1 1796/2 1798/5 1799/6
f 1795/1 1794/2 1797/5 1796/6
f 1577/43 1685/2 1688/5 1578/42
f 1550/1 1800/2 1801/5 1551/6
f 1801/1 1551/2 1557/5 1802/6
f 1807/1 1781/2 1784/5 1808/6
f 1810/20 1811/2 1812/5 1813/21
f 1686/43 1816/2 1817/5 1687/42
f 1650/1 1819/2 1820/5 1651/6
f 1820/1 1651/2 1660/5 1821/6
f 1811/1 1672/30 1673/31 1812/6
f 1653/1 1823/2 1824/5 1654/6
f 1824/1 1654/2 1656/5 1825/6
f 1831/1 1644/2 1655/7 1572/8
f 1581/1 1831/2 1571/5 1582/6
f 1584/1 1572/2 1574/5 1832/6
f 1833/1 1582/2 1832/7 1508/8
f 1837/20 1838/2 1811/5 1810/21
f 1839/16 1672/17 1838/5 1816/6
f 1686/44 1844/2 1671/5 1839/45
f 1577/34 1576/35 1844/5 1685/6
f 1851/1 1785/2 1786/5 1809/6
f 1790/1 1852/2 1851/5 1785/6
f 1797/1 1735/2 1734/5 1796/6
f 1797/1 1853/2 1790/5 1796/6
f 1681/1 1682/2 1670/5 1669/6
f 1702/1 1854/2 1681/5 1682/6
f 1655/1 1654/2 1824/5 1855/6
f 1660/1 1654/2 1824/5 1821/6
f 1573/1 1572/2 1655/5 1856/6
f 1584/1 1585/2 1573/5 1572/6
f 1555/1 1554/2 1737/5 1857/6
f 1557/1 1554/2 1737/5 1802/6
f 1732/1 1860/2 1861/5 1734/6
f 1796/20 1861/2 1705/5 1798/21
f 1780/20 1731/2 1732/5 1862/21
f 1862/1 1795/2 1796/5 1790/6
f 1783/1 1863/2 1808/5 1784/6
f 1733/1 1864/2 1860/5 1732/6
f 1733/1 1794/2 1795/5 1732/6
f 1667/1 1668/2 1698/5 1864/6
f 1679/1 1680/2 1667/5 1668/6
f 1653/1 1651/2 1820/5 1823/6
f 1662/1 1651/2 1820/5 1865/6
f 1583/1 1582/2 1571/5 1570/6
f 1833/1 1866/2 1583/5 1582/6
f 1553/1 1551/2 1801/5 1736/6
f 1561/1 1551/2 1801/5 1866/6
f 1785/1 1851/2 1867/5 1787/6
f 1816/1 1837/2 1868/5 1817/6
f 1863/1 1783/2 1785/5 1851/6
f 1950/1 1949/2 1951/7 1952/8
f 1948/1 1956/2 1957/5 1949/6
f 1959/1 1958/2 1960/5 1951/6
f 1956/1 1946/2 1961/7 1958/8
f 1958/1 2067/2 2068/5 1960/6
f 2069/1 2070/32 2071/33 2072/6
f 2073/1 2074/2 2075/5 2076/6
f 2066/1 1957/2 1958/5 2067/6
f 2075/1 2076/2 2078/5 2077/6
f 1949/1 2082/2 2083/5 1959/6
f 2090/1 2091/2 2092/5 2093/6
f 2081/1 1948/2 1949/5 2082/6
f 2085/43 2084/2 2087/5 2086/42
f 2092/1 2093/2 2095/5 2094/6
f 2099/1 2104/36 2105/37 2106/6
f 2106/1 2107/2 2108/5 2109/6
f 2108/1 2113/36 2114/37 2110/6
f 2105/1 2116/2 2113/5 2112/6
f 2138/1 2085/2 2086/5 2139/6
f 2107/1 2141/2 2142/5 2108/6
f 2142/1 2108/2 2110/5 2143/6
f 2158/1 2085/2 2138/5 2159/6
f 2070/44 2069/2 2084/5 2158/45
f 2093/1 2092/2 2169/5 2170/6
f 2067/1 1958/2 1959/5 2083/6
f 2077/1 2078/2 2093/5 2092/6
f 1961/1 2171/2 2067/5 1958/6
f 2109/1 2108/2 2142/5 2172/6
f 2112/1 2108/2 2142/5 2173/6
f 2084/1 2069/2 2072/5 2087/6
f 2082/1 1949/2 1950/5 2208/6
f 1957/1 2066/2 2082/5 1949/6
f 2076/1 2075/2 2091/5 2090/6
f 2210/1 2209/2 2076/5 2075/6
f 2107/1 2105/2 2211/5 2141/6
f 2116/1 2105/2 2211/5 2209/6
f 2232/1 2151/2 2169/7 2092/8
f 2074/1 2232/2 2091/5 2075/6
f 2077/1 2092/2 2094/5 2233/6
f 2210/1 2075/2 2233/7 2125/8
f 2070/20 2159/2 2234/5 2071/21
f 2104/1 2235/2 2211/5 2105/6
f 2211/1 2105/2 2112/5 2173/6
f 2486/1 2485/2 2487/22 2488/23
f 2506/34 2505/35 2508/5 2507/6
f 2556/94 2557/95 2558/5 2559/6
f 2487/1 2560/2 2561/5 2488/6
f 2485/1 2570/2 2560/22 2487/23
f 2571/1 2572/2 2557/22 2556/23
f 2573/1 2486/2 2488/22 2561/23
f 2575/1 2574/2 2505/72 2506/73
f 2507/1 2508/2 2559/5 2558/6
f 2506/43 2507/2 2558/5 2609/42
f 2572/1 2575/2 2609/22 2557/23
f 2570/1 2485/2 2486/5 2573/6
f 2572/1 2571/2 2574/5 2575/6
f 2697/1 2701/2 2702/22 2698/23
f 2770/1 2771/2 2772/72 2773/73
f 2701/1 2774/2 2775/22 2702/23
f 3023/1 2773/2 2772/5 3024/6
f 3106/1 3105/2 3107/22 3108/23
f 3105/1 3151/2 3152/22 3107/23
f 3179/1 3178/2 3181/22 3180/23
f 3259/1 3258/2 3261/22 3260/23
f 3262/1 2697/2 2698/22 3263/23
f 3274/1 3179/2 3180/22 3275/23
f 2771/1 3259/2 3280/72 2772/73
f 3024/20 3280/2 3260/5 3279/21
f 3375/1 3108/2 3107/5 3152/6
f 3181/1 3376/2 3275/5 3180/6
f 3261/1 3377/36 3279/37 3260/6
f 2698/1 2702/2 2775/5 3263/6
f 3404/1 3106/2 3108/22 3375/23
f 3106/1 3404/2 3151/5 3105/6
f 3407/1 3178/2 3179/5 3274/6
f 2770/1 3258/2 3259/5 2771/6
f 2701/1 2697/2 3262/5 2774/6
f 3407/1 3274/2 3275/22 3376/23
f 3452/1 3451/2 3453/5 3454/6
f 3455/20 3453/2 3446/5 3456/21
f 3443/20 3450/2 3452/5 3457/21
f 3457/1 3458/2 3455/5 3459/6
f 3466/1 3465/2 3467/7 3468/8
f 3465/1 3481/2 3482/5 3483/6
f 3517/1 3455/2 3456/5 3518/6
f 3458/1 3516/2 3517/5 3455/6
f 3528/1 3452/2 3454/5 3529/6
f 3450/1 3527/2 3528/5 3452/6
f 3517/1 3529/2 3454/5 3455/6
f 3517/1 3534/2 3459/5 3455/6
f 3528/1 3535/2 3451/5 3452/6
f 3528/1 3516/2 3458/5 3452/6
f 3481/1 3465/2 3466/5 3535/6
f 4357/1 4356/2 4358/7 4359/8
f 4530/1 4531/2 4359/5 4532/6
f 4532/1 4359/2 4358/5 4594/6
f 4756/1 4755/2 4757/22 4758/23
f 4939/34 4938/35 4941/5 4940/6
f 5000/1 5001/2 5002/5 5003/6
f 5004/94 5005/95 5006/5 5007/6
f 5008/1 4758/2 4757/5 5009/6
f 5016/1 5017/2 5003/22 5002/23
f 5044/1 5045/2 5001/22 5000/23
f 5053/1 5052/2 5007/22 5006/23
f 4755/1 5054/2 5009/22 4757/23
f 4938/1 4939/2 5005/5 5004/6
f 5017/1 5044/2 5000/22 5003/23
f 5052/1 5135/2 5136/22 5007/23
f 4941/1 4938/30 5004/31 5136/6
f 5135/1 5153/2 4940/72 4941/73
f 5154/1 4756/2 4758/22 5008/23
f 5045/1 5044/2 5017/5 5016/6
f 5153/1 5135/2 5052/5 5053/6
f 4756/1 5154/2 5054/5 4755/6
f 5327/1 5326/2 5329/5 5328/6
f 5387/1 5386/2 5389/22 5388/23
f 5391/1 5390/2 5393/72 5392/73
f 5326/1 5440/32 5441/33 5329/6
f 5390/1 5445/2 5440/72 5393/73
f 5451/1 5456/2 5457/22 5452/23
f 5393/43 5326/2 5327/5 5392/42
f 5518/1 5451/2 5452/22 5519/23
f 5652/1 5387/2 5388/22 5653/23
f 5711/1 5652/2 5653/22 5712/23
f 5445/1 5714/2 5715/22 5441/23
f 5389/1 5712/2 5653/5 5388/6
f 5329/1 5441/32 5715/33 5328/6
f 5452/1 5457/2 5788/5 5519/6
f 5456/1 5796/2 5788/22 5457/23
f 5711/1 5386/2 5387/5 5652/6
f 5445/1 5390/2 5391/5 5714/6
f 5456/1 5451/2 5518/5 5796/6

usemtl minecraft_block-white_stained_glass

f 1/1 2/2 3/3 4/4
f 5/1 6/2 7/3 8/4
f 17/1 18/2 19/3 20/4
f 2/1 5/2 8/3 3/4
f 21/1 22/2 23/3 24/4
f 18/1 21/2 24/3 19/4
f 6/1 1/2 4/3 7/4
f 7/1 4/2 3/5 8/6
f 23/1 20/2 19/5 24/6
f 1/1 6/2 5/5 2/6
f 17/1 22/2 21/5 18/6
f 22/1 17/2 20/3 23/4
f 95/1 96/2 97/3 98/4
f 107/1 108/2 109/3 110/4
f 128/1 129/2 130/3 131/4
f 136/1 137/2 138/3 139/4
f 148/1 149/2 150/3 151/4
f 168/1 169/2 170/3 171/4
f 129/1 107/2 110/3 130/4
f 188/1 189/2 190/3 191/4
f 200/1 201/2 202/3 203/4
f 97/1 191/2 190/5 98/6
f 130/1 110/2 109/5 131/6
f 151/1 150/2 203/5 202/6
f 139/1 138/2 171/5 170/6
f 108/1 128/2 131/3 109/4
f 149/1 200/2 203/3 150/4
f 201/1 148/2 151/3 202/4
f 137/1 168/2 171/3 138/4
f 169/1 136/2 139/3 170/4
f 96/1 188/2 191/3 97/4
f 189/1 95/2 98/3 190/4
f 188/1 96/2 95/5 189/6
f 107/1 129/2 128/5 108/6
f 149/1 148/2 201/5 200/6
f 137/1 136/2 169/5 168/6
f 1059/1 1060/2 1061/3 1062/4
f 1131/1 1062/2 1061/5 1132/6
f 1133/1 1134/2 1135/5 1136/6
f 1137/1 1138/2 1139/5 1140/6
f 1141/1 1142/2 1143/5 1144/6
f 1145/1 1146/2 1147/5 1148/6
f 1149/1 1150/2 1151/5 1152/6
f 1153/1 1154/2 1155/5 1156/6
f 1157/1 1158/2 1149/3 1152/4
f 1167/1 1168/2 1155/3 1154/4
f 1186/1 1157/2 1152/3 1151/4
f 1189/1 1190/2 1153/3 1156/4
f 1228/1 1229/2 1146/3 1145/4
f 1168/1 1189/2 1156/3 1155/4
f 1158/1 1270/2 1150/3 1149/4
f 1190/1 1167/2 1154/3 1153/4
f 1332/1 1333/2 1143/3 1142/4
f 1340/1 1341/2 1141/3 1144/4
f 1229/1 1352/2 1147/3 1146/4
f 1379/1 1228/2 1145/3 1148/4
f 1270/1 1186/2 1151/3 1150/4
f 1059/1 1415/2 1416/5 1060/6
f 1417/1 1418/2 1419/5 1420/6
f 1421/1 1422/2 1423/5 1424/6
f 1332/1 1341/2 1340/5 1333/6
f 1229/1 1228/2 1379/5 1352/6
f 1270/1 1158/2 1157/5 1186/6
f 1167/1 1190/2 1189/5 1168/6
f 1416/1 1415/2 1131/3 1132/4
f 1417/1 1420/2 1135/3 1134/4
f 1419/1 1418/2 1133/3 1136/4
f 1415/1 1059/2 1062/3 1131/4
f 1421/1 1424/2 1139/3 1138/4
f 1060/1 1416/2 1132/3 1061/4
f 1423/1 1422/2 1137/3 1140/4
f 1418/1 1417/2 1134/3 1133/4
f 1420/1 1419/2 1136/3 1135/4
f 1422/1 1421/2 1138/3 1137/4
f 1424/1 1423/2 1140/3 1139/4
f 1341/1 1332/2 1142/3 1141/4
f 1333/1 1340/2 1144/3 1143/4
f 1352/1 1379/2 1148/3 1147/4
f 1488/1 1489/2 1490/3 1491/4
f 1566/1 1567/2 1568/3 1569/4
f 1590/1 1591/2 1592/3 1593/4
f 1708/1 1709/2 1710/3 1711/4
f 1491/1 1490/2 1593/5 1592/6
f 1722/1 1723/2 1569/5 1568/6
f 1724/1 1725/2 1726/5 1727/6
f 1710/1 1728/2 1729/5 1711/6
f 1741/1 1742/2 1729/3 1728/4
f 1743/1 1744/2 1723/3 1722/4
f 1792/1 1793/2 1726/3 1725/4
f 1803/1 1804/2 1724/3 1727/4
f 1489/1 1590/2 1593/3 1490/4
f 1591/1 1488/2 1491/3 1592/4
f 1744/1 1566/2 1569/3 1723/4
f 1742/1 1708/2 1711/3 1729/4
f 1567/1 1743/2 1722/3 1568/4
f 1709/1 1741/2 1728/3 1710/4
f 1489/1 1488/2 1591/5 1590/6
f 1744/1 1743/2 1567/5 1566/6
f 1792/1 1804/2 1803/5 1793/6
f 1741/1 1709/2 1708/5 1742/6
f 1793/1 1803/2 1727/3 1726/4
f 1804/1 1792/2 1725/3 1724/4
f 4367/1 4368/2 4369/3 4370/4
f 4371/1 4372/2 4373/3 4374/4
f 4373/1 4370/2 4369/5 4374/6
f 4372/1 4367/2 4370/3 4373/4
f 4368/1 4371/2 4374/3 4369/4
f 4367/1 4372/2 4371/5 4368/6

usemtl minecraft_block-light_blue_stained_glass

f 300/1 301/2 302/5 303/6
f 306/1 307/2 308/5 309/6
f 332/1 331/2 333/5 334/6
f 441/1 438/2 436/5 437/6
f 468/1 467/2 469/5 470/6
f 307/1 300/2 303/5 308/6
f 467/1 332/2 334/5 469/6
f 441/1 437/2 483/5 487/6
f 491/1 490/2 492/5 493/6
f 301/1 306/2 309/5 302/6
f 331/1 468/2 470/5 333/6
f 436/1 438/2 516/5 514/6
f 515/1 519/2 520/5 521/6
f 537/1 536/2 534/5 538/6
f 551/1 552/2 553/5 549/6
f 470/1 469/2 334/5 333/6
f 307/1 306/2 301/5 300/6
f 537/1 552/2 551/5 536/6
f 516/1 487/2 483/5 514/6
f 520/1 493/2 492/5 521/6
f 467/1 468/2 331/5 332/6
f 309/1 308/2 303/5 302/6
f 553/1 538/2 534/5 549/6
f 491/1 519/2 515/5 490/6
f 536/1 551/2 549/5 534/6
f 437/1 436/2 514/5 483/6
f 490/1 515/2 521/5 492/6
f 552/1 537/2 538/5 553/6
f 438/1 441/2 487/5 516/6
f 519/1 491/2 493/5 520/6
f 702/44 701/2 704/5 703/45
f 727/1 728/32 729/33 730/6
f 730/1 729/32 703/33 704/6
f 728/44 727/2 701/5 702/45
f 701/1 727/2 730/5 704/6
f 728/1 702/2 703/5 729/6
f 1910/16 1912/17 1913/5 1911/6
f 2058/16 2056/17 2057/5 2059/6
f 2058/38 2059/2 1913/5 1912/39
f 2057/1 2056/26 1910/27 1911/6
f 2059/1 2057/2 1911/5 1913/6
f 2272/1 2273/2 2274/5 2275/6
f 2275/28 2274/29 2301/5 2300/6
f 2273/28 2272/29 2542/5 2543/6
f 2273/20 2543/2 2301/5 2274/21
f 2542/1 2272/36 2275/37 2300/6
f 2660/1 2659/2 2661/5 2662/6
f 2703/1 2704/2 2705/5 2706/6
f 2742/1 2743/26 2744/27 2745/6
f 2746/1 2747/26 2748/27 2749/6
f 2785/1 2792/2 2793/5 2786/6
f 2789/1 2794/2 2795/5 2790/6
f 2785/1 2784/2 2787/5 2786/6
f 2789/1 2788/2 2791/5 2790/6
f 2814/1 2813/2 2816/5 2815/6
f 2818/1 2817/2 2820/5 2819/6
f 2913/1 2914/2 2704/5 2703/6
f 3001/1 2660/2 2662/5 3002/6
f 2704/1 2914/2 3003/5 2705/6
f 3013/1 3014/2 3015/5 3016/6
f 2792/1 3112/2 3113/5 2793/6
f 2794/1 3114/2 3115/5 2795/6
f 2784/20 2814/2 2815/5 2787/21
f 2788/20 2818/2 2819/5 2791/21
f 3144/1 2742/2 2745/5 3145/6
f 3146/1 2746/2 2749/5 3147/6
f 2662/1 2661/2 3173/5 3002/6
f 3015/1 3177/2 3176/5 3016/6
f 3213/1 3013/2 3016/5 3176/6
f 3222/1 3001/2 3002/5 3173/6
f 3243/1 3144/2 3145/5 3244/6
f 3245/1 3146/2 3147/5 3246/6
f 3248/20 3247/2 3250/5 3249/21
f 3252/20 3251/2 3254/5 3253/21
f 3112/1 3264/2 3265/5 3113/6
f 3114/1 3266/2 3267/5 3115/6
f 3304/28 2791/29 2819/5 2820/6
f 2790/1 2795/2 3115/5 3267/6
f 3246/1 3254/36 2790/37 3304/6
f 2749/1 2748/26 3253/27 3147/6
f 2914/1 2913/2 3349/5 3003/6
f 2659/1 3222/2 3173/5 2661/6
f 2913/1 2703/2 2706/5 3349/6
f 3370/1 3213/2 3176/5 3177/6
f 3014/1 3370/2 3177/5 3015/6
f 2743/1 3248/2 3249/5 2744/6
f 2747/1 3252/2 3253/5 2748/6
f 3264/1 2785/2 2786/5 3265/6
f 3266/1 2789/2 2790/5 3267/6
f 3247/1 2785/2 2786/5 3250/6
f 3251/1 2789/2 2790/5 3254/6
f 2784/28 3394/29 2813/5 2814/6
f 2792/1 2785/2 3264/5 3112/6
f 3247/20 3243/2 3394/5 2785/21
f 2743/38 2742/2 3144/5 3248/39
f 2813/1 3243/26 3244/27 2816/6
f 2817/1 3245/26 3246/27 2820/6
f 3003/1 3349/2 2706/5 2705/6
f 2659/1 2660/2 3001/5 3222/6
f 3370/1 3014/2 3013/5 3213/6

usemtl minecraft_block-magenta_wool

f 1077/1 1083/26 1084/46 1080/25
f 1083/1 1230/36 1231/92 1084/25
f 1230/97 1083/17 1077/5 1346/21
f 1084/16 1231/93 1444/37 1080/6
f 1346/20 1077/2 1080/24 1444/40
f 4017/38 4010/2 4011/24 4018/70
f 4033/1 4043/26 4044/46 4036/25
f 4037/1 4045/26 4046/46 4040/25
f 4017/16 4107/17 4099/5 4010/6
f 4108/84 4043/17 4033/5 4101/39
f 4112/97 4111/17 4103/5 4104/21
f 4173/16 4018/17 4011/5 4165/6
f 4044/16 4174/78 4167/27 4036/6
f 4177/16 4178/93 4169/37 4170/6
f 4265/84 4045/17 4037/5 4258/39
f 4269/97 4268/17 4260/5 4261/21
f 4107/1 4017/2 4018/24 4173/25
f 4043/1 4108/26 4174/46 4044/25
f 4045/1 4265/26 4298/46 4046/25
f 4111/1 4112/36 4178/92 4177/25
f 4268/1 4269/36 4299/92 4300/25
f 4046/16 4298/78 4302/27 4040/6
f 4300/16 4299/93 4306/37 4307/6
f 4103/1 4111/26 4177/46 4170/25
f 4260/1 4268/26 4300/46 4307/25
f 4108/38 4101/2 4167/24 4174/70
f 4265/38 4258/2 4302/24 4298/70
f 4010/1 4099/2 4165/24 4011/25
f 4101/38 4033/2 4036/24 4167/70
f 4258/38 4037/2 4040/24 4302/70
f 4104/20 4103/2 4170/24 4169/40
f 4261/20 4260/2 4307/24 4306/40
f 4404/38 4395/2 4396/24 4405/70
f 4406/38 4399/2 4400/24 4407/70
f 4492/84 4491/17 4399/5 4406/39
f 4508/16 4510/78 4407/27 4400/6
f 4515/1 4516/26 4517/46 4518/25
f 4550/1 4551/26 4552/46 4553/25
f 4491/1 4492/26 4510/46 4508/25
f 4562/38 4556/2 4557/24 4563/70
f 4551/38 4404/2 4405/24 4552/70
f 4492/38 4406/2 4407/24 4510/70
f 4516/38 4562/2 4563/24 4517/70
f 4551/84 4550/17 4395/5 4404/39
f 4516/84 4515/17 4556/5 4562/39
f 4395/1 4550/26 4553/46 4396/25
f 4399/1 4491/26 4508/46 4400/25
f 4556/1 4515/26 4518/46 4557/25
f 4553/16 4552/78 4405/27 4396/6
f 4518/16 4517/78 4563/27 4557/6
f 4960/84 4958/17 4955/5 4956/39
f 4987/16 4990/78 4984/27 4985/6
f 5090/38 5085/2 5086/24 5091/70
f 5104/1 5105/26 5106/46 5107/25
f 5182/38 5180/2 5181/24 5183/70
f 4960/38 4956/2 4984/24 4990/70
f 5105/84 5104/17 5085/5 5090/39
f 5182/84 5190/17 5189/5 5180/39
f 5085/1 5104/26 5107/46 5086/25
f 5189/1 5190/26 5198/46 5195/25
f 4955/1 4958/26 4987/46 4985/25
f 5180/38 5189/2 5195/24 5181/70
f 4956/38 4955/2 4985/24 4984/70
f 5190/1 5182/26 5183/46 5198/25
f 4958/1 4960/26 4990/46 4987/25
f 5107/16 5106/78 5091/27 5086/6
f 5198/16 5183/78 5181/27 5195/6
f 5231/38 5224/2 5225/24 5232/70
f 5233/38 5228/2 5229/24 5234/70
f 5282/38 5283/2 5284/24 5285/70
f 5466/16 5234/17 5229/5 5458/6
f 5471/16 5474/93 5462/37 5463/6
f 5481/28 5482/29 5474/5 5483/6
f 5231/16 5569/17 5561/5 5224/6
f 5282/84 5570/17 5571/5 5283/39
f 5576/97 5575/17 5565/5 5566/21
f 5577/28 5531/29 5530/5 5576/6
f 5571/1 5570/26 5707/46 5708/25
f 5233/16 5781/17 5780/5 5228/6
f 5569/1 5231/2 5232/24 5782/25
f 5781/1 5233/2 5234/24 5466/25
f 5570/1 5282/26 5285/46 5707/25
f 5565/1 5575/26 5471/111 5463/75
f 5782/16 5232/17 5225/5 5812/6
f 5707/16 5285/78 5284/27 5708/6
f 5224/1 5561/2 5812/24 5225/25
f 5228/1 5780/2 5458/24 5229/25
f 5566/20 5565/2 5463/74 5462/138
f 6065/1 6066/26 6067/27 6062/6
f 6068/34 6069/141 6070/31 6065/6
f 6075/1 6072/26 6069/27 6076/6
f 6082/1 6083/26 6072/111 6075/75
f 6119/38 6141/2 6137/5 6120/39
f 6144/142 6145/35 6141/5 6146/42
f 6083/38 6082/2 6149/5 6144/39
f 6083/43 6148/2 6073/74 6072/143
f 6138/20 6137/2 6062/74 6061/138

usemtl minecraft_block-light_gray_stained_glass

f 9/1 10/2 11/3 12/4
f 13/1 14/2 15/3 16/4
f 14/1 9/2 12/3 15/4
f 15/1 12/2 11/5 16/6
f 10/1 13/2 16/3 11/4
f 9/1 14/2 13/5 10/6
f 99/1 100/2 101/3 102/4
f 103/1 104/2 105/3 106/4
f 132/1 133/2 134/3 135/4
f 140/1 141/2 142/3 143/4
f 144/1 145/2 146/3 147/4
f 156/1 157/2 158/3 159/4
f 164/1 165/2 166/3 167/4
f 172/1 173/2 174/3 175/4
f 133/1 182/2 183/3 134/4
f 184/1 185/2 186/3 187/4
f 198/1 132/2 135/3 199/4
f 186/1 175/2 174/5 187/6
f 105/1 102/2 101/5 106/6
f 199/1 135/2 134/5 183/6
f 167/1 166/2 159/5 158/6
f 147/1 146/2 143/5 142/6
f 104/1 99/2 102/3 105/4
f 173/1 184/2 187/3 174/4
f 141/1 144/2 147/3 142/4
f 182/1 198/2 199/3 183/4
f 165/1 156/2 159/3 166/4
f 157/1 164/2 167/3 158/4
f 145/1 140/2 143/3 146/4
f 172/1 185/2 184/5 173/6
f 99/1 104/2 103/5 100/6
f 132/1 198/2 182/5 133/6
f 165/1 164/2 157/5 156/6
f 145/1 144/2 141/5 140/6
f 100/1 103/2 106/3 101/4
f 185/1 172/2 175/3 186/4
f 280/1 281/2 282/3 283/4
f 284/1 285/2 286/3 287/4
f 285/1 280/2 283/3 286/4
f 281/1 284/2 287/3 282/4
f 286/1 283/2 282/5 287/6
f 280/1 285/2 284/5 281/6
f 1107/1 1108/2 1109/5 1110/6
f 1111/1 1112/2 1113/5 1114/6
f 1115/1 1116/2 1117/5 1118/6
f 1119/1 1120/2 1121/5 1122/6
f 1123/1 1124/2 1125/5 1126/6
f 1127/1 1128/2 1129/5 1130/6
f 1159/1 1160/2 1129/3 1128/4
f 1165/1 1166/2 1127/3 1130/4
f 1173/1 1174/2 1124/3 1123/4
f 1232/1 1233/2 1126/3 1125/4
f 1166/1 1159/2 1128/3 1127/4
f 1160/1 1165/2 1130/3 1129/4
f 1330/1 1331/2 1115/3 1118/4
f 1342/1 1343/2 1121/3 1120/4
f 1350/1 1351/2 1119/3 1122/4
f 1174/1 1232/2 1125/3 1124/4
f 1383/1 1384/2 1385/5 1386/6
f 1387/1 1388/2 1389/5 1390/6
f 1391/1 1331/2 1330/5 1392/6
f 1342/1 1351/2 1350/5 1343/6
f 1174/1 1173/2 1233/5 1232/6
f 1159/1 1166/2 1165/5 1160/6
f 1233/1 1173/2 1123/3 1126/4
f 1383/1 1386/2 1109/3 1108/4
f 1385/1 1384/2 1107/3 1110/4
f 1387/1 1390/2 1113/3 1112/4
f 1386/1 1385/2 1110/3 1109/4
f 1389/1 1388/2 1111/3 1114/4
f 1391/1 1392/2 1117/3 1116/4
f 1390/1 1389/2 1114/3 1113/4
f 1384/1 1383/2 1108/3 1107/4
f 1392/1 1330/2 1118/3 1117/4
f 1388/1 1387/2 1112/3 1111/4
f 1343/1 1350/2 1122/3 1121/4
f 1331/1 1391/2 1116/3 1115/4
f 1351/1 1342/2 1120/3 1119/4
f 1509/1 1510/2 1511/3 1512/4
f 1562/1 1563/2 1564/3 1565/4
f 1565/1 1564/2 1512/5 1511/6
f 1714/1 1715/2 1716/5 1717/6
f 1718/1 1719/2 1720/5 1721/6
f 1739/1 1740/2 1718/3 1721/4
f 1745/1 1746/2 1717/3 1716/4
f 1746/1 1791/2 1714/3 1717/4
f 1805/1 1806/2 1720/3 1719/4
f 1563/1 1509/2 1512/3 1564/4
f 1510/1 1562/2 1565/3 1511/4
f 1740/1 1805/2 1719/3 1718/4
f 1834/1 1745/2 1716/3 1715/4
f 1563/1 1562/2 1510/5 1509/6
f 1834/1 1791/2 1746/5 1745/6
f 1805/1 1740/2 1739/5 1806/6
f 1791/1 1834/2 1715/3 1714/4
f 1806/1 1739/2 1721/3 1720/4

usemtl minecraft_block-blue_wool

f 578/1 579/26 580/46 581/25
f 582/1 583/26 584/46 585/25
f 788/38 783/2 784/24 789/70
f 799/38 792/2 793/24 800/70
f 801/38 794/2 795/24 802/70
f 783/1 586/26 589/46 784/25
f 583/84 582/17 794/5 801/39
f 585/16 584/78 802/27 795/6
f 592/38 788/2 789/24 623/70
f 792/1 578/26 581/46 793/25
f 794/1 582/26 585/46 795/25
f 579/38 799/2 800/24 580/70
f 583/38 801/2 802/24 584/70
f 592/84 586/17 783/5 788/39
f 579/84 578/17 792/5 799/39
f 589/16 623/78 789/27 784/6
f 581/16 580/78 800/27 793/6
f 1472/1 1473/26 1474/46 1475/25
f 1476/1 1477/26 1478/46 1479/25
f 1480/1 1481/26 1482/46 1483/25
f 1513/1 1472/26 1475/46 1516/25
f 1517/1 1476/26 1479/46 1520/25
f 1473/38 1622/2 1623/24 1474/70
f 1477/38 1624/2 1625/24 1478/70
f 1622/38 1513/2 1516/24 1623/70
f 1624/38 1517/2 1520/24 1625/70
f 1638/38 1632/2 1633/24 1639/70
f 1632/1 1480/26 1483/46 1633/25
f 1481/38 1638/2 1639/24 1482/70
f 1477/84 1476/17 1517/5 1624/39
f 1479/16 1478/78 1625/27 1520/6
f 1473/84 1472/17 1513/5 1622/39
f 1481/84 1480/17 1632/5 1638/39
f 1475/16 1474/78 1623/27 1516/6
f 1483/16 1482/78 1639/27 1633/6
f 1920/1 1924/26 1925/46 1921/25
f 1928/1 1935/26 1936/46 1929/25
f 1930/1 1937/26 1938/46 1932/25
f 2025/84 1937/17 1930/5 2024/39
f 1938/16 2047/78 2045/27 1932/6
f 2097/38 1920/2 1921/24 2098/70
f 1924/1 2126/26 2127/46 1925/25
f 2134/38 1928/2 1929/24 2135/70
f 2024/38 1930/2 1932/24 2045/70
f 2126/84 1924/17 1920/5 2097/39
f 2152/84 1935/17 1928/5 2134/39
f 2126/38 2097/2 2098/24 2127/70
f 2152/38 2134/2 2135/24 2154/70
f 2025/38 2024/2 2045/24 2047/70
f 1935/1 2152/26 2154/46 1936/25
f 1937/1 2025/26 2047/46 1938/25
f 1925/16 2127/78 2098/27 1921/6
f 1936/16 2154/78 2135/27 1929/6
f 2286/38 2277/2 2278/24 2287/70
f 2288/38 2281/2 2282/24 2289/70
f 2358/1 2359/26 2360/46 2361/25
f 2362/1 2363/26 2364/46 2365/25
f 2400/38 2401/2 2402/24 2403/70
f 2277/1 2358/26 2361/46 2278/25
f 2281/1 2362/26 2365/46 2282/25
f 2363/84 2362/17 2281/5 2288/39
f 2365/16 2364/78 2289/27 2282/6
f 2430/1 2596/26 2597/46 2445/25
f 2359/38 2286/2 2287/24 2360/70
f 2363/38 2288/2 2289/24 2364/70
f 2596/38 2400/2 2403/24 2597/70
f 2359/84 2358/17 2277/5 2286/39
f 2596/84 2430/17 2401/5 2400/39
f 2361/16 2360/78 2287/27 2278/6
f 2445/16 2597/78 2403/27 2402/6
f 2947/1 2952/30 2953/118 2949/75
f 3036/1 2825/26 3033/27 2949/6
f 3037/28 2800/119 2826/33 3036/6
f 2759/28 3041/120 2801/117 3037/6
f 3049/1 3043/32 3041/33 2758/6
f 2824/38 3120/2 2947/5 3117/39
f 2799/121 3121/29 3120/5 2823/45
f 3125/122 2756/29 3121/5 2798/123
f 3126/44 3130/2 2757/5 3125/45
f 3126/38 2798/2 2801/74 3043/114
f 3131/1 3126/30 3043/118 3050/75
f 3117/38 2947/2 2949/74 3033/114

usemtl minecraft_block-cyan_stained_glass

f 303/1 302/2 304/5 305/6
f 309/1 308/2 310/5 311/6
f 328/1 329/2 306/5 307/6
f 434/1 435/2 329/5 328/6
f 435/1 434/2 464/5 465/6
f 465/1 475/2 460/7 459/8
f 308/1 303/2 305/5 310/6
f 434/1 328/2 307/5 464/6
f 302/1 309/2 311/5 304/6
f 329/1 435/2 465/5 306/6
f 514/1 465/2 459/7 515/8
f 517/1 518/2 515/5 519/6
f 475/1 536/2 535/7 460/8
f 539/1 535/2 540/5 541/6
f 534/1 538/2 539/5 535/6
f 550/1 554/2 555/5 556/6
f 465/1 464/2 307/5 306/6
f 514/1 536/2 475/5 465/6
f 555/1 541/2 540/5 556/6
f 308/1 309/2 302/5 303/6
f 517/1 538/2 534/5 518/6
f 311/1 310/2 305/5 304/6
f 539/28 519/29 459/5 460/6
f 539/1 554/2 550/5 535/6
f 536/1 514/2 518/5 534/6
f 535/1 550/2 556/5 540/6
f 554/1 539/2 541/5 555/6
f 538/1 517/2 519/5 539/6
f 2707/1 2708/2 2709/5 2710/6
f 2965/1 2966/2 2964/5 2967/6
f 2708/1 3004/2 3005/5 2709/6
f 3003/1 3006/2 3007/5 3008/6
f 3005/1 3010/2 3011/5 3012/6
f 3016/1 3015/2 3017/5 3018/6
f 3005/1 3134/2 2710/5 2709/6
f 3135/1 3010/2 3005/5 3134/6
f 3176/1 2967/2 2964/5 3174/6
f 3177/1 3015/2 3016/5 3176/6
f 3007/1 3199/2 3200/5 3008/6
f 3213/1 2965/2 2967/5 3176/6
f 3176/1 3016/2 3018/5 3215/6
f 3004/1 3350/2 3134/5 3005/6
f 3349/1 3003/2 3008/5 3200/6
f 3134/1 3005/2 3012/5 3357/6
f 3350/1 2707/2 2710/5 3134/6
f 3366/1 3349/2 3200/5 3199/6
f 3135/1 3134/2 3357/5 3368/6
f 3369/1 3213/2 3176/5 3174/6
f 3177/1 3176/2 3215/5 3371/6
f 3015/1 3177/2 3371/5 3017/6
f 3011/1 3368/2 3357/5 3012/6
f 3366/1 3006/2 3003/5 3349/6
f 3350/1 3004/2 2708/5 2707/6
f 3017/1 3371/2 3215/5 3018/6
f 2965/1 3213/2 3369/5 2966/6
f 3006/1 3366/2 3199/5 3007/6
f 3010/1 3135/2 3368/5 3011/6
f 2966/1 3369/2 3174/5 2964/6

usemtl minecraft_block-quartz_block_top

f 367/1 368/2 327/5 326/6
f 369/1 370/2 367/5 371/6
f 372/1 373/2 374/5 370/6
f 391/1 392/2 320/5 321/6
f 395/1 396/2 391/5 389/6
f 398/1 399/2 400/5 396/6
f 436/1 437/2 434/5 435/6
f 347/51 446/52 447/53 348/10
f 447/5 446/6 325/1 324/2
f 410/54 448/2 446/5 411/55
f 448/5 449/6 450/1 446/2
f 451/10 452/5 448/56 453/9
f 454/5 455/6 448/1 452/2
f 322/6 474/52 482/53 323/5
f 533/1 525/2 474/5 473/6
f 485/53 484/5 525/56 524/57
f 2845/1 2846/2 2847/5 2848/6
f 2881/1 2882/2 2874/5 2873/6
f 3293/55 3343/6 3344/124 3294/54
f 3345/5 3344/6 3343/1 3346/2
f 3356/5 3355/6 3373/124 3365/2
f 5878/1 5985/2 5986/5 5879/6
f 5987/1 5904/2 5878/5 5988/6
f 5989/1 5969/2 5968/5 5985/6
f 5903/1 5990/2 5989/5 5904/6
f 5871/1 6012/2 6004/5 5870/6
f 6017/1 5891/2 5871/5 6009/6
f 6018/1 5962/2 5963/5 6012/6
f 5896/1 6023/2 6018/5 5891/6
f 5883/1 6039/2 6035/5 5884/6
f 5876/51 5875/52 6231/53 6189/10
f 6231/5 5875/6 5877/1 6272/2
f 6107/54 5901/2 5875/5 6108/55
f 5901/5 6291/6 6228/1 5875/2
f 6103/55 6231/6 6277/124 6104/54
f 5966/5 6277/6 6231/1 5967/2
f 6218/10 6277/5 5901/56 5900/9
f 6241/5 5902/6 5901/1 6277/2
f 5873/6 5872/52 6230/53 6271/5
f 6290/1 5898/2 5872/5 6227/6
f 5964/5 6230/6 6276/124 5965/2
f 6240/53 6276/5 5898/56 5897/57

usemtl minecraft_block-cobblestone

f 29/7 30/8 31/9 32/10
f 32/10 33/11 34/12 27/2
f 35/1 36/2 37/10 38/9
f 29/1 30/2 35/5 36/6
f 39/1 40/2 41/5 42/6
f 39/7 40/8 47/9 48/10
f 49/11 47/9 46/13 50/12
f 41/1 42/2 51/10 52/9
f 57/9 58/10 59/7 60/8
f 61/5 62/6 63/1 64/2
f 58/5 57/6 65/1 66/2
f 33/10 49/9 50/13 34/2
f 67/10 68/9 69/13 70/2
f 40/1 39/2 75/5 76/6
f 30/1 29/2 40/5 39/6
f 77/1 78/2 30/5 29/6
f 79/1 80/2 81/5 82/6
f 64/9 63/10 83/7 84/8
f 60/16 59/17 84/5 83/6
f 36/5 35/6 42/1 41/2
f 40/1 76/2 84/5 41/6
f 36/1 41/2 52/10 37/9
f 77/1 29/2 36/5 59/6
f 63/9 62/10 42/7 83/8
f 88/1 87/2 89/3 90/4
f 30/7 39/8 48/9 31/10
f 38/18 51/19 91/9 92/10
f 65/9 57/10 60/7 35/8
f 48/1 47/2 32/5 31/6
f 91/1 93/2 94/5 92/6
f 38/1 37/2 52/5 51/6
f 291/1 290/2 292/47 293/48
f 359/5 360/6 361/1 362/2
f 363/5 364/6 365/1 366/2
f 375/10 376/9 377/13 378/2
f 379/10 380/9 381/13 382/2
f 321/1 320/2 387/5 388/6
f 389/1 391/2 321/5 390/6
f 393/1 395/2 389/5 394/6
f 397/1 398/2 396/5 395/6
f 402/1 404/2 399/5 398/6
f 426/1 427/2 428/5 429/6
f 430/1 431/2 426/5 427/6
f 432/1 433/2 430/5 431/6
f 442/1 443/2 444/5 445/6
f 426/1 429/2 476/5 477/6
f 478/1 477/2 479/10 480/9
f 432/1 431/2 478/5 481/6
f 361/9 360/10 498/7 499/8
f 502/1 501/2 503/3 504/4
f 430/7 427/8 505/9 506/10
f 507/18 508/19 509/9 510/10
f 365/9 364/10 512/7 513/8
f 505/1 531/2 532/5 506/6
f 290/1 546/2 547/47 292/48
f 560/1 559/2 561/47 562/48
f 364/9 363/10 481/7 512/8
f 362/9 361/10 499/7 476/8
f 559/1 565/2 566/47 561/48
f 431/7 430/8 506/9 532/10
f 532/10 375/11 378/12 384/2
f 513/1 478/2 480/10 507/9
f 431/1 430/2 513/5 478/6
f 427/1 426/2 477/5 498/6
f 427/7 426/8 531/9 505/10
f 376/11 531/9 385/13 377/12
f 477/1 498/2 508/10 479/9
f 512/16 481/17 476/5 499/6
f 478/5 513/6 498/1 477/2
f 509/1 576/2 577/5 510/6
f 507/1 480/2 479/5 508/6
f 603/9 604/10 605/7 606/8
f 607/1 593/2 595/5 608/6
f 609/1 596/2 599/5 610/6
f 615/7 616/8 617/9 618/10
f 619/18 620/19 621/9 622/10
f 626/9 627/10 628/7 629/8
f 646/1 647/2 648/5 649/6
f 648/1 650/2 651/10 652/9
f 653/1 654/2 655/5 650/6
f 646/7 647/8 681/9 682/10
f 683/11 681/9 680/13 684/12
f 655/38 649/2 685/10 686/63
f 653/1 647/2 648/5 650/6
f 653/7 654/8 693/9 694/10
f 694/10 695/11 696/12 687/2
f 713/10 683/9 684/13 714/2
f 715/10 716/9 717/13 718/2
f 768/10 769/9 770/13 771/2
f 772/10 773/9 774/13 775/2
f 695/10 776/9 777/13 696/2
f 778/10 779/9 780/13 781/2
f 604/9 819/10 649/7 605/8
f 822/1 821/2 823/3 824/4
f 826/7 646/8 682/9 827/10
f 828/18 685/19 829/9 830/10
f 834/9 835/10 836/7 837/8
f 647/1 615/2 606/5 648/6
f 647/7 615/8 618/9 681/10
f 681/10 768/11 771/12 680/2
f 606/1 648/2 652/10 619/9
f 838/1 648/2 652/10 839/9
f 647/1 842/2 839/18 652/19
f 843/1 842/2 838/5 844/6
f 843/7 842/8 848/9 849/10
f 850/11 848/9 840/13 851/12
f 838/1 844/2 852/10 839/9
f 862/5 819/6 604/1 603/2
f 863/5 864/6 627/1 626/2
f 865/5 835/6 834/1 866/2
f 867/5 868/6 869/1 870/2
f 647/1 646/2 878/5 615/6
f 647/1 653/2 616/5 615/6
f 654/1 653/2 616/5 879/6
f 826/1 842/2 647/5 646/6
f 880/1 881/2 654/5 653/6
f 843/1 882/2 826/5 842/6
f 843/1 883/2 880/5 842/6
f 884/1 883/2 880/5 881/6
f 689/1 688/2 885/5 886/6
f 841/1 887/2 888/5 688/6
f 889/1 890/2 689/5 891/6
f 892/1 893/2 841/5 890/6
f 842/7 826/8 827/9 848/10
f 848/10 713/11 714/12 840/2
f 837/1 894/26 895/79 828/9
f 842/1 880/2 896/5 838/6
f 881/7 880/8 897/9 898/10
f 776/11 897/9 871/13 777/12
f 842/1 826/2 837/5 838/6
f 896/1 838/2 839/10 899/9
f 881/1 880/2 896/5 894/6
f 617/2 694/5 681/85 618/86
f 682/1 681/2 848/5 827/6
f 898/5 897/6 694/13 693/2
f 849/85 848/87 897/88 962/5
f 616/7 653/8 694/9 617/10
f 769/11 694/9 687/13 770/12
f 650/1 628/2 620/10 651/9
f 616/1 653/2 650/5 628/6
f 880/1 653/2 651/18 899/19
f 650/1 896/2 899/10 651/9
f 880/7 883/8 962/9 897/10
f 897/10 965/11 966/12 871/2
f 967/1 896/2 899/10 968/9
f 880/1 883/2 967/5 896/6
f 863/9 626/10 629/7 655/8
f 970/1 659/2 971/3 972/4
f 654/7 881/8 898/9 693/10
f 686/18 895/19 973/9 974/10
f 867/9 870/10 894/7 976/8
f 836/16 976/78 629/27 605/6
f 650/5 648/6 606/1 628/2
f 838/5 837/6 649/1 648/2
f 894/5 896/6 650/1 655/2
f 967/5 844/6 838/1 896/2
f 835/9 865/10 844/7 836/8
f 1043/1 1047/2 1048/3 1044/4
f 883/7 843/8 849/9 962/10
f 968/18 852/19 1049/9 1050/10
f 868/9 867/10 976/7 967/8
f 621/2 1051/5 1052/85 622/86
f 829/1 1052/2 1053/5 830/6
f 973/5 1054/6 1051/13 974/2
f 1049/85 1053/87 1054/88 1050/5
f 652/1 651/2 620/5 619/6
f 828/1 895/26 686/27 685/6
f 852/1 968/2 899/5 839/6
f 965/10 850/9 851/13 966/2
f 1055/10 1056/9 1057/13 1058/2
f 2332/5 2333/6 2334/1 2335/2
f 2336/5 2337/6 2338/1 2339/2
f 2376/1 2377/2 2378/5 2379/6
f 2380/1 2377/2 2378/5 2381/6
f 2382/1 2383/2 2380/5 2377/6
f 2384/1 2385/2 2382/5 2386/6
f 2387/1 2385/2 2382/5 2383/6
f 2388/1 2389/2 2390/5 2391/6
f 2392/1 2393/2 2388/5 2394/6
f 2395/1 2396/2 2397/5 2393/6
f 2414/1 2413/2 2415/3 2416/4
f 2379/7 2378/8 2419/9 2420/10
f 2421/18 2422/19 2423/9 2424/10
f 2335/9 2334/10 2425/7 2426/8
f 2332/9 2335/10 2426/7 2433/8
f 2434/1 2431/2 2432/5 2435/6
f 2436/1 2314/2 2437/5 2438/6
f 2380/7 2383/8 2439/9 2440/10
f 2441/18 2442/19 2443/9 2444/10
f 2336/9 2339/10 2447/7 2448/8
f 2378/7 2377/8 2461/9 2419/10
f 2462/11 2461/9 2341/13 2463/12
f 2464/1 2425/2 2422/10 2465/9
f 2378/1 2377/2 2464/5 2425/6
f 2382/1 2377/2 2465/18 2466/19
f 2464/1 2467/2 2466/10 2465/9
f 2382/7 2385/8 2468/9 2469/10
f 2469/10 2470/11 2471/12 2344/2
f 2472/1 2467/2 2466/10 2473/9
f 2382/1 2385/2 2472/5 2467/6
f 2376/7 2379/8 2420/9 2510/10
f 2510/10 2511/11 2512/12 2340/2
f 2513/1 2514/2 2515/10 2421/9
f 2376/1 2386/2 2516/18 2515/19
f 2384/7 2386/8 2519/9 2520/10
f 2521/11 2519/9 2349/13 2522/12
f 2523/1 2524/2 2525/10 2516/9
f 2419/2 2461/5 2510/85 2420/86
f 2439/5 2469/6 2461/13 2440/2
f 2520/85 2519/87 2469/88 2468/5
f 2562/10 2563/9 2564/13 2565/2
f 2566/10 2567/9 2568/13 2569/2
f 2386/1 2382/2 2467/5 2523/6
f 2523/1 2447/36 2442/112 2516/9
f 2383/7 2382/8 2469/9 2439/10
f 2563/11 2469/9 2344/13 2564/12
f 2467/1 2523/2 2516/10 2466/9
f 2383/1 2382/2 2467/5 2447/6
f 2514/1 2464/2 2465/10 2515/9
f 2377/1 2380/2 2433/5 2464/6
f 2377/1 2376/2 2514/5 2464/6
f 2433/20 2514/2 2515/10 2441/113
f 2377/7 2380/8 2440/9 2461/10
f 2461/10 2562/11 2565/12 2341/2
f 2590/1 2589/2 2591/3 2592/4
f 2385/7 2384/8 2520/9 2468/10
f 2473/18 2525/19 2594/9 2595/10
f 2337/9 2336/10 2448/7 2472/8
f 2448/93 2426/37 2513/6 2524/115
f 2464/5 2514/6 2513/1 2425/2
f 2447/5 2467/6 2464/1 2433/2
f 2472/5 2524/6 2523/1 2467/2
f 2470/10 2521/9 2522/13 2471/2
f 2645/10 2646/9 2647/13 2648/2
f 2423/2 2649/5 2650/85 2424/86
f 2443/5 2651/6 2649/13 2444/2
f 2594/85 2652/87 2651/88 2595/5
f 2515/1 2465/2 2422/5 2421/6
f 2516/1 2442/36 2441/37 2515/6
f 2525/1 2473/2 2466/5 2516/6
f 2511/10 2462/9 2463/13 2512/2
f 2653/10 2654/9 2655/13 2656/2
f 2675/1 2676/2 2677/5 2678/6
f 2677/1 2679/2 2680/10 2681/9
f 2682/1 2683/2 2684/5 2679/6
f 2675/7 2676/8 2718/9 2719/10
f 2720/11 2718/9 2717/13 2721/12
f 2684/38 2678/2 2722/10 2723/63
f 2682/1 2676/2 2677/5 2679/6
f 2682/7 2683/8 2730/9 2731/10
f 2731/10 2732/11 2733/12 2724/2
f 2776/10 2777/9 2778/13 2779/2
f 2780/10 2781/9 2782/13 2783/2
f 2829/5 2830/6 2831/1 2832/2
f 2833/5 2834/6 2835/1 2836/2
f 2837/5 2838/6 2839/1 2840/2
f 2841/5 2842/6 2843/1 2844/2
f 2849/5 2850/6 2851/1 2852/2
f 2853/5 2854/6 2855/1 2856/2
f 2873/1 2874/2 2875/5 2869/6
f 2882/1 2883/2 2884/5 2874/6
f 2888/1 2889/2 2882/5 2881/6
f 2897/1 2898/2 2899/5 2900/6
f 2901/1 2898/2 2899/5 2902/6
f 2903/1 2904/2 2901/5 2898/6
f 2905/1 2906/2 2903/5 2907/6
f 2908/1 2906/2 2903/5 2904/6
f 2676/1 2675/2 2909/5 2910/6
f 2676/1 2682/2 2911/5 2910/6
f 2683/1 2682/2 2911/5 2912/6
f 2915/1 2916/2 2676/5 2675/6
f 2917/1 2918/2 2683/5 2682/6
f 2919/1 2920/2 2915/5 2916/6
f 2919/1 2921/2 2917/5 2916/6
f 2922/1 2921/2 2917/5 2918/6
f 2829/9 2832/10 2931/7 2932/8
f 2933/1 2927/2 2934/5 2935/6
f 2901/7 2904/8 2936/9 2937/10
f 2938/18 2939/19 2940/9 2941/10
f 2833/9 2836/10 2945/7 2946/8
f 2711/1 2954/2 2955/7 2956/8
f 2971/1 2970/2 2972/47 2973/48
f 2897/7 2900/8 2976/9 2977/10
f 2977/10 2978/11 2979/12 2857/2
f 2980/1 2981/2 2982/10 2983/9
f 2897/1 2907/2 2986/18 2982/19
f 2905/7 2907/8 2989/9 2990/10
f 2991/11 2989/9 2866/13 2992/12
f 2993/1 2994/2 2995/10 2986/9
f 3052/10 3053/9 3054/13 3055/2
f 3056/10 3057/9 3058/13 3059/2
f 3063/1 3062/2 3064/3 3065/4
f 2906/7 2905/8 2990/9 3068/10
f 3069/18 2995/19 3070/9 3071/10
f 2834/9 2833/10 2946/7 3073/8
f 3077/10 2991/9 2992/13 3078/2
f 3079/10 3080/9 3081/13 3082/2
f 2978/10 3083/9 3084/13 2979/2
f 3085/10 3086/9 3087/13 3088/2
f 2732/10 3091/9 3092/13 2733/2
f 3093/10 3094/9 3095/13 3096/2
f 3136/10 2720/9 2721/13 3137/2
f 3138/10 3139/9 3140/13 3141/2
f 2981/1 3148/2 3149/10 2982/9
f 2898/1 2901/2 2932/5 3148/6
f 2898/1 2897/2 2981/5 3148/6
f 2932/20 2981/2 2982/10 2938/113
f 2898/7 2901/8 2937/9 3155/10
f 3155/10 3052/11 3055/12 2858/2
f 2841/9 2844/10 3159/7 2684/8
f 3161/1 2688/2 3162/3 3163/4
f 2683/7 2918/8 3164/9 2730/10
f 2723/18 3165/19 3166/9 3167/10
f 2853/9 2856/10 3171/7 3172/8
f 2676/1 2910/2 3183/5 2677/6
f 2676/7 2910/8 3185/9 2718/10
f 2718/10 2776/11 2779/12 2717/2
f 3183/1 2677/2 2681/10 3186/9
f 3187/1 2677/2 2681/10 3188/9
f 2676/1 2916/2 3188/18 2681/19
f 2919/1 2916/2 3187/5 3190/6
f 2919/7 2916/8 3193/9 3194/10
f 3195/11 3193/9 2878/13 3196/12
f 3187/1 3190/2 3197/10 3188/9
f 3207/1 3206/2 3208/74 3209/75
f 2982/1 3149/2 3216/5 2983/6
f 2986/1 2939/36 2938/37 2982/6
f 2995/1 3069/2 3217/5 2986/6
f 2681/1 2680/2 3218/5 3186/6
f 3219/1 3165/26 2723/27 2722/6
f 3197/1 3220/2 3221/5 3188/6
f 2954/1 3223/2 3224/7 2955/8
f 2840/9 2839/10 3234/7 3183/8
f 3235/1 3228/2 3231/5 3236/6
f 2910/7 2911/8 3238/9 3185/10
f 3186/18 3218/19 3239/9 3240/10
f 2844/9 2843/10 3241/7 3159/8
f 3287/1 3285/2 3288/74 3289/75
f 3153/1 2985/2 3329/5 3330/6
f 3331/1 3332/2 3153/5 3333/6
f 3334/1 3335/2 2984/5 3332/6
f 2726/1 2725/2 3336/5 3337/6
f 3189/1 3338/2 3339/5 2725/6
f 3340/1 3341/2 2726/5 3342/6
f 3347/1 3348/2 3189/5 3341/6
f 2916/7 2915/8 3351/9 3193/10
f 3193/10 3136/11 3137/12 2878/2
f 3352/1 3171/26 3165/79 3219/9
f 2916/1 2917/2 3353/5 3187/6
f 2918/7 2917/8 3354/9 3164/10
f 3091/11 3354/9 2879/13 3092/12
f 2916/1 2915/2 3352/5 3187/6
f 3353/1 3187/2 3188/10 3221/9
f 2918/1 2917/2 3353/5 3171/6
f 2899/7 2898/8 3155/9 3358/10
f 3083/11 3155/9 2858/13 3084/12
f 3148/1 3359/2 3216/10 3149/9
f 2899/1 2898/2 3148/5 3359/6
f 2903/1 2898/2 3149/18 3217/19
f 3148/1 3360/2 3217/10 3149/9
f 2903/7 2906/8 3068/9 3361/10
f 3361/10 3077/11 3078/12 2861/2
f 3073/1 3360/2 3217/10 3069/9
f 2903/1 2906/2 3073/5 3360/6
f 3358/2 3155/5 2977/85 2976/86
f 2936/5 3361/6 3155/13 2937/2
f 2990/85 2989/87 3361/88 3068/5
f 3238/2 2731/5 2718/85 3185/86
f 2719/1 2718/2 3193/5 3351/6
f 3164/5 3354/6 2731/13 2730/2
f 3194/85 3193/87 3354/88 3374/5
f 3381/1 3380/2 3382/3 3383/4
f 2900/7 2899/8 3358/9 2976/10
f 2983/18 3216/19 3385/9 3386/10
f 2832/9 2831/10 3359/7 2931/8
f 3389/1 2971/2 2973/47 3390/48
f 2907/1 2903/2 3360/5 2993/6
f 2993/1 2945/36 2939/112 2986/9
f 2904/7 2903/8 3361/9 2936/10
f 3053/11 3361/9 2861/13 3054/12
f 3360/1 2993/2 2986/10 3217/9
f 2904/1 2903/2 3360/5 2945/6
f 2946/93 2931/37 2980/6 2994/115
f 3148/5 2981/6 2980/1 3359/2
f 2945/5 3360/6 3148/1 2932/2
f 3073/5 2994/6 2993/1 3360/2
f 3408/16 3172/78 3159/27 3234/6
f 2679/5 2677/6 3183/1 3241/2
f 3187/5 3352/6 2678/1 2677/2
f 3171/5 3353/6 2679/1 2684/2
f 3409/5 3190/6 3187/1 3353/2
f 2911/7 2682/8 2731/9 3238/10
f 2777/11 2731/9 2724/13 2778/12
f 2679/1 3241/2 3218/10 2680/9
f 2911/1 2682/2 2679/5 3241/6
f 2917/1 2682/2 2680/18 3221/19
f 2679/1 3353/2 3221/10 2680/9
f 2917/7 2921/8 3374/9 3354/10
f 3354/10 3410/11 3411/12 2879/2
f 3409/1 3353/2 3221/10 3220/9
f 2917/1 2921/2 3409/5 3353/6
f 2839/9 2838/10 2678/7 3234/8
f 2665/1 3413/2 3414/3 3415/4
f 2915/7 2675/8 2719/9 3351/10
f 3219/18 2722/19 3416/9 3417/10
f 2851/9 2850/10 3408/7 3352/8
f 2850/9 2849/10 3190/7 3408/8
f 3420/1 3424/2 3425/3 3421/4
f 2921/7 2919/8 3194/9 3374/10
f 3220/18 3197/19 3426/9 3427/10
f 2854/9 2853/10 3172/7 3409/8
f 3385/2 3428/5 3429/85 3386/86
f 2940/5 3430/6 3428/13 2941/2
f 3070/85 3431/87 3430/88 3071/5
f 3239/2 3432/5 3433/85 3240/86
f 3416/1 3433/2 3434/5 3417/6
f 3166/5 3435/6 3432/13 3167/2
f 3426/85 3434/87 3435/88 3427/5
f 3410/10 3195/9 3196/13 3411/2
f 3436/10 3437/9 3438/13 3439/2
f 3545/1 3544/2 3546/24 3547/25
f 3557/1 3556/2 3558/24 3559/25
f 3564/1 3545/2 3547/24 3565/25
f 3573/1 3572/2 3574/24 3575/25
f 3627/1 3623/2 3624/24 3628/25
f 3654/1 3653/2 3655/24 3656/25
f 3784/1 3789/2 3790/24 3785/25
f 3810/1 3808/2 3813/24 3811/25
f 3843/1 3842/2 3844/24 3845/25
f 3988/1 3987/2 3989/24 3990/25
f 3992/1 3991/2 3993/24 3994/25
f 3995/1 3988/2 3990/24 3996/25
f 4622/1 4621/2 4623/3 4624/4
f 4627/7 4628/8 4629/9 4630/10
f 4631/18 4632/19 4633/9 4634/10
f 4638/9 4639/10 4640/7 4641/8
f 4646/9 4647/10 4648/7 4649/8
f 4652/1 4651/2 4653/3 4654/4
f 4657/7 4658/8 4659/9 4660/10
f 4661/18 4662/19 4663/9 4664/10
f 4668/9 4669/10 4670/7 4671/8
f 4676/1 4677/2 4678/18 4679/19
f 4680/1 4681/2 4679/10 4678/9
f 4676/7 4685/8 4686/9 4687/10
f 4687/10 4688/11 4689/12 4672/2
f 4690/1 4681/2 4679/10 4691/9
f 4676/1 4685/2 4690/5 4681/6
f 4696/7 4697/8 4698/9 4699/10
f 4700/11 4698/9 4695/13 4701/12
f 4702/1 4703/2 4704/10 4705/9
f 4696/1 4697/2 4702/5 4703/6
f 4709/1 4697/2 4705/18 4710/19
f 4702/1 4711/2 4710/10 4705/9
f 4709/7 4715/8 4716/9 4717/10
f 4717/10 4718/11 4719/12 4706/2
f 4720/1 4711/2 4710/10 4721/9
f 4709/1 4715/2 4720/5 4711/6
f 4722/1 4723/2 4724/10 4725/9
f 4730/1 4731/2 4725/18 4724/19
f 4732/1 4731/2 4722/5 4733/6
f 4732/7 4731/8 4737/9 4738/10
f 4739/11 4737/9 4727/13 4740/12
f 4722/1 4733/2 4741/10 4725/9
f 4762/1 4763/2 4764/5 4765/6
f 4762/7 4763/8 4770/9 4771/10
f 4771/10 4772/11 4773/12 4768/2
f 4764/1 4765/2 4774/10 4775/9
f 4776/1 4765/2 4774/10 4777/9
f 4762/1 4781/2 4777/18 4774/19
f 4782/1 4781/2 4776/5 4783/6
f 4782/7 4781/8 4787/9 4788/10
f 4789/11 4787/9 4778/13 4790/12
f 4776/1 4783/2 4791/10 4777/9
f 4886/5 4887/6 4888/1 4889/2
f 4638/5 4890/6 4891/1 4639/2
f 4892/5 4893/6 4894/1 4895/2
f 4646/5 4896/6 4897/1 4647/2
f 4898/5 4899/6 4900/1 4901/2
f 4668/5 4902/6 4903/1 4669/2
f 4914/1 4731/2 4730/5 4915/6
f 4676/1 4628/2 4627/5 4677/6
f 4732/1 4916/2 4914/5 4731/6
f 4732/1 4685/2 4676/5 4731/6
f 4917/1 4685/2 4676/5 4628/6
f 4762/1 4918/2 4919/5 4763/6
f 4762/1 4697/2 4696/5 4763/6
f 4657/1 4697/2 4696/5 4920/6
f 4921/1 4781/2 4762/5 4918/6
f 4709/1 4658/2 4657/5 4697/6
f 4782/1 4922/2 4921/5 4781/6
f 4782/1 4715/2 4709/5 4781/6
f 4923/1 4715/2 4709/5 4658/6
f 4728/1 4924/2 4925/5 4729/6
f 4926/1 4675/2 4674/5 4927/6
f 4928/1 4929/2 4728/5 4675/6
f 4707/1 4780/2 4930/5 4931/6
f 4779/1 4932/2 4933/5 4780/6
f 4934/1 4708/2 4707/5 4935/6
f 4936/1 4937/2 4779/5 4708/6
f 4994/1 4995/2 4737/5 4996/6
f 4629/5 4687/6 4997/13 4630/2
f 4738/85 4737/87 4687/88 4686/5
f 4699/2 4698/5 4771/85 4770/86
f 4998/1 4771/2 4787/5 4999/6
f 4659/5 4717/6 4698/13 4660/2
f 4788/85 4787/87 4717/88 4716/5
f 4688/10 4739/9 4740/13 4689/2
f 5012/10 5013/9 5014/13 5015/2
f 4915/7 4730/8 4995/9 4994/10
f 5020/11 4995/9 4726/13 5021/12
f 5022/38 5023/2 5024/10 4631/63
f 4677/1 4730/2 4723/5 4680/6
f 4677/7 4627/8 4630/9 4997/10
f 4997/10 5027/11 5028/12 4673/2
f 4887/9 4886/10 4733/7 5034/8
f 5036/1 5037/2 5038/3 5031/4
f 4685/7 4732/8 4738/9 4686/10
f 4691/18 4741/19 5039/9 5040/10
f 4890/9 4638/10 4641/7 4690/8
f 4731/7 4914/8 4996/9 4737/10
f 4737/10 5046/11 5047/12 4727/2
f 5048/1 4640/26 4632/79 5049/9
f 4731/1 4676/2 4681/5 4722/6
f 4628/7 4676/8 4687/9 4629/10
f 5050/11 4687/9 4672/13 5051/12
f 4731/1 4914/2 5048/5 4722/6
f 4681/1 4722/2 4725/10 4679/9
f 4628/1 4676/2 4681/5 4640/6
f 5027/10 5050/9 5051/13 5028/2
f 5055/10 5056/9 5057/13 5058/2
f 5059/10 5060/9 5061/13 5062/2
f 5063/10 5064/9 5065/13 5066/2
f 5046/10 5020/9 5021/13 5047/2
f 5072/10 5073/9 5074/13 5075/2
f 5076/10 5077/9 5078/13 5079/2
f 5080/10 5081/9 5082/13 5083/2
f 4895/9 4894/10 5095/7 4764/8
f 5098/1 5096/2 5093/3 5099/4
f 4763/7 4696/8 4699/9 4770/10
f 4775/18 4704/19 5100/9 5101/10
f 4647/9 4897/10 4703/7 4648/8
f 4918/1 4762/2 4765/5 5102/6
f 4765/1 4702/2 4705/10 4774/9
f 4697/1 4657/2 4649/5 4702/6
f 4918/7 4762/8 4771/9 4998/10
f 5077/11 4771/9 4768/13 5078/12
f 4649/38 5102/2 5103/10 4661/63
f 4697/1 4762/2 4765/5 4702/6
f 4697/7 4657/8 4660/9 4698/10
f 4698/10 5059/11 5062/12 4695/2
f 4899/9 4898/10 4783/7 5111/8
f 5113/1 5114/2 5115/3 5108/4
f 4715/7 4782/8 4788/9 4716/10
f 4721/18 4791/19 5116/9 5117/10
f 4902/9 4668/10 4671/7 4720/8
f 4781/7 4921/8 4999/9 4787/10
f 4787/10 5076/11 5079/12 4778/2
f 5122/1 4670/26 4662/79 5123/9
f 4781/1 4709/2 4711/5 4776/6
f 4658/7 4709/8 4717/9 4659/10
f 5060/11 4717/9 4706/13 5061/12
f 4781/1 4921/2 5122/5 4776/6
f 4711/1 4776/2 4777/10 4710/9
f 4658/1 4709/2 4711/5 4670/6
f 4772/10 4700/9 4701/13 4773/2
f 5149/10 5150/9 5151/13 5152/2
f 4718/10 4789/9 4790/13 4719/2
f 5161/10 5162/9 5163/13 5164/2
f 4859/1 4858/2 5167/5 5168/6
f 4914/7 4915/8 4994/9 4996/10
f 5049/18 5024/19 5169/9 5170/10
f 4888/9 4887/10 5034/7 5048/8
f 4894/9 4893/10 5102/7 5095/8
f 5171/1 5174/2 5175/5 5172/6
f 5173/1 4874/2 5176/5 5177/6
f 4921/7 4918/8 4998/9 4999/10
f 5123/18 5103/19 5178/9 5179/10
f 4900/9 4899/10 5111/7 5122/8
f 5022/27 5023/6 5034/28 4641/126
f 4722/5 5048/6 5023/1 4723/2
f 4640/5 4681/6 4680/1 5022/2
f 4690/5 4733/6 4722/1 4681/2
f 5111/16 4671/78 4648/27 5095/6
f 4702/5 4765/6 4764/1 4703/2
f 4776/5 5122/6 5102/1 4765/2
f 4670/5 4711/6 4702/1 4649/2
f 4720/5 4783/6 4776/1 4711/2
f 5169/1 5207/2 5208/5 5170/6
f 4633/5 5209/6 5210/13 4634/2
f 5039/85 5208/87 5209/88 5040/5
f 5100/2 5211/5 5212/85 5101/86
f 5178/1 5212/2 5213/5 5179/6
f 4663/5 5214/6 5211/13 4664/2
f 5116/85 5213/87 5214/88 5117/5
f 5049/1 4632/26 4631/27 5024/6
f 4741/1 4691/2 4679/5 4725/6
f 4774/1 4705/2 4704/5 4775/6
f 5123/1 4662/26 4661/27 5103/6
f 4791/1 4721/2 4710/5 4777/6
f 5215/10 5216/9 5217/13 5218/2
f 5219/10 5220/9 5221/13 5222/2
f 5243/10 5244/9 5245/13 5246/2
f 5247/10 5248/9 5249/13 5250/2
f 5255/9 5256/10 5257/7 5258/8
f 5261/1 5260/2 5262/3 5263/4
f 5266/7 5267/8 5268/9 5269/10
f 5270/18 5271/19 5272/9 5273/10
f 5278/9 5279/10 5280/7 5281/8
f 5292/1 5293/2 5294/5 5295/6
f 5292/7 5293/8 5300/9 5301/10
f 5301/10 5302/11 5303/12 5298/2
f 5294/1 5295/2 5304/10 5305/9
f 5306/1 5295/2 5304/10 5307/9
f 5292/1 5311/2 5307/18 5304/19
f 5312/1 5311/2 5306/5 5313/6
f 5312/7 5311/8 5317/9 5318/10
f 5319/11 5317/9 5308/13 5320/12
f 5306/1 5313/2 5321/10 5307/9
f 5330/5 5331/6 5332/1 5333/2
f 5255/5 5334/6 5335/1 5256/2
f 5336/5 5337/6 5338/1 5339/2
f 5340/5 5341/6 5342/1 5343/2
f 5344/5 5345/6 5346/1 5347/2
f 5278/5 5348/6 5349/1 5279/2
f 5350/5 5351/6 5352/1 5353/2
f 5354/5 5355/6 5356/1 5357/2
f 5292/1 5394/2 5395/5 5293/6
f 5292/1 5396/2 5397/5 5293/6
f 5266/1 5396/2 5397/5 5398/6
f 5399/1 5400/2 5401/5 5402/6
f 5399/1 5403/2 5404/5 5402/6
f 5405/1 5403/2 5404/5 5406/6
f 5407/1 5311/2 5292/5 5394/6
f 5408/1 5267/2 5266/5 5396/6
f 5409/1 5410/2 5399/5 5400/6
f 5411/1 5412/2 5405/5 5403/6
f 5312/1 5413/2 5407/5 5311/6
f 5312/1 5414/2 5408/5 5311/6
f 5415/1 5414/2 5408/5 5267/6
f 5416/1 5417/2 5409/5 5410/6
f 5416/1 5418/2 5411/5 5410/6
f 5419/1 5418/2 5411/5 5412/6
f 5488/1 5486/2 5491/74 5489/75
f 5399/1 5402/2 5494/5 5495/6
f 5399/7 5402/8 5498/9 5499/10
f 5499/10 5500/11 5501/12 5370/2
f 5494/1 5495/2 5502/10 5503/9
f 5504/1 5495/2 5502/10 5505/9
f 5399/1 5410/2 5505/18 5502/19
f 5416/1 5410/2 5504/5 5508/6
f 5416/7 5410/8 5511/9 5512/10
f 5513/11 5511/9 5378/13 5514/12
f 5504/1 5508/2 5515/10 5505/9
f 5340/9 5343/10 5538/7 5539/8
f 5542/1 5541/2 5543/3 5544/4
f 5405/7 5412/8 5545/9 5546/10
f 5547/18 5548/19 5549/9 5550/10
f 5354/9 5357/10 5555/7 5556/8
f 5333/9 5332/10 5586/7 5294/8
f 5587/1 5581/2 5583/3 5588/4
f 5293/7 5397/8 5590/9 5300/10
f 5305/18 5591/19 5592/9 5593/10
f 5256/9 5335/10 5594/7 5257/8
f 5339/9 5338/10 5603/7 5494/8
f 5604/1 5598/2 5600/3 5605/4
f 5402/7 5404/8 5607/9 5498/10
f 5503/18 5608/19 5609/9 5610/10
f 5343/9 5342/10 5611/7 5538/8
f 5311/7 5407/8 5613/9 5317/10
f 5317/10 5243/11 5246/12 5308/2
f 5614/1 5280/26 5271/79 5615/9
f 5311/1 5408/2 5617/5 5306/6
f 5267/7 5408/8 5619/9 5268/10
f 5216/11 5619/9 5376/13 5217/12
f 5410/7 5409/8 5621/9 5511/10
f 5511/10 5622/11 5623/12 5378/2
f 5624/1 5555/26 5548/79 5625/9
f 5410/1 5411/2 5627/5 5504/6
f 5412/7 5411/8 5629/9 5545/10
f 5630/11 5629/9 5380/13 5631/12
f 5311/1 5407/2 5614/5 5306/6
f 5617/1 5306/2 5307/10 5642/9
f 5267/1 5408/2 5617/5 5280/6
f 5410/1 5409/2 5624/5 5504/6
f 5627/1 5504/2 5505/10 5654/9
f 5412/1 5411/2 5627/5 5555/6
f 5658/10 5630/9 5631/13 5659/2
f 5660/10 5661/9 5662/13 5663/2
f 5304/1 5670/2 5591/5 5305/6
f 5502/1 5671/2 5608/5 5503/6
f 5615/1 5271/26 5270/27 5672/6
f 5625/1 5548/26 5547/27 5673/6
f 5321/1 5674/2 5642/5 5307/6
f 5515/1 5675/2 5654/5 5505/6
f 5622/10 5676/9 5677/13 5623/2
f 5678/10 5679/9 5680/13 5681/2
f 5397/7 5396/8 5683/9 5590/10
f 5684/11 5683/9 5368/13 5685/12
f 5686/1 5594/2 5591/10 5670/9
f 5397/1 5396/2 5686/5 5594/6
f 5408/1 5396/2 5670/18 5642/19
f 5686/1 5617/2 5642/10 5670/9
f 5408/7 5414/8 5689/9 5619/10
f 5619/10 5690/11 5691/12 5376/2
f 5692/1 5617/2 5642/10 5674/9
f 5408/1 5414/2 5692/5 5617/6
f 5332/9 5331/10 5695/7 5586/8
f 5696/1 5634/2 5697/3 5698/4
f 5407/7 5394/8 5699/9 5613/10
f 5615/18 5672/19 5700/9 5701/10
f 5346/9 5345/10 5704/7 5614/8
f 5687/1 5310/2 5752/5 5753/6
f 5754/1 5507/2 5755/5 5756/6
f 5309/1 5757/2 5758/5 5310/6
f 5759/1 5616/2 5687/5 5760/6
f 5506/1 5761/2 5762/5 5507/6
f 5763/1 5626/2 5754/5 5764/6
f 5765/1 5766/2 5309/5 5616/6
f 5767/1 5768/2 5506/5 5626/6
f 5338/9 5337/10 5770/7 5603/8
f 5771/1 5644/2 5772/3 5773/4
f 5409/7 5400/8 5774/9 5621/10
f 5625/18 5673/19 5775/9 5776/10
f 5352/9 5351/10 5777/7 5624/8
f 5590/2 5683/5 5301/85 5300/86
f 5607/2 5786/5 5499/85 5498/86
f 5699/1 5301/2 5317/5 5613/6
f 5268/5 5619/6 5683/13 5269/2
f 5774/1 5499/2 5511/5 5621/6
f 5545/5 5629/6 5786/13 5546/2
f 5318/85 5317/87 5619/88 5689/5
f 5512/85 5511/87 5629/88 5787/5
f 5404/7 5403/8 5786/9 5607/10
f 5790/11 5786/9 5371/13 5791/12
f 5792/1 5611/2 5608/10 5671/9
f 5404/1 5403/2 5792/5 5611/6
f 5411/1 5403/2 5671/18 5654/19
f 5792/1 5627/2 5654/10 5671/9
f 5411/7 5418/8 5787/9 5629/10
f 5629/10 5793/11 5794/12 5380/2
f 5795/1 5627/2 5654/10 5675/9
f 5411/1 5418/2 5795/5 5627/6
f 5422/1 5804/2 5805/74 5429/75
f 5704/16 5281/78 5257/27 5586/6
f 5686/5 5295/6 5294/1 5594/2
f 5777/16 5556/78 5538/27 5603/6
f 5792/5 5495/6 5494/1 5611/2
f 5306/5 5614/6 5695/1 5295/2
f 5280/5 5617/6 5686/1 5258/2
f 5504/5 5624/6 5770/1 5495/2
f 5555/5 5627/6 5792/1 5539/2
f 5692/5 5313/6 5306/1 5617/2
f 5795/5 5508/6 5504/1 5627/2
f 5302/10 5684/9 5685/13 5303/2
f 5813/10 5814/9 5815/13 5816/2
f 5500/10 5790/9 5791/13 5501/2
f 5817/10 5818/9 5819/13 5820/2
f 5690/10 5319/9 5320/13 5691/2
f 5821/10 5822/9 5823/13 5824/2
f 5793/10 5513/9 5514/13 5794/2
f 5825/10 5826/9 5827/13 5828/2
f 5394/1 5292/2 5295/5 5695/6
f 5295/1 5686/2 5670/10 5304/9
f 5396/1 5266/2 5258/5 5686/6
f 5400/1 5399/2 5495/5 5770/6
f 5495/1 5792/2 5671/10 5502/9
f 5403/1 5405/2 5539/5 5792/6
f 5394/7 5292/8 5301/9 5699/10
f 5244/11 5301/9 5298/13 5245/12
f 5258/38 5695/2 5672/10 5270/63
f 5396/1 5292/2 5295/5 5686/6
f 5396/7 5266/8 5269/9 5683/10
f 5683/10 5215/11 5218/12 5368/2
f 5400/7 5399/8 5499/9 5774/10
f 5676/11 5499/9 5370/13 5677/12
f 5539/38 5770/2 5673/10 5547/63
f 5403/1 5399/2 5495/5 5792/6
f 5403/7 5405/8 5546/9 5786/10
f 5786/10 5658/11 5659/12 5371/2
f 5592/2 5829/5 5830/85 5593/86
f 5609/2 5831/5 5832/85 5610/86
f 5700/1 5830/2 5833/5 5701/6
f 5272/5 5834/6 5829/13 5273/2
f 5775/1 5832/2 5835/5 5776/6
f 5549/5 5836/6 5831/13 5550/2
f 5837/85 5833/87 5834/88 5838/5
f 5839/85 5835/87 5836/88 5840/5
f 5345/9 5344/10 5313/7 5704/8
f 5841/1 5847/2 5848/5 5842/6
f 5843/1 5849/2 5850/5 5844/6
f 5414/7 5312/8 5318/9 5689/10
f 5674/18 5321/19 5837/9 5838/10
f 5348/9 5278/10 5281/7 5692/8
f 5351/9 5350/10 5508/7 5777/8
f 5851/1 5855/2 5856/5 5852/6
f 5418/7 5416/8 5512/9 5787/10
f 5675/18 5515/19 5839/9 5840/10
f 5355/9 5354/10 5556/7 5795/8
f 5920/7 5921/8 5922/9 5923/10
f 5924/11 5922/9 5919/13 5925/12
f 5926/1 5927/2 5928/10 5929/9
f 5920/1 5921/2 5926/5 5927/6
f 5991/5 5992/6 5993/1 5994/2
f 5995/5 5996/6 5997/1 5998/2
f 5870/1 6004/2 6005/5 6002/6
f 6009/1 5871/2 5870/5 6010/6
f 6012/1 5963/2 6013/5 6004/6
f 6015/1 6017/2 6009/5 6016/6
f 5962/1 6019/2 6020/5 5963/6
f 6022/1 5896/2 5891/5 6017/6
f 6023/1 6024/2 5962/5 6018/6
f 6026/1 6028/2 6023/5 5896/6
f 6041/1 6042/2 6043/5 6044/6
f 6041/1 5921/2 5920/5 6044/6
f 6045/1 5921/2 5920/5 6046/6
f 6055/10 5924/9 5925/13 6056/2
f 6057/10 6058/9 6059/13 6060/2
f 6042/1 6041/2 6097/5 6098/6
f 6097/1 5926/2 5929/10 6099/9
f 5921/1 6045/2 6100/5 5926/6
f 6193/1 6192/2 6194/47 6195/48
f 6202/1 6201/2 6203/47 6204/48
f 6099/1 5929/2 5928/5 6267/6
f 5995/9 5998/10 6286/7 6100/8
f 6041/1 6044/2 6301/5 6097/6
f 6041/7 6044/8 6304/9 6305/10
f 6305/10 6055/11 6056/12 6033/2
f 6301/1 6097/2 6099/10 6267/9
f 6307/1 6202/2 6204/47 6308/48
f 6314/1 6313/2 6315/47 6316/48
f 6339/1 6340/2 6341/5 6342/6
f 5923/2 5922/5 6305/85 6304/86
f 5994/9 5993/10 6357/7 6301/8
f 6360/1 6358/2 6355/3 6361/4
f 6044/7 5920/8 5923/9 6304/10
f 6267/18 5928/19 6362/9 6363/10
f 5998/9 5997/10 5927/7 6286/8
f 6192/1 6368/2 6369/47 6194/48
f 6235/1 6318/2 6372/7 6373/8
f 5993/9 5992/10 6098/7 6357/8
f 6098/1 6100/144 6286/27 6357/6
f 5926/5 6097/6 6301/1 5927/2
f 6362/2 6388/5 6389/85 6363/86
f 6318/1 6293/2 6390/7 6372/8
f 6391/1 6314/2 6316/47 6392/48

usemtl minecraft_block-polished_andesite

f 25/1 26/2 27/5 28/6
f 43/1 44/2 45/5 46/6
f 53/1 54/2 55/14 56/15
f 28/1 27/2 46/5 45/6
f 54/16 53/17 71/5 72/6
f 44/1 43/2 73/5 74/6
f 56/1 55/2 26/5 25/6
f 72/1 71/2 74/14 73/15
f 71/1 85/2 44/14 74/15
f 85/1 86/2 87/5 88/6
f 90/1 89/2 28/7 45/8
f 86/1 53/2 56/14 25/15
f 111/20 112/2 113/5 114/21
f 122/20 120/2 123/5 124/21
f 126/1 111/2 124/22 127/23
f 152/1 153/2 154/24 155/25
f 160/1 161/2 162/22 163/23
f 210/28 124/29 123/5 209/6
f 212/1 127/32 124/33 211/6
f 163/34 162/35 213/5 212/6
f 214/1 215/2 216/24 217/25
f 218/1 126/30 219/31 215/6
f 216/1 227/30 127/31 213/6
f 231/1 219/2 227/24 230/25
f 240/1 241/30 153/31 242/6
f 153/1 243/2 244/24 154/25
f 248/1 249/36 245/37 246/6
f 245/1 231/2 230/24 247/25
f 245/28 114/29 113/5 246/6
f 215/1 231/26 245/27 257/6
f 153/16 152/17 215/5 214/6
f 111/28 249/29 248/5 112/6
f 126/44 263/2 240/5 111/45
f 161/34 160/35 263/5 218/6
f 215/1 257/2 264/24 216/25
f 265/38 218/2 215/5 152/39
f 155/38 216/2 213/5 267/39
f 161/1 265/2 267/22 162/23
f 249/43 240/2 242/5 245/42
f 114/1 245/2 247/24 122/25
f 122/28 247/29 239/5 120/6
f 230/38 216/2 264/5 247/39
f 155/16 154/17 217/5 216/6
f 288/1 289/2 290/5 291/6
f 293/1 292/2 294/5 295/6
f 312/1 313/2 314/49 315/50
f 335/20 336/2 337/5 338/21
f 339/1 337/2 340/47 341/48
f 342/20 340/2 343/5 344/21
f 313/1 349/2 350/49 314/50
f 349/1 351/2 352/5 353/6
f 355/1 354/2 356/5 350/6
f 351/1 357/2 358/49 356/50
f 383/1 384/2 385/5 386/6
f 295/1 387/36 344/37 343/6
f 315/1 321/36 388/37 294/6
f 350/1 389/36 390/37 314/6
f 356/1 393/2 394/5 350/6
f 358/1 397/36 395/37 356/6
f 401/1 402/36 398/37 403/6
f 405/1 406/36 404/37 407/6
f 412/1 413/2 414/5 415/6
f 416/1 417/2 418/5 419/6
f 299/1 298/2 341/5 342/6
f 420/1 354/2 355/5 421/6
f 422/1 423/2 424/5 425/6
f 353/1 456/2 421/47 355/48
f 496/1 497/2 412/14 415/15
f 497/1 500/2 501/5 502/6
f 504/1 503/2 383/7 386/8
f 500/1 511/2 416/14 419/15
f 297/1 339/2 341/47 298/48
f 529/1 530/2 424/47 423/48
f 336/1 288/2 295/49 343/50
f 544/1 545/2 405/49 407/50
f 289/1 312/2 546/5 290/6
f 292/1 547/2 315/5 294/6
f 557/1 558/2 559/5 560/6
f 562/1 561/2 401/5 403/6
f 511/1 563/2 417/14 416/15
f 564/1 496/2 415/14 414/15
f 558/1 544/2 565/5 559/6
f 561/1 566/2 407/5 401/6
f 545/1 568/36 569/37 570/6
f 570/1 529/2 423/47 571/48
f 571/1 422/36 406/37 405/6
f 297/1 296/2 338/5 339/6
f 352/1 548/2 456/5 353/6
f 529/1 569/2 567/5 530/6
f 563/16 511/17 496/5 564/6
f 572/20 288/2 336/5 335/21
f 573/38 312/2 289/5 572/39
f 574/58 357/17 313/5 573/42
f 575/38 558/2 557/5 574/39
f 568/20 545/2 544/5 575/21
f 419/1 418/2 384/5 383/6
f 413/1 412/2 386/5 385/6
f 548/1 352/2 354/47 420/48
f 357/1 557/2 403/49 358/50
f 586/1 587/2 588/24 589/25
f 590/38 591/2 586/5 592/39
f 593/1 589/2 594/5 595/6
f 596/1 597/2 598/5 599/6
f 600/38 598/2 601/5 602/39
f 611/1 612/2 613/5 614/6
f 623/1 607/2 608/5 624/6
f 625/1 609/2 610/5 600/6
f 578/1 592/2 623/24 581/25
f 582/1 624/2 630/24 585/25
f 631/38 632/2 578/5 579/39
f 580/38 581/2 582/5 583/39
f 584/38 585/2 633/5 634/39
f 635/1 579/2 580/24 636/25
f 637/1 583/2 584/24 638/25
f 639/59 638/2 640/5 641/60
f 642/1 643/2 644/3 645/4
f 656/1 657/32 658/33 659/6
f 659/1 660/2 661/24 662/25
f 662/1 663/32 664/33 665/6
f 665/1 666/2 667/24 668/25
f 668/1 669/61 670/62 671/6
f 672/1 658/2 663/24 673/25
f 674/1 664/2 676/24 675/25
f 677/1 678/2 679/5 680/6
f 687/1 680/2 688/5 689/6
f 690/1 691/2 687/5 692/6
f 735/66 736/2 737/5 738/67
f 739/1 737/2 740/24 741/25
f 742/66 740/2 743/5 744/67
f 754/68 752/2 755/5 756/69
f 759/1 757/2 758/24 760/25
f 761/1 745/2 753/24 762/25
f 738/1 763/2 764/24 742/25
f 744/1 765/2 766/24 767/25
f 782/1 783/2 784/24 785/25
f 786/1 787/26 788/27 783/6
f 784/1 789/26 790/27 791/6
f 788/1 792/2 793/24 789/25
f 790/1 794/2 795/24 796/25
f 797/1 798/26 799/27 792/6
f 793/1 800/26 801/27 794/6
f 795/1 802/26 803/27 804/6
f 799/1 805/2 806/24 800/25
f 801/1 807/2 808/24 802/25
f 808/1 809/64 810/65 811/6
f 737/1 782/2 812/72 743/73
f 814/1 815/26 587/27 782/6
f 587/1 816/2 817/74 818/75
f 783/1 739/2 741/24 784/25
f 591/38 786/2 783/5 586/39
f 589/38 784/2 791/5 594/39
f 597/1 644/2 678/7 601/8
f 643/1 820/2 821/5 822/6
f 824/1 823/2 825/7 679/8
f 820/1 831/2 832/14 833/15
f 612/1 677/2 680/5 613/6
f 680/1 840/2 841/5 688/6
f 845/1 846/2 847/5 840/6
f 853/1 810/76 756/77 755/6
f 625/16 633/17 804/5 855/6
f 634/16 640/17 811/5 803/6
f 645/1 644/2 597/5 861/6
f 671/1 670/61 641/62 625/6
f 680/1 687/2 614/5 613/6
f 825/1 840/2 680/5 679/6
f 871/1 872/2 692/5 687/6
f 847/1 873/2 871/5 840/6
f 678/1 677/2 612/5 601/6
f 691/1 690/2 602/5 611/6
f 832/1 846/2 845/5 833/6
f 874/1 875/2 876/5 877/6
f 833/1 845/2 840/5 825/6
f 840/1 871/2 890/5 841/6
f 877/1 876/2 872/5 871/6
f 812/1 790/30 745/31 743/6
f 794/1 801/26 765/27 761/6
f 624/16 582/17 794/5 790/6
f 583/16 637/17 807/5 801/6
f 666/1 674/26 583/27 582/6
f 796/43 813/2 752/5 753/42
f 802/38 795/2 762/5 766/39
f 809/59 808/2 767/5 754/60
f 585/16 630/17 796/5 795/6
f 638/16 584/17 802/5 808/6
f 675/38 667/2 585/5 584/39
f 669/59 676/2 638/5 639/60
f 691/1 611/2 614/5 687/6
f 871/1 687/2 689/5 890/6
f 874/1 877/2 871/5 873/6
f 757/1 788/2 789/24 758/25
f 745/1 790/2 796/24 753/25
f 787/1 590/26 592/27 788/6
f 789/1 623/26 624/27 790/6
f 671/1 625/2 602/7 690/8
f 969/1 656/2 659/5 970/6
f 972/1 971/2 692/7 872/8
f 975/1 969/2 876/14 875/15
f 792/1 759/2 760/24 793/25
f 794/1 761/2 762/24 795/25
f 632/38 797/2 792/5 578/39
f 581/38 793/2 794/5 582/39
f 585/38 795/2 804/5 633/39
f 660/1 578/2 581/24 661/25
f 666/1 582/2 585/24 667/25
f 763/1 799/2 800/24 764/25
f 765/1 801/2 802/24 766/25
f 798/1 631/26 579/27 799/6
f 800/1 580/26 583/27 801/6
f 802/1 584/26 634/27 803/6
f 579/1 672/2 673/24 580/25
f 583/1 674/2 675/24 584/25
f 977/1 735/2 767/89 808/90
f 978/38 977/2 805/5 635/39
f 636/38 806/2 807/5 637/39
f 638/38 808/2 811/5 640/39
f 657/1 978/2 638/89 676/90
f 783/1 788/26 757/27 739/6
f 792/1 799/26 763/27 759/6
f 587/16 586/17 783/5 782/6
f 592/16 578/17 792/5 788/6
f 579/16 635/17 805/5 799/6
f 660/1 672/26 579/27 578/6
f 977/66 814/2 736/5 735/67
f 591/16 815/17 814/5 786/6
f 632/16 590/17 787/5 797/6
f 978/16 631/17 798/5 977/6
f 657/66 642/2 815/5 978/67
f 975/91 831/29 643/5 656/39
f 789/38 784/2 741/5 758/39
f 800/38 793/2 760/5 764/39
f 589/16 588/17 785/5 784/6
f 581/16 623/17 789/5 793/6
f 636/16 580/17 800/5 806/6
f 673/38 661/2 581/5 580/39
f 831/1 975/26 1041/27 1042/6
f 1042/1 1043/2 1044/3 1045/4
f 1045/1 1046/26 875/27 832/6
f 846/1 874/2 873/5 847/6
f 1047/1 1041/2 1046/3 1048/4
f 1063/1 1064/2 1065/24 1066/25
f 1069/1 1070/64 1071/65 1064/6
f 1071/1 1075/2 1076/24 1074/25
f 1077/1 1078/2 1079/24 1080/25
f 1081/38 1082/2 1077/5 1083/39
f 1084/38 1080/2 1085/5 1086/39
f 1087/1 1083/2 1084/24 1088/25
f 1089/38 1090/2 1087/5 1091/39
f 1096/38 1088/2 1097/5 1098/39
f 1105/1 1089/2 1098/22 1106/23
f 1161/1 1162/2 1163/24 1164/25
f 1169/1 1170/2 1171/22 1172/23
f 1175/1 1176/2 1177/24 1178/25
f 1179/1 1180/30 1181/31 1176/6
f 1072/1 1087/2 1088/24 1073/25
f 1090/1 1182/36 1183/37 1087/6
f 1088/1 1184/36 1185/37 1097/6
f 1191/1 1192/64 1193/65 1194/6
f 1195/16 1196/17 1197/5 1191/6
f 1201/16 1086/17 1085/5 1200/6
f 1211/1 1203/32 1196/33 1212/6
f 1213/1 1185/26 1202/27 1201/6
f 1214/16 1215/17 1216/5 1211/6
f 1218/16 1098/17 1097/5 1213/6
f 1171/1 1219/32 1215/33 1172/6
f 1226/1 1106/32 1098/33 1227/6
f 1234/43 1235/2 1236/5 1237/42
f 1238/1 1236/2 1239/24 1240/25
f 1241/43 1239/2 1212/5 1195/42
f 1252/1 1237/2 1241/24 1253/25
f 1083/1 1067/2 1068/24 1084/25
f 1254/20 1081/2 1083/5 1230/21
f 1231/20 1084/2 1086/5 1202/21
f 1286/1 1161/2 1164/24 1287/25
f 1288/1 1289/30 1290/31 1161/6
f 1291/1 1292/2 1293/24 1294/25
f 1295/1 1105/30 1296/31 1292/6
f 1293/1 1304/30 1106/31 1305/6
f 1075/1 1296/2 1304/24 1076/25
f 1311/43 1169/2 1312/5 1313/42
f 1162/1 1312/2 1314/24 1163/25
f 1315/43 1314/2 1172/5 1214/42
f 1326/1 1313/2 1315/24 1327/25
f 1070/43 1328/2 1329/5 1071/42
f 1091/1 1071/2 1074/24 1096/25
f 1176/1 1238/2 1240/24 1177/25
f 1289/43 1179/2 1176/5 1290/42
f 1344/1 1064/26 1063/27 1345/6
f 1077/1 1346/36 1347/37 1078/6
f 1237/16 1252/17 1344/5 1348/6
f 1067/16 1083/17 1077/5 1064/6
f 1176/1 1187/26 1237/27 1238/6
f 1087/1 1183/36 1230/37 1083/6
f 1313/16 1326/17 1176/5 1175/6
f 1071/16 1091/17 1087/5 1072/6
f 1161/1 1349/26 1313/27 1162/6
f 1292/1 1075/26 1071/27 1309/6
f 1235/1 1353/2 1211/22 1212/23
f 1353/1 1311/26 1313/27 1175/6
f 1178/1 1315/26 1214/27 1211/6
f 1313/1 1349/2 1357/24 1315/25
f 1358/59 1359/2 1360/5 1361/60
f 1362/16 1234/17 1359/5 1363/6
f 1081/16 1366/17 1069/5 1082/6
f 1180/44 1353/2 1235/5 1362/45
f 1182/38 1372/2 1366/5 1254/39
f 1373/16 1311/17 1353/5 1179/6
f 1089/16 1070/17 1372/5 1090/6
f 1289/44 1170/2 1169/5 1373/45
f 1105/44 1378/2 1328/5 1089/45
f 1065/38 1442/2 1443/5 1066/39
f 1444/20 1080/2 1079/5 1445/21
f 1253/16 1241/17 1446/5 1442/6
f 1084/16 1068/17 1065/5 1080/6
f 1188/38 1177/2 1240/5 1241/39
f 1184/20 1088/2 1084/5 1231/21
f 1327/16 1315/17 1178/5 1177/6
f 1096/16 1074/17 1073/5 1088/6
f 1357/38 1164/2 1163/5 1315/39
f 1076/38 1293/2 1310/5 1074/39
f 1344/1 1345/2 1443/24 1442/25
f 1180/43 1363/2 1344/5 1181/42
f 1292/1 1309/2 1310/24 1293/25
f 1360/1 1359/2 1191/22 1194/23
f 1359/1 1234/26 1237/27 1348/6
f 1446/1 1241/26 1195/27 1191/6
f 1237/1 1187/2 1188/24 1241/25
f 1328/1 1378/2 1291/5 1329/6
f 1361/59 1360/2 1466/5 1347/60
f 1345/1 1466/2 1467/24 1443/25
f 1445/59 1467/2 1194/5 1193/60
f 1078/1 1063/2 1066/24 1079/25
f 1348/1 1344/2 1442/24 1446/25
f 1363/1 1069/26 1064/27 1344/6
f 1064/1 1077/2 1080/24 1065/25
f 1082/1 1358/36 1346/37 1077/6
f 1080/1 1444/36 1192/37 1085/6
f 1472/1 1492/2 1493/24 1475/25
f 1476/1 1494/2 1495/24 1479/25
f 1496/38 1497/2 1472/5 1473/39
f 1474/38 1475/2 1476/5 1477/39
f 1478/38 1479/2 1498/5 1499/39
f 1480/1 1473/2 1474/24 1483/25
f 1500/1 1477/2 1478/24 1501/25
f 1502/38 1503/2 1480/5 1481/39
f 1482/38 1483/2 1500/5 1504/39
f 1484/1 1481/2 1482/24 1487/25
f 1505/38 1506/2 1484/5 1485/39
f 1507/1 1485/2 1486/24 1508/25
f 1513/1 1514/2 1515/24 1516/25
f 1517/1 1518/2 1519/24 1520/25
f 1497/38 1521/2 1513/5 1472/39
f 1475/38 1516/2 1517/5 1476/39
f 1479/38 1520/2 1522/5 1498/39
f 1523/1 1472/2 1475/24 1524/25
f 1525/1 1476/2 1479/24 1526/25
f 1527/1 1528/99 1529/100 1530/6
f 1530/1 1523/2 1524/24 1531/25
f 1531/1 1532/99 1533/100 1534/6
f 1534/1 1525/2 1526/24 1535/25
f 1535/1 1536/32 1537/33 1538/6
f 1539/1 1543/2 1544/24 1540/25
f 1541/1 1545/2 1536/24 1542/25
f 1546/1 1548/2 1549/24 1547/25
f 1560/1 1529/2 1532/24 1559/25
f 1598/101 1599/2 1600/5 1601/102
f 1514/1 1600/2 1602/24 1515/25
f 1603/101 1602/2 1604/5 1605/102
f 1518/1 1604/2 1606/24 1519/25
f 1607/44 1606/2 1608/5 1609/45
f 1614/1 1610/2 1611/24 1615/25
f 1616/1 1612/2 1613/24 1607/25
f 1617/1 1601/2 1603/24 1618/25
f 1619/43 1620/2 1621/5 1595/42
f 1610/1 1622/2 1623/24 1611/25
f 1612/1 1624/2 1625/24 1613/25
f 1626/1 1496/26 1473/27 1622/6
f 1623/1 1474/26 1477/27 1624/6
f 1625/1 1478/26 1499/27 1627/6
f 1473/1 1539/2 1540/24 1474/25
f 1477/1 1541/2 1542/24 1478/25
f 1628/1 1513/2 1516/24 1629/25
f 1630/1 1517/2 1520/24 1631/25
f 1521/1 1626/26 1622/27 1513/6
f 1516/1 1623/26 1624/27 1517/6
f 1520/1 1625/26 1627/27 1522/6
f 1622/1 1632/2 1633/24 1623/25
f 1624/1 1634/2 1635/24 1625/25
f 1636/1 1637/26 1638/27 1632/6
f 1633/1 1639/26 1640/27 1634/6
f 1638/1 1641/2 1642/24 1639/25
f 1643/1 1644/2 1645/24 1646/25
f 1647/1 1648/26 1649/27 1644/6
f 1645/1 1657/26 1658/27 1659/6
f 1632/1 1614/2 1615/24 1633/25
f 1634/1 1616/2 1609/72 1663/73
f 1503/38 1636/2 1632/5 1480/39
f 1483/38 1633/2 1634/5 1500/39
f 1501/38 1635/2 1663/5 1664/39
f 1543/1 1480/2 1483/24 1544/25
f 1545/1 1500/2 1664/72 1537/73
f 1693/1 1694/2 1695/22 1696/23
f 1694/1 1598/26 1601/27 1697/6
f 1700/1 1603/26 1605/27 1695/6
f 1601/1 1638/2 1639/24 1603/25
f 1637/1 1502/26 1481/27 1638/6
f 1639/1 1482/26 1504/27 1640/6
f 1481/1 1546/2 1547/24 1482/25
f 1703/1 1704/2 1705/24 1706/25
f 1506/59 1707/2 1703/5 1484/60
f 1548/1 1484/2 1487/24 1549/25
f 1712/1 1663/32 1609/33 1608/6
f 1713/16 1498/17 1522/5 1712/6
f 1499/16 1664/17 1663/5 1627/6
f 1538/1 1537/32 1664/33 1713/6
f 1747/28 1748/29 1749/5 1750/6
f 1695/1 1751/32 1748/33 1696/6
f 1605/16 1760/17 1761/5 1695/6
f 1517/1 1624/26 1612/27 1518/6
f 1634/1 1767/30 1760/31 1616/6
f 1770/1 1658/30 1766/31 1769/6
f 1494/16 1476/17 1517/5 1630/6
f 1477/16 1500/17 1634/5 1624/6
f 1504/16 1771/17 1767/5 1640/6
f 1772/16 1773/17 1659/5 1770/6
f 1525/1 1541/26 1477/27 1476/6
f 1545/1 1533/103 1773/104 1500/6
f 1625/38 1520/2 1519/5 1613/39
f 1479/16 1495/17 1631/5 1520/6
f 1501/16 1478/17 1625/5 1635/6
f 1542/38 1526/2 1479/5 1478/39
f 1697/1 1703/2 1706/24 1700/25
f 1707/1 1774/30 1775/31 1703/6
f 1778/1 1779/36 1780/37 1781/6
f 1788/1 1789/36 1747/37 1750/6
f 1780/1 1776/2 1777/24 1789/25
f 1620/1 1505/30 1485/31 1621/6
f 1485/1 1560/2 1559/24 1486/25
f 1774/38 1826/2 1807/5 1775/39
f 1644/1 1594/2 1597/24 1645/25
f 1830/38 1647/2 1644/5 1507/39
f 1508/38 1645/2 1659/5 1773/39
f 1528/1 1830/2 1773/22 1533/23
f 1780/28 1827/29 1807/5 1781/6
f 1703/1 1776/26 1780/27 1704/6
f 1601/16 1617/17 1703/5 1697/6
f 1513/1 1622/26 1610/27 1514/6
f 1632/1 1638/26 1601/27 1614/6
f 1644/1 1649/26 1595/27 1594/6
f 1492/16 1472/17 1513/5 1628/6
f 1473/16 1480/17 1632/5 1622/6
f 1481/16 1484/17 1641/5 1638/6
f 1485/16 1507/17 1644/5 1643/6
f 1523/1 1539/26 1473/27 1472/6
f 1543/1 1546/26 1481/27 1480/6
f 1548/1 1560/26 1485/27 1484/6
f 1835/28 1779/29 1778/5 1826/6
f 1774/44 1694/2 1693/5 1835/45
f 1841/16 1598/17 1694/5 1707/6
f 1846/66 1847/2 1599/5 1841/67
f 1648/43 1849/2 1620/5 1619/42
f 1497/16 1850/17 1847/5 1521/6
f 1503/16 1496/17 1626/5 1636/6
f 1506/16 1502/17 1637/5 1846/6
f 1830/16 1505/17 1849/5 1647/6
f 1528/105 1527/2 1850/5 1830/106
f 1779/43 1693/2 1858/5 1780/42
f 1704/1 1858/2 1859/24 1705/25
f 1789/43 1859/2 1696/5 1747/42
f 1827/1 1780/2 1789/24 1828/25
f 1828/28 1789/29 1788/5 1829/6
f 1777/38 1706/2 1705/5 1789/39
f 1618/16 1603/17 1700/5 1706/6
f 1623/38 1516/2 1515/5 1611/39
f 1639/38 1633/2 1615/5 1603/39
f 1657/38 1645/2 1597/5 1596/39
f 1475/16 1493/17 1629/5 1516/6
f 1483/16 1474/17 1623/5 1633/6
f 1487/16 1482/17 1639/5 1642/6
f 1508/16 1486/17 1646/5 1645/6
f 1540/38 1524/2 1475/5 1474/39
f 1547/38 1544/2 1483/5 1482/39
f 1559/38 1549/2 1487/5 1486/39
f 1599/1 1847/2 1631/89 1606/90
f 1847/1 1850/26 1492/27 1628/6
f 1629/1 1493/26 1494/27 1630/6
f 1631/1 1495/26 1713/27 1712/6
f 1850/1 1527/2 1535/89 1495/90
f 1890/1 1891/32 1892/33 1893/6
f 1894/16 1895/17 1896/5 1890/6
f 1897/16 1899/17 1891/5 1898/6
f 1900/1 1901/32 1899/33 1894/6
f 1902/34 1903/35 1904/5 1900/6
f 1908/34 1909/35 1901/5 1907/6
f 1914/38 1915/2 1916/5 1917/39
f 1920/1 1917/2 1918/24 1921/25
f 1922/38 1923/2 1920/5 1924/39
f 1925/38 1921/2 1926/5 1927/39
f 1928/1 1924/2 1925/24 1929/25
f 1930/1 1927/2 1931/24 1932/25
f 1933/38 1934/2 1928/5 1935/39
f 1936/38 1929/2 1930/5 1937/39
f 1938/38 1932/2 1896/5 1895/39
f 1939/1 1935/2 1936/24 1940/25
f 1941/1 1937/2 1938/24 1942/25
f 1943/43 1942/2 1904/5 1903/42
f 1944/1 1945/26 1946/27 1947/6
f 1952/1 1953/26 1954/27 1955/6
f 1945/1 1962/2 1963/22 1954/23
f 1962/1 1964/26 1965/27 1966/6
f 1968/1 1967/26 1969/27 1963/6
f 1964/1 1970/2 1890/3 1893/4
f 1970/1 1971/26 1972/27 1973/6
f 1975/1 1974/26 1976/27 1977/6
f 1979/1 1978/26 1894/27 1890/6
f 1971/1 1980/2 1900/3 1894/4
f 1981/1 1982/30 1902/31 1900/6
f 1954/16 2003/17 2004/5 1955/6
f 2013/16 2014/17 2015/5 2012/6
f 1963/1 2019/107 2014/108 1954/6
f 1969/16 1927/17 1926/5 1963/6
f 2020/16 2022/17 2023/5 2021/6
f 1930/1 2024/26 2020/27 1927/6
f 1976/16 1937/17 1930/5 1977/6
f 2025/16 2026/17 2027/5 2024/6
f 1941/1 2028/26 2025/27 1937/6
f 2045/38 1932/2 1931/5 2046/39
f 1938/16 1978/17 1979/5 1932/6
f 2048/16 2047/17 2045/5 2049/6
f 2050/38 1942/2 1938/5 2047/39
f 1943/34 1982/35 1981/5 1942/6
f 2053/34 2054/35 2050/5 2055/6
f 1966/1 1920/2 1921/24 1968/25
f 1923/1 2096/26 2097/27 1920/6
f 1921/1 2098/26 2021/27 1926/6
f 2097/1 2099/2 2100/24 2098/25
f 2101/1 2102/30 2103/31 2099/6
f 2100/1 2111/30 2019/31 2023/6
f 2115/1 2103/2 2111/24 2114/25
f 1917/1 1946/2 1953/24 1918/25
f 2123/59 1914/2 1917/5 2120/60
f 2124/1 2120/2 2121/24 2125/25
f 1924/1 1965/2 1967/24 1925/25
f 1927/1 1969/2 2128/24 1931/25
f 2129/44 2128/2 1893/5 1892/45
f 2130/38 1922/2 1924/5 2126/39
f 2127/38 1925/2 1927/5 2020/39
f 2131/1 2126/2 2127/24 2132/25
f 2022/1 2020/2 2046/24 2129/25
f 1973/1 1928/2 1929/24 1975/25
f 1977/1 1930/2 1932/24 1979/25
f 1934/1 2133/26 2134/27 1928/6
f 1929/1 2135/26 2024/27 1930/6
f 1932/1 2045/26 1898/27 1896/6
f 2134/1 2136/2 2137/24 2135/25
f 2024/1 2027/2 2049/24 2045/25
f 2099/1 2119/2 2122/24 2100/25
f 2144/38 2101/2 2099/5 2131/39
f 2132/38 2100/2 2023/5 2022/39
f 2145/1 2144/2 1892/3 1891/4
f 2146/38 2145/2 2136/5 2147/39
f 2148/38 2137/2 2027/5 2026/39
f 2048/38 2049/2 1891/5 1899/39
f 2149/1 2146/2 1899/3 1901/4
f 2053/43 2055/2 1901/5 1909/42
f 1946/16 1917/17 1916/5 1947/6
f 2120/16 2124/17 2151/5 2150/6
f 1920/1 2097/26 2117/27 1917/6
f 2099/1 2115/26 2120/27 2119/6
f 1965/16 1924/17 1920/5 1966/6
f 2126/16 2131/17 2099/5 2097/6
f 1928/1 2134/26 2126/27 1924/6
f 1972/16 1935/17 1928/5 1973/6
f 2152/16 2147/17 2136/5 2134/6
f 1939/1 2153/26 2152/27 1935/6
f 2117/1 2097/2 2098/24 2118/25
f 2096/1 2130/26 2126/27 2097/6
f 2098/1 2127/26 2020/27 2021/6
f 2126/1 2134/2 2135/24 2127/25
f 2020/1 2024/2 2045/24 2046/25
f 2133/1 2155/26 2152/27 2134/6
f 2135/1 2154/26 2025/27 2024/6
f 2045/1 2047/26 1897/27 1898/6
f 2152/1 2153/2 2156/24 2154/25
f 2025/1 2028/2 2050/24 2047/25
f 2050/1 2054/30 1908/31 1907/6
f 1914/16 1945/17 1944/5 1915/6
f 2162/16 2123/17 2161/5 2163/6
f 2102/66 1962/2 1945/5 2162/67
f 1922/16 1964/17 1962/5 1923/6
f 2144/16 2130/17 2096/5 2101/6
f 2145/44 1970/2 1964/5 2144/45
f 1933/16 1971/17 1970/5 1934/6
f 2146/16 2155/17 2133/5 2145/6
f 2149/44 1980/2 1971/5 2146/45
f 1980/1 2149/32 2194/33 2195/6
f 2195/1 1939/2 1940/24 2196/25
f 2196/1 2197/32 2198/33 2199/6
f 2199/1 1941/2 1942/24 1981/25
f 1942/1 2050/26 1907/27 1904/6
f 2153/1 2194/2 2197/24 2156/25
f 2028/1 2198/2 2055/24 2050/25
f 1935/1 1972/2 1974/24 1936/25
f 1937/1 1976/2 1978/24 1938/25
f 2155/38 1933/2 1935/5 2152/39
f 2154/38 1936/2 1937/5 2025/39
f 2047/38 1938/2 1895/5 1897/39
f 2147/1 2152/2 2154/24 2148/25
f 2026/1 2025/2 2047/24 2048/25
f 1918/16 1953/17 1952/5 1919/6
f 2125/16 2121/17 2214/5 2215/6
f 2098/38 1921/2 1918/5 2118/39
f 2114/38 2100/2 2122/5 2121/39
f 1925/16 1967/17 1968/5 1921/6
f 2132/16 2127/17 2098/5 2100/6
f 2135/38 1929/2 1925/5 2127/39
f 1936/16 1974/17 1975/5 1929/6
f 2148/16 2154/17 2135/5 2137/6
f 2156/38 1940/2 1936/5 2154/39
f 2162/38 2163/2 2151/5 2124/39
f 2125/38 2215/2 2015/5 2014/39
f 2102/1 2162/2 2014/22 2019/23
f 2161/1 2123/26 2120/27 2150/6
f 2120/1 2115/2 2114/24 2121/25
f 2236/44 2237/2 2238/5 2239/45
f 2240/1 2238/2 2241/24 2242/25
f 2243/44 2241/2 2244/5 2245/45
f 2246/1 2244/2 2247/24 2248/25
f 2264/38 2248/2 2265/5 2266/39
f 2239/1 2249/2 2256/24 2243/25
f 2245/1 2257/2 2264/24 2271/25
f 2276/1 2277/2 2278/24 2279/25
f 2280/1 2281/2 2282/24 2283/25
f 2284/1 2285/26 2286/27 2277/6
f 2278/1 2287/26 2288/27 2281/6
f 2282/1 2289/26 2290/27 2291/6
f 2286/1 2292/2 2293/24 2287/25
f 2288/1 2294/2 2295/24 2289/25
f 2296/16 2265/17 2297/5 2298/6
f 2266/16 2304/17 2305/5 2303/6
f 2306/1 2307/32 2304/33 2296/6
f 2308/16 2309/17 2291/5 2306/6
f 2310/16 2311/17 2307/5 2290/6
f 2312/1 2313/32 2311/33 2308/6
f 2318/109 2319/110 2313/5 2316/6
f 2326/34 2327/35 2328/5 2329/6
f 2330/1 2331/32 2319/33 2326/6
f 2340/1 2341/2 2342/5 2343/6
f 2344/1 2345/2 2346/5 2341/6
f 2347/1 2348/2 2344/5 2349/6
f 2350/1 2351/2 2352/5 2353/6
f 2354/1 2355/2 2356/5 2357/6
f 2358/1 2366/2 2367/24 2361/25
f 2362/1 2368/2 2369/24 2365/25
f 2370/38 2371/2 2358/5 2359/39
f 2360/38 2361/2 2362/5 2363/39
f 2364/38 2365/2 2309/5 2310/39
f 2372/1 2359/2 2360/24 2373/25
f 2374/1 2363/2 2364/24 2375/25
f 2398/1 2399/26 2400/27 2401/6
f 2402/1 2403/26 2404/27 2405/6
f 2400/1 2406/2 2407/24 2403/25
f 2404/1 2408/2 2409/24 2410/25
f 2411/1 2412/2 2413/5 2414/6
f 2417/20 2415/2 2418/5 2352/21
f 2353/1 2418/2 2343/5 2342/6
f 2317/1 2312/2 2416/5 2417/6
f 2248/38 2428/2 2297/5 2265/39
f 2277/1 2240/2 2242/24 2278/25
f 2281/1 2246/2 2248/24 2282/25
f 2371/38 2284/2 2277/5 2358/39
f 2361/38 2278/2 2281/5 2362/39
f 2365/38 2282/2 2291/5 2309/39
f 2401/1 2358/2 2361/24 2402/25
f 2405/1 2362/2 2365/24 2427/25
f 2429/38 2398/2 2401/5 2430/39
f 2431/1 2402/2 2405/5 2432/6
f 2314/1 2317/2 2352/7 2351/8
f 2438/1 2437/2 2346/7 2345/8
f 2445/1 2434/2 2435/5 2446/6
f 2328/1 2436/2 2356/7 2355/8
f 2449/1 2430/2 2445/24 2450/25
f 2451/38 2452/2 2449/5 2453/39
f 2456/1 2453/2 2454/74 2457/75
f 2458/1 2247/26 2296/27 2298/6
f 2237/1 2459/2 2306/3 2296/4
f 2459/1 2460/26 2366/27 2276/6
f 2279/1 2367/26 2368/27 2280/6
f 2283/1 2369/26 2308/27 2306/6
f 2460/1 2411/2 2312/3 2308/4
f 2350/1 2353/2 2342/5 2341/6
f 2344/1 2341/2 2388/5 2393/6
f 2354/1 2357/2 2344/5 2348/6
f 2474/1 2475/2 2476/3 2329/4
f 2475/1 2477/26 2478/27 2479/6
f 2482/1 2483/26 2326/27 2476/6
f 2477/1 2490/2 2330/3 2326/4
f 2418/1 2509/2 2340/5 2343/6
f 2340/1 2349/2 2397/5 2389/6
f 2517/1 2518/2 2347/5 2349/6
f 2281/1 2288/26 2257/27 2246/6
f 2368/16 2362/17 2281/5 2280/6
f 2363/16 2374/17 2294/5 2288/6
f 2405/1 2404/26 2363/27 2362/6
f 2539/34 2540/35 2408/5 2404/6
f 2248/16 2247/17 2458/5 2428/6
f 2271/16 2264/17 2545/5 2546/6
f 2289/38 2282/2 2248/5 2264/39
f 2365/16 2369/17 2283/5 2282/6
f 2375/16 2364/17 2289/5 2295/6
f 2410/38 2427/2 2365/5 2364/39
f 2547/109 2548/110 2410/5 2409/6
f 2454/16 2483/17 2482/5 2455/6
f 2553/38 2457/2 2454/5 2548/39
f 2576/1 2577/26 2578/27 2456/6
f 2578/1 2579/2 2580/74 2553/75
f 2453/1 2478/2 2483/74 2454/75
f 2582/38 2451/2 2453/5 2581/39
f 2583/1 2581/2 2548/74 2547/75
f 2349/1 2344/2 2393/5 2397/6
f 2357/1 2356/2 2345/5 2344/6
f 2341/1 2340/2 2389/5 2388/6
f 2351/1 2350/2 2341/5 2346/6
f 2479/1 2449/2 2455/74 2482/75
f 2452/1 2584/26 2585/27 2449/6
f 2585/1 2586/2 2540/72 2539/73
f 2588/1 2474/2 2589/5 2590/6
f 2592/1 2593/36 2355/37 2518/6
f 2518/1 2354/2 2348/5 2347/6
f 2329/1 2328/2 2593/5 2591/6
f 2598/38 2429/2 2430/5 2596/39
f 2597/38 2445/2 2446/5 2538/39
f 2599/1 2596/2 2597/24 2600/25
f 2271/38 2546/2 2305/5 2304/39
f 2601/1 2236/2 2304/3 2307/4
f 2602/38 2601/2 2292/5 2372/39
f 2373/38 2293/2 2294/5 2374/39
f 2375/38 2295/2 2307/5 2311/39
f 2603/1 2602/2 2311/3 2313/4
f 2604/38 2603/2 2406/5 2599/39
f 2600/38 2407/2 2408/5 2605/39
f 2547/59 2409/2 2313/5 2319/60
f 2611/1 2604/2 2605/22 2540/23
f 2612/38 2611/2 2586/5 2583/39
f 2615/1 2612/2 2319/3 2331/4
f 2545/1 2264/26 2266/27 2303/6
f 2249/1 2286/2 2287/24 2256/25
f 2257/1 2288/2 2289/24 2264/25
f 2285/1 2370/26 2359/27 2286/6
f 2287/1 2360/26 2363/27 2288/6
f 2289/1 2364/26 2310/27 2290/6
f 2359/1 2400/2 2403/24 2360/25
f 2363/1 2404/2 2410/24 2364/25
f 2399/1 2598/26 2596/27 2400/6
f 2403/1 2597/26 2538/27 2404/6
f 2596/1 2585/2 2587/24 2597/25
f 2584/1 2582/26 2581/27 2585/6
f 2581/1 2578/2 2553/74 2548/75
f 2277/1 2286/26 2249/27 2240/6
f 2366/16 2358/17 2277/5 2276/6
f 2359/16 2372/17 2292/5 2286/6
f 2401/1 2400/26 2359/27 2358/6
f 2596/16 2599/17 2406/5 2400/6
f 2449/1 2585/26 2596/27 2430/6
f 2478/16 2453/17 2449/5 2479/6
f 2581/16 2583/17 2586/5 2585/6
f 2456/1 2578/26 2581/27 2453/6
f 2601/44 2459/2 2237/5 2236/45
f 2371/16 2460/17 2459/5 2284/6
f 2602/16 2370/17 2285/5 2601/6
f 2603/44 2411/2 2460/5 2602/45
f 2429/97 2588/17 2412/5 2398/21
f 2604/16 2598/17 2399/5 2603/6
f 2611/44 2475/2 2474/5 2604/45
f 2451/16 2477/17 2475/5 2452/6
f 2612/16 2582/17 2584/5 2611/6
f 2615/44 2490/2 2477/5 2612/45
f 2287/38 2278/2 2242/5 2256/39
f 2361/16 2367/17 2279/5 2278/6
f 2373/16 2360/17 2287/5 2293/6
f 2403/38 2402/2 2361/5 2360/39
f 2600/16 2597/17 2403/5 2407/6
f 2587/38 2450/2 2445/5 2597/39
f 2663/1 2664/116 2665/117 2666/6
f 2666/1 2667/2 2668/74 2669/75
f 2669/1 2670/116 2671/117 2672/6
f 2673/1 2665/2 2670/74 2674/75
f 2685/1 2686/30 2687/31 2688/6
f 2688/1 2689/2 2690/74 2691/75
f 2691/1 2692/30 2693/31 2694/6
f 2672/1 2711/2 2712/24 2713/25
f 2714/1 2715/2 2716/5 2717/6
f 2724/1 2717/2 2725/5 2726/6
f 2727/1 2728/2 2724/5 2729/6
f 2734/1 2735/2 2736/74 2737/75
f 2738/38 2739/2 2734/5 2740/39
f 2689/1 2740/2 2741/74 2690/75
f 2750/1 2751/2 2752/49 2753/50
f 2754/1 2755/2 2756/5 2757/6
f 2758/1 2759/2 2760/5 2761/6
f 2796/1 2797/2 2798/5 2799/6
f 2800/1 2801/2 2802/5 2803/6
f 2798/1 2804/2 2805/74 2801/75
f 2806/1 2807/26 2808/27 2804/6
f 2808/1 2734/2 2737/74 2809/75
f 2739/1 2810/26 2811/27 2734/6
f 2821/1 2822/36 2823/37 2824/6
f 2825/1 2826/36 2827/37 2828/6
f 2857/1 2858/2 2859/5 2860/6
f 2861/1 2862/2 2863/5 2858/6
f 2864/1 2865/2 2861/5 2866/6
f 2867/1 2868/2 2753/5 2752/6
f 2869/1 2712/36 2870/37 2867/6
f 2717/1 2724/2 2871/5 2872/6
f 2874/1 2876/36 2713/37 2875/6
f 2877/1 2878/2 2717/5 2716/6
f 2879/1 2880/2 2729/5 2724/6
f 2883/1 2885/2 2876/5 2884/6
f 2886/1 2887/2 2879/5 2878/6
f 2889/1 2890/36 2885/37 2882/6
f 2891/1 2892/36 2893/37 2888/6
f 2894/1 2895/2 2896/5 2891/6
f 2923/38 2924/2 2925/5 2926/39
f 2927/1 2928/2 2929/7 2930/8
f 2935/1 2934/2 2863/7 2862/8
f 2942/1 2933/2 2943/7 2944/8
f 2947/1 2926/2 2948/74 2949/75
f 2755/44 2950/2 2947/5 2756/45
f 2759/44 2949/2 2951/5 2760/45
f 2956/1 2955/2 2870/5 2712/6
f 2968/1 2969/2 2970/5 2971/6
f 2973/1 2972/2 2893/5 2892/6
f 2974/1 2975/2 2857/5 2860/6
f 2857/1 2866/2 2984/5 2985/6
f 2987/1 2988/2 2864/5 2866/6
f 2996/1 2997/2 2998/47 2999/48
f 3019/1 3020/2 3021/47 3022/48
f 3025/16 3026/17 3027/5 3028/6
f 3033/38 2949/2 2948/5 3026/39
f 2953/34 3034/35 3035/5 2949/6
f 2809/38 2805/2 3038/5 3039/39
f 2812/38 2737/2 2736/5 3040/39
f 3042/16 3043/17 2801/5 2805/6
f 2741/16 3044/17 2809/5 2737/6
f 2674/43 2668/2 3050/5 3043/42
f 2692/38 2690/2 2741/5 3051/39
f 3060/1 3061/2 3062/5 3063/6
f 3065/1 3066/36 2944/37 2988/6
f 2988/1 3067/2 2865/5 2864/6
f 3072/1 2942/2 3066/5 3064/6
f 3075/38 2923/2 2926/5 3074/39
f 3076/1 3074/2 3026/74 3025/75
f 3089/1 3090/2 2895/49 2894/50
f 3097/38 3098/2 3099/5 3076/39
f 3025/38 3028/2 3102/5 3103/39
f 3110/1 3097/2 3103/3 3111/4
f 3074/16 3076/17 3099/5 3116/6
f 2947/1 3117/26 3074/27 2926/6
f 3118/34 2952/35 2947/5 3119/6
f 2804/1 2808/26 3122/27 3123/6
f 2734/1 2811/26 3124/27 2735/6
f 3126/16 3127/17 2804/5 2798/6
f 3128/16 2740/17 2734/5 2808/6
f 2667/1 2673/30 3126/31 3131/6
f 2689/1 2687/26 3129/27 2740/6
f 2957/1 3132/2 3133/5 2958/6
f 2667/1 3131/2 3050/74 2668/75
f 2858/1 2857/2 2985/5 3153/6
f 2930/1 3154/2 2858/5 2863/6
f 3122/1 2808/2 2809/74 3039/75
f 2807/1 3156/26 3128/27 2808/6
f 2694/1 3157/2 3158/7 2727/8
f 3160/1 2685/2 2688/5 3161/6
f 3163/1 3162/2 2729/7 2880/8
f 3168/1 3160/2 3169/14 3170/15
f 3184/1 2714/2 2717/5 2872/6
f 2717/1 2878/2 3189/5 2725/6
f 3191/1 3192/2 2886/5 2878/6
f 3201/1 3202/2 3203/3 3204/4
f 3205/1 3201/2 3206/5 3207/6
f 3209/1 3208/2 3204/5 3210/6
f 2797/1 3211/26 3126/27 2798/6
f 2801/1 3043/26 3212/27 2802/6
f 3126/1 2673/2 2674/74 3043/75
f 2969/1 3214/2 2890/49 2893/50
f 2955/1 3224/2 2868/5 2870/6
f 3211/44 3225/2 3130/5 3126/45
f 3043/44 3049/2 3226/5 3212/45
f 3127/1 3126/2 3043/74 3042/75
f 3156/38 3227/2 3127/5 3128/39
f 3228/1 3229/2 3230/5 3231/6
f 3232/38 3230/2 3233/5 3158/39
f 3237/1 3184/2 2872/5 2871/6
f 3157/1 3235/2 3236/5 3232/6
f 2740/1 3128/2 3044/74 2741/75
f 3242/38 2738/2 2740/5 3129/39
f 2952/1 3118/2 3034/74 2953/75
f 3268/101 3205/2 3207/5 3124/102
f 3123/1 3207/2 3209/74 3038/75
f 3040/101 3209/2 3210/5 3269/102
f 2735/1 3122/2 3039/74 2736/75
f 3119/1 2947/2 2949/74 3035/75
f 2950/1 3283/26 3117/27 2947/6
f 2949/1 3033/26 3284/27 2951/6
f 3202/20 3110/2 3285/5 3286/21
f 3290/20 3288/2 3111/5 3203/21
f 3286/1 3287/2 3289/74 3290/75
f 3297/16 3103/17 3102/5 3296/6
f 3300/1 3111/32 3103/33 3072/6
f 3301/94 2760/95 2951/5 3300/6
f 2828/1 3204/26 3203/27 3284/6
f 3306/1 3210/2 3204/5 2827/6
f 2803/1 3307/107 3269/108 3306/6
f 3212/16 3229/17 3309/5 2802/6
f 3157/16 3313/17 3314/5 3312/6
f 3223/1 3226/36 2761/37 3301/6
f 2711/1 2671/64 3229/65 2954/6
f 2694/1 2693/30 3320/31 3157/6
f 3154/1 2930/2 2929/5 3321/6
f 3067/1 2944/2 2943/5 3322/6
f 2715/1 2714/2 3184/5 3233/6
f 2728/1 2727/2 3158/5 3237/6
f 3323/1 2960/2 2959/5 3324/6
f 3325/1 3192/2 3191/5 3326/6
f 3327/1 3170/2 3169/5 3328/6
f 2958/1 3133/2 3324/47 2959/48
f 3326/1 3191/2 2878/5 2877/6
f 2878/1 2879/2 3341/5 3189/6
f 3328/1 3169/2 2880/5 2879/6
f 3154/1 3321/2 2859/5 2858/6
f 2861/1 2858/2 3153/5 3332/6
f 3067/1 3322/2 2861/5 2865/6
f 3061/1 3362/2 3300/3 3072/4
f 3362/1 3363/30 3118/31 3119/6
f 3035/1 3034/30 3364/31 3300/6
f 3363/1 2750/2 3301/3 3364/4
f 3223/1 3301/2 2753/24 2868/25
f 3090/1 3372/2 2896/49 2895/50
f 3378/1 3379/2 3380/5 3381/6
f 3384/20 3382/2 2974/5 2929/21
f 3321/1 2974/2 2860/5 2859/6
f 2928/1 3387/2 3383/5 3384/6
f 3372/1 2968/2 2971/5 3389/6
f 3390/1 2973/2 2892/5 2896/6
f 2822/1 2796/36 2799/37 2823/6
f 2826/1 2800/36 2803/37 2827/6
f 3391/1 3075/26 3074/27 3116/6
f 3074/1 3117/2 3033/74 3026/75
f 3283/1 2821/2 2824/5 3117/6
f 3033/1 2825/2 2828/5 3284/6
f 2923/97 3060/17 3379/5 2924/21
f 3097/16 3075/17 3391/5 3098/6
f 3110/44 3362/2 3061/5 3097/45
f 2755/94 2750/95 3362/5 2950/6
f 3201/38 2821/2 3283/5 3202/39
f 3205/1 3395/2 2822/5 3201/6
f 2810/66 2796/2 3395/5 3268/67
f 3227/16 3211/17 2797/5 2806/6
f 2738/16 3156/17 2807/5 2739/6
f 3225/38 3399/2 2751/5 2754/39
f 2686/68 3400/2 3399/5 3242/69
f 3214/84 3401/17 3400/5 2663/39
f 3168/91 3402/29 2664/5 2685/39
f 2968/20 3403/2 3401/5 2969/21
f 3090/1 3089/2 3403/5 3372/6
f 2866/1 2861/2 3332/5 2984/6
f 3322/1 2943/2 2862/5 2861/6
f 3225/1 2754/2 2757/5 3130/6
f 3049/1 2758/2 2761/5 3226/6
f 3405/1 2663/2 2713/49 2876/50
f 3406/1 3405/2 3133/5 3132/6
f 3323/1 3324/2 2876/5 2885/6
f 3214/1 3406/2 2885/49 2890/50
f 2728/1 3237/2 2871/5 2724/6
f 2879/1 2724/2 2726/5 3341/6
f 3327/1 3328/2 2879/5 2887/6
f 2804/1 3123/2 3038/74 2805/75
f 3227/38 2806/2 2804/5 3127/39
f 3229/1 2671/2 2715/7 3233/8
f 2664/1 3412/2 3413/5 2665/6
f 3415/1 3414/2 2877/7 2716/8
f 3412/1 3402/2 3325/14 3326/15
f 3402/1 3168/26 3418/27 3419/6
f 3419/1 3420/2 3421/3 3422/4
f 3422/1 3423/26 3170/27 3325/6
f 3192/1 3327/2 2887/5 2886/6
f 3424/1 3418/2 3423/3 3425/4
f 3132/1 2957/2 2960/47 3323/48
f 3440/43 3441/2 3442/5 3443/42
f 3444/1 3442/2 3445/24 3446/25
f 3447/43 3445/2 3448/5 3449/42
f 3441/1 3460/2 3461/22 3448/23
f 3460/1 3462/2 3463/5 3464/6
f 3468/1 3467/2 3469/5 3461/6
f 3464/1 3502/2 3503/24 3468/25
f 3504/1 3505/26 3506/27 3502/6
f 3502/1 3444/2 3446/24 3503/25
f 3530/1 3504/2 3502/5 3480/6
f 3502/1 3506/26 3443/27 3444/6
f 3463/1 3480/2 3502/5 3464/6
f 3505/43 3460/2 3441/5 3440/42
f 3530/1 3462/2 3460/5 3504/6
f 3507/38 3503/2 3446/5 3447/39
f 3531/1 3467/2 3468/5 3503/6
f 3461/1 3536/30 3449/31 3448/6
f 3469/1 3537/2 3538/5 3461/6
f 3539/1 3540/2 3541/22 3542/23
f 3543/1 3539/2 3544/5 3545/6
f 3547/1 3546/2 3542/5 3548/6
f 3540/1 3549/2 3550/22 3541/23
f 3551/1 3552/2 3553/22 3554/23
f 3555/1 3551/2 3556/5 3557/6
f 3559/1 3558/2 3554/5 3560/6
f 3561/1 3555/2 3560/22 3562/23
f 3563/1 3543/2 3545/5 3564/6
f 3565/1 3547/2 3548/5 3566/6
f 3567/1 3568/2 3569/22 3570/23
f 3571/1 3567/2 3572/5 3573/6
f 3575/1 3574/2 3570/5 3576/6
f 3539/1 3577/2 3549/5 3540/6
f 3563/20 3578/2 3577/5 3543/21
f 3567/20 3579/2 3581/5 3568/21
f 3571/1 3582/2 3584/5 3567/6
f 3551/20 3588/2 3582/5 3552/21
f 3555/1 3589/2 3591/5 3551/6
f 3561/43 3592/2 3590/5 3555/42
f 3593/1 3542/2 3541/5 3550/6
f 3594/1 3566/36 3548/37 3593/6
f 3596/1 3570/36 3569/37 3597/6
f 3599/1 3576/2 3570/5 3600/6
f 3604/1 3554/36 3553/37 3599/6
f 3606/1 3560/2 3554/5 3607/6
f 3608/1 3562/30 3560/31 3605/6
f 3568/1 3563/2 3566/22 3569/23
f 3552/1 3571/2 3576/22 3553/23
f 3621/38 3609/2 3612/5 3622/39
f 3623/1 3612/2 3616/24 3624/25
f 3625/38 3616/2 3618/5 3626/39
f 3622/1 3627/2 3628/24 3625/25
f 3651/1 3652/2 3653/5 3654/6
f 3656/1 3655/2 3657/5 3658/6
f 3652/38 3679/2 3609/5 3621/39
f 3681/34 3682/35 3679/5 3683/6
f 3687/20 3684/2 3686/5 3651/21
f 3697/44 3698/2 3699/5 3681/45
f 3706/20 3707/2 3705/5 3708/21
f 3712/1 3704/2 3707/5 3713/6
f 3718/20 3716/2 3717/5 3711/21
f 3719/1 3657/26 3626/27 3618/6
f 3721/34 3722/35 3723/5 3719/6
f 3725/1 3727/36 3658/37 3726/6
f 3738/1 3736/32 3722/33 3739/6
f 3746/1 3747/36 3748/37 3745/6
f 3744/1 3752/2 3753/5 3746/6
f 3756/1 3758/36 3751/37 3757/6
f 3652/1 3621/2 3626/22 3657/23
f 3769/1 3770/2 3771/22 3772/23
f 3773/1 3774/2 3775/22 3776/23
f 3770/1 3781/26 3782/27 3783/6
f 3783/1 3784/2 3785/24 3786/25
f 3786/1 3787/26 3788/27 3771/6
f 3789/1 3782/2 3787/24 3790/25
f 3807/1 3769/36 3808/37 3809/6
f 3809/1 3810/2 3811/24 3812/25
f 3812/1 3813/36 3772/37 3814/6
f 3837/1 3839/2 3840/22 3838/23
f 3839/1 3841/2 3842/5 3843/6
f 3845/1 3844/2 3846/5 3840/6
f 3841/1 3773/2 3776/22 3846/23
f 3855/28 3856/29 3854/5 3857/6
f 3864/16 3865/17 3863/5 3866/6
f 3870/125 3839/2 3837/5 3855/123
f 3873/1 3841/2 3839/5 3874/6
f 3868/20 3879/2 3880/5 3864/21
f 3881/20 3773/2 3841/5 3882/21
f 3887/44 3885/2 3886/5 3888/45
f 3889/1 3890/2 3774/5 3881/6
f 3894/34 3895/35 3885/5 3896/6
f 3899/20 3900/2 3890/5 3901/21
f 3909/20 3910/2 3911/5 3912/21
f 3914/38 3807/2 3915/5 3916/39
f 3781/38 3770/2 3769/5 3894/39
f 3921/28 3922/29 3923/5 3920/6
f 3930/16 3931/17 3932/5 3929/6
f 3840/1 3936/116 3922/117 3838/6
f 3846/1 3939/2 3940/5 3840/6
f 3945/1 3933/36 3931/37 3946/6
f 3776/1 3947/36 3948/37 3846/6
f 3951/1 3953/32 3954/33 3952/6
f 3955/1 3956/2 3947/5 3775/6
f 3960/34 3961/35 3962/5 3951/6
f 3965/1 3966/36 3967/37 3955/6
f 3975/1 3976/36 3977/37 3978/6
f 3814/1 3980/26 3981/27 3982/6
f 3771/1 3788/26 3961/27 3772/6
f 3900/1 3911/2 3978/22 3965/23
f 3910/1 3915/2 3987/5 3988/6
f 3990/1 3989/2 3982/5 3975/6
f 3774/1 3890/2 3991/5 3992/6
f 3994/1 3993/2 3955/5 3775/6
f 3890/1 3900/2 3965/22 3955/23
f 3911/1 3910/2 3988/5 3995/6
f 3996/1 3990/2 3975/5 3978/6
f 3915/1 3807/2 3814/22 3982/23
f 4009/1 4010/2 4011/24 4012/25
f 4013/1 4014/2 4015/72 4016/73
f 4019/1 4020/26 4017/27 4010/6
f 4011/1 4018/26 4021/27 4014/6
f 4023/1 4022/26 4024/27 4015/6
f 4017/1 4025/2 4026/24 4018/25
f 4021/1 4027/2 4028/72 4024/73
f 4033/1 4034/2 4035/24 4036/25
f 4037/1 4038/2 4039/24 4040/25
f 4041/38 4042/2 4033/5 4043/39
f 4044/38 4036/2 4037/5 4045/39
f 4046/38 4040/2 4047/5 4048/39
f 4049/1 4043/2 4044/24 4050/25
f 4051/1 4045/2 4046/24 4052/25
f 4053/1 4054/2 4055/89 4056/90
f 4054/1 4057/26 4058/27 4059/6
f 4062/1 4063/26 4064/27 4065/6
f 4055/1 4068/26 4069/27 4070/6
f 4057/1 4083/2 4084/89 4068/90
f 4015/1 4085/128 4086/129 4016/6
f 4024/16 4048/17 4047/5 4015/6
f 4087/16 4089/17 4090/5 4088/6
f 4069/16 4093/17 4094/5 4070/6
f 4028/1 4098/128 4095/129 4024/6
f 4099/1 4010/2 4009/5 4100/6
f 4033/1 4101/26 4102/27 4034/6
f 4103/1 4104/36 4105/37 4106/6
f 4017/16 4043/17 4033/5 4010/6
f 4108/16 4109/17 4110/5 4101/6
f 4058/16 4111/17 4103/5 4059/6
f 4113/1 4025/2 4017/5 4107/6
f 4049/1 4114/26 4108/27 4043/6
f 4115/1 4116/36 4112/37 4111/6
f 4117/125 4118/2 4119/5 4120/123
f 4121/38 4054/2 4053/5 4122/39
f 4041/16 4020/17 4019/5 4042/6
f 4126/16 4124/17 4125/5 4117/6
f 4127/16 4057/17 4054/5 4128/6
f 4130/125 4131/2 4123/5 4126/123
f 4132/38 4083/2 4057/5 4129/39
f 4011/1 4165/2 4166/5 4012/6
f 4167/38 4036/2 4035/5 4168/39
f 4169/20 4170/2 4171/5 4172/21
f 4044/16 4018/17 4011/5 4036/6
f 4175/16 4174/17 4167/5 4176/6
f 4177/16 4063/17 4062/5 4170/6
f 4026/1 4207/2 4173/5 4018/6
f 4208/38 4050/2 4044/5 4174/39
f 4209/20 4210/2 4177/5 4178/21
f 4131/1 4130/116 4241/117 4113/6
f 4207/1 4242/116 4243/117 4244/6
f 4025/1 4049/2 4050/24 4026/25
f 4027/1 4051/2 4052/24 4245/25
f 4245/1 4246/128 4098/129 4028/6
f 4114/1 4241/2 4242/24 4208/25
f 4247/1 4243/2 4249/24 4248/25
f 4083/1 4132/26 4116/27 4250/6
f 4250/1 4115/2 4210/24 4251/25
f 4251/1 4209/26 4252/27 4253/6
f 4253/1 4254/2 4255/24 4084/25
f 4256/1 4014/2 4013/5 4257/6
f 4037/1 4258/26 4259/27 4038/6
f 4260/1 4261/36 4262/37 4263/6
f 4021/16 4045/17 4037/5 4014/6
f 4265/16 4266/17 4267/5 4258/6
f 4064/16 4268/17 4260/5 4065/6
f 4244/1 4027/2 4021/5 4264/6
f 4051/1 4247/26 4265/27 4045/6
f 4254/1 4252/36 4269/37 4268/6
f 4020/1 4123/2 4107/5 4017/6
f 4018/1 4173/2 4264/5 4021/6
f 4043/1 4017/2 4018/24 4044/25
f 4045/1 4021/2 4022/24 4046/25
f 4124/38 4041/2 4043/5 4108/39
f 4174/38 4044/2 4045/5 4265/39
f 4298/38 4046/2 4048/5 4087/39
f 4109/1 4108/2 4174/24 4175/25
f 4266/1 4265/2 4298/24 4301/25
f 4068/59 4301/2 4089/5 4069/60
f 4111/1 4058/2 4063/24 4177/25
f 4268/1 4064/2 4068/24 4300/25
f 4129/20 4127/2 4111/5 4112/21
f 4178/20 4177/2 4268/5 4269/21
f 4299/20 4300/2 4093/5 4095/21
f 4302/38 4040/2 4039/5 4303/39
f 4055/59 4304/2 4305/5 4056/60
f 4306/20 4307/2 4308/5 4309/21
f 4046/16 4022/17 4023/5 4040/6
f 4301/16 4298/17 4302/5 4304/6
f 4300/16 4068/17 4055/5 4307/6
f 4248/38 4052/2 4046/5 4298/39
f 4084/59 4249/2 4301/5 4068/60
f 4246/20 4255/2 4300/5 4299/21
f 4103/1 4106/2 4171/24 4170/25
f 4260/1 4263/2 4308/24 4307/25
f 4127/38 4128/2 4103/5 4111/39
f 4177/38 4170/2 4260/5 4268/39
f 4300/38 4307/2 4094/5 4093/39
f 4115/1 4111/2 4177/24 4210/25
f 4254/1 4268/2 4300/24 4255/25
f 4120/125 4119/2 4100/5 4314/123
f 4315/125 4166/2 4257/5 4316/123
f 4034/1 4009/2 4012/24 4035/25
f 4038/1 4013/2 4317/24 4039/25
f 4309/130 4317/2 4016/5 4086/131
f 4314/1 4102/2 4168/24 4315/25
f 4316/1 4259/2 4303/24 4305/25
f 4122/38 4053/2 4318/5 4105/39
f 4106/1 4318/2 4319/24 4171/25
f 4172/38 4319/2 4320/5 4262/39
f 4263/1 4320/2 4056/24 4308/25
f 4102/1 4101/2 4167/24 4168/25
f 4259/1 4258/2 4302/24 4303/25
f 4125/1 4124/26 4108/27 4101/6
f 4167/1 4174/26 4265/27 4258/6
f 4302/1 4298/26 4087/27 4088/6
f 4108/1 4114/2 4208/24 4174/25
f 4265/1 4247/2 4248/24 4298/25
f 4117/1 4120/2 4305/89 4304/90
f 4126/38 4117/2 4110/5 4109/39
f 4175/38 4176/2 4267/5 4266/39
f 4301/38 4304/2 4090/5 4089/39
f 4130/1 4126/2 4301/89 4249/90
f 4118/1 4019/2 4010/5 4099/6
f 4165/1 4011/2 4014/5 4256/6
f 4010/1 4033/2 4036/24 4011/25
f 4014/1 4037/2 4040/24 4023/25
f 4042/1 4125/26 4101/27 4033/6
f 4036/1 4167/26 4258/27 4037/6
f 4040/1 4302/26 4088/27 4047/6
f 4101/1 4110/2 4176/24 4167/25
f 4258/1 4267/2 4304/24 4302/25
f 4304/1 4055/64 4070/65 4090/6
f 4059/1 4103/2 4170/24 4062/25
f 4065/1 4260/2 4307/24 4055/25
f 4128/1 4121/36 4104/37 4103/6
f 4170/1 4169/36 4261/37 4260/6
f 4307/1 4306/36 4085/37 4094/6
f 4327/125 4328/2 4329/5 4330/123
f 4331/1 4332/2 4330/3 4333/4
f 4334/38 4331/2 4335/5 4336/39
f 4338/38 4337/2 4339/5 4340/39
f 4342/38 4341/2 4333/5 4343/39
f 4344/1 4334/2 4343/3 4345/4
f 4346/38 4344/2 4347/5 4348/39
f 4350/38 4349/2 4351/5 4352/39
f 4353/1 4346/2 4352/22 4354/23
f 4355/1 4353/2 4356/5 4357/6
f 4361/1 4360/2 4354/5 4362/6
f 4379/132 4380/133 4381/5 4382/6
f 4386/132 4330/133 4329/5 4385/6
f 4387/1 4333/32 4330/33 4379/6
f 4388/16 4389/17 4390/5 4387/6
f 4391/16 4343/17 4333/5 4392/6
f 4393/1 4345/32 4343/33 4388/6
f 4394/1 4395/2 4396/24 4397/25
f 4398/1 4399/2 4400/24 4401/25
f 4402/1 4403/26 4404/27 4395/6
f 4396/1 4405/26 4406/27 4399/6
f 4400/1 4407/26 4392/27 4390/6
f 4404/1 4335/2 4337/24 4405/25
f 4406/1 4339/2 4341/24 4407/25
f 4332/44 4408/2 4409/5 4410/45
f 4411/1 4409/2 4412/24 4413/25
f 4414/44 4412/2 4415/5 4416/45
f 4417/1 4415/2 4418/24 4419/25
f 4435/38 4419/2 4380/5 4386/39
f 4410/1 4420/2 4427/24 4414/25
f 4416/1 4428/2 4435/24 4327/25
f 4399/1 4406/26 4428/27 4417/6
f 4490/16 4491/17 4399/5 4398/6
f 4492/16 4340/17 4339/5 4406/6
f 4493/1 4494/26 4492/27 4491/6
f 4495/16 4496/17 4493/5 4497/6
f 4498/16 4352/17 4351/5 4494/6
f 4499/1 4354/32 4352/33 4495/6
f 4501/1 4362/2 4354/5 4502/6
f 4419/132 4418/133 4503/5 4504/6
f 4327/132 4435/133 4507/5 4328/6
f 4407/38 4400/2 4419/5 4435/39
f 4508/16 4509/17 4401/5 4400/6
f 4342/16 4510/17 4407/5 4341/6
f 4511/38 4512/2 4508/5 4510/39
f 4515/1 4519/2 4520/24 4518/25
f 4521/38 4522/2 4515/5 4516/39
f 4517/38 4518/2 4496/5 4498/39
f 4348/1 4516/2 4517/24 4350/25
f 4534/1 4535/30 4536/31 4537/6
f 4536/1 4356/2 4360/24 4538/25
f 4503/1 4418/116 4379/117 4382/6
f 4408/1 4541/2 4387/3 4379/4
f 4541/1 4542/26 4543/27 4394/6
f 4397/1 4544/26 4490/27 4398/6
f 4401/1 4509/26 4388/27 4387/6
f 4542/1 4545/2 4393/3 4388/4
f 4545/1 4546/26 4519/27 4547/6
f 4548/1 4520/26 4495/27 4497/6
f 4519/1 4537/2 4549/24 4520/25
f 4550/1 4543/2 4544/24 4553/25
f 4491/1 4490/2 4509/24 4508/25
f 4554/38 4555/2 4550/5 4551/39
f 4552/38 4553/2 4491/5 4492/39
f 4510/38 4508/2 4389/5 4391/39
f 4336/1 4551/2 4552/24 4338/25
f 4340/1 4492/2 4510/24 4342/25
f 4547/1 4556/2 4557/24 4548/25
f 4497/1 4493/2 4512/24 4558/25
f 4558/1 4559/32 4345/33 4393/6
f 4560/1 4561/26 4562/27 4556/6
f 4557/1 4563/26 4494/27 4493/6
f 4562/1 4347/2 4349/24 4563/25
f 4494/1 4351/2 4559/24 4511/25
f 4507/1 4435/116 4386/117 4385/6
f 4420/1 4404/2 4405/24 4427/25
f 4428/1 4406/2 4407/24 4435/25
f 4403/1 4554/26 4551/27 4404/6
f 4405/1 4552/26 4492/27 4406/6
f 4407/1 4510/26 4391/27 4392/6
f 4551/1 4562/2 4563/24 4552/25
f 4492/1 4494/2 4511/24 4510/25
f 4561/1 4521/26 4516/27 4562/6
f 4563/1 4517/26 4498/27 4494/6
f 4516/1 4536/2 4538/24 4517/25
f 4535/1 4565/2 4564/5 4536/6
f 4395/1 4404/26 4420/27 4411/6
f 4543/16 4550/17 4395/5 4394/6
f 4551/16 4336/17 4335/5 4404/6
f 4556/1 4562/26 4551/27 4550/6
f 4519/16 4515/17 4556/5 4547/6
f 4516/16 4348/17 4347/5 4562/6
f 4539/1 4536/26 4516/27 4515/6
f 4564/1 4357/2 4356/5 4536/6
f 4419/125 4504/2 4381/5 4380/123
f 4395/1 4411/2 4413/24 4396/25
f 4399/1 4417/2 4419/24 4400/25
f 4555/38 4402/2 4395/5 4550/39
f 4553/38 4396/2 4399/5 4491/39
f 4508/38 4400/2 4390/5 4389/39
f 4556/1 4550/2 4553/24 4557/25
f 4493/1 4491/2 4508/24 4512/25
f 4522/38 4560/2 4556/5 4515/39
f 4518/38 4557/2 4493/5 4496/39
f 4539/1 4515/2 4518/24 4540/25
f 4331/44 4541/2 4408/5 4332/45
f 4555/16 4542/17 4541/5 4402/6
f 4334/16 4554/17 4403/5 4331/6
f 4344/44 4545/2 4542/5 4334/45
f 4522/16 4546/17 4545/5 4560/6
f 4346/16 4521/17 4561/5 4344/6
f 4353/44 4534/2 4546/5 4346/45
f 4355/1 4565/2 4535/5 4353/6
f 4405/38 4396/2 4413/5 4427/39
f 4553/16 4544/17 4397/5 4396/6
f 4338/16 4552/17 4405/5 4337/6
f 4563/38 4557/2 4553/5 4552/39
f 4518/16 4520/17 4548/5 4557/6
f 4350/16 4517/17 4563/5 4349/6
f 4538/38 4540/2 4518/5 4517/39
f 4361/1 4533/2 4538/5 4360/6
f 4619/1 4620/2 4621/5 4622/6
f 4624/1 4623/2 4625/7 4626/8
f 4635/1 4619/2 4636/14 4637/15
f 4642/1 4643/2 4644/14 4645/15
f 4650/1 4642/2 4651/5 4652/6
f 4654/1 4653/2 4655/7 4656/8
f 4665/1 4650/2 4666/14 4667/15
f 4672/1 4673/2 4674/5 4675/6
f 4682/1 4683/2 4672/5 4684/6
f 4692/1 4693/2 4694/5 4695/6
f 4706/1 4695/2 4707/5 4708/6
f 4712/1 4713/2 4706/5 4714/6
f 4726/1 4727/2 4728/5 4729/6
f 4734/1 4735/2 4736/5 4727/6
f 4742/1 4743/2 4744/3 4745/4
f 4746/38 4742/2 4747/5 4748/39
f 4752/38 4750/2 4745/5 4753/39
f 4760/1 4746/2 4753/3 4761/4
f 4766/1 4767/2 4768/5 4769/6
f 4768/1 4778/2 4779/5 4780/6
f 4784/1 4785/2 4786/5 4778/6
f 4792/1 4793/2 4794/3 4795/4
f 4796/38 4792/2 4797/5 4798/39
f 4800/38 4799/2 4801/5 4802/39
f 4804/38 4803/2 4795/5 4805/39
f 4806/1 4796/2 4805/3 4807/4
f 4808/1 4809/2 4807/5 4810/6
f 4811/1 4806/32 4812/33 4813/6
f 4813/1 4814/2 4815/24 4816/25
f 4816/1 4817/32 4818/33 4819/6
f 4819/1 4820/2 4821/24 4822/25
f 4821/1 4838/26 4839/27 4840/6
f 4823/1 4812/2 4817/24 4830/25
f 4831/1 4818/2 4809/24 4838/25
f 4849/28 4850/29 4851/5 4852/6
f 4861/1 4745/32 4744/33 4849/6
f 4862/109 4863/110 4864/5 4861/6
f 4868/34 4761/35 4745/5 4867/6
f 4876/1 4795/32 4794/33 4862/6
f 4877/16 4878/17 4879/5 4876/6
f 4880/16 4805/17 4795/5 4881/6
f 4882/1 4807/32 4805/33 4877/6
f 4883/1 4884/2 4840/5 4882/6
f 4885/1 4810/2 4807/5 4839/6
f 4904/1 4727/2 4726/5 4905/6
f 4672/1 4626/2 4625/5 4673/6
f 4736/1 4684/2 4672/5 4727/6
f 4768/1 4695/2 4694/5 4769/6
f 4906/1 4778/2 4768/5 4907/6
f 4706/1 4656/2 4655/5 4695/6
f 4786/1 4714/2 4706/5 4778/6
f 4908/1 4735/2 4734/5 4909/6
f 4682/1 4637/2 4636/5 4683/6
f 4910/1 4767/2 4766/5 4911/6
f 4692/1 4645/2 4644/5 4693/6
f 4912/1 4785/2 4784/5 4913/6
f 4712/1 4667/2 4666/5 4713/6
f 4948/34 4949/35 4950/5 4951/6
f 4955/1 4956/26 4952/27 4949/6
f 4957/16 4958/17 4955/5 4959/6
f 4960/16 4802/17 4801/5 4956/6
f 4820/1 4831/26 4960/27 4958/6
f 4965/28 4966/29 4967/5 4968/6
f 4973/38 4974/2 4965/5 4975/39
f 4976/109 4977/110 4978/5 4974/6
f 4752/16 4979/17 4973/5 4750/6
f 4984/38 4985/2 4976/5 4986/39
f 4987/16 4988/17 4989/5 4985/6
f 4804/16 4990/17 4984/5 4803/6
f 4838/38 4821/2 4987/5 4990/39
f 4991/1 4992/2 4822/5 4821/6
f 4808/1 4993/2 4838/5 4809/6
f 5018/1 5019/2 4905/5 4726/6
f 4673/1 4726/2 4729/5 4674/6
f 5025/1 5026/2 4673/5 4625/6
f 4860/1 4744/2 5031/5 5032/6
f 5032/1 5033/26 4637/27 4908/6
f 4743/1 4635/36 5035/37 5036/6
f 4735/1 4682/2 4684/5 4736/6
f 5037/1 5035/2 5033/3 5038/4
f 5029/1 5041/2 4966/74 4965/75
f 5042/38 5043/2 5029/5 5030/39
f 4909/1 4734/2 4727/5 4904/6
f 4727/1 4672/2 4675/5 4728/6
f 4683/1 4636/2 4626/5 4672/6
f 5067/1 5068/2 4974/74 4978/75
f 5069/1 5070/26 5071/27 5068/6
f 5071/1 4747/2 4750/74 4973/75
f 5084/1 5085/2 5086/24 5087/25
f 5088/1 5089/26 5090/27 5085/6
f 5086/1 5091/26 4954/27 4953/6
f 4761/1 4868/2 5092/5 5093/6
f 5094/38 5092/2 4911/5 4644/39
f 4643/20 4760/2 5096/5 5097/21
f 4693/1 4766/2 4769/5 4694/6
f 5097/1 5098/2 5099/3 5094/4
f 4767/1 4910/2 4907/5 4768/6
f 4695/1 4768/2 4780/5 4707/6
f 4645/1 4692/2 4695/5 4655/6
f 4875/1 4794/2 5108/5 5109/6
f 5109/1 5110/26 4667/27 4912/6
f 4793/1 4665/36 5112/37 5113/6
f 4785/1 4712/2 4714/5 4786/6
f 5114/1 5112/2 5110/3 5115/4
f 5104/1 5118/2 5119/24 5107/25
f 4949/1 4948/2 4977/24 4976/25
f 5120/38 5121/2 5104/5 5105/39
f 5106/38 5107/2 4949/5 4952/39
f 4913/1 4784/2 4778/5 4906/6
f 4778/1 4706/2 4708/5 4779/6
f 4713/1 4666/2 4656/5 4706/6
f 5124/1 5125/36 5041/37 5126/6
f 4967/1 4966/36 4849/37 4852/6
f 5125/1 5129/2 4861/3 4849/4
f 5129/1 5130/26 5131/27 5067/6
f 4978/1 4977/64 4862/65 4861/6
f 5130/1 5139/2 5140/22 4951/23
f 5139/1 5142/26 5118/27 5084/6
f 5087/1 5119/26 4948/27 5140/6
f 5142/1 5143/2 4876/3 4862/4
f 5143/1 5144/26 5145/27 5146/6
f 5148/1 5147/26 4957/27 4959/6
f 4989/1 4988/26 4877/27 4876/6
f 5144/1 4811/2 4882/3 4877/4
f 4822/1 4992/2 4883/5 4882/6
f 5155/1 5131/2 4951/72 4950/73
f 5159/38 5160/2 5155/5 5156/39
f 4748/1 5156/2 4979/74 4752/75
f 5165/1 5042/36 5030/37 5166/6
f 5168/1 5167/2 4904/7 4905/8
f 4858/1 4860/2 4908/7 4909/8
f 5030/1 5071/2 4973/74 4975/75
f 5070/1 5159/26 5156/27 5071/6
f 5156/1 5090/2 5091/24 5157/25
f 5089/1 5120/26 5105/27 5090/6
f 5091/1 5171/2 5172/5 4954/6
f 4868/1 5173/2 4910/7 4911/8
f 5177/1 5176/2 4906/7 4907/8
f 5174/1 5106/2 4952/5 5175/6
f 4874/1 4875/2 4912/7 4913/8
f 5105/1 5180/2 5181/24 5106/25
f 4952/1 4956/2 4984/24 4986/25
f 5184/1 5185/26 5182/27 5180/6
f 5181/1 5183/26 4960/27 4956/6
f 4984/1 4990/26 4880/27 4881/6
f 5182/1 4823/2 4830/24 5183/25
f 4960/1 4831/2 4838/24 4990/25
f 4838/1 4993/2 4885/5 4839/6
f 5041/28 5029/29 5188/5 5126/6
f 5068/1 5071/26 5030/27 5029/6
f 5131/16 5155/17 5068/5 5067/6
f 5156/16 4748/17 4747/5 5071/6
f 5085/1 5090/26 5156/27 5155/6
f 5118/16 5104/17 5085/5 5084/6
f 5189/1 5180/26 5105/27 5104/6
f 5145/16 5190/17 5189/5 5146/6
f 5182/16 4798/17 4797/5 5180/6
f 4814/1 4823/26 5182/27 5190/6
f 5043/20 5193/2 5188/5 5029/21
f 5068/1 5029/2 4965/74 4974/75
f 5160/38 5069/2 5068/5 5155/39
f 5085/1 5155/2 5158/24 5086/25
f 5121/38 5088/2 5085/5 5104/39
f 5107/38 5086/2 4953/5 4949/39
f 5189/1 5104/2 5107/24 5195/25
f 4955/1 4949/2 4976/24 4985/25
f 5196/38 5197/2 5189/5 5190/39
f 5198/38 5195/2 4955/5 4958/39
f 4987/38 4985/2 4879/5 4878/39
f 4814/1 5190/2 5198/24 4815/25
f 4820/1 4958/2 4987/24 4821/25
f 4991/1 4821/2 4840/5 4884/6
f 5043/28 5125/29 5124/5 5193/6
f 4635/91 5042/29 5165/5 4620/39
f 4742/44 5129/2 5125/5 4743/45
f 5160/16 5130/17 5129/5 5069/6
f 4746/16 5159/17 5070/5 4742/6
f 4760/44 5139/2 5130/5 4746/45
f 5121/16 5142/17 5139/5 5088/6
f 4665/84 5120/17 5089/5 4643/39
f 4792/44 5143/2 5142/5 4793/45
f 5196/16 5144/17 5143/5 5197/6
f 4796/16 5185/17 5184/5 4792/6
f 4806/44 4811/2 5144/5 4796/45
f 5146/1 5189/2 5195/24 5148/25
f 4959/1 4955/2 4985/24 4989/25
f 5197/1 5184/26 5180/27 5189/6
f 5195/1 5181/26 4956/27 4955/6
f 4985/1 4984/26 4881/27 4879/6
f 5180/1 4797/2 4799/24 5181/25
f 4956/1 4801/2 4803/24 4984/25
f 5190/1 5145/2 5147/24 5198/25
f 4958/1 4957/2 4988/24 4987/25
f 5185/38 5196/2 5190/5 5182/39
f 5183/38 5198/2 4958/5 4960/39
f 4990/38 4987/2 4878/5 4880/39
f 4798/1 5182/2 5183/24 4800/25
f 4802/1 4960/2 4990/24 4804/25
f 5091/38 5086/2 5158/5 5157/39
f 5107/16 5119/17 5087/5 5086/6
f 5181/38 5195/2 5107/5 5106/39
f 5198/16 5147/17 5148/5 5195/6
f 4800/16 5183/17 5181/5 4799/6
f 4830/38 4815/2 5198/5 5183/39
f 5223/1 5224/2 5225/24 5226/25
f 5227/1 5228/2 5229/24 5230/25
f 5235/1 5236/26 5231/27 5224/6
f 5225/1 5232/26 5233/27 5228/6
f 5229/1 5234/26 5237/27 5238/6
f 5231/1 5239/2 5240/24 5232/25
f 5233/1 5241/2 5242/24 5234/25
f 5251/1 5252/2 5253/14 5254/15
f 5259/1 5251/2 5260/5 5261/6
f 5263/1 5262/2 5264/7 5265/8
f 5274/1 5275/2 5276/7 5277/8
f 5286/1 5287/26 5282/27 5283/6
f 5284/1 5285/26 5288/27 5289/6
f 5282/1 5290/2 5291/24 5285/25
f 5296/1 5297/2 5298/5 5299/6
f 5298/1 5308/2 5309/5 5310/6
f 5314/1 5315/2 5316/5 5308/6
f 5358/1 5359/2 5360/74 5361/75
f 5364/1 5365/26 5362/27 5359/6
f 5362/1 5366/2 5367/74 5363/75
f 5298/1 5368/2 5369/5 5299/6
f 5370/1 5371/2 5372/5 5373/6
f 5374/1 5308/2 5298/5 5375/6
f 5376/1 5265/2 5264/5 5368/6
f 5377/1 5378/2 5370/5 5379/6
f 5380/1 5381/2 5382/5 5371/6
f 5316/1 5383/2 5376/5 5308/6
f 5384/1 5385/2 5380/5 5378/6
f 5420/1 5421/136 5422/137 5423/6
f 5424/1 5425/116 5426/117 5427/6
f 5428/1 5429/136 5430/137 5431/6
f 5239/1 5432/2 5433/24 5240/25
f 5241/1 5434/2 5435/24 5242/25
f 5290/1 5442/2 5425/24 5291/25
f 5366/1 5446/2 5447/74 5367/75
f 5448/1 5422/2 5429/74 5455/75
f 5229/1 5458/2 5459/5 5230/6
f 5360/38 5460/2 5461/5 5361/39
f 5462/20 5463/2 5464/5 5465/21
f 5467/16 5234/17 5229/5 5468/6
f 5469/16 5363/17 5360/5 5470/6
f 5471/16 5472/17 5473/5 5463/6
f 5242/1 5428/2 5466/5 5234/6
f 5367/59 5435/2 5467/5 5363/60
f 5455/38 5447/2 5469/5 5472/39
f 5484/1 5485/36 5486/37 5487/6
f 5487/1 5488/2 5489/74 5490/75
f 5490/1 5491/36 5492/37 5493/6
f 5496/1 5497/2 5370/5 5373/6
f 5370/1 5378/2 5506/5 5507/6
f 5509/1 5510/2 5384/5 5378/6
f 5528/20 5529/2 5530/5 5531/21
f 5481/20 5483/2 5532/5 5533/21
f 5534/1 5535/2 5536/14 5537/15
f 5540/1 5534/2 5541/5 5542/6
f 5544/1 5543/2 5382/7 5381/8
f 5551/1 5552/2 5553/7 5554/8
f 5559/1 5560/26 5557/27 5558/6
f 5557/1 5448/2 5455/74 5472/75
f 5561/1 5224/2 5223/5 5562/6
f 5563/1 5359/26 5358/27 5564/6
f 5565/1 5566/36 5567/37 5568/6
f 5231/16 5570/17 5571/5 5224/6
f 5282/16 5572/17 5563/5 5283/6
f 5362/16 5573/17 5574/5 5359/6
f 5557/16 5575/17 5565/5 5558/6
f 5423/1 5239/2 5231/5 5569/6
f 5432/1 5290/26 5282/27 5570/6
f 5442/1 5366/26 5362/27 5572/6
f 5446/1 5448/26 5557/27 5573/6
f 5252/38 5578/2 5579/5 5580/39
f 5581/1 5579/2 5582/3 5583/4
f 5584/38 5582/2 5585/5 5253/39
f 5589/1 5296/2 5299/5 5369/6
f 5580/1 5587/2 5588/3 5584/4
f 5535/38 5595/2 5596/5 5597/39
f 5598/1 5596/2 5599/3 5600/4
f 5601/38 5599/2 5602/5 5536/39
f 5606/1 5496/2 5373/5 5372/6
f 5597/1 5604/2 5605/3 5601/4
f 5612/1 5314/2 5308/5 5374/6
f 5308/1 5376/2 5616/5 5309/6
f 5618/1 5276/2 5265/5 5376/6
f 5620/1 5509/2 5378/5 5377/6
f 5378/1 5380/2 5626/5 5506/6
f 5628/1 5553/2 5381/5 5380/6
f 5632/20 5633/2 5562/5 5634/21
f 5636/20 5635/2 5637/5 5638/21
f 5639/20 5459/2 5640/5 5641/21
f 5634/1 5223/2 5226/24 5636/25
f 5638/1 5227/2 5230/24 5639/25
f 5643/44 5259/2 5261/5 5644/45
f 5564/1 5261/2 5645/74 5461/75
f 5646/44 5645/2 5275/5 5647/45
f 5644/1 5358/2 5361/74 5646/75
f 5655/38 5540/2 5542/5 5567/39
f 5568/1 5542/2 5656/74 5464/75
f 5465/38 5656/2 5552/5 5657/39
f 5682/1 5589/2 5369/5 5368/6
f 5376/1 5368/2 5687/5 5616/6
f 5688/1 5618/2 5376/5 5383/6
f 5578/1 5693/2 5694/14 5585/15
f 5693/1 5632/2 5634/5 5696/6
f 5698/1 5697/2 5374/7 5375/8
f 5641/1 5702/2 5703/7 5612/8
f 5705/38 5706/2 5571/5 5570/39
f 5707/38 5708/2 5709/5 5710/39
f 5432/1 5570/2 5707/24 5433/25
f 5434/1 5710/2 5467/24 5435/25
f 5716/1 5702/36 5641/37 5640/6
f 5274/1 5717/32 5647/33 5275/6
f 5551/1 5718/26 5657/27 5552/6
f 5237/16 5720/17 5702/5 5238/6
f 5724/16 5725/17 5717/5 5723/6
f 5728/16 5729/17 5730/5 5551/6
f 5431/1 5740/128 5532/129 5719/6
f 5742/1 5533/2 5740/5 5430/6
f 5493/1 5492/36 5741/37 5742/6
f 5563/1 5564/2 5461/74 5460/75
f 5743/38 5744/2 5563/5 5572/39
f 5442/1 5572/2 5747/72 5426/73
f 5694/1 5297/2 5296/5 5585/6
f 5682/1 5254/2 5253/5 5589/6
f 5748/1 5497/2 5496/5 5602/6
f 5749/1 5537/2 5536/5 5606/6
f 5703/1 5315/2 5314/5 5612/6
f 5688/1 5277/2 5276/5 5618/6
f 5750/1 5510/2 5509/5 5620/6
f 5751/1 5554/2 5553/5 5628/6
f 5595/1 5769/2 5748/14 5602/15
f 5769/1 5643/2 5644/5 5771/6
f 5773/1 5772/2 5377/7 5379/8
f 5647/1 5717/2 5750/7 5620/8
f 5778/38 5779/2 5574/5 5573/39
f 5446/1 5573/2 5469/74 5447/75
f 5780/1 5228/2 5227/5 5637/6
f 5233/16 5710/17 5709/5 5228/6
f 5427/1 5241/2 5233/5 5781/6
f 5434/1 5426/30 5747/31 5710/6
f 5236/1 5784/2 5569/5 5231/6
f 5232/1 5782/2 5781/5 5233/6
f 5234/1 5466/2 5719/5 5237/6
f 5570/1 5231/2 5232/24 5707/25
f 5710/1 5233/2 5234/24 5467/25
f 5287/38 5705/2 5570/5 5282/39
f 5285/38 5707/2 5710/5 5288/39
f 5572/1 5282/2 5285/24 5745/25
f 5365/38 5743/2 5572/5 5362/39
f 5573/1 5362/2 5363/74 5469/75
f 5560/38 5778/2 5573/5 5557/39
f 5575/1 5557/2 5472/74 5471/75
f 5529/1 5785/2 5575/5 5530/6
f 5483/1 5471/2 5729/5 5532/6
f 5789/1 5528/2 5531/5 5577/6
f 5482/1 5481/2 5533/5 5741/6
f 5749/1 5606/2 5372/5 5371/6
f 5380/1 5371/2 5754/5 5626/6
f 5751/1 5628/2 5380/5 5385/6
f 5565/1 5568/2 5464/74 5463/75
f 5785/38 5802/2 5565/5 5575/39
f 5471/38 5463/2 5730/5 5729/39
f 5421/1 5803/2 5804/5 5422/6
f 5429/1 5805/2 5742/5 5430/6
f 5803/1 5484/2 5493/3 5742/4
f 5259/91 5632/29 5578/5 5252/39
f 5540/91 5643/29 5595/5 5535/39
f 5806/68 5807/2 5633/5 5655/69
f 5705/16 5236/17 5235/5 5706/6
f 5743/16 5287/17 5286/5 5744/6
f 5778/16 5365/17 5364/5 5779/6
f 5785/16 5560/17 5559/5 5802/6
f 5811/130 5420/2 5784/5 5529/131
f 5528/1 5803/2 5421/5 5811/6
f 5485/20 5484/2 5803/5 5789/21
f 5225/1 5812/2 5635/5 5226/6
f 5707/16 5232/17 5225/5 5708/6
f 5745/16 5285/17 5284/5 5746/6
f 5240/1 5424/2 5782/5 5232/6
f 5291/38 5433/2 5707/5 5285/39
f 5297/1 5694/2 5375/5 5298/6
f 5368/1 5298/2 5310/5 5687/6
f 5254/1 5682/2 5368/5 5264/6
f 5497/1 5748/2 5379/5 5370/6
f 5371/1 5370/2 5507/5 5754/6
f 5537/1 5749/2 5371/5 5382/6
f 5807/1 5235/2 5224/5 5561/6
f 5812/1 5225/2 5228/5 5780/6
f 5458/1 5229/2 5238/5 5716/6
f 5224/1 5571/2 5708/24 5225/25
f 5228/1 5709/2 5468/24 5229/25
f 5706/1 5286/26 5283/27 5571/6
f 5708/1 5841/2 5842/5 5709/6
f 5702/1 5843/2 5844/5 5845/6
f 5845/1 5846/26 5277/27 5703/6
f 5315/1 5688/2 5383/5 5316/6
f 5847/1 5284/2 5289/5 5848/6
f 5849/1 5274/2 5846/5 5850/6
f 5283/1 5563/2 5746/24 5284/25
f 5744/1 5364/26 5359/27 5563/6
f 5359/1 5574/2 5470/74 5360/75
f 5779/1 5559/26 5558/27 5574/6
f 5717/1 5851/2 5852/5 5853/6
f 5853/1 5854/26 5554/27 5750/6
f 5510/1 5751/2 5385/5 5384/6
f 5855/1 5551/2 5854/5 5856/6
f 5558/1 5565/2 5463/74 5473/75
f 5802/1 5806/36 5566/37 5565/6
f 5463/1 5462/36 5718/37 5730/6
f 5859/1 5860/2 5861/47 5862/48
f 5912/1 5913/2 5914/47 5915/48
f 5916/1 5917/2 5918/5 5919/6
f 5930/1 5931/2 5932/49 5933/50
f 5934/1 5930/2 5935/5 5936/6
f 5938/1 5937/2 5933/5 5939/6
f 5940/1 5934/2 5939/49 5941/50
f 5942/1 5943/2 5944/49 5945/50
f 5981/1 5982/2 5983/49 5984/50
f 5999/1 5945/26 5944/27 6000/6
f 6001/1 5870/36 6002/37 6003/6
f 6004/1 6006/36 6007/37 6005/6
f 6008/1 6009/36 6010/37 6011/6
f 5963/1 5933/36 5932/37 6013/6
f 6014/1 6015/2 6016/5 6008/6
f 6019/1 5939/2 5933/5 6020/6
f 6021/1 6022/36 6017/37 6014/6
f 6024/1 5941/36 5939/37 5962/6
f 6025/1 6026/36 5896/37 6027/6
f 6028/1 6029/36 6030/37 6023/6
f 6031/1 5984/26 5983/27 6032/6
f 6033/1 5919/2 5918/5 6034/6
f 6061/20 6062/2 6063/5 6064/21
f 6071/34 6072/35 6073/5 6074/6
f 6077/38 6078/2 6075/5 6072/39
f 6079/1 6080/2 6081/5 6078/6
f 6084/38 6085/2 6082/5 6083/39
f 6072/38 6075/2 6086/5 6087/39
f 6088/1 6083/2 6072/74 6071/75
f 6109/1 6110/2 6008/49 6011/50
f 6110/1 6111/2 6112/5 6113/6
f 6115/1 6114/2 6014/5 6008/6
f 6111/1 6116/2 6021/49 6014/50
f 6117/1 6118/2 6119/5 6120/6
f 6067/1 6066/2 6121/5 6122/6
f 5859/1 6131/2 6132/5 5860/6
f 6112/1 6133/2 6134/5 6113/6
f 6135/1 5936/2 5935/5 6136/6
f 6137/1 6138/36 6139/37 6140/6
f 5912/1 6142/2 6143/5 5913/6
f 6083/34 6088/35 6147/5 6148/6
f 6150/1 6151/26 6083/27 6082/6
f 6152/1 6153/2 6150/5 6154/6
f 6085/1 6169/2 6149/5 6082/6
f 6075/1 6076/2 6170/5 6086/6
f 6150/1 6082/2 6075/74 6078/75
f 6171/1 6172/2 6150/5 6153/6
f 6190/1 6191/2 6192/5 6193/6
f 6195/1 6194/2 6003/5 5999/6
f 6200/1 5942/2 6201/5 6202/6
f 6204/1 6203/2 5945/5 6007/6
f 6113/1 6134/2 6219/47 6115/48
f 6136/1 5935/2 5937/47 6223/48
f 6234/1 6235/2 6027/24 6021/25
f 6247/1 5940/2 5941/49 6030/50
f 6116/38 6248/2 6140/5 6249/39
f 6250/38 6063/2 6251/5 6234/39
f 6249/1 6139/2 6064/74 6250/75
f 6118/1 6259/2 6146/5 6119/6
f 6066/1 6070/2 6260/5 6121/6
f 6261/1 5981/26 6262/27 6263/6
f 6263/1 5912/2 5915/47 6264/48
f 6264/1 6265/26 5984/27 6031/6
f 6142/1 6262/2 6265/47 6266/48
f 6132/1 6131/2 6196/47 6268/48
f 6143/1 6142/2 6266/47 6281/48
f 6282/1 6283/2 6284/14 6285/15
f 6287/1 6190/2 5999/49 6000/50
f 6293/1 6294/2 6031/24 6032/25
f 6295/1 6261/2 6294/3 6296/4
f 6297/43 6295/2 6147/5 6088/42
f 6071/43 6074/2 6296/5 6298/42
f 6299/1 6297/2 6298/3 6300/4
f 6302/1 6303/2 6033/5 6034/6
f 6306/1 6200/2 6202/5 6307/6
f 6308/1 6204/2 6007/5 6006/6
f 6312/1 6247/2 6313/5 6314/6
f 6316/1 6315/2 6030/5 6029/6
f 6317/1 6318/30 6235/31 6251/6
f 6121/1 6294/36 6293/37 6122/6
f 6087/94 6298/95 6294/5 6260/6
f 6329/1 6086/2 6170/5 6328/6
f 6330/1 6300/32 6298/33 6329/6
f 6331/1 6332/2 6333/5 6330/6
f 6196/1 5862/2 5861/5 6268/6
f 6336/1 6114/2 6115/5 6219/6
f 5938/1 6309/2 6223/5 5937/6
f 6266/1 5915/2 5914/5 6281/6
f 6337/1 6303/2 6302/5 6338/6
f 5916/1 6285/2 6284/5 5917/6
f 6169/1 6352/2 6145/5 6149/6
f 6076/1 6068/2 6328/5 6170/6
f 6154/1 6150/2 6078/74 6081/75
f 6172/1 6353/26 6151/27 6150/6
f 6300/1 6335/2 6354/5 6355/6
f 6356/38 6354/2 6338/5 6284/39
f 6283/20 6299/2 6358/5 6359/21
f 5917/1 6302/2 6034/5 5918/6
f 6359/1 6360/2 6361/3 6356/4
f 6364/1 6365/2 6330/3 6329/4
f 6365/1 6366/2 6152/5 6154/6
f 6081/1 6080/2 6331/5 6330/6
f 6191/1 6367/2 6368/5 6192/6
f 6194/1 6369/2 6001/5 6003/6
f 6373/1 6372/2 6025/5 6027/6
f 6259/1 6084/32 6083/33 6146/6
f 6070/1 6072/32 6087/33 6260/6
f 6083/1 6151/2 6077/74 6072/75
f 6353/1 6374/2 6155/5 6151/6
f 6335/1 6334/2 6337/7 6338/8
f 6139/1 6138/2 6061/74 6064/75
f 5942/38 6190/2 6287/5 5943/39
f 6306/44 6367/2 6191/5 6200/45
f 5940/98 6116/17 6109/5 5931/60
f 6312/66 6378/2 6248/5 6247/67
f 5981/44 6118/2 6117/5 5982/45
f 6297/94 6084/95 6259/5 6261/6
f 6085/1 6364/2 6352/5 6169/6
f 6299/44 6365/2 6364/5 6297/45
f 6171/1 6366/2 6365/5 6172/6
f 6282/38 6374/2 6353/5 6283/39
f 5943/38 6287/2 6384/5 6385/39
f 5860/1 6384/2 6386/47 5861/48
f 6387/38 6386/2 6000/5 5944/39
f 6385/1 6132/2 6268/47 6387/48
f 6367/1 6109/2 6011/49 6001/50
f 5931/1 6306/2 6006/49 5932/50
f 6133/1 6112/2 6114/47 6336/48
f 5936/1 6135/2 6309/47 5938/48
f 6378/1 6117/26 6120/27 6137/6
f 6062/1 6067/26 6122/27 6317/6
f 6372/1 6390/2 6032/5 6025/6
f 5982/1 6312/2 6314/5 6391/6
f 6392/1 6316/2 6029/5 5983/6
f 6148/1 6147/2 6074/74 6073/75
