# COMMON_MC_OBJ_START
# version: 1
# exporter: jmc2obj
# world_name: towers_ffa
# world_path: /home/runner/work/map-objects/map-objects/map-fetcher/tmp/OvercastCommunity/PublicMaps/other/scorebox/towers_ffa
# export_bounds_min: (-512, 0, -512)
# export_bounds_max: (495, 255, 495)
# export_offset: (0.000000, 0.000000, 0.000000)
# block_scale: 1.000000
# block_origin_offset: (-0.5, -0.5, -0.5)
# z_up: false
# texture_type: INDIVIDUAL_TILES
# has_split_blocks: false
# COMMON_MC_OBJ_END
mtllib minecraft.mtl

vt 0.375000000 0.375000000
vt 0.625000000 0.375000000
vt 0.625000000 0.625000000
vt 0.375000000 0.625000000
vt 1.000000000 1.000000000
vt 0.000000000 1.000000000
vt 0.000000000 0.500000000
vt 1.000000000 0.500000000
vt 0.500000000 0.500000000
vt 0.500000000 0.000000000
vt 1.000000000 0.000000000
vt -0.000000000 0.000000000
vt 0.000000000 0.000000000
vt 1.000000000 2.000000000
vt 0.000000000 2.000000000
vt 0.375000000 0.000000000
vt 0.625000000 0.000000000
vt 0.625000000 1.000000000
vt 0.375000000 1.000000000
vt 0.625000000 11.000000000
vt 0.375000000 11.000000000
vt -4.000000000 0.500000000
vt -4.000000000 0.000000000
vt -4.000000000 1.000000000
vt 2.000000000 0.000000000
vt 2.000000000 1.000000000
vt 0.000000000 -1.000000000
vt 1.000000000 -1.000000000
vt 0.000000000 -4.000000000
vt 1.000000000 -4.000000000
vt -0.000000000 1.000000000
vt 0.000000000 -0.000000000
vt 1.000000000 0.000000000
vt -1.000000000 0.000000000
vt -1.000000000 1.000000000
vt 0.000000000 1.000000000
vt -7.000000000 0.000000000
vt -7.000000000 1.000000000
vt 0.500000000 0.000000000
vt 1.000000000 5.000000000
vt 0.500000000 5.000000000
vt 0.000000000 5.000000000
vt -1.000000000 -1.000000000
vt 0.000000000 0.500000000
vt -0.000000000 0.000000000
vt 1.000000000 -0.000000000
vt 5.000000000 -0.000000000
vt 5.000000000 0.500000000
vt 5.000000000 -0.000000000
vt 5.000000000 1.000000000
vt 0.000000000 0.000000000
vt 0.000000000 5.000000000
vt 5.000000000 0.000000000
vt 0.000000000 -4.000000000
vt 2.000000000 -1.000000000
vt 5.000000000 0.000000000
vt 4.000000000 0.000000000
vt 4.000000000 1.000000000
vt 4.000000000 0.000000000
vt -10.000000000 0.000000000
vt -10.000000000 1.000000000
vt 4.000000000 -0.000000000
vt 4.000000000 0.500000000
vt 4.000000000 -0.000000000
vt -4.000000000 0.000000000
vt 0.500000000 1.000000000
vt 1.000000000 2.500000000
vt 0.000000000 2.500000000
vt 1.000000000 1.500000000
vt 0.000000000 1.500000000
vt -6.000000000 0.000000000
vt -6.000000000 1.000000000
vt 6.000000000 0.000000000
vt 6.000000000 1.000000000
vt 0.000000000 -2.000000000
vt 1.000000000 -2.000000000
vt 3.000000000 0.000000000
vt 3.000000000 1.000000000
vt 5.000000000 2.000000000
vt 0.000000000 2.000000000
vt 5.000000000 -0.500000000
vt 0.000000000 -0.500000000
vt 0.000000000 -0.500000000
vt 1.000000000 -0.500000000
vt -2.000000000 0.000000000
vt -2.000000000 1.000000000
vt -5.000000000 0.000000000
vt -5.000000000 1.000000000
vt 0.000000000 -5.000000000
vt 1.000000000 -5.000000000
vt 0.000000000 -3.000000000
vt 1.000000000 -3.000000000
vt 5.000000000 -0.000000000
vt 5.000000000 1.500000000
vt -0.000000000 0.000000000
vt -4.000000000 2.000000000
vt 7.000000000 0.000000000
vt 7.000000000 1.000000000
vt -4.000000000 -4.000000000
vt -3.000000000 -4.000000000
vt -3.000000000 1.000000000
vt 0.000000000 -1.500000000
vt 1.000000000 -1.500000000
vt -3.000000000 0.000000000
vt -3.000000000 0.500000000
vt 3.000000000 -1.000000000
vt 4.000000000 -1.000000000
vt -2.000000000 -1.000000000
vt -3.000000000 -1.000000000
vt -15.000000000 0.000000000
vt -15.000000000 1.000000000
vt 5.000000000 0.000000000
vt 0.000000000 0.000000000
vt 0.000000000 -6.000000000
vt 1.000000000 -6.000000000
vt 5.000000000 -4.000000000
vt 4.000000000 -4.000000000
vt 4.000000000 0.000000000
vt 3.000000000 0.500000000
vt 4.000000000 -0.000000000
vt -3.000000000 0.000000000
vt 0.000000000 1.500000000
vt 0.000000000 0.500000000
vt 0.000000000 -1.000000000
vt 0.000000000 -2.000000000
vt -4.000000000 1.500000000
vt 0.000000000 -1.000000000
vt 5.000000000 -1.000000000
vt -13.000000000 0.000000000
vt -13.000000000 1.000000000
vt -1.000000000 0.500000000
vt -1.000000000 0.000000000
vt 0.000000000 -1.000000000
vt 0.500000000 2.000000000
vt 0.000000000 2.000000000
vt 2.000000000 0.500000000
vt 2.000000000 -0.000000000
vt 9.000000000 0.000000000
vt 9.000000000 1.000000000
vt 0.000000000 -0.000000000
vt 3.000000000 -0.000000000
vt 1.000000000 3.000000000
vt 0.500000000 3.000000000
vt 0.000000000 3.000000000
vt -4.000000000 -3.000000000
vt -3.000000000 -3.000000000
vt -2.000000000 0.500000000
vt -2.000000000 0.000000000
vt 0.000000000 3.000000000
vt 0.000000000 -2.000000000
vt 0.500000000 4.000000000
vt 0.000000000 4.000000000
vt 1.000000000 4.000000000
vt 0.000000000 -3.000000000
vt -8.000000000 0.000000000
vt -8.000000000 1.000000000
vt 0.000000000 4.000000000
v 16.875 5.500 33.125
v 17.125 5.500 33.125
v 17.125 5.500 32.875
v 16.875 5.500 32.875
v 22.875 5.500 33.125
v 23.125 5.500 33.125
v 23.125 5.500 32.875
v 22.875 5.500 32.875
v 16.875 5.500 39.125
v 17.125 5.500 39.125
v 17.125 5.500 38.875
v 16.875 5.500 38.875
v 22.875 5.500 39.125
v 23.125 5.500 39.125
v 23.125 5.500 38.875
v 22.875 5.500 38.875
v 17.500 11.500 34.500
v 16.500 11.500 34.500
v 16.500 11.000 34.500
v 17.500 11.000 34.500
v 17.000 11.000 34.500
v 17.000 10.500 34.500
v 17.500 10.500 34.500
v 17.500 16.500 34.500
v 16.500 16.500 34.500
v 16.500 16.000 34.500
v 17.500 16.000 34.500
v 17.000 16.000 34.500
v 16.500 15.500 34.500
v 17.000 15.500 34.500
v 23.500 11.500 34.500
v 22.500 11.500 34.500
v 22.500 11.000 34.500
v 23.500 11.000 34.500
v 23.000 11.000 34.500
v 22.500 10.500 34.500
v 23.000 10.500 34.500
v 16.875 7.500 33.125
v 17.125 7.500 33.125
v 17.125 7.500 32.875
v 16.875 7.500 32.875
v 22.875 7.500 33.125
v 23.125 7.500 33.125
v 23.125 7.500 32.875
v 22.875 7.500 32.875
v 16.875 7.500 39.125
v 17.125 7.500 39.125
v 17.125 7.500 38.875
v 16.875 7.500 38.875
v 22.875 7.500 39.125
v 23.125 7.500 39.125
v 23.125 7.500 38.875
v 22.875 7.500 38.875
v 17.500 10.500 32.500
v 16.500 10.500 32.500
v 16.500 11.500 32.500
v 17.500 11.500 32.500
v 17.500 13.500 32.500
v 16.500 13.500 32.500
v 16.500 14.500 32.500
v 17.500 14.500 32.500
v 17.500 15.500 32.500
v 16.500 15.500 32.500
v 16.500 17.500 32.500
v 17.500 17.500 32.500
v 17.500 18.500 32.500
v 16.500 18.500 32.500
v 16.500 19.500 32.500
v 17.500 19.500 32.500
v 23.500 10.500 32.500
v 22.500 10.500 32.500
v 22.500 11.500 32.500
v 23.500 11.500 32.500
v 23.500 13.500 32.500
v 22.500 13.500 32.500
v 22.500 14.500 32.500
v 23.500 14.500 32.500
v 15.875 11.500 39.125
v 16.125 11.500 39.125
v 16.125 12.500 39.125
v 15.875 12.500 39.125
v 15.875 16.500 39.125
v 16.125 16.500 39.125
v 16.125 17.500 39.125
v 15.875 17.500 39.125
v 16.875 -0.500 39.125
v 17.125 -0.500 39.125
v 17.125 10.500 39.125
v 16.875 10.500 39.125
v 16.875 12.500 39.125
v 17.125 12.500 39.125
v 17.125 13.500 39.125
v 16.875 13.500 39.125
v 16.875 14.500 39.125
v 17.125 14.500 39.125
v 17.125 15.500 39.125
v 16.875 15.500 39.125
v 16.875 17.500 39.125
v 17.125 17.500 39.125
v 17.125 18.500 39.125
v 16.875 18.500 39.125
v 17.875 11.500 39.125
v 18.125 11.500 39.125
v 18.125 12.500 39.125
v 17.875 12.500 39.125
v 18.875 11.500 39.125
v 19.125 11.500 39.125
v 19.125 12.500 39.125
v 18.875 12.500 39.125
v 19.875 11.500 39.125
v 20.125 11.500 39.125
v 20.125 12.500 39.125
v 19.875 12.500 39.125
v 20.875 11.500 39.125
v 21.125 11.500 39.125
v 21.125 12.500 39.125
v 20.875 12.500 39.125
v 21.875 11.500 39.125
v 22.125 11.500 39.125
v 22.125 12.500 39.125
v 21.875 12.500 39.125
v 22.875 -0.500 39.125
v 23.125 -0.500 39.125
v 23.125 10.500 39.125
v 22.875 10.500 39.125
v 22.875 12.500 39.125
v 23.125 12.500 39.125
v 23.125 13.500 39.125
v 22.875 13.500 39.125
v 16.875 1.500 33.125
v 17.125 1.500 33.125
v 17.125 1.500 32.875
v 16.875 1.500 32.875
v 22.875 1.500 33.125
v 23.125 1.500 33.125
v 23.125 1.500 32.875
v 22.875 1.500 32.875
v 16.875 1.500 39.125
v 17.125 1.500 39.125
v 17.125 1.500 38.875
v 16.875 1.500 38.875
v 22.875 1.500 39.125
v 23.125 1.500 39.125
v 23.125 1.500 38.875
v 22.875 1.500 38.875
v 21.125 11.500 38.875
v 21.125 12.500 38.875
v 16.875 3.500 33.125
v 17.125 3.500 33.125
v 17.125 3.500 32.875
v 16.875 3.500 32.875
v 22.875 3.500 33.125
v 23.125 3.500 33.125
v 23.125 3.500 32.875
v 22.875 3.500 32.875
v 16.875 3.500 39.125
v 17.125 3.500 39.125
v 17.125 3.500 38.875
v 16.875 3.500 38.875
v 22.875 3.500 39.125
v 23.125 3.500 39.125
v 23.125 3.500 38.875
v 22.875 3.500 38.875
v 17.125 16.500 37.875
v 16.875 16.500 37.875
v 16.875 17.500 37.875
v 17.125 17.500 37.875
v 23.125 11.500 37.875
v 22.875 11.500 37.875
v 22.875 12.500 37.875
v 23.125 12.500 37.875
v 16.500 11.000 32.000
v 17.500 11.000 32.000
v 17.500 10.500 32.000
v 16.500 10.500 32.000
v 22.500 11.000 32.000
v 23.500 11.000 32.000
v 23.500 10.500 32.000
v 22.500 10.500 32.000
v 21.500 11.500 38.500
v 21.500 11.500 39.500
v 21.500 11.000 39.500
v 21.500 11.000 38.500
v 21.500 11.000 39.000
v 21.500 10.500 39.000
v 21.500 10.500 38.500
v 16.875 9.500 33.125
v 17.125 9.500 33.125
v 17.125 9.500 32.875
v 16.875 9.500 32.875
v 22.875 9.500 33.125
v 23.125 9.500 33.125
v 23.125 9.500 32.875
v 22.875 9.500 32.875
v 16.875 9.500 39.125
v 17.125 9.500 39.125
v 17.125 9.500 38.875
v 16.875 9.500 38.875
v 22.875 9.500 39.125
v 23.125 9.500 39.125
v 23.125 9.500 38.875
v 22.875 9.500 38.875
v 23.000 11.000 33.500
v 23.000 11.000 38.500
v 23.000 10.500 38.500
v 23.000 10.500 33.500
v 16.875 16.500 38.125
v 17.125 16.500 38.125
v 17.125 17.500 38.125
v 16.875 17.500 38.125
v 22.875 11.500 38.125
v 23.125 11.500 38.125
v 23.125 12.500 38.125
v 22.875 12.500 38.125
v 23.500 12.500 31.500
v 23.500 12.500 32.500
v 23.500 11.000 32.500
v 23.500 11.000 31.500
v 23.500 10.500 33.500
v 23.500 12.500 33.500
v 23.500 13.500 33.500
v 23.500 14.500 33.500
v 23.500 11.500 33.500
v 23.500 11.500 38.500
v 23.500 11.000 38.500
v 23.500 11.000 33.500
v 23.500 10.500 39.500
v 23.500 10.500 38.500
v 23.500 12.500 38.500
v 23.500 12.500 39.500
v 23.500 13.500 39.500
v 23.500 13.500 38.500
v 23.500 14.500 38.500
v 23.500 14.500 39.500
v 20.875 11.500 38.875
v 20.875 12.500 38.875
v 17.125 16.500 36.875
v 16.875 16.500 36.875
v 16.875 17.500 36.875
v 17.125 17.500 36.875
v 23.125 11.500 36.875
v 22.875 11.500 36.875
v 22.875 12.500 36.875
v 23.125 12.500 36.875
v 22.125 11.500 38.875
v 22.125 12.500 38.875
v 15.500 10.500 38.500
v 16.500 10.500 38.500
v 16.500 11.500 38.500
v 15.500 11.500 38.500
v 15.500 15.500 38.500
v 16.500 15.500 38.500
v 16.500 16.500 38.500
v 15.500 16.500 38.500
v 17.500 10.500 38.500
v 18.500 10.500 38.500
v 18.500 11.500 38.500
v 17.500 11.500 38.500
v 19.500 10.500 38.500
v 19.500 11.500 38.500
v 20.500 10.500 38.500
v 20.500 11.500 38.500
v 22.500 10.500 38.500
v 22.500 11.500 38.500
v 16.500 12.500 38.500
v 17.500 12.500 38.500
v 17.500 13.500 38.500
v 16.500 13.500 38.500
v 16.500 14.500 38.500
v 17.500 14.500 38.500
v 17.500 15.500 38.500
v 16.500 17.500 38.500
v 17.500 17.500 38.500
v 17.500 18.500 38.500
v 16.500 18.500 38.500
v 16.500 19.500 38.500
v 17.500 19.500 38.500
v 22.500 12.500 38.500
v 22.500 13.500 38.500
v 22.500 14.500 38.500
v 19.875 11.500 38.875
v 19.875 12.500 38.875
v 17.500 11.500 36.500
v 16.500 11.500 36.500
v 16.500 11.000 36.500
v 17.500 11.000 36.500
v 17.000 11.000 36.500
v 17.000 10.500 36.500
v 17.500 10.500 36.500
v 17.500 16.500 36.500
v 16.500 16.500 36.500
v 16.500 16.000 36.500
v 17.500 16.000 36.500
v 17.000 16.000 36.500
v 16.500 15.500 36.500
v 17.000 15.500 36.500
v 23.500 11.500 36.500
v 22.500 11.500 36.500
v 22.500 11.000 36.500
v 23.500 11.000 36.500
v 23.000 11.000 36.500
v 22.500 10.500 36.500
v 23.000 10.500 36.500
v 20.500 10.500 36.500
v 19.500 10.500 36.500
v 19.500 11.500 36.500
v 20.500 11.500 36.500
v 16.875 16.500 37.125
v 17.125 16.500 37.125
v 17.125 17.500 37.125
v 16.875 17.500 37.125
v 22.875 11.500 37.125
v 23.125 11.500 37.125
v 23.125 12.500 37.125
v 22.875 12.500 37.125
v 17.125 -0.500 33.125
v 16.875 -0.500 33.125
v 16.875 -0.500 32.875
v 17.125 -0.500 32.875
v 23.125 -0.500 33.125
v 22.875 -0.500 33.125
v 22.875 -0.500 32.875
v 23.125 -0.500 32.875
v 16.875 -0.500 38.875
v 17.125 -0.500 38.875
v 22.875 -0.500 38.875
v 23.125 -0.500 38.875
v 16.500 14.500 33.500
v 17.500 14.500 33.500
v 22.500 14.500 33.500
v 16.500 14.500 39.500
v 17.500 14.500 39.500
v 22.500 14.500 39.500
v 16.875 16.500 36.125
v 17.125 16.500 36.125
v 17.125 17.500 36.125
v 16.875 17.500 36.125
v 22.875 11.500 36.125
v 23.125 11.500 36.125
v 23.125 12.500 36.125
v 22.875 12.500 36.125
v 15.500 16.500 32.500
v 16.500 16.500 32.500
v 16.500 16.500 31.500
v 15.500 16.500 31.500
v 15.500 16.500 33.500
v 16.500 16.500 33.500
v 15.500 16.500 35.500
v 16.500 16.500 35.500
v 17.500 16.500 38.500
v 17.500 16.500 33.500
v 17.125 16.500 34.125
v 16.875 16.500 34.125
v 16.875 16.500 33.875
v 17.125 16.500 33.875
v 17.125 16.500 35.125
v 16.875 16.500 35.125
v 16.875 16.500 34.875
v 17.125 16.500 34.875
v 15.500 16.500 36.500
v 16.875 16.500 35.875
v 17.125 16.500 35.875
v 15.500 16.500 39.500
v 16.500 16.500 39.500
v 15.875 16.500 38.875
v 16.125 16.500 38.875
v 23.125 10.500 32.875
v 23.125 10.500 33.125
v 23.125 12.500 33.125
v 23.125 12.500 32.875
v 23.125 13.500 32.875
v 23.125 13.500 33.125
v 23.125 11.500 34.125
v 23.125 11.500 33.875
v 23.125 12.500 33.875
v 23.125 12.500 34.125
v 23.125 11.500 35.125
v 23.125 11.500 34.875
v 23.125 12.500 34.875
v 23.125 12.500 35.125
v 23.125 11.500 35.875
v 23.125 12.500 35.875
v 23.125 10.500 38.875
v 23.125 12.500 38.875
v 23.125 13.500 38.875
v 17.500 18.500 33.500
v 16.500 18.500 33.500
v 17.500 18.500 39.500
v 16.500 18.500 39.500
v 16.125 11.500 38.875
v 15.875 11.500 38.875
v 15.875 12.500 38.875
v 16.125 12.500 38.875
v 15.875 17.500 38.875
v 16.125 17.500 38.875
v 16.875 10.500 38.875
v 17.125 10.500 38.875
v 17.125 12.500 38.875
v 16.875 12.500 38.875
v 16.875 13.500 38.875
v 17.125 13.500 38.875
v 17.125 14.500 38.875
v 16.875 14.500 38.875
v 16.875 15.500 38.875
v 17.125 15.500 38.875
v 17.125 17.500 38.875
v 16.875 17.500 38.875
v 16.875 18.500 38.875
v 17.125 18.500 38.875
v 18.125 11.500 38.875
v 17.875 11.500 38.875
v 17.875 12.500 38.875
v 18.125 12.500 38.875
v 19.125 11.500 38.875
v 18.875 11.500 38.875
v 18.875 12.500 38.875
v 19.125 12.500 38.875
v 20.125 11.500 38.875
v 20.125 12.500 38.875
v 21.875 11.500 38.875
v 21.875 12.500 38.875
v 22.875 10.500 38.875
v 22.875 12.500 38.875
v 22.875 13.500 38.875
v 17.500 11.500 33.500
v 17.500 11.500 31.500
v 17.500 12.500 31.500
v 17.500 12.500 33.500
v 17.500 10.500 31.500
v 17.500 13.500 33.500
v 17.500 15.500 33.500
v 17.500 17.500 33.500
v 17.500 19.500 33.500
v 17.500 16.000 38.500
v 17.500 16.000 33.500
v 17.500 10.500 33.500
v 17.500 10.500 35.500
v 17.500 11.500 35.500
v 17.500 10.500 37.500
v 17.500 11.500 37.500
v 17.500 10.500 39.500
v 17.500 12.500 39.500
v 17.500 13.500 39.500
v 17.500 15.500 39.500
v 17.500 17.500 39.500
v 17.500 19.500 39.500
v 19.500 10.500 35.500
v 19.500 11.500 35.500
v 19.500 11.500 39.500
v 19.500 11.000 39.500
v 19.500 11.000 38.500
v 19.500 11.000 39.000
v 19.500 10.500 39.000
v 15.500 10.500 32.500
v 15.500 10.500 31.500
v 16.500 10.500 31.500
v 19.500 10.500 32.500
v 19.500 10.500 31.500
v 20.500 10.500 32.500
v 20.500 10.500 31.500
v 22.500 10.500 31.500
v 15.500 10.500 33.500
v 16.500 10.500 35.500
v 15.500 10.500 35.500
v 16.500 10.500 33.500
v 17.000 10.500 33.500
v 17.000 10.500 38.500
v 18.500 10.500 34.500
v 18.500 10.500 33.500
v 19.500 10.500 34.500
v 19.500 10.500 33.500
v 21.500 10.500 34.500
v 21.500 10.500 33.500
v 22.500 10.500 33.500
v 20.500 10.500 35.500
v 20.500 10.500 34.500
v 22.500 10.500 35.500
v 16.500 10.500 36.500
v 15.500 10.500 36.500
v 18.500 10.500 36.500
v 18.500 10.500 35.500
v 19.500 10.500 37.500
v 18.500 10.500 37.500
v 15.500 10.500 39.000
v 16.500 10.500 39.000
v 16.500 10.500 39.500
v 17.500 10.500 39.000
v 22.500 10.500 39.000
v 22.500 10.500 39.500
v 17.000 11.000 38.500
v 17.000 11.000 33.500
v 17.000 16.000 33.500
v 17.000 16.000 38.500
v 17.000 15.500 38.500
v 17.000 15.500 33.500
v 16.500 12.500 33.500
v 16.500 12.500 31.500
v 22.500 12.500 33.500
v 22.500 12.500 31.500
v 22.875 12.500 34.125
v 22.875 12.500 33.875
v 22.875 12.500 35.125
v 22.875 12.500 34.875
v 22.875 12.500 35.875
v 16.500 12.500 39.500
v 22.500 12.500 39.500
v 16.500 16.000 38.500
v 16.500 16.000 33.500
v 15.500 16.000 39.500
v 15.500 16.000 38.500
v 16.500 16.000 39.500
v 15.500 11.500 39.500
v 15.500 11.000 38.500
v 15.500 11.000 39.500
v 15.500 11.000 39.000
v 15.500 16.000 39.000
v 15.500 15.500 39.000
v 16.500 11.500 35.500
v 16.500 11.000 35.500
v 17.500 11.000 35.500
v 17.000 11.000 35.500
v 17.000 10.500 35.500
v 17.500 16.500 35.500
v 16.500 16.000 35.500
v 17.500 16.000 35.500
v 17.000 16.000 35.500
v 16.500 15.500 35.500
v 17.000 15.500 35.500
v 20.500 11.500 35.500
v 23.500 11.500 35.500
v 22.500 11.500 35.500
v 22.500 11.000 35.500
v 23.500 11.000 35.500
v 23.000 11.000 35.500
v 23.000 10.500 35.500
v 16.875 4.500 33.125
v 17.125 4.500 33.125
v 17.125 4.500 32.875
v 16.875 4.500 32.875
v 22.875 4.500 33.125
v 23.125 4.500 33.125
v 23.125 4.500 32.875
v 22.875 4.500 32.875
v 16.875 4.500 39.125
v 17.125 4.500 39.125
v 17.125 4.500 38.875
v 16.875 4.500 38.875
v 22.875 4.500 39.125
v 23.125 4.500 39.125
v 23.125 4.500 38.875
v 22.875 4.500 38.875
v 16.500 11.000 39.000
v 16.500 16.000 39.000
v 16.500 15.500 39.000
v 22.500 11.000 39.000
v 17.500 11.000 39.000
v 16.500 13.500 33.500
v 16.500 15.500 33.500
v 16.500 17.500 33.500
v 16.500 19.500 33.500
v 22.500 13.500 33.500
v 16.875 10.500 32.875
v 17.125 10.500 32.875
v 17.125 12.500 32.875
v 16.875 12.500 32.875
v 16.875 13.500 32.875
v 17.125 13.500 32.875
v 17.125 14.500 32.875
v 16.875 14.500 32.875
v 16.875 15.500 32.875
v 17.125 15.500 32.875
v 17.125 17.500 32.875
v 16.875 17.500 32.875
v 16.875 18.500 32.875
v 17.125 18.500 32.875
v 22.875 10.500 32.875
v 22.875 12.500 32.875
v 22.875 13.500 32.875
v 16.875 6.500 33.125
v 17.125 6.500 33.125
v 17.125 6.500 32.875
v 16.875 6.500 32.875
v 22.875 6.500 33.125
v 23.125 6.500 33.125
v 23.125 6.500 32.875
v 22.875 6.500 32.875
v 16.875 6.500 39.125
v 17.125 6.500 39.125
v 17.125 6.500 38.875
v 16.875 6.500 38.875
v 22.875 6.500 39.125
v 23.125 6.500 39.125
v 23.125 6.500 38.875
v 22.875 6.500 38.875
v 16.500 11.500 31.500
v 17.500 11.000 31.500
v 16.500 11.000 31.500
v 19.500 11.500 31.500
v 20.500 11.500 31.500
v 22.500 11.500 31.500
v 23.500 11.500 31.500
v 22.500 11.000 31.500
v 16.875 0.500 33.125
v 17.125 0.500 33.125
v 17.125 0.500 32.875
v 16.875 0.500 32.875
v 22.875 0.500 33.125
v 23.125 0.500 33.125
v 23.125 0.500 32.875
v 22.875 0.500 32.875
v 16.875 0.500 39.125
v 17.125 0.500 39.125
v 17.125 0.500 38.875
v 16.875 0.500 38.875
v 22.875 0.500 39.125
v 23.125 0.500 39.125
v 23.125 0.500 38.875
v 22.875 0.500 38.875
v 16.875 2.500 33.125
v 17.125 2.500 33.125
v 17.125 2.500 32.875
v 16.875 2.500 32.875
v 22.875 2.500 33.125
v 23.125 2.500 33.125
v 23.125 2.500 32.875
v 22.875 2.500 32.875
v 16.875 2.500 39.125
v 17.125 2.500 39.125
v 17.125 2.500 38.875
v 16.875 2.500 38.875
v 22.875 2.500 39.125
v 23.125 2.500 39.125
v 23.125 2.500 38.875
v 22.875 2.500 38.875
v 17.125 17.500 34.125
v 16.875 17.500 34.125
v 22.875 11.500 34.125
v 20.500 11.500 39.500
v 20.500 11.000 39.500
v 20.500 11.000 38.500
v 20.500 11.000 39.000
v 20.500 10.500 39.000
v 22.500 11.500 33.500
v 22.500 13.500 39.500
v 16.875 8.500 33.125
v 17.125 8.500 33.125
v 17.125 8.500 32.875
v 16.875 8.500 32.875
v 22.875 8.500 33.125
v 23.125 8.500 33.125
v 23.125 8.500 32.875
v 22.875 8.500 32.875
v 16.875 8.500 39.125
v 17.125 8.500 39.125
v 17.125 8.500 38.875
v 16.875 8.500 38.875
v 22.875 8.500 39.125
v 23.125 8.500 39.125
v 23.125 8.500 38.875
v 22.875 8.500 38.875
v 16.875 10.500 33.125
v 16.875 12.500 33.125
v 16.875 13.500 33.125
v 16.875 14.500 33.125
v 16.875 15.500 33.125
v 16.875 17.500 33.125
v 16.875 18.500 33.125
v 16.875 17.500 33.875
v 16.875 17.500 35.125
v 16.875 17.500 34.875
v 16.875 17.500 35.875
v 17.125 17.500 33.875
v 22.875 11.500 33.875
v 17.125 17.500 35.125
v 22.875 11.500 35.125
v 17.125 10.500 33.125
v 17.125 12.500 33.125
v 17.125 13.500 33.125
v 17.125 14.500 33.125
v 17.125 15.500 33.125
v 17.125 17.500 33.125
v 17.125 18.500 33.125
v 17.125 17.500 34.875
v 17.125 17.500 35.875
v 16.500 11.500 39.500
v 16.500 11.000 39.500
v 16.500 13.500 39.500
v 16.500 15.500 39.500
v 16.500 17.500 39.500
v 16.500 19.500 39.500
v 22.500 11.500 39.500
v 17.500 11.500 39.500
v 17.500 11.000 39.500
v 22.500 11.000 39.500
v 16.500 11.500 37.500
v 16.500 11.000 37.500
v 17.500 11.000 37.500
v 17.000 11.000 37.500
v 17.000 10.500 37.500
v 17.500 16.500 37.500
v 16.500 16.500 37.500
v 16.500 16.000 37.500
v 17.500 16.000 37.500
v 17.000 16.000 37.500
v 16.500 15.500 37.500
v 17.000 15.500 37.500
v 23.500 11.500 37.500
v 22.500 11.500 37.500
v 22.500 11.000 37.500
v 23.500 11.000 37.500
v 23.000 11.000 37.500
v 22.500 10.500 37.500
v 23.000 10.500 37.500
v 22.875 11.500 34.875
v 22.875 10.500 33.125
v 22.875 12.500 33.125
v 22.875 13.500 33.125
v 22.875 11.500 35.875
v 15.500 15.500 32.500
v 15.500 15.500 31.500
v 16.500 15.500 31.500
v 15.500 15.500 33.500
v 15.500 15.500 35.500
v 15.500 15.500 36.500
v 16.500 11.500 33.500
v 17.500 11.000 32.500
v 16.500 11.000 32.500
v 22.500 11.000 32.500
v 16.500 11.000 33.500
v 17.500 11.000 33.500
v 17.500 11.000 38.500
v 16.500 11.000 38.500
v 22.500 11.000 38.500
v 22.500 11.000 33.500
v 18.500 11.500 39.500
v 18.500 11.000 39.500
v 18.500 11.000 38.500
v 18.500 11.000 39.000
v 18.500 10.500 39.000
v 15.500 11.500 32.500
v 15.500 11.500 31.500
v 19.500 11.500 32.500
v 20.500 11.500 32.500
v 15.500 11.500 33.500
v 15.500 11.500 35.500
v 18.500 11.500 34.500
v 18.500 11.500 33.500
v 19.500 11.500 34.500
v 19.500 11.500 33.500
v 21.500 11.500 34.500
v 21.500 11.500 33.500
v 20.500 11.500 34.500
v 15.500 11.500 36.500
v 18.500 11.500 36.500
v 18.500 11.500 35.500
v 19.500 11.500 37.500
v 18.500 11.500 37.500
v 4.875 5.500 33.125
v 5.125 5.500 33.125
v 5.125 5.500 32.875
v 4.875 5.500 32.875
v 10.875 5.500 33.125
v 11.125 5.500 33.125
v 11.125 5.500 32.875
v 10.875 5.500 32.875
v 4.875 5.500 39.125
v 5.125 5.500 39.125
v 5.125 5.500 38.875
v 4.875 5.500 38.875
v 10.875 5.500 39.125
v 11.125 5.500 39.125
v 11.125 5.500 38.875
v 10.875 5.500 38.875
v 13.125 11.500 39.125
v 13.125 11.500 38.875
v 13.125 12.500 38.875
v 13.125 12.500 39.125
v 13.125 16.500 39.125
v 13.125 16.500 38.875
v 13.125 17.500 38.875
v 13.125 17.500 39.125
v 5.500 11.500 34.500
v 4.500 11.500 34.500
v 4.500 11.000 34.500
v 5.500 11.000 34.500
v 5.000 11.000 34.500
v 5.000 10.500 34.500
v 5.500 10.500 34.500
v 11.500 11.500 34.500
v 10.500 11.500 34.500
v 10.500 11.000 34.500
v 11.500 11.000 34.500
v 11.000 11.000 34.500
v 10.500 10.500 34.500
v 11.000 10.500 34.500
v 11.500 16.500 34.500
v 10.500 16.500 34.500
v 10.500 16.000 34.500
v 11.500 16.000 34.500
v 11.000 16.000 34.500
v 11.000 15.500 34.500
v 11.500 15.500 34.500
v 4.875 7.500 33.125
v 5.125 7.500 33.125
v 5.125 7.500 32.875
v 4.875 7.500 32.875
v 10.875 7.500 33.125
v 11.125 7.500 33.125
v 11.125 7.500 32.875
v 10.875 7.500 32.875
v 4.875 7.500 39.125
v 5.125 7.500 39.125
v 5.125 7.500 38.875
v 4.875 7.500 38.875
v 10.875 7.500 39.125
v 11.125 7.500 39.125
v 11.125 7.500 38.875
v 10.875 7.500 38.875
v 5.500 10.500 32.500
v 4.500 10.500 32.500
v 4.500 11.500 32.500
v 5.500 11.500 32.500
v 5.500 13.500 32.500
v 4.500 13.500 32.500
v 4.500 14.500 32.500
v 5.500 14.500 32.500
v 11.500 10.500 32.500
v 10.500 10.500 32.500
v 10.500 11.500 32.500
v 11.500 11.500 32.500
v 11.500 13.500 32.500
v 10.500 13.500 32.500
v 10.500 14.500 32.500
v 11.500 14.500 32.500
v 11.500 15.500 32.500
v 10.500 15.500 32.500
v 10.500 17.500 32.500
v 11.500 17.500 32.500
v 11.500 18.500 32.500
v 10.500 18.500 32.500
v 10.500 19.500 32.500
v 11.500 19.500 32.500
v 4.875 -0.500 39.125
v 5.125 -0.500 39.125
v 5.125 10.500 39.125
v 4.875 10.500 39.125
v 4.875 12.500 39.125
v 5.125 12.500 39.125
v 5.125 13.500 39.125
v 4.875 13.500 39.125
v 5.875 11.500 39.125
v 6.125 11.500 39.125
v 6.125 12.500 39.125
v 5.875 12.500 39.125
v 6.875 11.500 39.125
v 7.125 11.500 39.125
v 7.125 12.500 39.125
v 6.875 12.500 39.125
v 7.875 11.500 39.125
v 8.125 11.500 39.125
v 8.125 12.500 39.125
v 7.875 12.500 39.125
v 8.875 11.500 39.125
v 9.125 11.500 39.125
v 9.125 12.500 39.125
v 8.875 12.500 39.125
v 9.875 11.500 39.125
v 10.125 11.500 39.125
v 10.125 12.500 39.125
v 9.875 12.500 39.125
v 10.875 -0.500 39.125
v 11.125 -0.500 39.125
v 11.125 10.500 39.125
v 10.875 10.500 39.125
v 10.875 12.500 39.125
v 11.125 12.500 39.125
v 11.125 13.500 39.125
v 10.875 13.500 39.125
v 10.875 14.500 39.125
v 11.125 14.500 39.125
v 11.125 15.500 39.125
v 10.875 15.500 39.125
v 10.875 17.500 39.125
v 11.125 17.500 39.125
v 11.125 18.500 39.125
v 10.875 18.500 39.125
v 11.875 11.500 39.125
v 12.125 11.500 39.125
v 12.125 12.500 39.125
v 11.875 12.500 39.125
v 11.875 16.500 39.125
v 12.125 16.500 39.125
v 12.125 17.500 39.125
v 11.875 17.500 39.125
v 12.875 11.500 39.125
v 12.875 12.500 39.125
v 12.875 16.500 39.125
v 12.875 17.500 39.125
v 13.875 11.500 39.125
v 14.125 11.500 39.125
v 14.125 12.500 39.125
v 13.875 12.500 39.125
v 13.875 16.500 39.125
v 14.125 16.500 39.125
v 14.125 17.500 39.125
v 13.875 17.500 39.125
v 14.875 11.500 39.125
v 15.125 11.500 39.125
v 15.125 12.500 39.125
v 14.875 12.500 39.125
v 14.875 16.500 39.125
v 15.125 16.500 39.125
v 15.125 17.500 39.125
v 14.875 17.500 39.125
v 4.875 1.500 33.125
v 5.125 1.500 33.125
v 5.125 1.500 32.875
v 4.875 1.500 32.875
v 10.875 1.500 33.125
v 11.125 1.500 33.125
v 11.125 1.500 32.875
v 10.875 1.500 32.875
v 4.875 1.500 39.125
v 5.125 1.500 39.125
v 5.125 1.500 38.875
v 4.875 1.500 38.875
v 10.875 1.500 39.125
v 11.125 1.500 39.125
v 11.125 1.500 38.875
v 10.875 1.500 38.875
v 11.875 11.500 38.875
v 11.875 12.500 38.875
v 11.875 16.500 38.875
v 11.875 17.500 38.875
v 4.875 3.500 33.125
v 5.125 3.500 33.125
v 5.125 3.500 32.875
v 4.875 3.500 32.875
v 10.875 3.500 33.125
v 11.125 3.500 33.125
v 11.125 3.500 32.875
v 10.875 3.500 32.875
v 4.875 3.500 39.125
v 5.125 3.500 39.125
v 5.125 3.500 38.875
v 4.875 3.500 38.875
v 10.875 3.500 39.125
v 11.125 3.500 39.125
v 11.125 3.500 38.875
v 10.875 3.500 38.875
v 5.125 11.500 37.875
v 4.875 11.500 37.875
v 4.875 12.500 37.875
v 5.125 12.500 37.875
v 11.125 16.500 37.875
v 10.875 16.500 37.875
v 10.875 17.500 37.875
v 11.125 17.500 37.875
v 4.500 11.000 32.000
v 5.500 11.000 32.000
v 5.500 10.500 32.000
v 4.500 10.500 32.000
v 10.500 11.000 32.000
v 11.500 11.000 32.000
v 11.500 10.500 32.000
v 10.500 10.500 32.000
v 5.000 11.000 38.500
v 5.000 11.000 33.500
v 5.000 10.500 33.500
v 5.000 10.500 38.500
v 10.875 -0.500 32.875
v 10.875 -0.500 33.125
v 10.875 10.500 33.125
v 10.875 10.500 32.875
v 10.875 12.500 32.875
v 10.875 12.500 33.125
v 10.875 13.500 33.125
v 10.875 13.500 32.875
v 10.875 14.500 32.875
v 10.875 14.500 33.125
v 10.875 15.500 33.125
v 10.875 15.500 32.875
v 10.875 17.500 32.875
v 10.875 17.500 33.125
v 10.875 18.500 33.125
v 10.875 18.500 32.875
v 10.875 16.500 33.875
v 10.875 16.500 34.125
v 10.875 17.500 34.125
v 10.875 17.500 33.875
v 10.875 16.500 34.875
v 10.875 16.500 35.125
v 10.875 17.500 35.125
v 10.875 17.500 34.875
v 10.875 16.500 35.875
v 10.875 16.500 36.125
v 10.875 17.500 36.125
v 10.875 17.500 35.875
v 10.875 16.500 36.875
v 10.875 16.500 37.125
v 10.875 17.500 37.125
v 10.875 17.500 36.875
v 10.875 16.500 38.125
v 10.875 17.500 38.125
v 10.875 -0.500 38.875
v 10.875 10.500 38.875
v 10.875 12.500 38.875
v 10.875 13.500 38.875
v 10.875 14.500 38.875
v 10.875 15.500 38.875
v 10.875 17.500 38.875
v 10.875 18.500 38.875
v 5.125 -0.500 33.125
v 5.125 -0.500 32.875
v 5.125 10.500 32.875
v 5.125 10.500 33.125
v 5.125 12.500 33.125
v 5.125 12.500 32.875
v 5.125 13.500 32.875
v 5.125 13.500 33.125
v 5.125 11.500 34.125
v 5.125 11.500 33.875
v 5.125 12.500 33.875
v 5.125 12.500 34.125
v 5.125 11.500 35.125
v 5.125 11.500 34.875
v 5.125 12.500 34.875
v 5.125 12.500 35.125
v 5.125 11.500 36.125
v 5.125 11.500 35.875
v 5.125 12.500 35.875
v 5.125 12.500 36.125
v 5.125 11.500 37.125
v 5.125 11.500 36.875
v 5.125 12.500 36.875
v 5.125 12.500 37.125
v 5.125 11.500 38.125
v 5.125 12.500 38.125
v 5.125 -0.500 38.875
v 5.125 10.500 38.875
v 5.125 12.500 38.875
v 5.125 13.500 38.875
v 4.875 9.500 33.125
v 5.125 9.500 33.125
v 5.125 9.500 32.875
v 4.875 9.500 32.875
v 10.875 9.500 33.125
v 11.125 9.500 33.125
v 11.125 9.500 32.875
v 10.875 9.500 32.875
v 14.500 9.500 36.500
v 13.500 9.500 36.500
v 13.500 9.500 35.500
v 14.500 9.500 35.500
v 4.875 9.500 39.125
v 5.125 9.500 39.125
v 5.125 9.500 38.875
v 4.875 9.500 38.875
v 10.875 9.500 39.125
v 11.125 9.500 39.125
v 11.125 9.500 38.875
v 10.875 9.500 38.875
v 12.125 11.500 38.875
v 12.125 12.500 38.875
v 12.125 16.500 38.875
v 12.125 17.500 38.875
v 14.125 11.500 38.875
v 14.125 12.500 38.875
v 14.125 16.500 38.875
v 14.125 17.500 38.875
v 7.500 10.500 36.500
v 7.500 10.500 35.500
v 7.500 11.500 35.500
v 7.500 11.500 36.500
v 7.500 11.500 38.500
v 7.500 11.500 39.500
v 7.500 11.000 39.500
v 7.500 11.000 38.500
v 7.500 11.000 39.000
v 7.500 10.500 39.000
v 7.500 10.500 38.500
v 4.875 11.500 38.125
v 4.875 12.500 38.125
v 11.125 16.500 38.125
v 11.125 17.500 38.125
v 5.500 11.500 33.500
v 5.500 11.500 31.500
v 5.500 12.500 31.500
v 5.500 12.500 33.500
v 5.500 10.500 31.500
v 5.500 13.500 33.500
v 5.500 14.500 33.500
v 5.500 10.500 33.500
v 5.500 10.500 35.500
v 5.500 11.500 35.500
v 5.500 10.500 36.500
v 5.500 11.500 36.500
v 5.500 10.500 37.500
v 5.500 11.500 37.500
v 5.500 10.500 38.500
v 5.500 11.500 38.500
v 5.500 10.500 39.500
v 5.500 12.500 38.500
v 5.500 12.500 39.500
v 5.500 13.500 39.500
v 5.500 13.500 38.500
v 5.500 14.500 38.500
v 5.500 14.500 39.500
v 4.875 11.500 36.875
v 4.875 12.500 36.875
v 11.125 16.500 36.875
v 11.125 17.500 36.875
v 6.500 10.500 38.500
v 6.500 11.500 38.500
v 8.500 10.500 38.500
v 8.500 11.500 38.500
v 10.500 10.500 38.500
v 10.500 11.500 38.500
v 11.500 10.500 38.500
v 12.500 10.500 38.500
v 12.500 11.500 38.500
v 11.500 11.500 38.500
v 11.500 15.500 38.500
v 12.500 15.500 38.500
v 12.500 16.500 38.500
v 11.500 16.500 38.500
v 13.500 10.500 38.500
v 13.500 11.500 38.500
v 13.500 15.500 38.500
v 13.500 16.500 38.500
v 14.500 10.500 38.500
v 14.500 11.500 38.500
v 14.500 15.500 38.500
v 14.500 16.500 38.500
v 15.500 10.500 38.500
v 15.500 11.500 38.500
v 15.500 15.500 38.500
v 15.500 16.500 38.500
v 4.500 10.500 38.500
v 4.500 12.500 38.500
v 4.500 13.500 38.500
v 4.500 14.500 38.500
v 10.500 12.500 38.500
v 11.500 12.500 38.500
v 11.500 13.500 38.500
v 10.500 13.500 38.500
v 10.500 14.500 38.500
v 11.500 14.500 38.500
v 10.500 15.500 38.500
v 10.500 17.500 38.500
v 11.500 17.500 38.500
v 11.500 18.500 38.500
v 10.500 18.500 38.500
v 10.500 19.500 38.500
v 11.500 19.500 38.500
v 4.500 11.500 36.500
v 4.500 11.000 36.500
v 5.500 11.000 36.500
v 5.000 11.000 36.500
v 5.000 10.500 36.500
v 11.500 11.500 36.500
v 10.500 11.500 36.500
v 10.500 11.000 36.500
v 11.500 11.000 36.500
v 11.000 11.000 36.500
v 10.500 10.500 36.500
v 11.000 10.500 36.500
v 11.500 16.500 36.500
v 10.500 16.500 36.500
v 10.500 16.000 36.500
v 11.500 16.000 36.500
v 11.000 16.000 36.500
v 11.000 15.500 36.500
v 11.500 15.500 36.500
v 14.500 10.500 36.500
v 13.500 10.500 36.500
v 8.500 10.500 36.500
v 8.500 11.500 36.500
v 13.500 11.500 36.500
v 14.500 11.500 36.500
v 14.500 15.500 36.500
v 13.500 15.500 36.500
v 13.500 16.500 36.500
v 14.500 16.500 36.500
v 9.500 11.500 38.500
v 9.500 11.500 39.500
v 9.500 11.000 39.500
v 9.500 11.000 38.500
v 9.500 11.000 39.000
v 9.500 10.500 39.000
v 9.500 10.500 38.500
v 13.875 11.500 38.875
v 13.875 12.500 38.875
v 13.875 16.500 38.875
v 13.875 17.500 38.875
v 4.875 -0.500 32.875
v 4.875 -0.500 33.125
v 4.875 10.500 33.125
v 4.875 10.500 32.875
v 4.875 12.500 32.875
v 4.875 12.500 33.125
v 4.875 13.500 33.125
v 4.875 13.500 32.875
v 4.875 11.500 33.875
v 4.875 11.500 34.125
v 4.875 12.500 34.125
v 4.875 12.500 33.875
v 4.875 11.500 34.875
v 4.875 11.500 35.125
v 4.875 12.500 35.125
v 4.875 12.500 34.875
v 4.875 11.500 35.875
v 4.875 11.500 36.125
v 4.875 12.500 36.125
v 4.875 12.500 35.875
v 4.875 11.500 37.125
v 4.875 12.500 37.125
v 4.875 -0.500 38.875
v 4.875 10.500 38.875
v 4.875 12.500 38.875
v 4.875 13.500 38.875
v 11.125 16.500 37.125
v 11.125 17.500 37.125
v 11.125 -0.500 33.125
v 11.125 -0.500 32.875
v 11.125 -0.500 38.875
v 4.500 14.500 33.500
v 10.500 14.500 33.500
v 11.500 14.500 33.500
v 4.500 14.500 39.500
v 10.500 14.500 39.500
v 11.500 14.500 39.500
v 11.125 16.500 36.125
v 11.125 17.500 36.125
v 11.500 16.500 32.500
v 13.500 16.500 32.500
v 13.500 16.500 31.500
v 11.500 16.500 31.500
v 14.500 16.500 32.500
v 14.500 16.500 31.500
v 15.500 16.500 32.500
v 15.500 16.500 31.500
v 11.500 16.500 33.500
v 15.500 16.500 33.500
v 10.500 16.500 33.500
v 10.500 16.500 38.500
v 11.125 16.500 34.125
v 11.125 16.500 33.875
v 12.500 16.500 34.500
v 12.500 16.500 33.500
v 13.500 16.500 34.500
v 13.500 16.500 33.500
v 15.500 16.500 34.500
v 11.125 16.500 35.125
v 11.125 16.500 34.875
v 11.500 16.500 35.500
v 13.500 16.500 35.500
v 14.500 16.500 35.500
v 14.500 16.500 34.500
v 15.500 16.500 35.500
v 11.125 16.500 35.875
v 12.500 16.500 36.500
v 12.500 16.500 35.500
v 15.500 16.500 36.500
v 11.500 16.500 37.500
v 13.500 16.500 37.500
v 12.500 16.500 37.500
v 11.500 16.500 39.500
v 15.500 16.500 39.500
v 12.875 16.500 38.875
v 14.875 16.500 38.875
v 15.125 16.500 38.875
v 11.500 11.500 33.500
v 11.500 11.500 31.500
v 11.500 12.500 31.500
v 11.500 12.500 33.500
v 11.500 10.500 31.500
v 11.500 15.500 31.500
v 11.500 13.500 33.500
v 11.500 17.500 33.500
v 11.500 18.500 33.500
v 11.500 19.500 33.500
v 11.500 10.500 33.500
v 11.500 10.500 34.500
v 11.500 15.500 33.500
v 11.500 10.500 35.500
v 11.500 11.500 35.500
v 11.500 15.500 35.500
v 11.500 10.500 36.500
v 11.500 10.500 37.500
v 11.500 11.500 37.500
v 11.500 15.500 37.500
v 11.500 10.500 39.500
v 11.500 12.500 39.500
v 11.500 13.500 39.500
v 11.500 15.500 39.500
v 11.500 17.500 39.500
v 11.500 18.500 39.500
v 11.500 19.500 39.500
v 10.125 11.500 38.875
v 10.125 12.500 38.875
v 10.500 18.500 33.500
v 10.500 18.500 39.500
v 14.875 11.500 38.875
v 14.875 12.500 38.875
v 14.875 17.500 38.875
v 11.000 11.000 33.500
v 11.000 11.000 38.500
v 11.000 10.500 38.500
v 11.000 10.500 33.500
v 11.000 16.000 38.500
v 11.000 16.000 33.500
v 11.000 15.500 33.500
v 11.000 15.500 38.500
v 6.125 11.500 38.875
v 5.875 11.500 38.875
v 5.875 12.500 38.875
v 6.125 12.500 38.875
v 7.125 11.500 38.875
v 6.875 11.500 38.875
v 6.875 12.500 38.875
v 7.125 12.500 38.875
v 8.125 11.500 38.875
v 7.875 11.500 38.875
v 7.875 12.500 38.875
v 8.125 12.500 38.875
v 9.125 11.500 38.875
v 8.875 11.500 38.875
v 8.875 12.500 38.875
v 9.125 12.500 38.875
v 9.875 11.500 38.875
v 9.875 12.500 38.875
v 11.125 10.500 38.875
v 11.125 12.500 38.875
v 11.125 13.500 38.875
v 11.125 14.500 38.875
v 11.125 15.500 38.875
v 11.125 17.500 38.875
v 11.125 18.500 38.875
v 12.875 11.500 38.875
v 12.875 12.500 38.875
v 12.875 17.500 38.875
v 15.125 11.500 38.875
v 15.125 12.500 38.875
v 15.125 17.500 38.875
v 7.500 10.500 32.500
v 7.500 10.500 31.500
v 8.500 10.500 32.500
v 8.500 10.500 31.500
v 10.500 10.500 31.500
v 13.500 10.500 32.500
v 13.500 10.500 31.500
v 14.500 10.500 32.500
v 14.500 10.500 31.500
v 15.500 10.500 32.500
v 15.500 10.500 31.500
v 15.500 10.500 33.500
v 4.500 10.500 33.500
v 6.500 10.500 34.500
v 6.500 10.500 33.500
v 7.500 10.500 34.500
v 7.500 10.500 33.500
v 9.500 10.500 34.500
v 9.500 10.500 33.500
v 10.500 10.500 33.500
v 12.500 10.500 34.500
v 12.500 10.500 33.500
v 13.500 10.500 34.500
v 13.500 10.500 33.500
v 15.500 10.500 34.500
v 8.500 10.500 35.500
v 8.500 10.500 34.500
v 10.500 10.500 35.500
v 13.500 10.500 35.500
v 14.500 10.500 35.500
v 14.500 10.500 34.500
v 15.500 10.500 35.500
v 6.500 10.500 36.500
v 6.500 10.500 35.500
v 12.500 10.500 36.500
v 12.500 10.500 35.500
v 15.500 10.500 36.500
v 7.500 10.500 37.500
v 13.500 10.500 37.500
v 6.500 10.500 37.500
v 12.500 10.500 37.500
v 4.500 10.500 39.500
v 5.500 10.500 39.000
v 10.500 10.500 39.000
v 10.500 10.500 39.500
v 11.500 10.500 39.000
v 15.500 10.500 39.000
v 13.500 11.500 35.500
v 13.500 15.500 35.500
v 13.500 11.500 39.500
v 13.500 11.000 39.500
v 13.500 11.000 38.500
v 13.500 11.000 39.000
v 13.500 10.500 39.000
v 13.500 16.500 39.500
v 13.500 16.000 39.500
v 13.500 16.000 38.500
v 13.500 16.000 39.000
v 13.500 15.500 39.000
v 4.500 12.500 33.500
v 4.500 12.500 31.500
v 10.500 12.500 33.500
v 10.500 12.500 31.500
v 4.500 12.500 39.500
v 10.500 12.500 39.500
v 10.500 16.000 33.500
v 11.500 16.000 33.500
v 11.500 16.000 38.500
v 10.500 16.000 38.500
v 11.500 16.000 39.500
v 15.500 16.000 38.500
v 15.500 16.000 39.500
v 15.500 11.500 39.500
v 15.500 11.000 39.500
v 15.500 11.000 38.500
v 15.500 11.000 39.000
v 15.500 16.000 39.000
v 15.500 15.500 39.000
v 11.125 10.500 32.875
v 11.125 10.500 33.125
v 11.125 12.500 33.125
v 11.125 12.500 32.875
v 11.125 13.500 32.875
v 11.125 13.500 33.125
v 11.125 14.500 33.125
v 11.125 14.500 32.875
v 11.125 15.500 32.875
v 11.125 15.500 33.125
v 11.125 17.500 33.125
v 11.125 17.500 32.875
v 11.125 18.500 32.875
v 11.125 18.500 33.125
v 11.125 17.500 33.875
v 11.125 17.500 34.125
v 11.125 17.500 34.875
v 11.125 17.500 35.125
v 11.125 17.500 35.875
v 4.500 11.500 35.500
v 4.500 11.000 35.500
v 5.500 11.000 35.500
v 5.000 11.000 35.500
v 5.000 10.500 35.500
v 8.500 11.500 35.500
v 10.500 11.500 35.500
v 10.500 11.000 35.500
v 11.500 11.000 35.500
v 11.000 11.000 35.500
v 11.000 10.500 35.500
v 10.500 16.500 35.500
v 10.500 16.000 35.500
v 11.500 16.000 35.500
v 11.000 16.000 35.500
v 11.000 15.500 35.500
v 14.500 11.500 35.500
v 14.500 15.500 35.500
v 4.875 4.500 33.125
v 5.125 4.500 33.125
v 5.125 4.500 32.875
v 4.875 4.500 32.875
v 10.875 4.500 33.125
v 11.125 4.500 33.125
v 11.125 4.500 32.875
v 10.875 4.500 32.875
v 4.875 4.500 39.125
v 5.125 4.500 39.125
v 5.125 4.500 38.875
v 4.875 4.500 38.875
v 10.875 4.500 39.125
v 11.125 4.500 39.125
v 11.125 4.500 38.875
v 10.875 4.500 38.875
v 10.500 11.000 39.000
v 5.500 11.000 39.000
v 11.500 11.000 39.000
v 11.500 16.000 39.000
v 11.500 15.500 39.000
v 4.500 13.500 33.500
v 10.500 13.500 33.500
v 10.500 15.500 33.500
v 10.500 17.500 33.500
v 10.500 19.500 33.500
v 4.875 6.500 33.125
v 5.125 6.500 33.125
v 5.125 6.500 32.875
v 4.875 6.500 32.875
v 10.875 6.500 33.125
v 11.125 6.500 33.125
v 11.125 6.500 32.875
v 10.875 6.500 32.875
v 4.875 6.500 39.125
v 5.125 6.500 39.125
v 5.125 6.500 38.875
v 4.875 6.500 38.875
v 10.875 6.500 39.125
v 11.125 6.500 39.125
v 11.125 6.500 38.875
v 10.875 6.500 38.875
v 4.500 11.500 31.500
v 5.500 11.000 31.500
v 4.500 11.000 31.500
v 7.500 11.500 31.500
v 8.500 11.500 31.500
v 10.500 11.500 31.500
v 11.500 11.000 31.500
v 10.500 11.000 31.500
v 12.500 10.500 31.500
v 12.500 11.500 31.500
v 13.500 11.500 31.500
v 13.500 15.500 31.500
v 12.500 15.500 31.500
v 12.500 16.500 31.500
v 14.500 11.500 31.500
v 14.500 15.500 31.500
v 15.500 11.500 31.500
v 15.500 15.500 31.500
v 4.875 0.500 33.125
v 5.125 0.500 33.125
v 5.125 0.500 32.875
v 4.875 0.500 32.875
v 10.875 0.500 33.125
v 11.125 0.500 33.125
v 11.125 0.500 32.875
v 10.875 0.500 32.875
v 4.875 0.500 39.125
v 5.125 0.500 39.125
v 5.125 0.500 38.875
v 4.875 0.500 38.875
v 10.875 0.500 39.125
v 11.125 0.500 39.125
v 11.125 0.500 38.875
v 10.875 0.500 38.875
v 4.875 2.500 33.125
v 5.125 2.500 33.125
v 5.125 2.500 32.875
v 4.875 2.500 32.875
v 10.875 2.500 33.125
v 11.125 2.500 33.125
v 11.125 2.500 32.875
v 10.875 2.500 32.875
v 4.875 2.500 39.125
v 5.125 2.500 39.125
v 5.125 2.500 38.875
v 4.875 2.500 38.875
v 10.875 2.500 39.125
v 11.125 2.500 39.125
v 11.125 2.500 38.875
v 10.875 2.500 38.875
v 4.875 8.500 33.125
v 5.125 8.500 33.125
v 5.125 8.500 32.875
v 4.875 8.500 32.875
v 10.875 8.500 33.125
v 11.125 8.500 33.125
v 11.125 8.500 32.875
v 10.875 8.500 32.875
v 4.875 8.500 39.125
v 5.125 8.500 39.125
v 5.125 8.500 38.875
v 4.875 8.500 38.875
v 10.875 8.500 39.125
v 11.125 8.500 39.125
v 11.125 8.500 38.875
v 10.875 8.500 38.875
v 8.500 11.500 39.500
v 8.500 11.000 39.500
v 8.500 11.000 38.500
v 8.500 11.000 39.000
v 8.500 10.500 39.000
v 6.500 11.500 39.500
v 6.500 11.000 39.500
v 6.500 11.000 38.500
v 6.500 11.000 39.000
v 6.500 10.500 39.000
v 4.500 12.500 32.500
v 4.500 11.000 32.500
v 4.500 11.500 38.500
v 4.500 11.500 33.500
v 4.500 11.000 33.500
v 4.500 11.000 38.500
v 4.500 13.500 39.500
v 10.500 11.500 39.500
v 5.500 11.500 39.500
v 5.500 11.000 39.500
v 10.500 11.000 39.500
v 10.500 13.500 39.500
v 10.500 15.500 39.500
v 10.500 17.500 39.500
v 10.500 19.500 39.500
v 11.500 11.500 39.500
v 11.500 11.000 39.500
v 4.500 11.500 37.500
v 4.500 11.000 37.500
v 5.500 11.000 37.500
v 5.000 11.000 37.500
v 5.000 10.500 37.500
v 10.500 11.500 37.500
v 10.500 11.000 37.500
v 11.500 11.000 37.500
v 11.000 11.000 37.500
v 10.500 10.500 37.500
v 11.000 10.500 37.500
v 10.500 16.500 37.500
v 10.500 16.000 37.500
v 11.500 16.000 37.500
v 11.000 16.000 37.500
v 11.000 15.500 37.500
v 10.500 11.500 33.500
v 13.500 15.500 32.500
v 14.500 15.500 32.500
v 15.500 15.500 32.500
v 15.500 15.500 33.500
v 12.500 15.500 34.500
v 12.500 15.500 33.500
v 13.500 15.500 34.500
v 13.500 15.500 33.500
v 15.500 15.500 34.500
v 14.500 15.500 34.500
v 15.500 15.500 35.500
v 12.500 15.500 36.500
v 12.500 15.500 35.500
v 15.500 15.500 36.500
v 13.500 15.500 37.500
v 12.500 15.500 37.500
v 5.500 11.000 32.500
v 11.500 11.000 32.500
v 10.500 11.000 32.500
v 5.500 11.000 33.500
v 5.500 11.000 38.500
v 11.500 11.000 38.500
v 10.500 11.000 38.500
v 10.500 11.000 33.500
v 11.500 11.000 33.500
v 12.500 11.500 39.500
v 12.500 11.000 39.500
v 12.500 11.000 38.500
v 12.500 11.000 39.000
v 12.500 10.500 39.000
v 12.500 16.500 39.500
v 12.500 16.000 39.500
v 12.500 16.000 38.500
v 12.500 16.000 39.000
v 12.500 15.500 39.000
v 14.500 11.500 39.500
v 14.500 11.000 39.500
v 14.500 11.000 38.500
v 14.500 11.000 39.000
v 14.500 10.500 39.000
v 14.500 16.500 39.500
v 14.500 16.000 39.500
v 14.500 16.000 38.500
v 14.500 16.000 39.000
v 14.500 15.500 39.000
v 7.500 11.500 32.500
v 8.500 11.500 32.500
v 13.500 11.500 32.500
v 14.500 11.500 32.500
v 15.500 11.500 32.500
v 15.500 11.500 33.500
v 6.500 11.500 34.500
v 6.500 11.500 33.500
v 7.500 11.500 34.500
v 7.500 11.500 33.500
v 9.500 11.500 34.500
v 9.500 11.500 33.500
v 12.500 11.500 34.500
v 12.500 11.500 33.500
v 13.500 11.500 34.500
v 13.500 11.500 33.500
v 15.500 11.500 34.500
v 8.500 11.500 34.500
v 14.500 11.500 34.500
v 15.500 11.500 35.500
v 6.500 11.500 36.500
v 6.500 11.500 35.500
v 12.500 11.500 36.500
v 12.500 11.500 35.500
v 15.500 11.500 36.500
v 7.500 11.500 37.500
v 13.500 11.500 37.500
v 6.500 11.500 37.500
v 12.500 11.500 37.500
v -0.500 12.500 16.500
v -0.500 12.500 15.500
v -0.500 12.000 15.500
v -0.500 12.000 16.500
v 0.500 12.500 15.500
v 0.500 12.500 16.500
v 0.500 12.000 16.500
v 0.500 12.000 15.500
v -0.500 12.000 16.000
v -0.500 11.500 16.000
v -0.500 11.500 16.500
v 0.500 12.000 16.000
v 0.500 11.500 16.500
v 0.500 11.500 16.000
v 0.500 12.500 16.500
v 0.500 13.000 15.500
v 0.500 13.000 16.500
v 0.500 13.000 16.000
v 0.500 13.500 15.500
v 0.500 13.500 16.000
v 0.500 12.500 16.500
v 0.500 12.000 15.500
v 0.500 12.000 16.500
v 0.500 12.000 16.000
v 0.500 11.500 16.000
v 0.500 12.500 15.500
v 0.500 13.000 15.500
v 0.500 13.500 15.500
v 1.500 12.500 16.500
v 1.500 12.500 15.500
v 1.500 12.000 15.500
v 1.500 12.000 16.500
v 1.500 12.000 16.000
v 1.500 11.500 16.000
v 1.500 11.500 16.500
v 1.500 12.500 15.500
v 1.500 13.000 16.500
v 1.500 13.000 15.500
v 1.500 13.000 16.000
v 1.500 13.500 16.000
v 1.500 13.500 15.500
v -0.500 11.500 17.500
v -0.500 11.500 16.500
v -0.500 11.000 16.500
v -0.500 11.000 17.500
v 0.500 11.500 16.500
v 0.500 11.500 17.500
v 0.500 11.000 17.500
v 0.500 11.000 16.500
v -0.500 11.000 17.000
v -0.500 10.500 17.000
v -0.500 10.500 17.500
v 0.500 11.000 17.000
v 0.500 10.500 17.500
v 0.500 10.500 17.000
v 0.500 11.500 17.500
v 0.500 12.000 16.500
v 0.500 12.000 17.500
v 0.500 12.000 17.000
v 0.500 12.500 17.000
v 0.500 11.500 17.500
v 0.500 11.000 16.500
v 0.500 11.000 17.500
v 0.500 11.000 17.000
v 0.500 10.500 17.000
v 0.500 11.500 16.500
v 0.500 12.000 16.500
v 1.500 11.500 17.500
v 1.500 11.500 16.500
v 1.500 11.000 16.500
v 1.500 11.000 17.500
v 1.500 11.000 17.000
v 1.500 10.500 17.000
v 1.500 10.500 17.500
v 1.500 11.500 16.500
v 1.500 12.000 17.500
v 1.500 12.000 16.500
v 1.500 12.000 17.000
v 1.500 12.500 17.000
v 1.500 12.500 16.500
v 0.500 11.500 24.500
v 0.500 11.500 25.500
v 0.500 11.000 25.500
v 0.500 11.000 24.500
v 0.500 11.000 25.000
v 0.500 10.500 25.000
v 0.500 10.500 24.500
v 1.500 11.500 24.500
v 1.500 11.500 25.500
v 1.500 11.000 25.500
v 1.500 11.000 24.500
v 0.500 11.000 25.500
v 2.500 11.500 24.500
v 2.500 11.500 25.500
v 2.500 11.000 25.500
v 2.500 11.000 24.500
v 1.500 11.500 25.500
v 1.500 11.500 24.500
v 1.500 11.000 24.500
v 1.500 11.000 25.500
v 2.500 11.000 25.000
v 2.500 10.500 25.000
v 2.500 10.500 24.500
v 3.500 11.500 24.500
v 3.500 11.500 25.500
v 3.500 11.000 25.500
v 3.500 11.000 24.500
v 3.500 11.000 25.000
v 3.500 10.500 25.000
v 3.500 10.500 24.500
v 4.500 11.000 17.000
v 4.500 10.500 17.000
v -0.500 12.000 17.000
v 4.500 12.000 17.000
v 4.500 12.500 17.000
v -0.500 12.500 17.000
v 4.500 13.000 17.000
v 5.500 13.000 17.000
v 5.500 13.500 17.000
v 4.500 13.500 17.000
v 4.875 7.500 19.125
v 5.125 7.500 19.125
v 5.125 7.500 18.875
v 4.875 7.500 18.875
v 10.875 7.500 19.125
v 11.125 7.500 19.125
v 11.125 7.500 18.875
v 10.875 7.500 18.875
v 4.875 7.500 25.125
v 5.125 7.500 25.125
v 5.125 7.500 24.875
v 4.875 7.500 24.875
v 10.875 7.500 25.125
v 11.125 7.500 25.125
v 11.125 7.500 24.875
v 10.875 7.500 24.875
v 4.125 16.500 19.125
v 4.125 16.500 18.875
v 4.125 17.500 18.875
v 4.125 17.500 19.125
v 4.125 11.500 25.125
v 4.125 11.500 24.875
v 4.125 12.500 24.875
v 4.125 12.500 25.125
v 4.125 16.500 25.125
v 4.125 16.500 24.875
v 4.125 17.500 24.875
v 4.125 17.500 25.125
v 4.875 3.500 19.125
v 5.125 3.500 19.125
v 5.125 3.500 18.875
v 4.875 3.500 18.875
v 10.875 3.500 19.125
v 11.125 3.500 19.125
v 11.125 3.500 18.875
v 10.875 3.500 18.875
v 4.875 3.500 25.125
v 5.125 3.500 25.125
v 5.125 3.500 24.875
v 4.875 3.500 24.875
v 10.875 3.500 25.125
v 11.125 3.500 25.125
v 11.125 3.500 24.875
v 10.875 3.500 24.875
v 2.875 16.500 18.875
v 2.875 16.500 19.125
v 2.875 17.500 19.125
v 2.875 17.500 18.875
v 2.875 11.500 24.875
v 2.875 11.500 25.125
v 2.875 12.500 25.125
v 2.875 12.500 24.875
v 2.875 16.500 24.875
v 2.875 16.500 25.125
v 2.875 17.500 25.125
v 2.875 17.500 24.875
v 10.875 -0.500 18.875
v 10.875 -0.500 19.125
v 10.875 10.500 19.125
v 10.875 10.500 18.875
v 10.875 12.500 18.875
v 10.875 12.500 19.125
v 10.875 13.500 19.125
v 10.875 13.500 18.875
v 10.875 14.500 18.875
v 10.875 14.500 19.125
v 10.875 15.500 19.125
v 10.875 15.500 18.875
v 10.875 17.500 18.875
v 10.875 17.500 19.125
v 10.875 18.500 19.125
v 10.875 18.500 18.875
v 10.875 19.500 18.875
v 10.875 19.500 19.125
v 10.875 20.500 19.125
v 10.875 20.500 18.875
v 10.875 -0.500 24.875
v 10.875 -0.500 25.125
v 10.875 10.500 25.125
v 10.875 10.500 24.875
v 10.875 12.500 24.875
v 10.875 12.500 25.125
v 10.875 13.500 25.125
v 10.875 13.500 24.875
v 10.875 14.500 24.875
v 10.875 14.500 25.125
v 10.875 15.500 25.125
v 10.875 15.500 24.875
v 10.875 17.500 24.875
v 10.875 17.500 25.125
v 10.875 18.500 25.125
v 10.875 18.500 24.875
v 10.875 19.500 24.875
v 10.875 19.500 25.125
v 10.875 20.500 25.125
v 10.875 20.500 24.875
v 5.500 14.000 15.500
v 5.500 14.000 16.500
v 5.500 12.000 16.500
v 5.500 12.000 15.500
v 5.500 12.000 16.000
v 5.500 11.500 16.500
v 5.500 11.500 16.000
v 5.500 14.000 16.000
v 5.500 14.500 15.500
v 5.500 14.500 16.000
v 5.500 11.500 17.500
v 5.500 13.000 16.500
v 5.500 13.000 17.500
v 5.500 13.500 16.500
v 5.500 12.500 17.500
v 5.500 12.500 18.500
v 5.500 11.000 18.500
v 5.500 11.000 17.500
v 5.500 11.000 18.000
v 5.500 10.500 18.500
v 5.500 10.500 18.000
v 5.500 10.500 19.500
v 5.500 11.500 18.500
v 5.500 11.500 19.500
v 5.500 13.500 19.500
v 5.500 13.500 18.500
v 5.500 14.500 18.500
v 5.500 14.500 19.500
v 5.500 15.500 19.500
v 5.500 15.500 18.500
v 5.500 16.500 18.500
v 5.500 16.500 19.500
v 5.500 18.500 19.500
v 5.500 18.500 18.500
v 5.500 19.500 18.500
v 5.500 19.500 19.500
v 5.500 20.500 25.500
v 5.500 20.500 18.500
v 5.500 21.500 18.500
v 5.500 21.500 25.500
v 5.500 10.500 25.500
v 5.500 10.500 24.500
v 5.500 11.500 24.500
v 5.500 11.500 25.500
v 5.500 13.500 25.500
v 5.500 13.500 24.500
v 5.500 14.500 24.500
v 5.500 14.500 25.500
v 5.500 16.500 26.500
v 5.500 16.500 24.500
v 5.500 17.500 24.500
v 5.500 17.500 26.500
v 5.500 18.500 25.500
v 5.500 18.500 24.500
v 5.500 19.500 24.500
v 5.500 19.500 25.500
v 5.500 15.500 25.500
v 5.500 15.500 26.500
v 5.500 16.500 25.500
v 5.500 17.000 26.500
v 5.500 17.000 27.500
v 5.500 15.000 27.500
v 5.500 15.000 26.500
v 5.500 15.000 27.000
v 5.500 14.500 27.500
v 5.500 14.500 27.000
v 5.500 17.000 27.000
v 5.500 17.500 27.000
v 5.500 15.500 27.500
v 5.500 16.000 27.500
v 5.500 16.000 28.500
v 5.500 14.000 28.500
v 5.500 14.000 27.500
v 5.500 14.000 28.000
v 5.500 13.500 28.500
v 5.500 13.500 28.000
v 5.500 16.000 28.000
v 5.500 16.500 27.500
v 5.500 16.500 28.000
v 5.500 14.500 28.500
v 5.500 15.000 28.500
v 5.500 15.000 29.500
v 5.500 13.000 29.500
v 5.500 13.000 28.500
v 5.500 13.000 29.000
v 5.500 12.500 29.500
v 5.500 12.500 29.000
v 5.500 15.000 29.000
v 5.500 15.500 28.500
v 5.500 15.500 29.000
v 5.500 13.500 29.500
v 5.500 14.000 29.500
v 5.500 14.000 30.500
v 5.500 12.000 30.500
v 5.500 12.000 29.500
v 5.500 12.000 30.000
v 5.500 11.500 30.500
v 5.500 11.500 30.000
v 5.500 14.000 30.000
v 5.500 14.500 29.500
v 5.500 14.500 30.000
v 5.500 12.500 30.500
v 5.500 11.500 31.500
v 5.500 13.000 30.500
v 5.500 13.000 31.500
v 5.500 13.000 31.000
v 5.500 13.500 30.500
v 5.500 13.500 31.000
v 5.500 11.000 30.500
v 5.500 11.000 31.500
v 5.500 11.000 31.000
v 5.500 10.500 31.000
v 5.500 10.500 31.500
v -0.500 21.500 19.500
v 5.500 21.500 19.500
v -0.500 21.500 18.500
v 10.500 21.500 19.500
v 15.500 21.500 19.500
v 15.500 21.500 18.500
v 10.500 21.500 18.500
v -0.500 21.500 20.500
v 4.500 21.500 20.500
v 4.500 21.500 19.500
v 4.500 21.500 24.500
v 5.500 21.500 24.500
v 10.500 21.500 24.500
v 11.500 21.500 24.500
v 11.500 21.500 19.500
v 11.500 21.500 20.500
v 15.500 21.500 20.500
v -0.500 21.500 23.500
v 0.500 21.500 23.500
v 0.500 21.500 20.500
v 3.500 21.500 23.500
v 4.500 21.500 23.500
v 3.500 21.500 20.500
v 11.500 21.500 23.500
v 12.500 21.500 23.500
v 12.500 21.500 20.500
v -0.500 21.500 24.500
v 15.500 21.500 24.500
v 15.500 21.500 23.500
v -0.500 21.500 25.500
v 10.500 21.500 25.500
v 15.500 21.500 25.500
v 1.500 13.000 15.500
v 1.500 12.000 16.500
v 1.500 11.500 16.000
v 1.500 13.500 15.500
v 1.500 11.000 17.500
v 1.500 10.500 17.500
v 1.500 10.500 17.000
v 1.500 21.500 20.500
v 1.500 21.500 19.500
v 1.500 22.000 19.500
v 1.500 22.000 20.500
v 1.500 21.500 24.500
v 1.500 21.500 23.500
v 1.500 22.000 23.500
v 1.500 22.000 24.500
v 1.500 11.000 25.000
v 1.500 10.500 25.000
v 1.500 10.500 24.500
v -0.500 11.500 17.500
v 4.500 11.500 17.500
v 4.500 12.000 17.500
v -0.500 12.000 17.500
v 4.500 12.500 17.500
v 4.500 13.000 17.500
v -0.500 10.500 17.500
v 2.500 10.500 17.500
v 2.500 11.500 17.500
v 4.500 10.500 17.500
v 4.500 11.000 17.500
v 10.500 11.500 17.500
v 11.500 11.500 17.500
v 11.500 11.000 17.500
v 10.500 11.000 17.500
v 10.500 16.500 17.500
v 11.500 16.500 17.500
v 11.500 16.000 17.500
v 10.500 16.000 17.500
v 9.500 11.500 19.500
v 9.500 11.500 18.500
v 9.500 11.000 18.500
v 9.500 11.000 19.500
v 9.500 16.500 19.500
v 9.500 16.500 18.500
v 9.500 16.000 18.500
v 9.500 16.000 19.500
v 9.500 15.500 20.500
v 9.500 15.500 23.500
v 9.500 16.500 23.500
v 9.500 16.500 20.500
v 9.500 11.500 25.500
v 9.500 11.500 24.500
v 9.500 11.000 24.500
v 9.500 11.000 25.500
v 9.500 16.000 26.500
v 9.500 16.000 27.500
v 9.500 15.000 27.500
v 9.500 15.000 26.500
v 9.500 15.000 27.000
v 9.500 14.500 27.500
v 9.500 14.500 27.000
v 9.500 16.000 27.000
v 9.500 16.500 26.500
v 9.500 16.500 27.000
v 9.500 15.000 28.500
v 9.500 14.000 28.500
v 9.500 14.000 27.500
v 9.500 14.000 28.000
v 9.500 13.500 28.500
v 9.500 13.500 28.000
v 9.500 15.000 28.000
v 9.500 15.500 27.500
v 9.500 15.500 28.000
v 9.500 14.000 29.500
v 9.500 13.000 29.500
v 9.500 13.000 28.500
v 9.500 13.000 29.000
v 9.500 12.500 29.500
v 9.500 12.500 29.000
v 9.500 14.000 29.000
v 9.500 14.500 28.500
v 9.500 14.500 29.000
v 9.500 13.000 30.500
v 9.500 12.000 30.500
v 9.500 12.000 29.500
v 9.500 12.000 30.000
v 9.500 11.500 30.500
v 9.500 11.500 30.000
v 9.500 13.000 30.000
v 9.500 13.500 29.500
v 9.500 13.500 30.000
v 9.500 12.000 31.500
v 9.500 11.000 31.500
v 9.500 11.000 30.500
v 9.500 11.000 31.000
v 9.500 10.500 31.500
v 9.500 10.500 31.000
v 9.500 12.000 31.000
v 9.500 12.500 30.500
v 9.500 12.500 31.000
v 4.500 13.000 29.000
v 4.500 12.500 29.000
v 4.500 15.000 29.000
v 4.500 15.500 29.000
v 10.500 13.000 29.000
v 10.500 12.500 29.000
v 5.500 14.000 29.000
v 10.500 14.000 29.000
v 10.500 14.500 29.000
v 5.500 14.500 29.000
v 11.500 13.000 29.000
v 11.500 12.500 29.000
v 10.500 15.000 29.000
v 11.500 15.000 29.000
v 11.500 15.500 29.000
v 10.500 15.500 29.000
v -0.500 21.500 21.500
v 0.500 21.500 21.500
v 0.500 22.000 21.500
v -0.500 22.000 21.500
v 3.500 21.500 21.500
v 4.500 21.500 21.500
v 4.500 22.000 21.500
v 3.500 22.000 21.500
v 11.500 21.500 21.500
v 12.500 21.500 21.500
v 12.500 22.000 21.500
v 11.500 22.000 21.500
v 2.125 16.500 19.125
v 2.125 16.500 18.875
v 2.125 17.500 18.875
v 2.125 17.500 19.125
v 2.125 11.500 25.125
v 2.125 11.500 24.875
v 2.125 12.500 24.875
v 2.125 12.500 25.125
v 2.125 16.500 25.125
v 2.125 16.500 24.875
v 2.125 17.500 24.875
v 2.125 17.500 25.125
v 4.875 -0.500 18.875
v 4.875 -0.500 19.125
v 4.875 10.500 19.125
v 4.875 10.500 18.875
v 4.875 12.500 18.875
v 4.875 12.500 19.125
v 4.875 13.500 19.125
v 4.875 13.500 18.875
v 4.875 14.500 18.875
v 4.875 14.500 19.125
v 4.875 15.500 19.125
v 4.875 15.500 18.875
v 4.875 17.500 18.875
v 4.875 17.500 19.125
v 4.875 18.500 19.125
v 4.875 18.500 18.875
v 4.875 19.500 18.875
v 4.875 19.500 19.125
v 4.875 20.500 19.125
v 4.875 20.500 18.875
v 4.875 -0.500 24.875
v 4.875 -0.500 25.125
v 4.875 10.500 25.125
v 4.875 10.500 24.875
v 4.875 12.500 24.875
v 4.875 12.500 25.125
v 4.875 13.500 25.125
v 4.875 13.500 24.875
v 4.875 14.500 24.875
v 4.875 14.500 25.125
v 4.875 15.500 25.125
v 4.875 15.500 24.875
v 4.875 17.500 24.875
v 4.875 17.500 25.125
v 4.875 18.500 25.125
v 4.875 18.500 24.875
v 4.875 19.500 24.875
v 4.875 19.500 25.125
v 4.875 20.500 25.125
v 4.875 20.500 24.875
v 4.500 11.000 25.000
v -0.500 11.000 25.000
v -0.500 10.500 25.000
v 4.500 10.500 25.000
v 4.500 14.500 15.500
v 4.500 14.500 16.000
v 4.500 14.500 19.500
v 4.500 14.500 18.500
v 10.500 14.500 19.500
v 11.500 14.500 19.500
v 11.500 14.500 18.500
v 10.500 14.500 18.500
v 4.500 14.500 25.500
v 4.500 14.500 24.500
v 10.500 14.500 25.500
v 11.500 14.500 25.500
v 11.500 14.500 24.500
v 10.500 14.500 24.500
v 4.500 14.500 27.500
v 4.500 14.500 27.000
v 10.500 14.500 27.000
v 10.500 14.500 28.500
v 11.500 14.500 27.000
v 11.500 14.500 27.500
v 10.500 14.500 27.500
v 4.500 14.500 28.500
v 11.500 14.500 28.500
v 4.500 14.500 30.000
v 10.500 14.500 30.000
v 11.500 14.500 30.000
v 4.500 18.500 19.500
v 4.500 18.500 18.500
v 11.500 18.500 19.500
v 10.500 18.500 19.500
v 10.500 18.500 18.500
v 11.500 18.500 18.500
v 4.500 18.500 25.500
v 4.500 18.500 24.500
v 11.500 18.500 25.500
v 10.500 18.500 25.500
v 10.500 18.500 24.500
v 11.500 18.500 24.500
v -0.125 16.500 19.125
v 0.125 16.500 19.125
v 0.125 17.500 19.125
v -0.125 17.500 19.125
v 0.875 16.500 19.125
v 1.125 16.500 19.125
v 1.125 17.500 19.125
v 0.875 17.500 19.125
v 1.875 16.500 19.125
v 1.875 17.500 19.125
v 3.125 16.500 19.125
v 3.125 17.500 19.125
v 3.875 16.500 19.125
v 3.875 17.500 19.125
v 5.125 -0.500 19.125
v 5.125 10.500 19.125
v 5.125 12.500 19.125
v 5.125 13.500 19.125
v 5.125 14.500 19.125
v 5.125 15.500 19.125
v 5.125 17.500 19.125
v 5.125 18.500 19.125
v 5.125 19.500 19.125
v 5.125 20.500 19.125
v 11.125 -0.500 19.125
v 11.125 10.500 19.125
v 11.125 12.500 19.125
v 11.125 13.500 19.125
v 11.125 14.500 19.125
v 11.125 15.500 19.125
v 11.125 17.500 19.125
v 11.125 18.500 19.125
v 11.125 19.500 19.125
v 11.125 20.500 19.125
v 13.500 10.500 16.500
v 11.500 10.500 16.500
v 11.500 10.500 15.500
v 13.500 10.500 15.500
v 14.500 10.500 17.500
v 13.500 10.500 17.500
v 14.500 10.500 15.500
v 15.500 10.500 18.500
v 14.500 10.500 18.500
v 15.500 10.500 15.500
v 12.500 10.500 17.500
v 11.500 10.500 17.500
v 12.500 10.500 16.500
v 1.500 10.500 18.500
v -0.500 10.500 18.500
v 2.500 10.500 18.500
v 4.500 10.500 18.500
v 4.500 10.500 18.000
v 11.500 10.500 18.000
v 11.500 10.500 18.500
v 10.500 10.500 18.500
v 10.500 10.500 18.000
v -0.500 10.500 19.500
v 6.000 10.500 19.500
v 6.000 10.500 18.500
v 10.000 10.500 18.500
v 10.500 10.500 19.500
v 10.000 10.500 19.500
v 15.500 10.500 19.500
v 0.500 10.500 20.500
v -0.500 10.500 20.500
v 0.500 10.500 19.500
v 2.500 10.500 20.500
v 2.500 10.500 19.500
v 4.500 10.500 20.500
v 4.500 10.500 19.500
v 4.500 10.500 25.500
v 7.500 10.500 20.500
v 5.500 10.500 20.500
v 7.500 10.500 19.500
v 8.500 10.500 20.500
v 8.500 10.500 19.500
v 10.500 10.500 20.500
v 11.500 10.500 24.500
v 10.500 10.500 24.500
v 11.500 10.500 19.500
v 12.500 10.500 21.500
v 11.500 10.500 21.500
v 12.500 10.500 19.500
v 15.500 10.500 20.500
v 12.500 10.500 20.500
v 4.500 10.500 21.500
v -0.500 10.500 21.500
v 6.500 10.500 21.500
v 5.500 10.500 21.500
v 6.500 10.500 20.500
v 9.500 10.500 21.500
v 9.500 10.500 20.500
v 10.500 10.500 21.500
v 13.500 10.500 21.500
v 13.500 10.500 20.500
v 15.500 10.500 21.500
v 4.500 10.500 22.500
v -0.500 10.500 22.500
v 10.500 10.500 22.500
v 5.500 10.500 22.500
v 13.500 10.500 23.500
v 11.500 10.500 23.500
v 14.500 10.500 23.500
v 14.500 10.500 21.500
v 15.500 10.500 24.500
v 14.500 10.500 24.500
v 1.500 10.500 23.500
v -0.500 10.500 23.500
v 1.500 10.500 22.500
v 2.500 10.500 24.500
v 2.500 10.500 22.500
v 4.500 10.500 24.500
v 6.500 10.500 23.500
v 5.500 10.500 23.500
v 6.500 10.500 22.500
v 7.500 10.500 23.500
v 7.500 10.500 22.500
v 9.500 10.500 24.500
v 7.500 10.500 24.500
v 9.500 10.500 22.500
v 0.500 10.500 24.500
v -0.500 10.500 24.500
v 0.500 10.500 23.500
v 6.000 10.500 25.500
v 6.000 10.500 24.500
v 10.000 10.500 24.500
v 10.500 10.500 25.500
v 10.000 10.500 25.500
v 15.500 10.500 25.500
v 13.500 10.500 26.500
v 11.500 10.500 26.500
v 11.500 10.500 25.500
v 13.500 10.500 25.500
v 14.500 10.500 26.500
v 14.500 10.500 25.500
v 15.500 10.500 26.500
v 12.500 10.500 27.500
v 11.500 10.500 27.500
v 12.500 10.500 26.500
v 12.500 10.500 31.500
v 11.500 10.500 31.500
v 10.500 10.500 31.000
v 10.500 10.500 31.500
v 4.500 14.000 15.500
v 4.500 14.000 16.500
v 4.500 14.000 28.500
v 4.500 14.000 27.500
v 10.500 14.000 27.500
v 10.500 14.000 28.500
v 11.500 14.000 27.500
v 11.500 14.000 28.500
v 10.500 14.000 29.500
v 4.500 14.000 29.500
v 4.500 14.000 30.500
v 11.500 14.000 30.500
v 11.500 14.000 29.500
v 10.500 14.000 30.500
v 13.500 21.500 20.500
v 13.500 21.500 19.500
v 13.500 22.000 19.500
v 13.500 22.000 20.500
v 13.500 21.500 24.500
v 13.500 21.500 23.500
v 13.500 22.000 23.500
v 13.500 22.000 24.500
v 4.500 13.500 29.500
v 4.500 15.000 29.500
v 10.500 12.500 29.500
v 10.500 13.500 29.500
v 11.500 13.500 29.500
v 11.500 15.000 29.500
v 10.500 15.000 29.500
v 4.500 12.000 29.500
v 10.500 12.000 29.500
v 11.500 12.000 29.500
v 4.500 11.500 25.500
v -0.500 11.500 25.500
v -0.500 11.000 25.500
v 4.500 11.000 25.500
v -0.500 15.500 25.500
v -0.500 16.500 25.500
v -0.500 20.500 25.500
v 11.500 11.500 25.500
v 11.500 12.500 25.500
v 4.500 12.500 25.500
v 4.500 13.500 25.500
v 4.500 19.500 25.500
v 6.500 11.500 25.500
v 5.500 11.000 25.500
v 6.500 11.000 25.500
v 6.000 11.000 25.500
v 10.500 11.500 25.500
v 10.500 11.000 25.500
v 10.000 11.000 25.500
v 10.500 13.500 25.500
v 11.500 13.500 25.500
v 10.500 15.500 25.500
v 11.500 15.500 25.500
v 11.500 16.500 25.500
v 10.500 16.500 25.500
v 11.500 19.500 25.500
v 10.500 19.500 25.500
v 10.500 20.500 25.500
v 15.500 20.500 25.500
v 4.500 11.000 18.000
v 10.500 11.000 18.000
v 11.500 11.000 18.000
v 10.500 16.000 18.000
v 11.500 16.000 18.000
v 11.500 15.500 18.000
v 10.500 15.500 18.000
v 4.875 4.500 19.125
v 5.125 4.500 19.125
v 5.125 4.500 18.875
v 4.875 4.500 18.875
v 10.875 4.500 19.125
v 11.125 4.500 19.125
v 11.125 4.500 18.875
v 10.875 4.500 18.875
v 4.875 4.500 25.125
v 5.125 4.500 25.125
v 5.125 4.500 24.875
v 4.875 4.500 24.875
v 10.875 4.500 25.125
v 11.125 4.500 25.125
v 11.125 4.500 24.875
v 10.875 4.500 24.875
v 4.875 0.500 19.125
v 5.125 0.500 19.125
v 5.125 0.500 18.875
v 4.875 0.500 18.875
v 10.875 0.500 19.125
v 11.125 0.500 19.125
v 11.125 0.500 18.875
v 10.875 0.500 18.875
v 4.875 0.500 25.125
v 5.125 0.500 25.125
v 5.125 0.500 24.875
v 4.875 0.500 24.875
v 10.875 0.500 25.125
v 11.125 0.500 25.125
v 11.125 0.500 24.875
v 10.875 0.500 24.875
v 4.875 8.500 19.125
v 5.125 8.500 19.125
v 5.125 8.500 18.875
v 4.875 8.500 18.875
v 10.875 8.500 19.125
v 11.125 8.500 19.125
v 11.125 8.500 18.875
v 10.875 8.500 18.875
v 4.875 8.500 25.125
v 5.125 8.500 25.125
v 5.125 8.500 24.875
v 4.875 8.500 24.875
v 10.875 8.500 25.125
v 11.125 8.500 25.125
v 11.125 8.500 24.875
v 10.875 8.500 24.875
v 6.500 11.500 18.500
v 6.500 11.500 19.500
v 6.500 11.000 19.500
v 6.500 11.000 18.500
v 6.500 16.500 18.500
v 6.500 16.500 19.500
v 6.500 16.000 19.500
v 6.500 16.000 18.500
v 6.500 15.500 23.500
v 6.500 15.500 20.500
v 6.500 16.500 20.500
v 6.500 16.500 23.500
v 6.500 11.500 24.500
v 6.500 11.000 24.500
v 6.500 16.000 26.500
v 6.500 16.000 27.500
v 6.500 15.000 27.500
v 6.500 15.000 26.500
v 6.500 15.000 27.000
v 6.500 14.500 27.500
v 6.500 14.500 27.000
v 6.500 16.000 27.000
v 6.500 16.500 26.500
v 6.500 16.500 27.000
v 6.500 15.000 28.500
v 6.500 14.000 28.500
v 6.500 14.000 27.500
v 6.500 14.000 28.000
v 6.500 13.500 28.500
v 6.500 13.500 28.000
v 6.500 15.000 28.000
v 6.500 15.500 27.500
v 6.500 15.500 28.000
v 6.500 14.000 29.500
v 6.500 13.000 29.500
v 6.500 13.000 28.500
v 6.500 13.000 29.000
v 6.500 12.500 29.500
v 6.500 12.500 29.000
v 6.500 14.000 29.000
v 6.500 14.500 28.500
v 6.500 14.500 29.000
v 6.500 13.000 30.500
v 6.500 12.000 30.500
v 6.500 12.000 29.500
v 6.500 12.000 30.000
v 6.500 11.500 30.500
v 6.500 11.500 30.000
v 6.500 13.000 30.000
v 6.500 13.500 29.500
v 6.500 13.500 30.000
v 6.500 12.000 31.500
v 6.500 11.000 31.500
v 6.500 11.000 30.500
v 6.500 11.000 31.000
v 6.500 10.500 31.500
v 6.500 10.500 31.000
v 6.500 12.000 31.000
v 6.500 12.500 30.500
v 6.500 12.500 31.000
v 5.500 20.500 19.500
v -0.500 20.500 19.500
v -0.500 20.500 18.500
v 15.500 20.500 19.500
v 10.500 20.500 19.500
v 10.500 20.500 18.500
v 15.500 20.500 18.500
v 4.500 20.500 24.500
v -0.500 20.500 24.500
v 4.500 20.500 19.500
v 5.500 20.500 24.500
v 11.500 20.500 24.500
v 10.500 20.500 24.500
v 11.500 20.500 19.500
v 15.500 20.500 24.500
v 2.500 13.000 15.500
v 2.500 13.000 16.500
v 2.500 12.000 16.500
v 2.500 12.000 15.500
v 2.500 12.000 16.000
v 2.500 11.500 16.500
v 2.500 11.500 16.000
v 2.500 13.000 16.000
v 2.500 13.500 15.500
v 2.500 13.500 16.000
v 2.500 12.000 17.500
v 2.500 11.000 17.500
v 2.500 11.000 16.500
v 2.500 11.000 17.000
v 2.500 10.500 17.000
v 2.500 12.000 17.000
v 2.500 12.500 16.500
v 2.500 12.500 17.000
v 2.500 21.500 20.500
v 2.500 21.500 19.500
v 2.500 22.000 19.500
v 2.500 22.000 20.500
v 2.500 21.500 24.500
v 2.500 21.500 23.500
v 2.500 22.000 23.500
v 2.500 22.000 24.500
v 2.500 11.000 24.500
v 6.000 11.000 18.500
v 6.000 11.000 19.500
v 6.000 16.000 18.500
v 6.000 16.000 19.500
v 6.000 15.500 19.500
v 6.000 15.500 18.500
v 6.000 11.000 24.500
v -0.500 15.500 18.500
v -0.500 16.500 18.500
v 4.500 11.500 18.500
v 4.500 13.500 18.500
v 10.500 16.500 18.500
v 4.500 16.500 18.500
v 4.500 17.500 18.500
v 10.500 17.500 18.500
v 4.500 19.500 18.500
v 10.500 11.500 18.500
v 10.500 12.500 18.500
v 5.500 16.000 18.500
v 10.500 11.000 18.500
v 10.000 11.000 18.500
v 10.500 16.000 18.500
v 10.000 16.000 18.500
v 10.500 15.500 18.500
v 10.000 15.500 18.500
v 11.500 11.500 18.500
v 11.500 13.500 18.500
v 10.500 13.500 18.500
v 11.500 15.500 18.500
v 11.500 16.500 18.500
v 10.500 19.500 18.500
v 11.500 19.500 18.500
v 4.500 16.000 26.000
v 5.500 16.000 26.000
v 5.500 15.500 26.000
v 4.500 15.500 26.000
v 10.500 16.000 26.000
v 11.500 16.000 26.000
v 11.500 15.500 26.000
v 10.500 15.500 26.000
v -0.500 21.500 22.500
v 0.500 21.500 22.500
v 0.500 22.000 22.500
v -0.500 22.000 22.500
v 3.500 21.500 22.500
v 4.500 21.500 22.500
v 4.500 22.000 22.500
v 3.500 22.000 22.500
v 11.500 21.500 22.500
v 12.500 21.500 22.500
v 12.500 22.000 22.500
v 11.500 22.000 22.500
v 4.500 13.500 16.000
v 4.500 13.500 15.500
v -0.500 13.500 15.500
v -0.500 13.500 16.000
v 5.500 13.500 15.500
v 4.500 13.500 19.500
v 11.500 13.500 19.500
v 10.500 13.500 19.500
v 4.500 13.500 24.500
v 10.500 13.500 24.500
v 11.500 13.500 24.500
v 4.500 13.500 28.500
v 4.500 13.500 28.000
v 10.500 13.500 28.000
v 11.500 13.500 28.000
v 11.500 13.500 28.500
v 10.500 13.500 28.500
v 10.500 13.500 30.000
v 5.500 13.500 30.000
v 4.500 13.500 31.000
v 10.500 13.500 31.000
v 11.500 13.500 31.000
v 11.500 17.500 18.500
v 11.500 17.500 15.500
v 10.500 17.500 15.500
v 0.125 17.500 18.875
v -0.125 17.500 18.875
v 1.125 17.500 18.875
v 0.875 17.500 18.875
v 1.875 17.500 18.875
v 3.125 17.500 18.875
v 3.875 17.500 18.875
v 4.500 17.500 19.500
v 11.500 17.500 19.500
v -0.125 17.500 25.125
v 0.125 17.500 25.125
v 0.125 17.500 24.875
v -0.125 17.500 24.875
v 0.875 17.500 25.125
v 1.125 17.500 25.125
v 1.125 17.500 24.875
v 0.875 17.500 24.875
v 1.875 17.500 25.125
v 1.875 17.500 24.875
v 3.125 17.500 25.125
v 3.125 17.500 24.875
v 3.875 17.500 25.125
v 3.875 17.500 24.875
v 4.500 17.500 27.000
v 4.500 17.500 24.500
v 10.500 17.500 27.000
v 11.500 17.500 27.000
v 11.500 17.500 24.500
v 10.500 17.500 24.500
v -0.500 11.500 18.500
v -0.500 11.500 21.500
v -0.500 11.500 19.500
v -0.500 22.000 24.500
v -0.500 22.000 19.500
v -0.500 11.500 22.500
v -0.500 11.500 23.500
v -0.500 11.500 24.500
v 4.500 13.000 16.500
v 4.500 13.000 15.500
v -0.500 13.000 15.500
v -0.500 13.000 16.500
v 4.500 13.000 29.500
v 4.500 13.000 28.500
v 10.500 13.000 28.500
v 10.500 13.000 29.500
v 11.500 13.000 28.500
v 11.500 13.000 29.500
v 10.500 13.000 30.500
v 4.500 13.000 30.500
v 4.500 13.000 31.500
v 11.500 13.000 31.500
v 11.500 13.000 30.500
v 10.500 13.000 31.500
v 12.500 21.500 19.500
v 12.500 22.000 19.500
v 12.500 22.000 20.500
v 12.500 22.500 23.500
v 12.500 22.500 20.500
v 12.500 21.500 24.500
v 12.500 22.000 23.500
v 12.500 22.000 24.500
v 12.500 11.500 26.500
v 12.500 11.500 27.500
v 12.500 15.500 27.500
v 12.500 15.500 26.500
v 12.500 16.500 26.500
v 12.500 16.500 27.500
v 12.500 11.500 31.500
v 12.500 15.500 31.500
v 12.500 16.500 31.500
v 4.500 17.000 26.500
v 4.500 17.000 27.500
v 11.500 17.000 27.500
v 11.500 17.000 26.500
v 10.500 17.000 26.500
v 10.500 17.000 27.500
v 4.500 16.500 26.500
v 4.500 17.500 26.500
v 6.500 15.500 26.500
v 7.500 15.500 26.500
v 7.500 16.500 26.500
v 9.500 15.500 26.500
v 10.500 15.500 26.500
v 10.500 16.500 26.500
v 11.500 16.500 26.500
v 11.500 17.500 26.500
v 10.500 17.500 26.500
v 13.500 11.500 26.500
v 13.500 15.500 26.500
v 13.500 16.500 26.500
v 14.500 11.500 26.500
v 14.500 15.500 26.500
v 14.500 16.500 26.500
v 15.500 11.500 26.500
v 15.500 15.500 26.500
v 15.500 16.500 26.500
v 4.500 15.000 26.500
v 10.500 15.000 26.500
v 11.500 15.000 26.500
v 4.875 5.500 19.125
v 5.125 5.500 19.125
v 5.125 5.500 18.875
v 4.875 5.500 18.875
v 10.875 5.500 19.125
v 11.125 5.500 19.125
v 11.125 5.500 18.875
v 10.875 5.500 18.875
v 4.875 5.500 25.125
v 5.125 5.500 25.125
v 5.125 5.500 24.875
v 4.875 5.500 24.875
v 10.875 5.500 25.125
v 11.125 5.500 25.125
v 11.125 5.500 24.875
v 10.875 5.500 24.875
v -0.125 16.500 18.875
v -0.125 11.500 24.875
v -0.125 11.500 25.125
v -0.125 12.500 25.125
v -0.125 12.500 24.875
v -0.125 16.500 24.875
v -0.125 16.500 25.125
v 4.875 1.500 19.125
v 5.125 1.500 19.125
v 5.125 1.500 18.875
v 4.875 1.500 18.875
v 10.875 1.500 19.125
v 11.125 1.500 19.125
v 11.125 1.500 18.875
v 10.875 1.500 18.875
v 4.875 1.500 25.125
v 5.125 1.500 25.125
v 5.125 1.500 24.875
v 4.875 1.500 24.875
v 10.875 1.500 25.125
v 11.125 1.500 25.125
v 11.125 1.500 24.875
v 10.875 1.500 24.875
v 4.500 12.500 30.500
v 10.500 11.500 30.500
v 10.500 12.500 30.500
v 11.500 12.500 30.500
v 4.500 11.500 30.500
v 10.500 11.000 30.500
v 11.500 11.500 30.500
v 4.500 12.000 30.000
v 4.500 11.500 30.000
v 4.500 14.000 30.000
v 10.500 12.000 30.000
v 10.500 11.500 30.000
v 5.500 13.000 30.000
v 10.500 13.000 30.000
v 11.500 12.000 30.000
v 11.500 11.500 30.000
v 10.500 14.000 30.000
v 11.500 14.000 30.000
v 5.125 -0.500 18.875
v 5.125 10.500 18.875
v 5.125 12.500 18.875
v 5.125 13.500 18.875
v 5.125 14.500 18.875
v 5.125 15.500 18.875
v 5.125 17.500 18.875
v 5.125 18.500 18.875
v 5.125 19.500 18.875
v 5.125 20.500 18.875
v 5.125 -0.500 25.125
v 5.125 -0.500 24.875
v 5.125 10.500 24.875
v 5.125 10.500 25.125
v 5.125 12.500 25.125
v 5.125 12.500 24.875
v 5.125 13.500 24.875
v 5.125 13.500 25.125
v 5.125 14.500 25.125
v 5.125 14.500 24.875
v 5.125 15.500 24.875
v 5.125 15.500 25.125
v 5.125 17.500 25.125
v 5.125 17.500 24.875
v 5.125 18.500 24.875
v 5.125 18.500 25.125
v 5.125 19.500 25.125
v 5.125 19.500 24.875
v 5.125 20.500 24.875
v 5.125 20.500 25.125
v 4.875 9.500 19.125
v 5.125 9.500 19.125
v 5.125 9.500 18.875
v 4.875 9.500 18.875
v 10.875 9.500 19.125
v 11.125 9.500 19.125
v 11.125 9.500 18.875
v 10.875 9.500 18.875
v 4.875 9.500 25.125
v 5.125 9.500 25.125
v 5.125 9.500 24.875
v 4.875 9.500 24.875
v 10.875 9.500 25.125
v 11.125 9.500 25.125
v 11.125 9.500 24.875
v 10.875 9.500 24.875
v 7.500 16.000 26.500
v 7.500 16.000 27.500
v 7.500 15.000 27.500
v 7.500 15.000 26.500
v 7.500 15.000 27.000
v 7.500 14.500 27.500
v 7.500 14.500 27.000
v 7.500 16.000 27.000
v 7.500 16.500 27.000
v 7.500 15.000 28.500
v 7.500 14.000 28.500
v 7.500 14.000 27.500
v 7.500 14.000 28.000
v 7.500 13.500 28.500
v 7.500 13.500 28.000
v 7.500 15.000 28.000
v 7.500 15.500 27.500
v 7.500 15.500 28.000
v 7.500 14.000 29.500
v 7.500 13.000 29.500
v 7.500 13.000 28.500
v 7.500 13.000 29.000
v 7.500 12.500 29.500
v 7.500 12.500 29.000
v 7.500 14.000 29.000
v 7.500 14.500 28.500
v 7.500 14.500 29.000
v 7.500 13.000 30.500
v 7.500 12.000 30.500
v 7.500 12.000 29.500
v 7.500 12.000 30.000
v 7.500 11.500 30.500
v 7.500 11.500 30.000
v 7.500 13.000 30.000
v 7.500 13.500 29.500
v 7.500 13.500 30.000
v 7.500 12.000 31.500
v 7.500 11.000 31.500
v 7.500 11.000 30.500
v 7.500 11.000 31.000
v 7.500 10.500 31.500
v 7.500 10.500 31.000
v 7.500 12.000 31.000
v 7.500 12.500 30.500
v 7.500 12.500 31.000
v 3.125 16.500 18.875
v 3.125 11.500 25.125
v 3.125 11.500 24.875
v 3.125 12.500 24.875
v 3.125 12.500 25.125
v 3.125 16.500 25.125
v 3.125 16.500 24.875
v 3.500 13.000 15.500
v 3.500 13.000 16.500
v 3.500 12.000 16.500
v 3.500 12.000 15.500
v 3.500 12.000 16.000
v 3.500 11.500 16.500
v 3.500 11.500 16.000
v 3.500 13.000 16.000
v 3.500 13.500 15.500
v 3.500 13.500 16.000
v 3.500 12.000 17.500
v 3.500 11.000 17.500
v 3.500 11.000 16.500
v 3.500 11.000 17.000
v 3.500 10.500 17.500
v 3.500 10.500 17.000
v 3.500 12.000 17.000
v 3.500 12.500 16.500
v 3.500 12.500 17.000
v 3.500 21.500 19.500
v 3.500 22.000 19.500
v 3.500 22.000 20.500
v 3.500 22.500 20.500
v 3.500 22.500 23.500
v 3.500 21.500 24.500
v 3.500 22.000 23.500
v 3.500 22.000 24.500
v 3.500 11.000 24.500
v 3.500 10.500 24.500
v 1.875 16.500 18.875
v 1.875 11.500 24.875
v 1.875 11.500 25.125
v 1.875 12.500 25.125
v 1.875 12.500 24.875
v 1.875 16.500 24.875
v 1.875 16.500 25.125
v 4.500 11.500 19.500
v 11.500 11.500 19.500
v 11.500 12.500 19.500
v 4.500 12.500 19.500
v 4.500 16.500 19.500
v 11.500 16.500 19.500
v 4.500 19.500 19.500
v 11.500 19.500 19.500
v 10.500 19.500 19.500
v 4.500 22.000 19.500
v 7.500 11.500 19.500
v 8.500 15.500 19.500
v 8.500 16.500 19.500
v 8.500 11.500 19.500
v 10.500 11.500 19.500
v 10.500 15.500 19.500
v 10.500 16.500 19.500
v 11.500 22.000 19.500
v 15.500 22.000 19.500
v 4.500 12.000 15.500
v 0.500 22.000 23.500
v -0.500 22.000 23.500
v 0.500 22.500 23.500
v 4.500 22.000 23.500
v 11.500 22.000 23.500
v 15.500 22.500 23.500
v 8.500 15.500 23.500
v 8.500 16.500 23.500
v 4.500 15.000 27.000
v 4.500 17.000 27.000
v 10.500 15.000 27.000
v 5.500 16.000 27.000
v 10.500 16.000 27.000
v 10.500 16.500 27.000
v 5.500 16.500 27.000
v 11.500 15.000 27.000
v 10.500 17.000 27.000
v 11.500 17.000 27.000
v 11.125 -0.500 18.875
v 11.125 -0.500 25.125
v 11.125 -0.500 24.875
v 1.125 16.500 18.875
v 1.125 11.500 25.125
v 1.125 11.500 24.875
v 1.125 12.500 24.875
v 1.125 12.500 25.125
v 1.125 16.500 25.125
v 1.125 16.500 24.875
v 10.500 16.500 15.500
v 11.500 16.500 15.500
v 11.500 16.500 16.500
v 13.500 16.500 16.500
v 13.500 16.500 15.500
v 13.500 16.500 17.500
v 14.500 16.500 17.500
v 14.500 16.500 15.500
v 14.500 16.500 18.500
v 15.500 16.500 18.500
v 15.500 16.500 15.500
v 12.500 16.500 17.500
v 12.500 16.500 16.500
v -0.500 16.500 19.500
v 15.500 16.500 19.500
v -0.500 16.500 21.500
v 0.500 16.500 21.500
v 0.500 16.500 19.500
v 0.500 16.500 20.500
v 1.500 16.500 20.500
v 1.500 16.500 19.500
v 4.500 16.500 20.500
v 4.500 16.500 24.500
v 5.500 16.500 20.500
v 8.500 16.500 20.500
v 10.500 16.500 20.500
v 10.500 16.500 24.500
v 11.500 16.500 24.500
v 11.500 16.500 21.500
v 12.500 16.500 21.500
v 12.500 16.500 19.500
v 15.500 16.500 21.500
v 4.500 16.500 21.500
v 6.500 16.500 24.500
v 10.500 16.500 23.500
v -0.500 16.500 23.500
v 0.500 16.500 23.500
v 4.500 16.500 23.500
v 11.500 16.500 22.500
v 14.500 16.500 22.500
v 14.500 16.500 21.500
v 15.500 16.500 22.500
v 13.500 16.500 24.500
v 13.500 16.500 22.500
v 13.500 16.500 23.500
v 15.500 16.500 23.500
v -0.500 16.500 24.500
v 1.500 16.500 24.500
v 1.500 16.500 23.500
v 8.500 16.500 24.500
v 9.500 16.500 24.500
v 14.500 16.500 24.500
v 14.500 16.500 23.500
v 15.500 16.500 24.500
v 4.500 16.500 25.500
v 15.500 16.500 25.500
v 6.500 16.500 25.500
v 7.500 16.500 25.500
v 9.500 16.500 25.500
v 13.500 16.500 25.500
v 14.500 16.500 25.500
v 4.500 16.500 28.000
v 10.500 16.500 28.000
v 11.500 16.500 28.000
v 11.500 16.500 27.500
v 11.500 16.500 31.500
v 11.500 11.500 15.500
v 11.500 12.500 15.500
v 11.500 11.500 16.500
v 11.500 15.500 15.500
v 11.500 15.500 16.500
v 11.500 22.000 24.500
v 11.500 11.500 24.500
v 11.500 12.500 24.500
v 11.500 19.500 24.500
v 11.500 11.500 27.500
v 11.500 15.500 26.500
v 11.500 15.500 27.500
v 11.500 15.000 27.500
v 11.500 15.500 28.500
v 11.500 14.000 28.000
v 11.500 11.500 31.500
v 11.500 15.500 31.500
v 11.500 15.000 28.500
v 11.500 12.500 29.500
v 11.500 12.000 30.500
v 11.500 14.500 29.500
v 11.500 13.000 31.000
v 11.500 13.500 30.500
v 3.875 16.500 18.875
v 3.875 11.500 24.875
v 3.875 11.500 25.125
v 3.875 12.500 25.125
v 3.875 12.500 24.875
v 3.875 16.500 24.875
v 3.875 16.500 25.125
v 4.500 12.000 16.500
v -0.500 12.000 16.500
v 4.500 12.000 30.500
v 10.500 12.000 30.500
v 10.500 12.000 31.500
v 5.500 12.000 31.500
v 4.500 12.500 15.500
v 4.500 12.500 16.500
v -0.500 12.500 16.500
v 5.500 12.500 16.500
v 5.500 12.500 15.500
v 11.500 12.500 18.500
v 10.500 12.500 15.500
v 4.500 12.500 18.500
v 0.125 12.500 25.125
v 0.125 12.500 24.875
v 0.875 12.500 25.125
v 0.875 12.500 24.875
v 4.500 12.500 24.500
v 4.500 12.500 29.500
v 10.500 12.500 31.000
v 5.500 12.500 31.000
v 4.500 12.500 31.500
v 5.500 12.500 31.500
v 10.500 12.500 31.500
v 11.500 12.500 31.500
v 11.500 16.000 18.500
v 5.500 16.000 19.500
v 10.500 16.000 19.500
v 5.500 16.000 25.500
v 5.500 16.000 26.500
v 4.500 16.000 26.500
v 4.500 16.000 25.500
v 11.500 16.000 25.500
v 11.500 16.000 26.500
v 10.500 16.000 26.500
v 10.500 16.000 25.500
v 10.500 16.000 27.500
v 4.500 16.000 27.500
v 4.500 16.000 28.500
v 11.500 16.000 28.500
v 11.500 16.000 27.500
v 10.500 16.000 28.500
v 15.500 22.000 20.500
v 15.500 22.500 20.500
v 15.500 22.000 23.500
v 15.500 22.000 24.500
v 11.125 10.500 18.875
v 11.125 12.500 18.875
v 11.125 13.500 18.875
v 11.125 14.500 18.875
v 11.125 15.500 18.875
v 11.125 17.500 18.875
v 11.125 18.500 18.875
v 11.125 19.500 18.875
v 11.125 20.500 18.875
v 11.125 10.500 24.875
v 11.125 10.500 25.125
v 11.125 12.500 25.125
v 11.125 12.500 24.875
v 11.125 13.500 24.875
v 11.125 13.500 25.125
v 11.125 14.500 25.125
v 11.125 14.500 24.875
v 11.125 15.500 24.875
v 11.125 15.500 25.125
v 11.125 17.500 25.125
v 11.125 17.500 24.875
v 11.125 18.500 24.875
v 11.125 18.500 25.125
v 11.125 19.500 25.125
v 11.125 19.500 24.875
v 11.125 20.500 24.875
v 11.125 20.500 25.125
v 4.500 15.500 27.500
v 10.500 15.500 27.500
v 4.500 12.000 16.000
v 4.500 11.500 16.000
v -0.500 13.000 16.000
v 4.500 13.000 16.000
v 4.500 14.000 16.000
v 4.875 6.500 19.125
v 5.125 6.500 19.125
v 5.125 6.500 18.875
v 4.875 6.500 18.875
v 10.875 6.500 19.125
v 11.125 6.500 19.125
v 11.125 6.500 18.875
v 10.875 6.500 18.875
v 4.875 6.500 25.125
v 5.125 6.500 25.125
v 5.125 6.500 24.875
v 4.875 6.500 24.875
v 10.875 6.500 25.125
v 11.125 6.500 25.125
v 11.125 6.500 24.875
v 10.875 6.500 24.875
v 10.500 11.500 31.500
v 0.125 11.500 24.875
v 0.125 16.500 24.875
v 0.875 11.500 24.875
v 0.875 16.500 24.875
v 4.875 2.500 19.125
v 5.125 2.500 19.125
v 5.125 2.500 18.875
v 4.875 2.500 18.875
v 10.875 2.500 19.125
v 11.125 2.500 19.125
v 11.125 2.500 18.875
v 10.875 2.500 18.875
v 4.875 2.500 25.125
v 5.125 2.500 25.125
v 5.125 2.500 24.875
v 4.875 2.500 24.875
v 10.875 2.500 25.125
v 11.125 2.500 25.125
v 11.125 2.500 24.875
v 10.875 2.500 24.875
v 0.500 21.500 19.500
v 0.500 22.000 19.500
v 0.500 22.000 20.500
v 0.500 22.500 20.500
v 0.500 21.500 24.500
v 0.500 22.000 24.500
v 0.500 11.000 25.000
v 4.500 13.000 31.000
v 10.500 11.000 31.000
v 5.500 12.000 31.000
v 10.500 12.000 31.000
v 10.500 13.000 31.000
v 0.125 11.500 25.125
v 0.125 16.500 25.125
v 0.875 11.500 25.125
v 0.875 16.500 25.125
v -0.500 22.000 20.500
v 4.500 22.000 20.500
v 11.500 22.000 20.500
v 4.500 22.000 24.500
v 8.500 16.000 26.500
v 8.500 16.000 27.500
v 8.500 15.000 27.500
v 8.500 15.000 26.500
v 8.500 15.000 27.000
v 8.500 14.500 27.500
v 8.500 14.500 27.000
v 8.500 16.000 27.000
v 8.500 16.500 26.500
v 8.500 16.500 27.000
v 8.500 15.000 28.500
v 8.500 14.000 28.500
v 8.500 14.000 27.500
v 8.500 14.000 28.000
v 8.500 13.500 28.500
v 8.500 13.500 28.000
v 8.500 15.000 28.000
v 8.500 15.500 27.500
v 8.500 15.500 28.000
v 8.500 14.000 29.500
v 8.500 13.000 29.500
v 8.500 13.000 28.500
v 8.500 13.000 29.000
v 8.500 12.500 29.500
v 8.500 12.500 29.000
v 8.500 14.000 29.000
v 8.500 14.500 28.500
v 8.500 14.500 29.000
v 8.500 13.000 30.500
v 8.500 12.000 30.500
v 8.500 12.000 29.500
v 8.500 12.000 30.000
v 8.500 11.500 30.500
v 8.500 11.500 30.000
v 8.500 13.000 30.000
v 8.500 13.500 29.500
v 8.500 13.500 30.000
v 8.500 12.000 31.500
v 8.500 11.000 31.500
v 8.500 11.000 30.500
v 8.500 11.000 31.000
v 8.500 10.500 31.500
v 8.500 10.500 31.000
v 8.500 12.000 31.000
v 8.500 12.500 30.500
v 8.500 12.500 31.000
v 4.500 11.500 16.500
v 4.500 11.000 16.500
v 4.500 13.500 16.500
v 4.500 17.500 25.500
v 4.500 19.500 24.500
v 4.500 15.500 26.500
v 4.500 15.000 27.500
v 4.500 14.000 28.000
v 4.500 16.000 28.000
v 4.500 16.500 27.500
v 4.500 15.000 28.500
v 4.500 15.500 28.500
v 4.500 14.500 29.500
v 4.500 11.500 31.500
v 4.500 13.500 30.500
v 0.125 16.500 18.875
v 0.500 22.500 21.500
v 3.500 22.500 21.500
v 12.500 22.500 21.500
v 15.500 22.500 21.500
v 0.500 22.500 22.500
v 1.500 22.500 22.500
v 1.500 22.500 21.500
v 2.500 22.500 22.500
v 2.500 22.500 21.500
v 3.500 22.500 22.500
v 12.500 22.500 22.500
v 13.500 22.500 22.500
v 13.500 22.500 21.500
v 14.500 22.500 22.500
v 14.500 22.500 21.500
v 15.500 22.500 22.500
v -0.500 12.500 16.500
v 10.500 14.000 28.000
v 5.500 15.000 28.000
v 10.500 15.000 28.000
v 10.500 15.500 28.000
v 5.500 15.500 28.000
v 10.500 16.000 28.000
v 11.500 16.000 28.000
v 4.500 11.500 24.500
v 7.500 11.500 24.500
v 10.500 11.500 24.500
v 10.500 19.500 24.500
v 8.500 15.500 20.500
v 0.875 16.500 18.875
v 10.500 11.500 15.500
v 10.500 12.500 17.500
v 10.500 17.500 17.500
v 10.500 15.000 27.500
v 10.500 16.500 27.500
v 10.500 15.000 28.500
v 10.500 15.500 28.500
v 10.500 14.500 29.500
v 10.500 11.000 31.500
v 10.500 13.500 30.500
v 1.500 11.000 25.000
v 1.500 10.500 24.500
v 1.500 10.500 25.000
v 13.500 15.500 16.500
v 13.500 15.500 15.500
v 14.500 15.500 17.500
v 13.500 15.500 17.500
v 14.500 15.500 15.500
v 15.500 15.500 18.500
v 14.500 15.500 18.500
v 15.500 15.500 15.500
v 12.500 15.500 17.500
v 11.500 15.500 17.500
v 12.500 15.500 16.500
v -0.500 15.500 19.500
v 10.000 15.500 19.500
v 15.500 15.500 19.500
v 0.500 15.500 21.500
v -0.500 15.500 21.500
v 0.500 15.500 19.500
v 1.500 15.500 20.500
v 0.500 15.500 20.500
v 1.500 15.500 19.500
v 4.500 15.500 20.500
v 4.500 15.500 19.500
v 5.500 15.500 24.500
v 4.500 15.500 24.500
v 5.500 15.500 20.500
v 10.500 15.500 20.500
v 11.500 15.500 24.500
v 10.500 15.500 24.500
v 11.500 15.500 19.500
v 12.500 15.500 21.500
v 11.500 15.500 21.500
v 12.500 15.500 19.500
v 15.500 15.500 21.500
v 4.500 15.500 21.500
v 6.500 15.500 24.500
v 10.500 15.500 23.500
v 0.500 15.500 23.500
v -0.500 15.500 23.500
v 4.500 15.500 23.500
v 14.500 15.500 22.500
v 11.500 15.500 22.500
v 14.500 15.500 21.500
v 15.500 15.500 22.500
v 13.500 15.500 24.500
v 13.500 15.500 22.500
v 15.500 15.500 23.500
v 13.500 15.500 23.500
v 1.500 15.500 24.500
v -0.500 15.500 24.500
v 1.500 15.500 23.500
v 8.500 15.500 24.500
v 9.500 15.500 24.500
v 14.500 15.500 24.500
v 14.500 15.500 23.500
v 15.500 15.500 24.500
v 15.500 15.500 25.500
v 6.500 15.500 25.500
v 7.500 15.500 25.500
v 9.500 15.500 25.500
v 13.500 15.500 25.500
v 14.500 15.500 25.500
v 10.000 11.000 19.500
v 10.000 16.000 19.500
v 10.000 11.000 24.500
v 4.500 11.000 18.500
v 11.500 11.000 18.500
v 5.500 11.000 19.500
v 10.500 11.000 19.500
v -0.500 11.000 24.500
v 4.500 11.000 24.500
v 5.500 11.000 24.500
v 10.500 11.000 24.500
v 14.500 21.500 20.500
v 14.500 21.500 19.500
v 14.500 22.000 19.500
v 14.500 22.000 20.500
v 14.500 21.500 24.500
v 14.500 21.500 23.500
v 14.500 22.000 23.500
v 14.500 22.000 24.500
v 13.500 11.500 16.500
v 13.500 11.500 15.500
v 13.500 11.500 17.500
v 14.500 11.500 17.500
v 14.500 11.500 15.500
v 14.500 11.500 18.500
v 15.500 11.500 18.500
v 15.500 11.500 15.500
v 12.500 11.500 17.500
v 12.500 11.500 16.500
v 1.500 11.500 18.500
v 2.500 11.500 18.500
v 15.500 11.500 19.500
v -0.500 11.500 20.500
v 0.500 11.500 20.500
v 0.500 11.500 19.500
v 2.500 11.500 20.500
v 2.500 11.500 19.500
v 4.500 11.500 20.500
v 5.500 11.500 20.500
v 7.500 11.500 20.500
v 8.500 11.500 20.500
v 10.500 11.500 20.500
v 11.500 11.500 21.500
v 12.500 11.500 21.500
v 12.500 11.500 19.500
v 12.500 11.500 20.500
v 15.500 11.500 20.500
v 4.500 11.500 21.500
v 5.500 11.500 21.500
v 6.500 11.500 21.500
v 6.500 11.500 20.500
v 9.500 11.500 21.500
v 9.500 11.500 20.500
v 10.500 11.500 21.500
v 13.500 11.500 21.500
v 13.500 11.500 20.500
v 15.500 11.500 21.500
v 4.500 11.500 22.500
v 5.500 11.500 22.500
v 10.500 11.500 22.500
v 11.500 11.500 23.500
v 13.500 11.500 23.500
v 14.500 11.500 23.500
v 14.500 11.500 21.500
v 14.500 11.500 24.500
v 15.500 11.500 24.500
v 1.500 11.500 23.500
v 1.500 11.500 22.500
v 2.500 11.500 22.500
v 5.500 11.500 23.500
v 6.500 11.500 23.500
v 6.500 11.500 22.500
v 7.500 11.500 23.500
v 7.500 11.500 22.500
v 9.500 11.500 22.500
v 0.500 11.500 23.500
v 15.500 11.500 25.500
v 11.500 11.500 26.500
v 13.500 11.500 25.500
v 14.500 11.500 25.500
v 5.500 11.500 0.500
v 4.500 11.500 0.500
v 4.500 11.000 0.500
v 5.500 11.000 0.500
v 5.500 16.500 0.500
v 4.500 16.500 0.500
v 4.500 16.000 0.500
v 5.500 16.000 0.500
v 11.500 11.500 0.500
v 10.500 11.500 0.500
v 10.500 11.000 0.500
v 11.500 11.000 0.500
v 11.500 16.500 0.500
v 10.500 16.500 0.500
v 10.500 16.000 0.500
v 11.500 16.000 0.500
v 4.500 11.500 0.500
v 5.500 11.000 0.500
v 4.500 11.000 0.500
v 5.500 11.500 1.500
v 4.500 11.500 1.500
v 4.500 11.000 1.500
v 5.500 11.000 1.500
v 5.000 11.000 0.500
v 5.000 10.500 0.500
v 4.500 10.500 0.500
v 4.500 16.500 0.500
v 5.500 16.000 0.500
v 4.500 16.000 0.500
v 5.500 16.500 1.500
v 4.500 16.500 1.500
v 4.500 16.000 1.500
v 5.500 16.000 1.500
v 5.000 16.000 0.500
v 5.000 15.500 0.500
v 4.500 15.500 0.500
v 11.500 11.000 1.500
v 11.000 11.000 1.500
v 11.000 10.500 1.500
v 11.500 10.500 1.500
v 11.000 11.000 0.500
v 11.500 10.500 0.500
v 11.000 10.500 0.500
v 11.500 16.000 1.500
v 11.000 16.000 1.500
v 11.000 15.500 1.500
v 11.500 15.500 1.500
v 11.000 16.000 0.500
v 11.500 15.500 0.500
v 11.000 15.500 0.500
v 4.500 11.000 2.500
v 5.000 11.000 2.500
v 5.000 10.500 2.500
v 4.500 10.500 2.500
v 4.500 16.000 2.500
v 5.000 16.000 2.500
v 5.000 15.500 2.500
v 4.500 15.500 2.500
v 4.500 11.000 3.500
v 5.000 11.000 3.500
v 5.000 10.500 3.500
v 4.500 10.500 3.500
v 4.500 16.000 3.500
v 5.000 16.000 3.500
v 5.000 15.500 3.500
v 4.500 15.500 3.500
v 0.500 11.500 4.500
v 0.500 11.500 5.500
v 0.500 11.000 5.500
v 0.500 11.000 4.500
v 0.500 11.000 5.000
v 0.500 10.500 5.500
v 0.500 10.500 5.000
v 0.500 16.500 4.500
v 0.500 16.500 5.500
v 0.500 16.000 5.500
v 0.500 16.000 4.500
v 0.500 16.000 5.000
v 0.500 15.500 5.500
v 0.500 15.500 5.000
v 0.500 11.500 5.500
v 0.500 11.000 4.500
v 0.500 11.000 5.500
v 0.500 11.000 5.000
v 0.500 10.500 5.000
v 0.500 16.500 5.500
v 0.500 16.000 4.500
v 0.500 16.000 5.500
v 0.500 16.000 5.000
v 0.500 15.500 5.000
v 1.500 11.500 5.500
v 1.500 11.500 4.500
v 1.500 11.000 4.500
v 1.500 11.000 5.500
v 1.500 11.000 5.000
v 1.500 10.500 5.000
v 1.500 10.500 5.500
v 1.500 16.500 5.500
v 1.500 16.500 4.500
v 1.500 16.000 4.500
v 1.500 16.000 5.500
v 1.500 16.000 5.000
v 1.500 15.500 5.000
v 1.500 15.500 5.500
v 0.500 11.500 10.500
v 0.500 11.500 11.500
v 0.500 11.000 11.500
v 0.500 11.000 10.500
v 0.500 11.000 11.000
v 0.500 10.500 11.000
v 0.500 10.500 10.500
v 1.500 11.500 10.500
v 1.500 11.500 11.500
v 1.500 11.000 11.500
v 1.500 11.000 10.500
v 0.500 11.000 11.500
v 2.500 11.500 10.500
v 2.500 11.500 11.500
v 2.500 11.000 11.500
v 2.500 11.000 10.500
v 1.500 11.500 11.500
v 1.500 11.500 10.500
v 1.500 11.000 10.500
v 1.500 11.000 11.500
v 2.500 11.000 11.000
v 2.500 10.500 11.000
v 2.500 10.500 10.500
v 3.500 11.500 10.500
v 3.500 11.500 11.500
v 3.500 11.000 11.500
v 3.500 11.000 10.500
v 3.500 11.000 11.000
v 3.500 10.500 11.000
v 3.500 10.500 10.500
v -0.500 15.500 13.500
v -0.500 15.500 12.500
v -0.500 15.000 12.500
v -0.500 15.000 13.500
v 0.500 15.500 12.500
v 0.500 15.500 13.500
v 0.500 15.000 13.500
v 0.500 15.000 12.500
v -0.500 15.000 13.000
v -0.500 14.500 13.000
v -0.500 14.500 13.500
v 0.500 15.000 13.000
v 0.500 14.500 13.500
v 0.500 14.500 13.000
v 0.500 15.500 13.500
v 0.500 16.000 12.500
v 0.500 16.000 13.500
v 0.500 16.000 13.000
v 0.500 16.500 12.500
v 0.500 16.500 13.000
v 0.500 15.500 13.500
v 0.500 15.000 12.500
v 0.500 15.000 13.500
v 0.500 15.000 13.000
v 0.500 14.500 13.000
v 0.500 15.500 12.500
v 0.500 16.000 12.500
v 0.500 16.500 12.500
v 1.500 15.500 13.500
v 1.500 15.500 12.500
v 1.500 15.000 12.500
v 1.500 15.000 13.500
v 1.500 15.000 13.000
v 1.500 14.500 13.000
v 1.500 14.500 13.500
v 1.500 15.500 12.500
v 1.500 16.000 13.500
v 1.500 16.000 12.500
v 1.500 16.000 13.000
v 1.500 16.500 13.000
v 1.500 16.500 12.500
v -0.500 14.500 14.500
v -0.500 14.500 13.500
v -0.500 14.000 13.500
v -0.500 14.000 14.500
v 0.500 14.500 13.500
v 0.500 14.500 14.500
v 0.500 14.000 14.500
v 0.500 14.000 13.500
v -0.500 14.000 14.000
v -0.500 13.500 14.000
v -0.500 13.500 14.500
v 0.500 14.000 14.000
v 0.500 13.500 14.500
v 0.500 13.500 14.000
v 0.500 14.500 14.500
v 0.500 15.000 13.500
v 0.500 15.000 14.500
v 0.500 15.000 14.000
v 0.500 15.500 14.000
v 0.500 14.500 14.500
v 0.500 14.000 13.500
v 0.500 14.000 14.500
v 0.500 14.000 14.000
v 0.500 13.500 14.000
v 0.500 14.500 13.500
v 0.500 15.000 13.500
v 1.500 14.500 14.500
v 1.500 14.500 13.500
v 1.500 14.000 13.500
v 1.500 14.000 14.500
v 1.500 14.000 14.000
v 1.500 13.500 14.000
v 1.500 13.500 14.500
v 1.500 14.500 13.500
v 1.500 15.000 14.500
v 1.500 15.000 13.500
v 1.500 15.000 14.000
v 1.500 15.500 14.000
v 1.500 15.500 13.500
v -0.500 13.500 15.500
v -0.500 13.500 14.500
v -0.500 13.000 14.500
v -0.500 13.000 15.500
v 0.500 13.500 14.500
v 0.500 13.500 15.500
v 0.500 13.000 15.500
v 0.500 13.000 14.500
v -0.500 13.000 15.000
v -0.500 12.500 15.000
v -0.500 12.500 15.500
v 0.500 13.000 15.000
v 0.500 12.500 15.500
v 0.500 12.500 15.000
v 0.500 13.500 15.500
v 0.500 14.000 14.500
v 0.500 14.000 15.500
v 0.500 14.000 15.000
v 0.500 14.500 15.000
v 0.500 13.500 15.500
v 0.500 13.000 14.500
v 0.500 13.000 15.500
v 0.500 13.000 15.000
v 0.500 12.500 15.000
v 0.500 13.500 14.500
v 0.500 14.000 14.500
v 1.500 13.500 15.500
v 1.500 13.500 14.500
v 1.500 13.000 14.500
v 1.500 13.000 15.500
v 1.500 13.000 15.000
v 1.500 12.500 15.000
v 1.500 12.500 15.500
v 1.500 13.500 14.500
v 1.500 14.000 15.500
v 1.500 14.000 14.500
v 1.500 14.000 15.000
v 1.500 14.500 15.000
v 1.500 14.500 14.500
v 4.500 16.000 13.500
v -0.500 16.000 13.500
v 4.500 14.500 13.500
v 4.500 15.500 13.500
v 5.500 15.500 13.500
v 5.500 17.000 13.500
v 4.500 17.000 13.500
v -0.500 15.500 13.500
v 4.500 14.000 13.500
v 5.500 14.000 13.500
v 4.875 7.500 5.125
v 5.125 7.500 5.125
v 5.125 7.500 4.875
v 4.875 7.500 4.875
v 10.875 7.500 5.125
v 11.125 7.500 5.125
v 11.125 7.500 4.875
v 10.875 7.500 4.875
v 4.875 7.500 11.125
v 5.125 7.500 11.125
v 5.125 7.500 10.875
v 4.875 7.500 10.875
v 10.875 7.500 11.125
v 11.125 7.500 11.125
v 11.125 7.500 10.875
v 10.875 7.500 10.875
v 4.125 11.500 11.125
v 4.125 11.500 10.875
v 4.125 12.500 10.875
v 4.125 12.500 11.125
v 4.500 15.000 13.000
v 4.500 14.500 13.000
v -0.500 16.000 13.000
v 4.500 16.000 13.000
v 4.500 16.500 13.000
v -0.500 16.500 13.000
v 5.500 15.000 13.000
v 5.500 14.500 13.000
v 4.500 17.000 13.000
v 5.500 17.000 13.000
v 5.500 17.500 13.000
v 4.500 17.500 13.000
v 0.125 11.500 10.875
v -0.125 11.500 10.875
v -0.125 12.500 10.875
v 0.125 12.500 10.875
v 1.125 11.500 10.875
v 0.875 11.500 10.875
v 0.875 12.500 10.875
v 1.125 12.500 10.875
v 2.125 11.500 10.875
v 1.875 11.500 10.875
v 1.875 12.500 10.875
v 2.125 12.500 10.875
v 3.125 11.500 10.875
v 2.875 11.500 10.875
v 2.875 12.500 10.875
v 3.125 12.500 10.875
v 3.875 11.500 10.875
v 3.875 12.500 10.875
v 5.125 -0.500 10.875
v 4.875 -0.500 10.875
v 4.875 10.500 10.875
v 5.125 10.500 10.875
v 5.125 12.500 10.875
v 4.875 12.500 10.875
v 4.875 13.500 10.875
v 5.125 13.500 10.875
v 5.125 14.500 10.875
v 4.875 14.500 10.875
v 4.875 15.500 10.875
v 5.125 15.500 10.875
v 5.125 17.500 10.875
v 4.875 17.500 10.875
v 4.875 18.500 10.875
v 5.125 18.500 10.875
v 11.125 -0.500 10.875
v 10.875 -0.500 10.875
v 10.875 10.500 10.875
v 11.125 10.500 10.875
v 11.125 12.500 10.875
v 10.875 12.500 10.875
v 10.875 13.500 10.875
v 11.125 13.500 10.875
v 11.125 14.500 10.875
v 10.875 14.500 10.875
v 10.875 15.500 10.875
v 11.125 15.500 10.875
v 11.125 17.500 10.875
v 10.875 17.500 10.875
v 10.875 18.500 10.875
v 11.125 18.500 10.875
v 4.875 3.500 5.125
v 5.125 3.500 5.125
v 5.125 3.500 4.875
v 4.875 3.500 4.875
v 10.875 3.500 5.125
v 11.125 3.500 5.125
v 11.125 3.500 4.875
v 10.875 3.500 4.875
v 4.875 3.500 11.125
v 5.125 3.500 11.125
v 5.125 3.500 10.875
v 4.875 3.500 10.875
v 10.875 3.500 11.125
v 11.125 3.500 11.125
v 11.125 3.500 10.875
v 10.875 3.500 10.875
v 2.875 11.500 11.125
v 2.875 12.500 11.125
v 5.000 11.000 -0.500
v 5.000 11.000 4.500
v 5.000 10.500 4.500
v 5.000 10.500 -0.500
v 5.000 16.000 -0.500
v 5.000 16.000 4.500
v 5.000 15.500 4.500
v 5.000 15.500 -0.500
v 10.875 11.500 -0.125
v 10.875 11.500 0.125
v 10.875 12.500 0.125
v 10.875 12.500 -0.125
v 10.875 16.500 -0.125
v 10.875 16.500 0.125
v 10.875 17.500 0.125
v 10.875 17.500 -0.125
v 10.875 11.500 0.875
v 10.875 11.500 1.125
v 10.875 12.500 1.125
v 10.875 12.500 0.875
v 10.875 16.500 0.875
v 10.875 16.500 1.125
v 10.875 17.500 1.125
v 10.875 17.500 0.875
v 10.875 11.500 1.875
v 10.875 11.500 2.125
v 10.875 12.500 2.125
v 10.875 12.500 1.875
v 10.875 16.500 1.875
v 10.875 16.500 2.125
v 10.875 17.500 2.125
v 10.875 17.500 1.875
v 10.875 11.500 2.875
v 10.875 11.500 3.125
v 10.875 12.500 3.125
v 10.875 12.500 2.875
v 10.875 16.500 2.875
v 10.875 16.500 3.125
v 10.875 17.500 3.125
v 10.875 17.500 2.875
v 10.875 11.500 3.875
v 10.875 11.500 4.125
v 10.875 12.500 4.125
v 10.875 12.500 3.875
v 10.875 16.500 3.875
v 10.875 16.500 4.125
v 10.875 17.500 4.125
v 10.875 17.500 3.875
v 10.875 -0.500 4.875
v 10.875 -0.500 5.125
v 10.875 10.500 5.125
v 10.875 10.500 4.875
v 10.875 12.500 4.875
v 10.875 12.500 5.125
v 10.875 13.500 5.125
v 10.875 13.500 4.875
v 10.875 14.500 4.875
v 10.875 14.500 5.125
v 10.875 15.500 5.125
v 10.875 15.500 4.875
v 10.875 17.500 4.875
v 10.875 17.500 5.125
v 10.875 18.500 5.125
v 10.875 18.500 4.875
v 10.875 19.500 4.875
v 10.875 19.500 5.125
v 10.875 20.500 5.125
v 10.875 20.500 4.875
v 10.875 -0.500 11.125
v 10.875 10.500 11.125
v 10.875 12.500 11.125
v 10.875 13.500 11.125
v 10.875 14.500 11.125
v 10.875 15.500 11.125
v 10.875 17.500 11.125
v 10.875 18.500 11.125
v 5.500 11.500 -0.500
v 5.500 11.500 4.500
v 5.500 11.000 4.500
v 5.500 11.000 -0.500
v 5.500 16.500 -0.500
v 5.500 16.500 4.500
v 5.500 16.000 4.500
v 5.500 16.000 -0.500
v 5.500 20.500 5.500
v 5.500 20.500 -0.500
v 5.500 21.500 -0.500
v 5.500 21.500 5.500
v 5.500 10.500 5.500
v 5.500 10.500 4.500
v 5.500 11.500 5.500
v 5.500 13.500 5.500
v 5.500 13.500 4.500
v 5.500 14.500 4.500
v 5.500 14.500 5.500
v 5.500 15.500 5.500
v 5.500 15.500 4.500
v 5.500 16.500 5.500
v 5.500 18.500 5.500
v 5.500 18.500 4.500
v 5.500 19.500 4.500
v 5.500 19.500 5.500
v 5.500 10.500 11.500
v 5.500 10.500 10.500
v 5.500 11.500 10.500
v 5.500 11.500 11.500
v 5.500 13.500 11.500
v 5.500 13.500 10.500
v 5.500 14.500 10.500
v 5.500 14.500 11.500
v 5.500 15.500 11.500
v 5.500 15.500 10.500
v 5.500 16.500 10.500
v 5.500 16.500 11.500
v 5.500 18.500 11.500
v 5.500 18.500 10.500
v 5.500 19.500 10.500
v 5.500 19.500 11.500
v 5.500 17.500 11.500
v 5.500 17.500 12.500
v 5.500 16.000 12.500
v 5.500 16.000 11.500
v 5.500 16.000 12.000
v 5.500 15.500 12.500
v 5.500 15.500 12.000
v 5.500 17.000 12.500
v 5.500 15.000 13.500
v 5.500 15.000 12.500
v 5.500 14.500 13.500
v 5.500 16.000 13.500
v 5.500 16.000 14.500
v 5.500 14.000 14.500
v 5.500 14.000 14.000
v 5.500 13.500 14.500
v 5.500 13.500 14.000
v 5.500 16.000 14.000
v 5.500 16.500 13.500
v 5.500 16.500 14.000
v 5.500 15.000 14.500
v 5.500 15.000 15.500
v 5.500 13.000 15.500
v 5.500 13.000 14.500
v 5.500 13.000 15.000
v 5.500 12.500 15.500
v 5.500 12.500 15.000
v 5.500 15.000 15.000
v 5.500 15.500 14.500
v 5.500 15.500 15.000
v -0.500 21.500 0.500
v 4.500 21.500 0.500
v 4.500 21.500 -0.500
v -0.500 21.500 -0.500
v 4.500 21.500 4.500
v 5.500 21.500 4.500
v 10.500 21.500 4.500
v 11.500 21.500 4.500
v 11.500 21.500 -0.500
v 10.500 21.500 -0.500
v 11.500 21.500 0.500
v 15.500 21.500 0.500
v 15.500 21.500 -0.500
v -0.500 21.500 3.500
v 0.500 21.500 3.500
v 0.500 21.500 0.500
v 3.500 21.500 3.500
v 4.500 21.500 3.500
v 3.500 21.500 0.500
v 11.500 21.500 3.500
v 12.500 21.500 3.500
v 12.500 21.500 0.500
v -0.500 21.500 4.500
v 15.500 21.500 4.500
v 15.500 21.500 3.500
v -0.500 21.500 5.500
v 10.500 21.500 5.500
v 15.500 21.500 5.500
v 1.500 21.500 0.500
v 1.500 21.500 -0.500
v 1.500 22.000 -0.500
v 1.500 22.000 0.500
v 1.500 21.500 4.500
v 1.500 21.500 3.500
v 1.500 22.000 3.500
v 1.500 22.000 4.500
v 1.500 11.000 5.500
v 1.500 10.500 5.500
v 1.500 10.500 5.000
v 1.500 16.000 5.500
v 1.500 15.500 5.500
v 1.500 15.500 5.000
v 1.500 11.000 11.000
v 1.500 10.500 11.000
v 1.500 10.500 10.500
v 1.500 16.000 12.500
v 1.500 15.000 13.500
v 1.500 14.500 13.000
v 1.500 16.500 12.500
v 1.500 14.000 14.500
v 1.500 13.500 14.000
v 1.500 13.000 15.500
v 1.500 12.500 15.500
v 1.500 12.500 15.000
v 9.500 11.500 5.500
v 9.500 11.500 4.500
v 9.500 11.000 4.500
v 9.500 11.000 5.500
v 9.500 16.500 5.500
v 9.500 16.500 4.500
v 9.500 16.000 4.500
v 9.500 16.000 5.500
v 9.500 15.500 6.500
v 9.500 15.500 8.500
v 9.500 16.500 8.500
v 9.500 16.500 6.500
v 9.500 15.500 9.500
v 9.500 16.500 9.500
v 9.500 11.500 11.500
v 9.500 11.500 10.500
v 9.500 11.000 10.500
v 9.500 11.000 11.500
v 9.500 16.500 11.500
v 9.500 16.500 10.500
v 9.500 16.000 10.500
v 9.500 16.000 11.500
v 4.875 11.500 -0.125
v 4.875 11.500 0.125
v 4.875 12.500 0.125
v 4.875 12.500 -0.125
v 4.875 16.500 -0.125
v 4.875 16.500 0.125
v 4.875 17.500 0.125
v 4.875 17.500 -0.125
v 4.875 11.500 0.875
v 4.875 11.500 1.125
v 4.875 12.500 1.125
v 4.875 12.500 0.875
v 4.875 16.500 0.875
v 4.875 16.500 1.125
v 4.875 17.500 1.125
v 4.875 17.500 0.875
v 4.875 11.500 1.875
v 4.875 11.500 2.125
v 4.875 12.500 2.125
v 4.875 12.500 1.875
v 4.875 16.500 1.875
v 4.875 16.500 2.125
v 4.875 17.500 2.125
v 4.875 17.500 1.875
v 4.875 11.500 2.875
v 4.875 11.500 3.125
v 4.875 12.500 3.125
v 4.875 12.500 2.875
v 4.875 16.500 2.875
v 4.875 16.500 3.125
v 4.875 17.500 3.125
v 4.875 17.500 2.875
v 4.875 11.500 3.875
v 4.875 11.500 4.125
v 4.875 12.500 4.125
v 4.875 12.500 3.875
v 4.875 16.500 3.875
v 4.875 16.500 4.125
v 4.875 17.500 4.125
v 4.875 17.500 3.875
v 4.875 -0.500 4.875
v 4.875 -0.500 5.125
v 4.875 10.500 5.125
v 4.875 10.500 4.875
v 4.875 12.500 4.875
v 4.875 12.500 5.125
v 4.875 13.500 5.125
v 4.875 13.500 4.875
v 4.875 14.500 4.875
v 4.875 14.500 5.125
v 4.875 15.500 5.125
v 4.875 15.500 4.875
v 4.875 17.500 4.875
v 4.875 17.500 5.125
v 4.875 18.500 5.125
v 4.875 18.500 4.875
v 4.875 19.500 4.875
v 4.875 19.500 5.125
v 4.875 20.500 5.125
v 4.875 20.500 4.875
v 4.875 -0.500 11.125
v 4.875 10.500 11.125
v 4.875 12.500 11.125
v 4.875 13.500 11.125
v 4.875 14.500 11.125
v 4.875 15.500 11.125
v 4.875 17.500 11.125
v 4.875 18.500 11.125
v 2.125 11.500 11.125
v 2.125 12.500 11.125
v 4.500 14.500 5.500
v 4.500 14.500 4.500
v 10.500 14.500 5.500
v 11.500 14.500 5.500
v 11.500 14.500 4.500
v 10.500 14.500 4.500
v 4.500 14.500 11.500
v 4.500 14.500 10.500
v 10.500 14.500 11.500
v 11.500 14.500 11.500
v 11.500 14.500 10.500
v 10.500 14.500 10.500
v 4.500 14.500 15.000
v -0.500 14.500 15.000
v 4.500 14.500 14.500
v -0.500 14.500 14.500
v 5.500 14.500 14.500
v 4.500 14.500 15.500
v 5.500 14.500 15.500
v 4.500 18.500 5.500
v 4.500 18.500 4.500
v 11.500 18.500 5.500
v 10.500 18.500 5.500
v 10.500 18.500 4.500
v 11.500 18.500 4.500
v 4.500 18.500 11.500
v 4.500 18.500 10.500
v 11.500 18.500 11.500
v 10.500 18.500 11.500
v 10.500 18.500 10.500
v 11.500 18.500 10.500
v 0.500 22.000 0.500
v -0.500 22.000 0.500
v 4.500 22.000 0.500
v 3.500 22.000 0.500
v 5.000 11.000 0.500
v 5.000 10.500 0.500
v 5.000 16.000 0.500
v 5.000 15.500 0.500
v 11.000 10.500 0.500
v 11.500 10.500 0.500
v 11.000 15.500 0.500
v 11.500 15.500 0.500
v 12.500 22.000 0.500
v 11.500 22.000 0.500
v 0.500 22.500 0.500
v 3.500 22.500 0.500
v 10.500 11.500 0.500
v 11.500 11.500 0.500
v 10.500 16.500 0.500
v 11.500 16.500 0.500
v 12.500 22.500 0.500
v 15.500 22.500 0.500
v 4.500 10.500 4.500
v -0.500 10.500 4.500
v -0.500 10.500 -0.500
v 4.500 10.500 -0.500
v 11.000 10.500 -0.500
v 11.500 10.500 -0.500
v 11.500 10.500 4.500
v 11.000 10.500 4.500
v 15.500 10.500 4.500
v 11.500 10.500 -0.500
v 15.500 10.500 -0.500
v 4.500 10.500 5.000
v 4.500 10.500 5.500
v -0.500 10.500 5.500
v -0.500 10.500 5.000
v 4.500 10.500 11.500
v 6.000 10.500 5.500
v 6.000 10.500 4.500
v 10.000 10.500 4.500
v 10.500 10.500 4.500
v 10.500 10.500 5.500
v 10.000 10.500 5.500
v 15.500 10.500 5.500
v 1.500 10.500 6.500
v -0.500 10.500 6.500
v -0.500 10.500 5.500
v 2.500 10.500 6.500
v 2.500 10.500 5.500
v 3.500 10.500 6.500
v 3.500 10.500 5.500
v 4.500 10.500 6.500
v 7.500 10.500 6.500
v 5.500 10.500 6.500
v 7.500 10.500 5.500
v 8.500 10.500 6.500
v 8.500 10.500 5.500
v 10.500 10.500 7.500
v 8.500 10.500 7.500
v 11.500 10.500 10.500
v 10.500 10.500 10.500
v 11.500 10.500 5.500
v 14.500 10.500 6.500
v 11.500 10.500 6.500
v 14.500 10.500 5.500
v 15.500 10.500 7.500
v 14.500 10.500 7.500
v 0.500 10.500 7.500
v -0.500 10.500 7.500
v 0.500 10.500 6.500
v 1.500 10.500 7.500
v 4.500 10.500 7.500
v 6.500 10.500 7.500
v 5.500 10.500 7.500
v 6.500 10.500 6.500
v 12.500 10.500 8.500
v 11.500 10.500 8.500
v 12.500 10.500 6.500
v 12.500 10.500 7.500
v 0.500 10.500 8.500
v -0.500 10.500 8.500
v 3.500 10.500 8.500
v 3.500 10.500 7.500
v 4.500 10.500 8.500
v 7.500 10.500 8.500
v 5.500 10.500 8.500
v 7.500 10.500 7.500
v 10.500 10.500 8.500
v 13.500 10.500 8.500
v 13.500 10.500 7.500
v 15.500 10.500 8.500
v 2.500 10.500 9.500
v -0.500 10.500 9.500
v 2.500 10.500 8.500
v 4.500 10.500 9.500
v 8.500 10.500 9.500
v 5.500 10.500 9.500
v 8.500 10.500 8.500
v 10.500 10.500 9.500
v 12.500 10.500 10.500
v 13.500 10.500 10.500
v 14.500 10.500 10.500
v 14.500 10.500 8.500
v 15.500 10.500 10.500
v 4.500 10.500 10.500
v -0.500 10.500 10.500
v -0.500 10.500 11.000
v 4.500 10.500 11.000
v 6.000 10.500 11.500
v 6.000 10.500 10.500
v 10.000 10.500 10.500
v 10.500 10.500 11.500
v 10.000 10.500 11.500
v 15.500 10.500 11.500
v 10.500 10.500 12.000
v 11.500 10.500 11.500
v 11.500 10.500 12.000
v 13.500 10.500 12.500
v 11.500 10.500 12.500
v 13.500 10.500 11.500
v 14.500 10.500 12.500
v 14.500 10.500 11.500
v 15.500 10.500 12.500
v 12.500 10.500 13.500
v 11.500 10.500 13.500
v 12.500 10.500 12.500
v 15.500 10.500 13.500
v 12.500 10.500 14.500
v 11.500 10.500 14.500
v 13.500 10.500 14.500
v 13.500 10.500 13.500
v 15.500 10.500 14.500
v 13.500 10.500 15.500
v 11.500 10.500 15.500
v 14.500 10.500 15.500
v 14.500 10.500 14.500
v 15.500 10.500 15.500
v 13.500 21.500 0.500
v 13.500 21.500 -0.500
v 13.500 22.000 -0.500
v 13.500 22.000 0.500
v 13.500 21.500 4.500
v 13.500 21.500 3.500
v 13.500 22.000 3.500
v 13.500 22.000 4.500
v 13.500 16.500 4.500
v 13.500 16.500 5.500
v 13.500 16.000 5.500
v 13.500 16.000 4.500
v 13.500 16.000 5.000
v 13.500 15.500 5.500
v 13.500 15.500 5.000
v 4.500 14.000 14.500
v 4.500 14.000 15.500
v -0.500 14.000 14.500
v -0.500 14.000 15.500
v 4.500 11.500 4.500
v -0.500 11.500 4.500
v -0.500 15.500 4.500
v 4.500 15.500 4.500
v 4.500 16.500 4.500
v -0.500 16.500 4.500
v 4.500 22.000 4.500
v -0.500 22.000 4.500
v 11.500 15.500 4.500
v 15.500 15.500 4.500
v 15.500 16.500 4.500
v 11.500 16.500 4.500
v 15.500 22.000 4.500
v 11.500 22.000 4.500
v 11.500 11.500 4.500
v 4.500 12.500 4.500
v 11.500 12.500 4.500
v 4.500 13.500 4.500
v 4.500 17.500 4.500
v 11.500 17.500 4.500
v 4.500 19.500 4.500
v 6.500 11.500 4.500
v 6.500 11.000 4.500
v 6.000 11.000 4.500
v 6.500 16.500 4.500
v 6.500 16.000 4.500
v 6.000 16.000 4.500
v 6.000 15.500 4.500
v 10.500 11.500 4.500
v 10.500 11.000 4.500
v 10.000 11.000 4.500
v 10.500 16.500 4.500
v 10.500 16.000 4.500
v 10.000 16.000 4.500
v 10.500 15.500 4.500
v 10.000 15.500 4.500
v 11.500 13.500 4.500
v 10.500 13.500 4.500
v 10.500 19.500 4.500
v 11.500 19.500 4.500
v 5.125 -0.500 5.125
v 5.125 10.500 5.125
v 5.125 12.500 5.125
v 5.125 13.500 5.125
v 5.125 14.500 5.125
v 5.125 15.500 5.125
v 5.125 17.500 5.125
v 5.125 18.500 5.125
v 5.125 19.500 5.125
v 5.125 20.500 5.125
v 11.125 -0.500 5.125
v 11.125 10.500 5.125
v 11.125 12.500 5.125
v 11.125 13.500 5.125
v 11.125 14.500 5.125
v 11.125 15.500 5.125
v 11.125 17.500 5.125
v 11.125 18.500 5.125
v 11.125 19.500 5.125
v 11.125 20.500 5.125
v 4.875 4.500 5.125
v 5.125 4.500 5.125
v 5.125 4.500 4.875
v 4.875 4.500 4.875
v 10.875 4.500 5.125
v 11.125 4.500 5.125
v 11.125 4.500 4.875
v 10.875 4.500 4.875
v 4.875 4.500 11.125
v 5.125 4.500 11.125
v 5.125 4.500 10.875
v 4.875 4.500 10.875
v 10.875 4.500 11.125
v 11.125 4.500 11.125
v 11.125 4.500 10.875
v 10.875 4.500 10.875
v 4.500 11.500 10.500
v -0.500 11.500 10.500
v 10.500 11.500 10.500
v 6.500 15.500 10.500
v 6.500 16.500 10.500
v 9.500 15.500 10.500
v 10.500 15.500 10.500
v 10.500 16.500 10.500
v 11.500 11.500 10.500
v 4.500 12.500 10.500
v 11.500 12.500 10.500
v 4.500 13.500 10.500
v 11.500 16.500 10.500
v 4.500 16.500 10.500
v 4.500 17.500 10.500
v 11.500 17.500 10.500
v 4.500 19.500 10.500
v 11.500 13.500 10.500
v 10.500 13.500 10.500
v 10.500 19.500 10.500
v 11.500 19.500 10.500
v 4.875 0.500 5.125
v 5.125 0.500 5.125
v 5.125 0.500 4.875
v 4.875 0.500 4.875
v 10.875 0.500 5.125
v 11.125 0.500 5.125
v 11.125 0.500 4.875
v 10.875 0.500 4.875
v 4.875 0.500 11.125
v 5.125 0.500 11.125
v 5.125 0.500 10.875
v 4.875 0.500 10.875
v 10.875 0.500 11.125
v 11.125 0.500 11.125
v 11.125 0.500 10.875
v 10.875 0.500 10.875
v 4.500 14.000 14.000
v 4.500 13.500 14.000
v -0.500 15.000 14.000
v 4.500 15.000 14.000
v 4.500 15.500 14.000
v -0.500 15.500 14.000
v 4.500 16.000 14.000
v 4.500 16.500 14.000
v 5.125 11.500 4.125
v 5.125 12.500 4.125
v 5.125 16.500 4.125
v 5.125 17.500 4.125
v 11.125 11.500 4.125
v 11.125 12.500 4.125
v 11.125 16.500 4.125
v 11.125 17.500 4.125
v 4.875 8.500 5.125
v 5.125 8.500 5.125
v 5.125 8.500 4.875
v 4.875 8.500 4.875
v 10.875 8.500 5.125
v 11.125 8.500 5.125
v 11.125 8.500 4.875
v 10.875 8.500 4.875
v 4.875 8.500 11.125
v 5.125 8.500 11.125
v 5.125 8.500 10.875
v 4.875 8.500 10.875
v 10.875 8.500 11.125
v 11.125 8.500 11.125
v 11.125 8.500 10.875
v 10.875 8.500 10.875
v 5.125 11.500 2.125
v 5.125 12.500 2.125
v 5.125 16.500 2.125
v 5.125 17.500 2.125
v 11.125 11.500 2.125
v 11.125 12.500 2.125
v 11.125 16.500 2.125
v 11.125 17.500 2.125
v 6.500 11.500 5.500
v 6.500 11.000 5.500
v 6.500 16.500 5.500
v 6.500 16.000 5.500
v 6.500 15.500 8.500
v 6.500 15.500 6.500
v 6.500 16.500 6.500
v 6.500 16.500 8.500
v 6.500 15.500 9.500
v 6.500 16.500 9.500
v 6.500 11.500 10.500
v 6.500 11.500 11.500
v 6.500 11.000 11.500
v 6.500 11.000 10.500
v 6.500 16.500 11.500
v 6.500 16.000 11.500
v 6.500 16.000 10.500
v 5.125 11.500 0.875
v 5.125 12.500 0.875
v 5.125 16.500 0.875
v 5.125 17.500 0.875
v 11.125 11.500 0.875
v 11.125 12.500 0.875
v 11.125 16.500 0.875
v 11.125 17.500 0.875
v 4.500 20.500 4.500
v -0.500 20.500 4.500
v -0.500 20.500 -0.500
v 4.500 20.500 -0.500
v 5.500 20.500 4.500
v 11.500 20.500 4.500
v 10.500 20.500 4.500
v 10.500 20.500 -0.500
v 11.500 20.500 -0.500
v 15.500 20.500 4.500
v 15.500 20.500 -0.500
v -0.500 20.500 5.500
v 15.500 20.500 5.500
v 10.500 20.500 5.500
v 2.500 21.500 0.500
v 2.500 21.500 -0.500
v 2.500 22.000 -0.500
v 2.500 22.000 0.500
v 2.500 21.500 4.500
v 2.500 21.500 3.500
v 2.500 22.000 3.500
v 2.500 22.000 4.500
v 2.500 11.500 4.500
v 2.500 11.500 5.500
v 2.500 11.000 5.500
v 2.500 11.000 4.500
v 2.500 11.000 5.000
v 2.500 10.500 5.000
v 2.500 16.500 4.500
v 2.500 16.500 5.500
v 2.500 16.000 5.500
v 2.500 16.000 4.500
v 2.500 16.000 5.000
v 2.500 15.500 5.500
v 2.500 15.500 5.000
v 2.500 11.000 10.500
v 2.500 10.500 10.500
v 2.500 16.000 12.500
v 2.500 16.000 13.500
v 2.500 15.000 13.500
v 2.500 15.000 12.500
v 2.500 15.000 13.000
v 2.500 14.500 13.500
v 2.500 14.500 13.000
v 2.500 16.000 13.000
v 2.500 16.500 12.500
v 2.500 16.500 13.000
v 2.500 15.000 14.500
v 2.500 14.000 14.500
v 2.500 14.000 13.500
v 2.500 14.000 14.000
v 2.500 13.500 14.500
v 2.500 13.500 14.000
v 2.500 15.000 14.000
v 2.500 15.500 13.500
v 2.500 15.500 14.000
v 2.500 14.000 15.500
v 2.500 13.000 15.500
v 2.500 13.000 14.500
v 2.500 13.000 15.000
v 2.500 12.500 15.500
v 2.500 12.500 15.000
v 2.500 14.000 15.000
v 2.500 14.500 14.500
v 2.500 14.500 15.000
v 6.000 11.000 5.500
v 6.000 16.000 5.500
v 6.000 15.500 5.500
v 6.000 11.000 10.500
v 6.000 11.000 11.500
v 6.000 16.000 10.500
v 6.000 16.000 11.500
v 6.000 15.500 11.500
v 6.000 15.500 10.500
v 4.500 15.000 14.500
v -0.500 15.000 14.500
v 4.500 13.500 14.500
v 4.500 16.000 14.500
v -0.500 14.500 14.500
v 4.500 13.000 14.500
v 5.125 -0.500 4.875
v 5.125 10.500 4.875
v 5.125 12.500 4.875
v 5.125 13.500 4.875
v 5.125 14.500 4.875
v 5.125 15.500 4.875
v 5.125 17.500 4.875
v 5.125 18.500 4.875
v 5.125 19.500 4.875
v 5.125 20.500 4.875
v 11.125 -0.500 4.875
v 11.125 10.500 4.875
v 11.125 12.500 4.875
v 11.125 13.500 4.875
v 11.125 14.500 4.875
v 11.125 15.500 4.875
v 11.125 17.500 4.875
v 11.125 18.500 4.875
v 11.125 19.500 4.875
v 11.125 20.500 4.875
v 4.500 13.500 5.500
v 11.500 13.500 5.500
v 10.500 13.500 5.500
v 4.500 13.500 11.500
v 11.500 13.500 11.500
v 10.500 13.500 11.500
v 4.500 13.500 15.500
v -0.500 13.500 15.500
v 5.500 13.500 15.500
v 5.125 17.500 0.125
v 5.125 17.500 -0.125
v 11.125 17.500 0.125
v 11.125 17.500 -0.125
v 5.125 17.500 1.125
v 11.125 17.500 1.125
v 5.125 17.500 1.875
v 11.125 17.500 1.875
v 5.125 17.500 3.125
v 5.125 17.500 2.875
v 11.125 17.500 3.125
v 11.125 17.500 2.875
v 5.125 17.500 3.875
v 11.125 17.500 3.875
v 4.500 17.500 5.500
v 11.500 17.500 5.500
v 4.500 17.500 11.500
v 11.500 17.500 11.500
v 10.500 17.500 15.500
v 11.500 17.500 15.500
v 10.500 17.500 11.500
v -0.500 11.500 -0.500
v -0.500 15.500 -0.500
v -0.500 16.500 -0.500
v -0.500 22.000 -0.500
v -0.500 11.500 7.500
v -0.500 11.500 5.500
v -0.500 15.500 5.500
v -0.500 15.500 8.500
v -0.500 16.500 8.500
v -0.500 16.500 5.500
v -0.500 11.500 8.500
v -0.500 15.500 10.500
v -0.500 16.500 10.500
v -0.500 15.500 11.500
v -0.500 15.500 12.500
v -0.500 16.500 12.500
v -0.500 16.500 11.500
v 4.500 13.000 15.500
v 12.500 21.500 -0.500
v 12.500 22.000 -0.500
v 12.500 22.500 3.500
v 12.500 21.500 4.500
v 12.500 22.000 3.500
v 12.500 22.000 4.500
v 12.500 16.500 4.500
v 12.500 16.500 5.500
v 12.500 16.000 5.500
v 12.500 16.000 4.500
v 12.500 16.000 5.000
v 12.500 15.500 5.500
v 12.500 15.500 5.000
v 5.125 11.500 0.125
v 5.125 12.500 0.125
v 5.125 16.500 0.125
v 11.125 11.500 0.125
v 11.125 12.500 0.125
v 11.125 16.500 0.125
v 5.125 11.500 2.875
v 5.125 12.500 2.875
v 5.125 16.500 2.875
v 11.125 11.500 2.875
v 11.125 12.500 2.875
v 11.125 16.500 2.875
v 4.500 17.000 12.500
v 0.500 22.000 3.500
v -0.500 22.000 3.500
v 3.500 22.500 3.500
v 0.500 22.500 3.500
v 4.500 22.000 3.500
v 3.500 22.000 3.500
v 5.500 11.500 3.500
v 4.500 11.500 3.500
v 5.500 11.000 3.500
v 4.500 10.500 3.500
v 5.500 16.500 3.500
v 4.500 16.500 3.500
v 5.500 16.000 3.500
v 4.500 15.500 3.500
v 11.500 11.500 3.500
v 10.500 11.500 3.500
v 10.500 11.000 3.500
v 11.500 11.000 3.500
v 11.000 11.000 3.500
v 11.000 10.500 3.500
v 11.500 10.500 3.500
v 11.500 16.500 3.500
v 10.500 16.500 3.500
v 10.500 16.000 3.500
v 11.500 16.000 3.500
v 11.000 16.000 3.500
v 11.000 15.500 3.500
v 11.500 15.500 3.500
v 11.500 22.000 3.500
v 15.500 22.500 3.500
v 4.875 5.500 5.125
v 5.125 5.500 5.125
v 5.125 5.500 4.875
v 4.875 5.500 4.875
v 10.875 5.500 5.125
v 11.125 5.500 5.125
v 11.125 5.500 4.875
v 10.875 5.500 4.875
v 4.875 5.500 11.125
v 5.125 5.500 11.125
v 5.125 5.500 10.875
v 4.875 5.500 10.875
v 10.875 5.500 11.125
v 11.125 5.500 11.125
v 11.125 5.500 10.875
v 10.875 5.500 10.875
v 4.500 13.000 15.000
v 4.500 12.500 15.000
v -0.500 14.000 15.000
v 4.500 14.000 15.000
v 4.500 15.000 15.000
v 4.500 15.500 15.000
v 4.500 11.500 11.500
v -0.500 11.500 11.500
v -0.500 11.000 11.500
v 4.500 11.000 11.500
v 10.500 11.500 11.500
v 10.500 12.500 11.500
v 4.500 12.500 11.500
v 4.500 15.500 11.500
v 4.500 16.500 11.500
v 4.500 19.500 11.500
v 5.500 11.000 11.500
v 10.500 16.500 11.500
v 10.500 11.000 11.500
v 10.000 11.000 11.500
v 10.500 16.000 11.500
v 10.000 16.000 11.500
v 10.000 15.500 11.500
v 10.500 15.500 11.500
v 11.500 11.500 11.500
v 11.500 15.500 11.500
v 11.500 16.500 11.500
v 11.500 19.500 11.500
v 10.500 19.500 11.500
v -0.125 11.500 11.125
v -0.125 12.500 11.125
v 4.875 1.500 5.125
v 5.125 1.500 5.125
v 5.125 1.500 4.875
v 4.875 1.500 4.875
v 10.875 1.500 5.125
v 11.125 1.500 5.125
v 11.125 1.500 4.875
v 10.875 1.500 4.875
v 4.875 1.500 11.125
v 5.125 1.500 11.125
v 5.125 1.500 10.875
v 4.875 1.500 10.875
v 10.875 1.500 11.125
v 11.125 1.500 11.125
v 11.125 1.500 10.875
v 10.875 1.500 10.875
v 4.500 11.000 11.000
v -0.500 11.000 11.000
v 5.125 11.500 -0.125
v 5.125 12.500 -0.125
v 5.125 16.500 -0.125
v 5.125 11.500 1.125
v 5.125 12.500 1.125
v 5.125 16.500 1.125
v 5.125 11.500 1.875
v 5.125 12.500 1.875
v 5.125 16.500 1.875
v 5.125 11.500 3.125
v 5.125 12.500 3.125
v 5.125 16.500 3.125
v 5.125 11.500 3.875
v 5.125 12.500 3.875
v 5.125 16.500 3.875
v 5.125 -0.500 11.125
v 5.125 10.500 11.125
v 5.125 12.500 11.125
v 5.125 13.500 11.125
v 5.125 14.500 11.125
v 5.125 15.500 11.125
v 5.125 17.500 11.125
v 5.125 18.500 11.125
v 4.875 9.500 5.125
v 5.125 9.500 5.125
v 5.125 9.500 4.875
v 4.875 9.500 4.875
v 10.875 9.500 5.125
v 11.125 9.500 5.125
v 11.125 9.500 4.875
v 10.875 9.500 4.875
v 4.875 9.500 11.125
v 5.125 9.500 11.125
v 5.125 9.500 10.875
v 4.875 9.500 10.875
v 10.875 9.500 11.125
v 11.125 9.500 11.125
v 11.125 9.500 10.875
v 10.875 9.500 10.875
v 3.125 11.500 11.125
v 3.125 12.500 11.125
v 3.500 21.500 -0.500
v 3.500 22.000 -0.500
v 3.500 21.500 4.500
v 3.500 22.000 4.500
v 3.500 11.500 4.500
v 3.500 11.500 5.500
v 3.500 11.000 5.500
v 3.500 11.000 4.500
v 3.500 11.000 5.000
v 3.500 10.500 5.000
v 3.500 16.500 4.500
v 3.500 16.500 5.500
v 3.500 16.000 5.500
v 3.500 16.000 4.500
v 3.500 16.000 5.000
v 3.500 15.500 5.500
v 3.500 15.500 5.000
v 3.500 11.000 10.500
v 3.500 10.500 10.500
v 3.500 16.000 12.500
v 3.500 16.000 13.500
v 3.500 15.000 13.500
v 3.500 15.000 12.500
v 3.500 15.000 13.000
v 3.500 14.500 13.500
v 3.500 14.500 13.000
v 3.500 16.000 13.000
v 3.500 16.500 12.500
v 3.500 16.500 13.000
v 3.500 15.000 14.500
v 3.500 14.000 14.500
v 3.500 14.000 13.500
v 3.500 14.000 14.000
v 3.500 13.500 14.500
v 3.500 13.500 14.000
v 3.500 15.000 14.000
v 3.500 15.500 13.500
v 3.500 15.500 14.000
v 3.500 14.000 15.500
v 3.500 13.000 15.500
v 3.500 13.000 14.500
v 3.500 13.000 15.000
v 3.500 12.500 15.500
v 3.500 12.500 15.000
v 3.500 14.000 15.000
v 3.500 14.500 14.500
v 3.500 14.500 15.000
v 1.875 11.500 11.125
v 1.875 12.500 11.125
v 11.125 11.500 -0.125
v 11.125 12.500 -0.125
v 11.125 16.500 -0.125
v 4.500 12.500 15.500
v 4.500 15.000 15.500
v 11.125 -0.500 11.125
v 1.125 11.500 11.125
v 1.125 12.500 11.125
v 4.500 16.500 -0.500
v 4.500 16.500 -0.500
v 11.500 16.500 -0.500
v 10.500 16.500 -0.500
v 15.500 16.500 -0.500
v 11.500 16.500 -0.500
v 11.125 16.500 1.125
v 11.125 16.500 1.875
v 11.125 16.500 3.125
v 11.125 16.500 3.875
v 4.500 16.500 5.500
v -0.500 16.500 4.500
v 10.500 16.500 5.500
v 15.500 16.500 5.500
v 11.500 16.500 5.500
v -0.500 16.500 6.500
v 0.500 16.500 6.500
v 0.500 16.500 5.500
v 3.500 16.500 6.500
v 3.500 16.500 7.500
v 4.500 16.500 7.500
v 5.500 16.500 6.500
v 8.500 16.500 6.500
v 8.500 16.500 5.500
v 10.500 16.500 6.500
v 11.500 16.500 8.500
v 12.500 16.500 8.500
v 12.500 16.500 6.500
v 14.500 16.500 6.500
v 14.500 16.500 5.500
v 15.500 16.500 6.500
v 1.500 16.500 8.500
v 1.500 16.500 6.500
v 1.500 16.500 7.500
v 5.500 16.500 8.500
v 10.500 16.500 8.500
v 12.500 16.500 7.500
v 15.500 16.500 7.500
v 1.500 16.500 9.500
v 2.500 16.500 9.500
v 2.500 16.500 7.500
v 2.500 16.500 8.500
v 4.500 16.500 8.500
v 14.500 16.500 8.500
v 14.500 16.500 7.500
v 15.500 16.500 8.500
v 0.500 16.500 10.500
v 0.500 16.500 8.500
v 0.500 16.500 9.500
v 3.500 16.500 9.500
v 3.500 16.500 8.500
v 4.500 16.500 9.500
v 10.500 16.500 9.500
v 12.500 16.500 10.500
v 12.500 16.500 9.500
v 14.500 16.500 9.500
v 15.500 16.500 9.500
v 15.500 16.500 10.500
v 15.500 16.500 11.500
v 0.500 16.500 12.500
v 0.500 16.500 11.500
v 1.500 16.500 11.500
v 3.500 16.500 11.500
v 4.500 16.500 12.500
v 5.500 16.500 12.500
v 11.500 16.500 15.500
v 10.500 16.500 15.500
v 11.500 16.500 12.500
v 13.500 16.500 12.500
v 13.500 16.500 11.500
v 14.500 16.500 12.500
v 14.500 16.500 11.500
v 15.500 16.500 12.500
v -0.500 16.500 12.500
v 11.500 16.500 13.500
v 12.500 16.500 13.500
v 12.500 16.500 12.500
v 15.500 16.500 13.500
v 11.500 16.500 14.500
v 12.500 16.500 14.500
v 13.500 16.500 14.500
v 13.500 16.500 13.500
v 15.500 16.500 14.500
v 13.500 16.500 15.500
v 14.500 16.500 15.500
v 14.500 16.500 14.500
v 15.500 16.500 15.500
v 11.500 11.500 -0.500
v 11.500 15.500 -0.500
v 11.500 22.000 -0.500
v 11.500 11.500 5.500
v 11.500 12.500 5.500
v 11.500 15.500 5.500
v 11.500 19.500 5.500
v 11.500 11.500 15.500
v 11.500 12.500 15.500
v 11.500 11.500 13.500
v 11.500 15.500 13.500
v 11.500 11.500 14.500
v 11.500 15.500 14.500
v 11.500 15.500 15.500
v 11.000 11.000 4.500
v 11.000 11.000 -0.500
v 11.000 16.000 4.500
v 11.000 16.000 -0.500
v 11.000 15.500 -0.500
v 11.000 15.500 4.500
v -0.500 21.500 2.500
v 0.500 21.500 2.500
v 0.500 22.000 2.500
v -0.500 22.000 2.500
v 3.500 21.500 2.500
v 4.500 21.500 2.500
v 4.500 22.000 2.500
v 3.500 22.000 2.500
v 5.500 11.500 2.500
v 4.500 11.500 2.500
v 5.500 11.000 2.500
v 4.500 10.500 2.500
v 5.500 16.500 2.500
v 4.500 16.500 2.500
v 5.500 16.000 2.500
v 4.500 15.500 2.500
v 11.500 11.500 2.500
v 10.500 11.500 2.500
v 10.500 11.000 2.500
v 11.500 11.000 2.500
v 11.000 11.000 2.500
v 11.000 10.500 2.500
v 11.500 10.500 2.500
v 11.500 16.500 2.500
v 10.500 16.500 2.500
v 10.500 16.000 2.500
v 11.500 16.000 2.500
v 11.000 16.000 2.500
v 11.000 15.500 2.500
v 11.500 15.500 2.500
v 11.500 21.500 2.500
v 12.500 21.500 2.500
v 12.500 22.000 2.500
v 11.500 22.000 2.500
v 3.875 11.500 11.125
v 3.875 12.500 11.125
v 8.500 15.500 6.500
v 11.125 12.500 1.125
v 11.125 12.500 1.875
v 11.125 12.500 3.125
v 11.125 12.500 3.875
v 4.500 12.500 5.500
v 0.125 12.500 11.125
v 0.875 12.500 11.125
v 11.500 12.500 11.500
v 10.500 12.500 15.500
v 4.500 16.000 4.500
v 4.500 16.000 -0.500
v 10.500 16.000 -0.500
v 11.500 16.000 -0.500
v 11.500 16.000 4.500
v 4.500 16.000 5.500
v -0.500 16.000 5.500
v -0.500 16.000 4.500
v 5.500 16.000 5.500
v 10.500 16.000 5.500
v 15.500 16.000 4.500
v 15.500 16.000 5.500
v 11.500 16.000 5.500
v 5.500 16.000 10.500
v 10.500 16.000 10.500
v 4.500 16.000 12.500
v 4.500 16.000 11.500
v 10.500 16.000 12.500
v 11.500 16.000 11.500
v 11.500 16.000 12.500
v -0.500 16.000 12.500
v 15.500 22.000 -0.500
v 15.500 22.000 0.500
v 15.500 22.000 3.500
v 15.500 16.000 5.000
v 15.500 15.500 5.500
v 15.500 15.500 5.000
v 11.125 11.500 1.125
v 11.125 11.500 1.875
v 11.125 11.500 3.125
v 11.125 11.500 3.875
v 11.125 10.500 11.125
v 11.125 12.500 11.125
v 11.125 13.500 11.125
v 11.125 14.500 11.125
v 11.125 15.500 11.125
v 11.125 17.500 11.125
v 11.125 18.500 11.125
v 0.125 11.500 11.125
v 0.875 11.500 11.125
v 0.500 15.500 12.500
v 3.500 15.500 12.500
v 4.500 15.500 12.500
v 4.500 17.500 12.500
v 11.500 11.500 12.500
v 10.500 11.500 12.500
v 10.500 11.000 12.500
v 11.500 11.000 12.500
v 10.500 16.500 12.500
v 4.500 15.000 12.500
v 4.875 6.500 5.125
v 5.125 6.500 5.125
v 5.125 6.500 4.875
v 4.875 6.500 4.875
v 10.875 6.500 5.125
v 11.125 6.500 5.125
v 11.125 6.500 4.875
v 10.875 6.500 4.875
v 4.875 6.500 11.125
v 5.125 6.500 11.125
v 5.125 6.500 10.875
v 4.875 6.500 10.875
v 10.875 6.500 11.125
v 11.125 6.500 11.125
v 11.125 6.500 10.875
v 10.875 6.500 10.875
v 4.875 2.500 5.125
v 5.125 2.500 5.125
v 5.125 2.500 4.875
v 4.875 2.500 4.875
v 10.875 2.500 5.125
v 11.125 2.500 5.125
v 11.125 2.500 4.875
v 10.875 2.500 4.875
v 4.875 2.500 11.125
v 5.125 2.500 11.125
v 5.125 2.500 10.875
v 4.875 2.500 10.875
v 10.875 2.500 11.125
v 11.125 2.500 11.125
v 11.125 2.500 10.875
v 10.875 2.500 10.875
v 4.500 16.000 12.000
v 4.500 15.500 12.000
v 11.500 11.000 12.000
v 10.500 11.000 12.000
v 11.500 16.000 12.000
v 10.500 16.000 12.000
v 10.500 15.500 12.000
v 11.500 15.500 12.000
v 0.500 21.500 -0.500
v 0.500 22.000 -0.500
v 0.500 21.500 4.500
v 0.500 22.000 4.500
v 0.500 11.000 11.000
v 0.500 10.500 10.500
v 4.500 22.000 -0.500
v 4.500 11.500 -0.500
v 4.500 15.500 -0.500
v 4.500 15.500 5.500
v 4.500 19.500 5.500
v 4.500 15.000 13.500
v 4.500 16.500 13.500
v 4.500 15.500 14.500
v 0.500 22.500 1.500
v 3.500 22.500 1.500
v 12.500 22.500 1.500
v 15.500 22.500 1.500
v 0.500 22.500 2.500
v 1.500 22.500 2.500
v 1.500 22.500 1.500
v 2.500 22.500 2.500
v 2.500 22.500 1.500
v 3.500 22.500 2.500
v 12.500 22.500 2.500
v 13.500 22.500 2.500
v 13.500 22.500 1.500
v 14.500 22.500 2.500
v 14.500 22.500 1.500
v 15.500 22.500 2.500
v 15.500 15.500 -0.500
v 10.500 11.500 -0.500
v 10.500 11.000 -0.500
v 10.500 11.500 5.500
v 10.500 15.500 5.500
v 10.500 19.500 5.500
v 10.500 12.500 12.500
v 10.500 17.500 12.500
v 10.500 11.500 15.500
v 1.500 11.000 11.000
v 1.500 10.500 10.500
v 1.500 10.500 11.000
v 11.500 15.500 -0.500
v 4.500 15.500 5.000
v -0.500 15.500 5.500
v -0.500 15.500 5.000
v 4.500 15.500 10.500
v 10.000 15.500 5.500
v 11.500 15.500 10.500
v 11.500 15.500 5.000
v 0.500 15.500 6.500
v -0.500 15.500 6.500
v 0.500 15.500 5.500
v 3.500 15.500 6.500
v 4.500 15.500 7.500
v 3.500 15.500 7.500
v 5.500 15.500 6.500
v 8.500 15.500 5.500
v 10.500 15.500 6.500
v 12.500 15.500 8.500
v 11.500 15.500 8.500
v 14.500 15.500 6.500
v 12.500 15.500 6.500
v 14.500 15.500 5.500
v 15.500 15.500 6.500
v 1.500 15.500 8.500
v 1.500 15.500 6.500
v 1.500 15.500 7.500
v 5.500 15.500 8.500
v 10.500 15.500 8.500
v 15.500 15.500 7.500
v 12.500 15.500 7.500
v 2.500 15.500 9.500
v 1.500 15.500 9.500
v 2.500 15.500 7.500
v 4.500 15.500 8.500
v 2.500 15.500 8.500
v 14.500 15.500 8.500
v 14.500 15.500 7.500
v 15.500 15.500 8.500
v 0.500 15.500 10.500
v 0.500 15.500 8.500
v 0.500 15.500 9.500
v 3.500 15.500 9.500
v 3.500 15.500 8.500
v 4.500 15.500 9.500
v 10.500 15.500 9.500
v 12.500 15.500 10.500
v 14.500 15.500 9.500
v 12.500 15.500 9.500
v 15.500 15.500 9.500
v 15.500 15.500 10.500
v 10.000 15.500 10.500
v 15.500 15.500 11.500
v 0.500 15.500 11.500
v 1.500 15.500 11.500
v 3.500 15.500 11.500
v 13.500 15.500 12.500
v 11.500 15.500 12.500
v 13.500 15.500 11.500
v 14.500 15.500 12.500
v 14.500 15.500 11.500
v 15.500 15.500 12.500
v -0.500 15.500 13.500
v 12.500 15.500 13.500
v 12.500 15.500 12.500
v 15.500 15.500 13.500
v 12.500 15.500 14.500
v 13.500 15.500 14.500
v 13.500 15.500 13.500
v 15.500 15.500 14.500
v 13.500 15.500 15.500
v 14.500 15.500 15.500
v 14.500 15.500 14.500
v 15.500 15.500 15.500
v 10.000 11.000 5.500
v 10.000 16.000 5.500
v 10.000 11.000 10.500
v 10.000 16.000 10.500
v 4.500 11.000 4.500
v 4.500 11.000 -0.500
v 11.500 11.000 -0.500
v 11.500 11.000 4.500
v 4.500 11.000 5.500
v -0.500 11.000 5.500
v -0.500 11.000 4.500
v 5.500 11.000 5.500
v 10.500 11.000 5.500
v -0.500 11.000 10.500
v 4.500 11.000 10.500
v 5.500 11.000 10.500
v 10.500 11.000 10.500
v 11.500 11.000 11.500
v -0.500 21.500 1.500
v 0.500 21.500 1.500
v 0.500 22.000 1.500
v -0.500 22.000 1.500
v 3.500 21.500 1.500
v 4.500 21.500 1.500
v 4.500 22.000 1.500
v 3.500 22.000 1.500
v 5.000 11.000 1.500
v 4.500 10.500 1.500
v 5.000 10.500 1.500
v 5.000 16.000 1.500
v 4.500 15.500 1.500
v 5.000 15.500 1.500
v 11.500 11.500 1.500
v 10.500 11.500 1.500
v 10.500 11.000 1.500
v 11.500 16.500 1.500
v 10.500 16.500 1.500
v 10.500 16.000 1.500
v 11.500 21.500 1.500
v 12.500 21.500 1.500
v 12.500 22.000 1.500
v 11.500 22.000 1.500
v -0.500 11.000 5.000
v 4.500 11.000 5.000
v -0.500 16.000 5.000
v 4.500 16.000 5.000
v 11.500 16.000 5.000
v -0.500 15.000 13.500
v 4.500 11.500 5.500
v 7.500 11.500 5.500
v 8.500 11.500 5.500
v 14.500 21.500 0.500
v 14.500 21.500 -0.500
v 14.500 22.000 -0.500
v 14.500 22.000 0.500
v 14.500 21.500 4.500
v 14.500 21.500 3.500
v 14.500 22.000 3.500
v 14.500 22.000 4.500
v 14.500 16.500 4.500
v 14.500 16.000 5.500
v 14.500 16.000 4.500
v 14.500 16.000 5.000
v 14.500 15.500 5.000
v 4.500 11.500 -0.500
v 11.500 11.500 -0.500
v 15.500 11.500 4.500
v 15.500 11.500 -0.500
v -0.500 11.500 4.500
v 15.500 11.500 5.500
v -0.500 11.500 6.500
v 1.500 11.500 6.500
v 2.500 11.500 6.500
v 3.500 11.500 6.500
v 4.500 11.500 6.500
v 5.500 11.500 6.500
v 7.500 11.500 6.500
v 8.500 11.500 6.500
v 8.500 11.500 7.500
v 10.500 11.500 7.500
v 11.500 11.500 6.500
v 14.500 11.500 6.500
v 14.500 11.500 5.500
v 14.500 11.500 7.500
v 15.500 11.500 7.500
v 0.500 11.500 7.500
v 0.500 11.500 6.500
v 1.500 11.500 7.500
v 4.500 11.500 7.500
v 5.500 11.500 7.500
v 6.500 11.500 7.500
v 6.500 11.500 6.500
v 11.500 11.500 8.500
v 12.500 11.500 8.500
v 12.500 11.500 6.500
v 12.500 11.500 7.500
v 0.500 11.500 8.500
v 3.500 11.500 8.500
v 3.500 11.500 7.500
v 4.500 11.500 8.500
v 5.500 11.500 8.500
v 7.500 11.500 8.500
v 7.500 11.500 7.500
v 10.500 11.500 8.500
v 13.500 11.500 8.500
v 13.500 11.500 7.500
v 15.500 11.500 8.500
v -0.500 11.500 9.500
v 2.500 11.500 9.500
v 2.500 11.500 8.500
v 4.500 11.500 9.500
v 5.500 11.500 9.500
v 8.500 11.500 9.500
v 8.500 11.500 8.500
v 10.500 11.500 9.500
v 12.500 11.500 10.500
v 13.500 11.500 10.500
v 14.500 11.500 10.500
v 14.500 11.500 8.500
v 15.500 11.500 10.500
v 15.500 11.500 11.500
v 13.500 11.500 12.500
v 13.500 11.500 11.500
v 14.500 11.500 12.500
v 14.500 11.500 11.500
v 15.500 11.500 12.500
v 12.500 11.500 13.500
v 12.500 11.500 12.500
v 15.500 11.500 13.500
v 12.500 11.500 14.500
v 13.500 11.500 14.500
v 13.500 11.500 13.500
v 15.500 11.500 14.500
v 13.500 11.500 15.500
v 14.500 11.500 15.500
v 14.500 11.500 14.500
v 15.500 11.500 15.500
v 23.500 15.000 17.000
v 22.500 15.000 17.000
v 22.500 14.500 17.000
v 23.500 14.500 17.000
v 23.500 17.000 17.000
v 22.500 17.000 17.000
v 22.500 17.500 17.000
v 23.500 17.500 17.000
v 28.500 15.000 17.000
v 28.500 14.500 17.000
v 28.500 16.000 17.000
v 23.500 16.000 17.000
v 23.500 16.500 17.000
v 28.500 16.500 17.000
v 29.500 15.000 17.000
v 29.500 14.500 17.000
v 29.500 17.000 17.000
v 28.500 17.000 17.000
v 28.500 17.500 17.000
v 29.500 17.500 17.000
v 16.875 7.500 19.125
v 17.125 7.500 19.125
v 17.125 7.500 18.875
v 16.875 7.500 18.875
v 22.875 7.500 19.125
v 23.125 7.500 19.125
v 23.125 7.500 18.875
v 22.875 7.500 18.875
v 28.875 7.500 19.125
v 29.125 7.500 19.125
v 29.125 7.500 18.875
v 28.875 7.500 18.875
v 16.875 7.500 25.125
v 17.125 7.500 25.125
v 17.125 7.500 24.875
v 16.875 7.500 24.875
v 22.875 7.500 25.125
v 23.125 7.500 25.125
v 23.125 7.500 24.875
v 22.875 7.500 24.875
v 28.875 7.500 25.125
v 29.125 7.500 25.125
v 29.125 7.500 24.875
v 28.875 7.500 24.875
v 16.875 3.500 19.125
v 17.125 3.500 19.125
v 17.125 3.500 18.875
v 16.875 3.500 18.875
v 22.875 3.500 19.125
v 23.125 3.500 19.125
v 23.125 3.500 18.875
v 22.875 3.500 18.875
v 28.875 3.500 19.125
v 29.125 3.500 19.125
v 29.125 3.500 18.875
v 28.875 3.500 18.875
v 16.875 3.500 25.125
v 17.125 3.500 25.125
v 17.125 3.500 24.875
v 16.875 3.500 24.875
v 22.875 3.500 25.125
v 23.125 3.500 25.125
v 23.125 3.500 24.875
v 22.875 3.500 24.875
v 28.875 3.500 25.125
v 29.125 3.500 25.125
v 29.125 3.500 24.875
v 28.875 3.500 24.875
v 21.500 11.500 19.500
v 21.500 11.500 18.500
v 21.500 11.000 18.500
v 21.500 11.000 19.500
v 21.500 16.500 19.500
v 21.500 16.500 18.500
v 21.500 16.000 18.500
v 21.500 16.000 19.500
v 21.500 15.500 20.500
v 21.500 15.500 23.500
v 21.500 16.500 23.500
v 21.500 16.500 20.500
v 21.500 11.500 25.500
v 21.500 11.500 24.500
v 21.500 11.000 24.500
v 21.500 11.000 25.500
v 21.500 16.000 26.500
v 21.500 16.000 27.500
v 21.500 15.000 27.500
v 21.500 15.000 26.500
v 21.500 15.000 27.000
v 21.500 14.500 27.500
v 21.500 14.500 27.000
v 21.500 16.000 27.000
v 21.500 16.500 26.500
v 21.500 16.500 27.000
v 21.500 15.000 28.500
v 21.500 14.000 28.500
v 21.500 14.000 27.500
v 21.500 14.000 28.000
v 21.500 13.500 28.500
v 21.500 13.500 28.000
v 21.500 15.000 28.000
v 21.500 15.500 27.500
v 21.500 15.500 28.000
v 21.500 14.000 29.500
v 21.500 13.000 29.500
v 21.500 13.000 28.500
v 21.500 13.000 29.000
v 21.500 12.500 29.500
v 21.500 12.500 29.000
v 21.500 14.000 29.000
v 21.500 14.500 28.500
v 21.500 14.500 29.000
v 21.500 13.000 30.500
v 21.500 12.000 30.500
v 21.500 12.000 29.500
v 21.500 12.000 30.000
v 21.500 11.500 30.500
v 21.500 11.500 30.000
v 21.500 13.000 30.000
v 21.500 13.500 29.500
v 21.500 13.500 30.000
v 21.500 12.000 31.500
v 21.500 11.000 31.500
v 21.500 11.000 30.500
v 21.500 11.000 31.000
v 21.500 10.500 31.500
v 21.500 10.500 31.000
v 21.500 12.000 31.000
v 21.500 12.500 30.500
v 21.500 12.500 31.000
v 29.125 11.500 19.875
v 28.875 11.500 19.875
v 28.875 12.500 19.875
v 29.125 12.500 19.875
v 29.125 16.500 19.875
v 28.875 16.500 19.875
v 28.875 17.500 19.875
v 29.125 17.500 19.875
v 29.125 11.500 20.875
v 28.875 11.500 20.875
v 28.875 12.500 20.875
v 29.125 12.500 20.875
v 29.125 16.500 20.875
v 28.875 16.500 20.875
v 28.875 17.500 20.875
v 29.125 17.500 20.875
v 29.500 16.000 15.500
v 29.500 16.000 16.500
v 29.500 14.000 16.500
v 29.500 14.000 15.500
v 29.500 14.000 16.000
v 29.500 13.500 16.000
v 29.500 13.500 15.500
v 29.500 16.000 16.000
v 29.500 16.500 16.000
v 29.500 16.500 16.500
v 29.500 17.000 16.500
v 29.500 17.000 17.500
v 29.500 15.000 17.500
v 29.500 15.000 16.500
v 29.500 14.500 16.500
v 29.500 17.500 17.500
v 29.500 17.500 18.500
v 29.500 16.000 18.500
v 29.500 16.000 17.500
v 29.500 16.000 18.000
v 29.500 15.500 18.000
v 29.500 15.500 17.500
v 29.500 10.500 19.500
v 29.500 10.500 18.500
v 29.500 12.500 18.500
v 29.500 12.500 19.500
v 29.500 13.500 19.500
v 29.500 13.500 18.500
v 29.500 14.500 18.500
v 29.500 14.500 19.500
v 29.500 15.500 19.500
v 29.500 15.500 18.500
v 29.500 17.500 19.500
v 29.500 18.500 19.500
v 29.500 18.500 18.500
v 29.500 19.500 18.500
v 29.500 19.500 19.500
v 29.500 20.500 25.500
v 29.500 20.500 18.500
v 29.500 21.500 18.500
v 29.500 21.500 25.500
v 29.500 11.500 19.500
v 29.500 11.500 24.500
v 29.500 11.000 24.500
v 29.500 11.000 19.500
v 29.500 15.500 24.500
v 29.500 16.500 19.500
v 29.500 16.500 24.500
v 29.500 10.500 25.500
v 29.500 10.500 24.500
v 29.500 12.500 24.500
v 29.500 12.500 25.500
v 29.500 13.500 25.500
v 29.500 13.500 24.500
v 29.500 14.500 24.500
v 29.500 14.500 25.500
v 29.500 15.500 25.500
v 29.500 17.500 24.500
v 29.500 17.500 25.500
v 29.500 18.500 25.500
v 29.500 18.500 24.500
v 29.500 19.500 24.500
v 29.500 19.500 25.500
v 15.500 21.500 19.500
v 17.500 21.500 19.500
v 17.500 21.500 18.500
v 15.500 21.500 18.500
v 22.500 21.500 19.500
v 29.500 21.500 19.500
v 22.500 21.500 18.500
v 15.500 21.500 24.500
v 16.500 21.500 24.500
v 16.500 21.500 19.500
v 17.500 21.500 24.500
v 22.500 21.500 24.500
v 23.500 21.500 24.500
v 23.500 21.500 19.500
v 23.500 21.500 20.500
v 28.500 21.500 20.500
v 28.500 21.500 19.500
v 28.500 21.500 24.500
v 29.500 21.500 24.500
v 23.500 21.500 23.500
v 24.500 21.500 23.500
v 24.500 21.500 20.500
v 27.500 21.500 23.500
v 28.500 21.500 23.500
v 27.500 21.500 20.500
v 15.500 21.500 25.500
v 17.500 21.500 25.500
v 22.500 21.500 25.500
v 29.000 11.000 19.500
v 29.000 11.000 24.500
v 29.000 10.500 24.500
v 29.000 10.500 19.500
v 28.875 11.500 22.125
v 29.125 11.500 22.125
v 29.125 12.500 22.125
v 28.875 12.500 22.125
v 28.875 16.500 22.125
v 29.125 16.500 22.125
v 29.125 17.500 22.125
v 28.875 17.500 22.125
v 25.500 15.000 15.500
v 25.500 15.000 16.500
v 25.500 14.000 16.500
v 25.500 14.000 15.500
v 25.500 14.000 16.000
v 25.500 13.500 16.000
v 25.500 13.500 15.500
v 25.500 15.000 16.000
v 25.500 15.500 16.000
v 25.500 15.500 16.500
v 25.500 16.000 16.500
v 25.500 16.000 17.500
v 25.500 15.000 17.500
v 25.500 15.000 17.000
v 25.500 14.500 17.000
v 25.500 14.500 16.500
v 25.500 16.000 17.000
v 25.500 16.500 17.000
v 25.500 16.500 17.500
v 25.500 11.500 18.500
v 25.500 11.500 19.500
v 25.500 11.000 19.500
v 25.500 11.000 18.500
v 25.500 11.000 19.000
v 25.500 10.500 19.500
v 25.500 10.500 19.000
v 25.500 21.500 20.500
v 25.500 21.500 19.500
v 25.500 22.000 19.500
v 25.500 22.000 20.500
v 25.500 21.500 24.500
v 25.500 21.500 23.500
v 25.500 22.000 23.500
v 25.500 22.000 24.500
v 25.500 11.500 24.500
v 25.500 11.500 25.500
v 25.500 11.000 25.500
v 25.500 11.000 24.500
v 25.500 11.000 25.000
v 25.500 10.500 25.000
v 25.500 10.500 24.500
v 23.500 16.500 17.500
v 22.500 16.500 17.500
v 22.500 15.000 17.500
v 23.500 15.000 17.500
v 28.500 15.500 17.500
v 23.500 15.500 17.500
v 28.500 15.000 17.500
v 29.500 16.500 17.500
v 28.500 16.500 17.500
v 16.500 11.500 17.500
v 17.500 11.500 17.500
v 17.500 11.000 17.500
v 16.500 11.000 17.500
v 16.500 16.500 17.500
v 17.500 16.500 17.500
v 17.500 16.000 17.500
v 16.500 16.000 17.500
v 22.500 17.500 17.500
v 23.500 17.500 17.500
v 24.500 15.500 17.500
v 24.500 16.500 17.500
v 25.500 15.500 17.500
v 26.500 15.500 17.500
v 26.500 16.500 17.500
v 28.500 17.500 17.500
v 16.500 13.000 29.000
v 17.500 13.000 29.000
v 17.500 12.500 29.000
v 16.500 12.500 29.000
v 16.500 15.000 29.000
v 17.500 15.000 29.000
v 17.500 15.500 29.000
v 16.500 15.500 29.000
v 22.500 13.000 29.000
v 22.500 12.500 29.000
v 17.500 14.000 29.000
v 22.500 14.000 29.000
v 22.500 14.500 29.000
v 17.500 14.500 29.000
v 23.500 13.000 29.000
v 23.500 12.500 29.000
v 22.500 15.000 29.000
v 23.500 15.000 29.000
v 23.500 15.500 29.000
v 22.500 15.500 29.000
v 15.500 21.500 21.500
v 16.500 21.500 21.500
v 16.500 22.000 21.500
v 15.500 22.000 21.500
v 23.500 21.500 21.500
v 24.500 21.500 21.500
v 24.500 22.000 21.500
v 23.500 22.000 21.500
v 27.500 21.500 21.500
v 28.500 21.500 21.500
v 28.500 22.000 21.500
v 27.500 22.000 21.500
v 29.500 11.500 21.500
v 28.500 11.500 21.500
v 28.500 11.000 21.500
v 29.500 11.000 21.500
v 29.000 11.000 21.500
v 28.500 10.500 21.500
v 29.000 10.500 21.500
v 24.125 11.500 19.125
v 24.125 11.500 18.875
v 24.125 12.500 18.875
v 24.125 12.500 19.125
v 24.125 11.500 25.125
v 24.125 11.500 24.875
v 24.125 12.500 24.875
v 24.125 12.500 25.125
v 24.125 16.500 25.125
v 24.125 16.500 24.875
v 24.125 17.500 24.875
v 24.125 17.500 25.125
v 28.500 11.000 25.000
v 23.500 11.000 25.000
v 23.500 10.500 25.000
v 28.500 10.500 25.000
v 23.500 14.500 16.500
v 22.500 14.500 16.500
v 22.500 14.500 15.500
v 23.500 14.500 15.500
v 28.500 14.500 16.500
v 28.500 14.500 15.500
v 29.500 14.500 15.500
v 16.500 14.500 19.500
v 17.500 14.500 19.500
v 17.500 14.500 18.500
v 16.500 14.500 18.500
v 22.500 14.500 19.500
v 23.500 14.500 19.500
v 23.500 14.500 18.500
v 22.500 14.500 18.500
v 28.500 14.500 19.500
v 28.500 14.500 18.500
v 16.500 14.500 25.500
v 17.500 14.500 25.500
v 17.500 14.500 24.500
v 16.500 14.500 24.500
v 22.500 14.500 25.500
v 23.500 14.500 25.500
v 23.500 14.500 24.500
v 22.500 14.500 24.500
v 28.500 14.500 25.500
v 28.500 14.500 24.500
v 17.500 14.500 27.000
v 17.500 14.500 27.500
v 16.500 14.500 27.500
v 16.500 14.500 27.000
v 22.500 14.500 27.000
v 22.500 14.500 28.500
v 17.500 14.500 28.500
v 23.500 14.500 27.000
v 23.500 14.500 27.500
v 22.500 14.500 27.500
v 16.500 14.500 28.500
v 23.500 14.500 28.500
v 16.500 14.500 30.000
v 17.500 14.500 30.000
v 22.500 14.500 30.000
v 23.500 14.500 30.000
v 27.875 11.500 18.875
v 27.875 11.500 19.125
v 27.875 12.500 19.125
v 27.875 12.500 18.875
v 27.875 11.500 24.875
v 27.875 11.500 25.125
v 27.875 12.500 25.125
v 27.875 12.500 24.875
v 27.875 16.500 24.875
v 27.875 16.500 25.125
v 27.875 17.500 25.125
v 27.875 17.500 24.875
v 17.500 18.500 19.500
v 16.500 18.500 19.500
v 16.500 18.500 18.500
v 17.500 18.500 18.500
v 23.500 18.500 19.500
v 22.500 18.500 19.500
v 22.500 18.500 18.500
v 23.500 18.500 18.500
v 28.500 18.500 19.500
v 28.500 18.500 18.500
v 17.500 18.500 25.500
v 16.500 18.500 25.500
v 16.500 18.500 24.500
v 17.500 18.500 24.500
v 23.500 18.500 25.500
v 22.500 18.500 25.500
v 22.500 18.500 24.500
v 23.500 18.500 24.500
v 28.500 18.500 25.500
v 28.500 18.500 24.500
v 17.500 11.500 15.500
v 17.500 12.500 15.500
v 17.500 12.500 17.500
v 17.500 16.500 15.500
v 17.500 17.500 15.500
v 17.500 17.500 17.500
v 17.500 12.500 18.500
v 17.500 11.000 18.500
v 17.500 11.000 18.000
v 17.500 10.500 18.500
v 17.500 10.500 18.000
v 17.500 17.500 18.500
v 17.500 16.000 18.500
v 17.500 16.000 18.000
v 17.500 15.500 18.500
v 17.500 15.500 18.000
v 17.500 10.500 19.500
v 17.500 11.500 18.500
v 17.500 11.500 19.500
v 17.500 13.500 19.500
v 17.500 13.500 18.500
v 17.500 15.500 19.500
v 17.500 16.500 18.500
v 17.500 16.500 19.500
v 17.500 19.500 18.500
v 17.500 19.500 19.500
v 17.500 20.500 25.500
v 17.500 20.500 18.500
v 17.500 10.500 25.500
v 17.500 10.500 24.500
v 17.500 11.500 24.500
v 17.500 11.500 25.500
v 17.500 13.500 25.500
v 17.500 13.500 24.500
v 17.500 16.500 26.500
v 17.500 16.500 24.500
v 17.500 17.500 24.500
v 17.500 17.500 26.500
v 17.500 19.500 24.500
v 17.500 19.500 25.500
v 17.500 15.500 25.500
v 17.500 15.500 26.500
v 17.500 16.500 25.500
v 17.500 17.000 26.500
v 17.500 17.000 27.500
v 17.500 15.000 27.500
v 17.500 15.000 26.500
v 17.500 15.000 27.000
v 17.500 17.000 27.000
v 17.500 17.500 27.000
v 17.500 15.500 27.500
v 17.500 16.000 27.500
v 17.500 16.000 28.500
v 17.500 14.000 28.500
v 17.500 14.000 27.500
v 17.500 14.000 28.000
v 17.500 13.500 28.500
v 17.500 13.500 28.000
v 17.500 16.000 28.000
v 17.500 16.500 27.500
v 17.500 16.500 28.000
v 17.500 15.000 28.500
v 17.500 15.000 29.500
v 17.500 13.000 29.500
v 17.500 13.000 28.500
v 17.500 12.500 29.500
v 17.500 15.500 28.500
v 17.500 13.500 29.500
v 17.500 14.000 29.500
v 17.500 14.000 30.500
v 17.500 12.000 30.500
v 17.500 12.000 29.500
v 17.500 12.000 30.000
v 17.500 11.500 30.500
v 17.500 11.500 30.000
v 17.500 14.000 30.000
v 17.500 14.500 29.500
v 17.500 12.500 30.500
v 17.500 11.500 31.500
v 17.500 13.000 30.500
v 17.500 13.000 31.500
v 17.500 13.000 31.000
v 17.500 13.500 30.500
v 17.500 13.500 31.000
v 17.500 11.000 30.500
v 17.500 11.000 31.500
v 17.500 11.000 31.000
v 17.500 10.500 31.000
v 17.500 10.500 31.500
v 25.875 11.500 18.875
v 25.875 11.500 19.125
v 25.875 12.500 19.125
v 25.875 12.500 18.875
v 25.875 11.500 24.875
v 25.875 11.500 25.125
v 25.875 12.500 25.125
v 25.875 12.500 24.875
v 25.875 16.500 24.875
v 25.875 16.500 25.125
v 25.875 17.500 25.125
v 25.875 17.500 24.875
v 16.875 -0.500 19.125
v 17.125 -0.500 19.125
v 17.125 10.500 19.125
v 16.875 10.500 19.125
v 16.875 12.500 19.125
v 17.125 12.500 19.125
v 17.125 13.500 19.125
v 16.875 13.500 19.125
v 16.875 14.500 19.125
v 17.125 14.500 19.125
v 17.125 15.500 19.125
v 16.875 15.500 19.125
v 16.875 17.500 19.125
v 17.125 17.500 19.125
v 17.125 18.500 19.125
v 16.875 18.500 19.125
v 16.875 19.500 19.125
v 17.125 19.500 19.125
v 17.125 20.500 19.125
v 16.875 20.500 19.125
v 22.875 -0.500 19.125
v 23.125 -0.500 19.125
v 23.125 10.500 19.125
v 22.875 10.500 19.125
v 22.875 12.500 19.125
v 23.125 12.500 19.125
v 23.125 13.500 19.125
v 22.875 13.500 19.125
v 22.875 14.500 19.125
v 23.125 14.500 19.125
v 23.125 15.500 19.125
v 22.875 15.500 19.125
v 22.875 17.500 19.125
v 23.125 17.500 19.125
v 23.125 18.500 19.125
v 22.875 18.500 19.125
v 22.875 19.500 19.125
v 23.125 19.500 19.125
v 23.125 20.500 19.125
v 22.875 20.500 19.125
v 23.875 11.500 19.125
v 23.875 12.500 19.125
v 24.875 11.500 19.125
v 25.125 11.500 19.125
v 25.125 12.500 19.125
v 24.875 12.500 19.125
v 26.125 11.500 19.125
v 26.125 12.500 19.125
v 26.875 11.500 19.125
v 27.125 11.500 19.125
v 27.125 12.500 19.125
v 26.875 12.500 19.125
v 28.125 11.500 19.125
v 28.125 12.500 19.125
v 28.875 -0.500 19.125
v 29.125 -0.500 19.125
v 29.125 10.500 19.125
v 28.875 10.500 19.125
v 28.875 12.500 19.125
v 29.125 12.500 19.125
v 29.125 13.500 19.125
v 28.875 13.500 19.125
v 28.875 14.500 19.125
v 29.125 14.500 19.125
v 29.125 15.500 19.125
v 28.875 15.500 19.125
v 28.875 17.500 19.125
v 29.125 17.500 19.125
v 29.125 18.500 19.125
v 28.875 18.500 19.125
v 28.875 19.500 19.125
v 29.125 19.500 19.125
v 29.125 20.500 19.125
v 28.875 20.500 19.125
v 16.500 10.500 16.500
v 15.500 10.500 16.500
v 15.500 10.500 15.500
v 16.500 10.500 15.500
v 16.500 10.500 18.500
v 15.500 10.500 18.500
v 16.500 10.500 18.000
v 15.500 10.500 19.500
v 18.000 10.500 19.500
v 18.000 10.500 18.500
v 22.000 10.500 18.500
v 22.500 10.500 18.500
v 22.500 10.500 19.500
v 22.000 10.500 19.500
v 23.500 10.500 25.500
v 22.500 10.500 25.500
v 23.500 10.500 18.500
v 28.500 10.500 19.000
v 28.500 10.500 19.500
v 23.500 10.500 19.500
v 23.500 10.500 19.000
v 28.500 10.500 18.500
v 16.500 10.500 20.500
v 15.500 10.500 20.500
v 16.500 10.500 19.500
v 16.500 10.500 24.500
v 18.500 10.500 21.500
v 17.500 10.500 21.500
v 18.500 10.500 19.500
v 19.500 10.500 21.500
v 19.500 10.500 19.500
v 21.500 10.500 20.500
v 19.500 10.500 20.500
v 21.500 10.500 19.500
v 22.500 10.500 20.500
v 24.500 10.500 20.500
v 23.500 10.500 20.500
v 24.500 10.500 19.500
v 26.500 10.500 20.500
v 26.500 10.500 19.500
v 27.500 10.500 20.500
v 27.500 10.500 19.500
v 28.500 10.500 20.500
v 28.500 10.500 24.500
v 16.500 10.500 22.500
v 15.500 10.500 22.500
v 20.500 10.500 22.500
v 19.500 10.500 22.500
v 20.500 10.500 20.500
v 22.500 10.500 21.500
v 20.500 10.500 21.500
v 27.500 10.500 21.500
v 23.500 10.500 21.500
v 17.500 10.500 22.500
v 21.500 10.500 22.500
v 21.500 10.500 21.500
v 22.500 10.500 22.500
v 28.500 10.500 22.500
v 23.500 10.500 22.500
v 16.500 10.500 23.500
v 15.500 10.500 23.500
v 21.500 10.500 24.500
v 22.500 10.500 24.500
v 24.500 10.500 23.500
v 23.500 10.500 23.500
v 24.500 10.500 22.500
v 28.500 10.500 23.500
v 15.500 10.500 24.500
v 23.500 10.500 24.500
v 25.500 10.500 23.500
v 26.500 10.500 24.500
v 26.500 10.500 23.500
v 15.500 10.500 25.500
v 18.000 10.500 25.500
v 18.000 10.500 24.500
v 22.000 10.500 24.500
v 22.000 10.500 25.500
v 28.500 10.500 25.500
v 16.500 10.500 26.500
v 15.500 10.500 26.500
v 16.500 10.500 25.500
v 16.500 10.500 27.500
v 15.500 10.500 27.500
v 16.500 10.500 31.500
v 15.500 10.500 31.500
v 22.500 10.500 31.000
v 22.500 10.500 31.500
v 22.500 14.000 16.500
v 22.500 14.000 15.500
v 23.500 14.000 15.500
v 23.500 14.000 16.500
v 28.500 14.000 15.500
v 28.500 14.000 16.500
v 16.500 14.000 28.500
v 16.500 14.000 27.500
v 22.500 14.000 27.500
v 22.500 14.000 28.500
v 23.500 14.000 27.500
v 23.500 14.000 28.500
v 22.500 14.000 29.500
v 16.500 14.000 29.500
v 16.500 14.000 30.500
v 23.500 14.000 30.500
v 23.500 14.000 29.500
v 22.500 14.000 30.500
v 16.500 13.500 29.500
v 16.500 15.000 29.500
v 22.500 12.500 29.500
v 22.500 13.500 29.500
v 23.500 13.500 29.500
v 23.500 15.000 29.500
v 22.500 15.000 29.500
v 16.500 12.000 29.500
v 22.500 12.000 29.500
v 23.500 12.000 29.500
v 28.875 11.500 24.125
v 29.125 11.500 24.125
v 29.125 12.500 24.125
v 28.875 12.500 24.125
v 28.875 16.500 24.125
v 29.125 16.500 24.125
v 29.125 17.500 24.125
v 28.875 17.500 24.125
v 15.500 20.500 25.500
v 16.500 11.500 25.500
v 23.500 11.500 25.500
v 23.500 12.500 25.500
v 16.500 12.500 25.500
v 16.500 13.500 25.500
v 16.500 15.500 25.500
v 16.500 16.500 25.500
v 16.500 19.500 25.500
v 18.500 11.500 25.500
v 17.500 11.000 25.500
v 18.500 11.000 25.500
v 18.000 11.000 25.500
v 22.500 11.500 25.500
v 22.500 11.000 25.500
v 22.000 11.000 25.500
v 22.500 13.500 25.500
v 23.500 13.500 25.500
v 22.500 15.500 25.500
v 29.500 16.500 25.500
v 22.500 16.500 25.500
v 23.500 19.500 25.500
v 22.500 19.500 25.500
v 22.500 20.500 25.500
v 28.500 11.500 25.500
v 23.500 11.000 25.500
v 28.500 11.000 25.500
v 28.500 12.500 25.500
v 28.500 13.500 25.500
v 28.500 16.500 25.500
v 28.500 17.500 25.500
v 28.500 19.500 25.500
v 16.500 11.000 18.000
v 16.500 16.000 18.000
v 16.500 15.500 18.000
v 23.500 16.000 18.000
v 22.500 16.000 18.000
v 22.500 15.500 18.000
v 23.500 15.500 18.000
v 28.500 16.000 18.000
v 28.500 15.500 18.000
v 16.875 4.500 19.125
v 17.125 4.500 19.125
v 17.125 4.500 18.875
v 16.875 4.500 18.875
v 22.875 4.500 19.125
v 23.125 4.500 19.125
v 23.125 4.500 18.875
v 22.875 4.500 18.875
v 28.875 4.500 19.125
v 29.125 4.500 19.125
v 29.125 4.500 18.875
v 28.875 4.500 18.875
v 16.875 4.500 25.125
v 17.125 4.500 25.125
v 17.125 4.500 24.875
v 16.875 4.500 24.875
v 22.875 4.500 25.125
v 23.125 4.500 25.125
v 23.125 4.500 24.875
v 22.875 4.500 24.875
v 28.875 4.500 25.125
v 29.125 4.500 25.125
v 29.125 4.500 24.875
v 28.875 4.500 24.875
v 24.875 11.500 18.875
v 24.875 12.500 18.875
v 24.875 11.500 24.875
v 24.875 11.500 25.125
v 24.875 12.500 25.125
v 24.875 12.500 24.875
v 24.875 16.500 24.875
v 24.875 16.500 25.125
v 24.875 17.500 25.125
v 24.875 17.500 24.875
v 16.875 0.500 19.125
v 17.125 0.500 19.125
v 17.125 0.500 18.875
v 16.875 0.500 18.875
v 22.875 0.500 19.125
v 23.125 0.500 19.125
v 23.125 0.500 18.875
v 22.875 0.500 18.875
v 28.875 0.500 19.125
v 29.125 0.500 19.125
v 29.125 0.500 18.875
v 28.875 0.500 18.875
v 16.875 0.500 25.125
v 17.125 0.500 25.125
v 17.125 0.500 24.875
v 16.875 0.500 24.875
v 22.875 0.500 25.125
v 23.125 0.500 25.125
v 23.125 0.500 24.875
v 22.875 0.500 24.875
v 28.875 0.500 25.125
v 29.125 0.500 25.125
v 29.125 0.500 24.875
v 28.875 0.500 24.875
v 29.125 11.500 23.875
v 28.875 11.500 23.875
v 28.875 12.500 23.875
v 29.125 12.500 23.875
v 29.125 16.500 23.875
v 28.875 16.500 23.875
v 28.875 17.500 23.875
v 29.125 17.500 23.875
v 20.500 16.000 26.500
v 20.500 16.000 27.500
v 20.500 15.000 27.500
v 20.500 15.000 26.500
v 20.500 15.000 27.000
v 20.500 14.500 27.500
v 20.500 14.500 27.000
v 20.500 16.000 27.000
v 20.500 16.500 26.500
v 20.500 16.500 27.000
v 20.500 15.000 28.500
v 20.500 14.000 28.500
v 20.500 14.000 27.500
v 20.500 14.000 28.000
v 20.500 13.500 28.500
v 20.500 13.500 28.000
v 20.500 15.000 28.000
v 20.500 15.500 27.500
v 20.500 15.500 28.000
v 20.500 14.000 29.500
v 20.500 13.000 29.500
v 20.500 13.000 28.500
v 20.500 13.000 29.000
v 20.500 12.500 29.500
v 20.500 12.500 29.000
v 20.500 14.000 29.000
v 20.500 14.500 28.500
v 20.500 14.500 29.000
v 20.500 13.000 30.500
v 20.500 12.000 30.500
v 20.500 12.000 29.500
v 20.500 12.000 30.000
v 20.500 11.500 30.500
v 20.500 11.500 30.000
v 20.500 13.000 30.000
v 20.500 13.500 29.500
v 20.500 13.500 30.000
v 20.500 12.000 31.500
v 20.500 11.000 31.500
v 20.500 11.000 30.500
v 20.500 11.000 31.000
v 20.500 10.500 31.500
v 20.500 10.500 31.000
v 20.500 12.000 31.000
v 20.500 12.500 30.500
v 20.500 12.500 31.000
v 16.875 8.500 19.125
v 17.125 8.500 19.125
v 17.125 8.500 18.875
v 16.875 8.500 18.875
v 22.875 8.500 19.125
v 23.125 8.500 19.125
v 23.125 8.500 18.875
v 22.875 8.500 18.875
v 28.875 8.500 19.125
v 29.125 8.500 19.125
v 29.125 8.500 18.875
v 28.875 8.500 18.875
v 16.875 8.500 25.125
v 17.125 8.500 25.125
v 17.125 8.500 24.875
v 16.875 8.500 24.875
v 22.875 8.500 25.125
v 23.125 8.500 25.125
v 23.125 8.500 24.875
v 22.875 8.500 24.875
v 28.875 8.500 25.125
v 29.125 8.500 25.125
v 29.125 8.500 24.875
v 28.875 8.500 24.875
v 16.875 -0.500 18.875
v 16.875 10.500 18.875
v 16.875 12.500 18.875
v 16.875 13.500 18.875
v 16.875 14.500 18.875
v 16.875 15.500 18.875
v 16.875 17.500 18.875
v 16.875 18.500 18.875
v 16.875 19.500 18.875
v 16.875 20.500 18.875
v 16.875 -0.500 24.875
v 16.875 -0.500 25.125
v 16.875 10.500 25.125
v 16.875 10.500 24.875
v 16.875 12.500 24.875
v 16.875 12.500 25.125
v 16.875 13.500 25.125
v 16.875 13.500 24.875
v 16.875 14.500 24.875
v 16.875 14.500 25.125
v 16.875 15.500 25.125
v 16.875 15.500 24.875
v 16.875 17.500 24.875
v 16.875 17.500 25.125
v 16.875 18.500 25.125
v 16.875 18.500 24.875
v 16.875 19.500 24.875
v 16.875 19.500 25.125
v 16.875 20.500 25.125
v 16.875 20.500 24.875
v 27.125 11.500 18.875
v 27.125 12.500 18.875
v 27.125 11.500 25.125
v 27.125 11.500 24.875
v 27.125 12.500 24.875
v 27.125 12.500 25.125
v 27.125 16.500 25.125
v 27.125 16.500 24.875
v 27.125 17.500 24.875
v 27.125 17.500 25.125
v 25.125 11.500 18.875
v 25.125 12.500 18.875
v 25.125 11.500 25.125
v 25.125 11.500 24.875
v 25.125 12.500 24.875
v 25.125 12.500 25.125
v 25.125 16.500 25.125
v 25.125 16.500 24.875
v 25.125 17.500 24.875
v 25.125 17.500 25.125
v 28.500 14.000 16.000
v 28.500 13.500 16.000
v 28.500 13.500 15.500
v 28.500 16.000 16.500
v 28.500 16.000 15.500
v 28.500 16.000 16.000
v 28.500 16.500 16.500
v 28.500 16.500 16.000
v 28.500 15.500 16.500
v 28.500 15.000 16.500
v 28.500 17.000 17.500
v 28.500 17.000 16.500
v 28.500 15.500 18.500
v 28.500 16.500 18.500
v 28.500 16.500 19.500
v 28.500 17.500 19.500
v 28.500 12.500 19.500
v 28.500 12.500 18.500
v 28.500 13.500 18.500
v 28.500 13.500 19.500
v 28.500 19.500 19.500
v 28.500 19.500 18.500
v 28.500 11.500 19.500
v 28.500 11.500 20.500
v 28.500 22.000 19.500
v 28.500 22.000 24.500
v 28.500 11.500 22.500
v 28.500 11.500 23.500
v 28.500 11.500 24.500
v 28.500 12.500 24.500
v 28.500 13.500 24.500
v 28.500 16.500 24.500
v 28.500 17.500 24.500
v 28.500 19.500 24.500
v 24.500 15.000 15.500
v 24.500 15.000 16.500
v 24.500 14.000 16.500
v 24.500 14.000 15.500
v 24.500 14.000 16.000
v 24.500 13.500 16.000
v 24.500 13.500 15.500
v 24.500 15.000 16.000
v 24.500 15.500 16.000
v 24.500 15.500 16.500
v 24.500 16.000 16.500
v 24.500 16.000 17.500
v 24.500 15.000 17.500
v 24.500 15.000 17.000
v 24.500 14.500 17.000
v 24.500 14.500 16.500
v 24.500 16.000 17.000
v 24.500 16.500 17.000
v 24.500 11.500 18.500
v 24.500 11.500 19.500
v 24.500 11.000 19.500
v 24.500 11.000 18.500
v 24.500 11.000 19.000
v 24.500 10.500 19.000
v 24.500 21.500 19.500
v 24.500 22.000 19.500
v 24.500 22.000 20.500
v 24.500 22.500 23.500
v 24.500 22.500 20.500
v 24.500 21.500 24.500
v 24.500 22.000 23.500
v 24.500 22.000 24.500
v 24.500 11.500 24.500
v 24.500 11.500 25.500
v 24.500 11.000 25.500
v 24.500 11.000 24.500
v 24.500 11.000 25.000
v 24.500 10.500 25.000
v 24.500 10.500 24.500
v 17.500 20.500 19.500
v 15.500 20.500 19.500
v 15.500 20.500 18.500
v 29.500 20.500 19.500
v 22.500 20.500 19.500
v 22.500 20.500 18.500
v 16.500 20.500 24.500
v 15.500 20.500 24.500
v 16.500 20.500 19.500
v 17.500 20.500 24.500
v 23.500 20.500 24.500
v 22.500 20.500 24.500
v 23.500 20.500 19.500
v 28.500 20.500 24.500
v 28.500 20.500 19.500
v 29.500 20.500 24.500
v 16.500 11.500 18.500
v 16.500 13.500 18.500
v 16.500 15.500 18.500
v 16.500 16.500 18.500
v 16.500 19.500 18.500
v 18.500 11.500 18.500
v 18.500 11.000 18.500
v 18.000 11.000 18.500
v 23.500 11.500 18.500
v 23.500 12.500 18.500
v 18.500 16.500 18.500
v 18.500 16.000 18.500
v 18.000 16.000 18.500
v 18.000 15.500 18.500
v 22.500 16.500 18.500
v 22.500 17.500 18.500
v 22.500 11.500 18.500
v 22.500 11.000 18.500
v 22.000 11.000 18.500
v 22.500 16.000 18.500
v 22.000 16.000 18.500
v 22.500 15.500 18.500
v 22.000 15.500 18.500
v 23.500 13.500 18.500
v 22.500 13.500 18.500
v 23.500 15.500 18.500
v 23.500 16.500 18.500
v 22.500 19.500 18.500
v 23.500 19.500 18.500
v 28.500 11.500 18.500
v 28.500 11.000 18.500
v 23.500 11.000 18.500
v 29.500 16.500 18.500
v 16.500 16.000 26.000
v 17.500 16.000 26.000
v 17.500 15.500 26.000
v 16.500 15.500 26.000
v 22.500 16.000 26.000
v 23.500 16.000 26.000
v 23.500 15.500 26.000
v 22.500 15.500 26.000
v 15.500 21.500 22.500
v 16.500 21.500 22.500
v 16.500 22.000 22.500
v 15.500 22.000 22.500
v 23.500 21.500 22.500
v 24.500 21.500 22.500
v 24.500 22.000 22.500
v 23.500 22.000 22.500
v 27.500 21.500 22.500
v 28.500 21.500 22.500
v 28.500 22.000 22.500
v 27.500 22.000 22.500
v 29.500 11.500 22.500
v 28.500 11.000 22.500
v 29.500 11.000 22.500
v 29.000 11.000 22.500
v 29.000 10.500 22.500
v 29.125 11.500 21.875
v 28.875 11.500 21.875
v 28.875 12.500 21.875
v 29.125 12.500 21.875
v 29.125 16.500 21.875
v 28.875 16.500 21.875
v 28.875 17.500 21.875
v 29.125 17.500 21.875
v 22.875 -0.500 18.875
v 22.875 10.500 18.875
v 22.875 12.500 18.875
v 22.875 13.500 18.875
v 22.875 14.500 18.875
v 22.875 15.500 18.875
v 22.875 17.500 18.875
v 22.875 18.500 18.875
v 22.875 19.500 18.875
v 22.875 20.500 18.875
v 22.875 -0.500 24.875
v 22.875 -0.500 25.125
v 22.875 10.500 25.125
v 22.875 10.500 24.875
v 22.875 12.500 24.875
v 22.875 12.500 25.125
v 22.875 13.500 25.125
v 22.875 13.500 24.875
v 22.875 14.500 24.875
v 22.875 14.500 25.125
v 22.875 15.500 25.125
v 22.875 15.500 24.875
v 22.875 17.500 24.875
v 22.875 17.500 25.125
v 22.875 18.500 25.125
v 22.875 18.500 24.875
v 22.875 19.500 24.875
v 22.875 19.500 25.125
v 22.875 20.500 25.125
v 22.875 20.500 24.875
v 22.500 13.500 16.000
v 22.500 13.500 15.500
v 23.500 13.500 15.500
v 23.500 13.500 16.000
v 16.500 13.500 19.500
v 23.500 13.500 19.500
v 22.500 13.500 19.500
v 16.500 13.500 24.500
v 22.500 13.500 24.500
v 23.500 13.500 24.500
v 16.500 13.500 28.500
v 16.500 13.500 28.000
v 22.500 13.500 28.000
v 23.500 13.500 28.000
v 23.500 13.500 28.500
v 22.500 13.500 28.500
v 22.500 13.500 30.000
v 17.500 13.500 30.000
v 16.500 13.500 31.000
v 22.500 13.500 31.000
v 23.500 13.500 31.000
v 16.500 17.500 18.500
v 16.500 17.500 15.500
v 23.500 17.500 18.500
v 16.500 17.500 19.500
v 23.500 17.500 19.500
v 28.875 17.500 20.125
v 29.125 17.500 20.125
v 28.875 17.500 21.125
v 29.125 17.500 21.125
v 28.875 17.500 23.125
v 29.125 17.500 23.125
v 29.125 17.500 22.875
v 28.875 17.500 22.875
v 16.500 17.500 27.000
v 16.500 17.500 24.500
v 22.500 17.500 27.000
v 23.500 17.500 27.000
v 23.500 17.500 24.500
v 22.500 17.500 24.500
v 23.875 17.500 25.125
v 23.875 17.500 24.875
v 26.125 17.500 25.125
v 26.125 17.500 24.875
v 26.875 17.500 25.125
v 26.875 17.500 24.875
v 28.125 17.500 25.125
v 28.125 17.500 24.875
v 29.125 -0.500 18.875
v 29.125 10.500 18.875
v 29.125 12.500 18.875
v 29.125 13.500 18.875
v 29.125 14.500 18.875
v 29.125 15.500 18.875
v 29.125 17.500 18.875
v 29.125 18.500 18.875
v 29.125 19.500 18.875
v 29.125 20.500 18.875
v 29.125 11.500 20.125
v 29.125 12.500 20.125
v 29.125 16.500 20.125
v 29.125 11.500 21.125
v 29.125 12.500 21.125
v 29.125 16.500 21.125
v 29.125 11.500 23.125
v 29.125 11.500 22.875
v 29.125 12.500 22.875
v 29.125 12.500 23.125
v 29.125 16.500 23.125
v 29.125 16.500 22.875
v 29.125 -0.500 25.125
v 29.125 -0.500 24.875
v 29.125 10.500 24.875
v 29.125 10.500 25.125
v 29.125 12.500 25.125
v 29.125 12.500 24.875
v 29.125 13.500 24.875
v 29.125 13.500 25.125
v 29.125 14.500 25.125
v 29.125 14.500 24.875
v 29.125 15.500 24.875
v 29.125 15.500 25.125
v 29.125 17.500 25.125
v 29.125 17.500 24.875
v 29.125 18.500 24.875
v 29.125 18.500 25.125
v 29.125 19.500 25.125
v 29.125 19.500 24.875
v 29.125 20.500 24.875
v 29.125 20.500 25.125
v 16.500 11.500 15.500
v 16.500 11.500 16.500
v 16.500 15.500 16.500
v 16.500 15.500 15.500
v 16.500 16.500 15.500
v 16.500 16.500 16.500
v 16.500 11.500 19.500
v 16.500 12.500 19.500
v 16.500 12.500 15.500
v 16.500 16.500 19.500
v 16.500 19.500 19.500
v 16.500 22.000 19.500
v 16.500 22.000 24.500
v 16.500 11.500 24.500
v 16.500 12.500 24.500
v 16.500 16.500 24.500
v 16.500 16.500 26.500
v 16.500 17.500 26.500
v 16.500 19.500 24.500
v 16.500 11.500 26.500
v 16.500 15.500 26.500
v 16.500 11.500 27.500
v 16.500 15.500 27.500
v 16.500 15.000 26.500
v 16.500 15.000 27.500
v 16.500 15.000 27.000
v 16.500 16.500 27.500
v 16.500 17.000 27.500
v 16.500 17.000 26.500
v 16.500 17.000 27.000
v 16.500 11.500 31.500
v 16.500 15.500 31.500
v 16.500 16.500 31.500
v 16.500 15.500 28.500
v 16.500 14.000 28.000
v 16.500 15.000 28.500
v 16.500 13.000 28.500
v 16.500 13.000 29.500
v 16.500 12.500 29.500
v 16.500 12.000 30.500
v 16.500 12.000 30.000
v 16.500 11.500 30.000
v 16.500 11.500 30.500
v 16.500 14.000 30.000
v 16.500 14.500 29.500
v 16.500 13.000 31.500
v 16.500 13.000 30.500
v 16.500 13.000 31.000
v 16.500 13.500 30.500
v 22.500 13.000 28.500
v 22.500 13.000 29.500
v 23.500 13.000 28.500
v 23.500 13.000 29.500
v 22.500 13.000 30.500
v 23.500 13.000 31.500
v 23.500 13.000 30.500
v 22.500 13.000 31.500
v 22.500 17.000 16.500
v 22.500 17.000 17.500
v 23.500 17.000 17.500
v 23.500 17.000 16.500
v 23.500 17.000 27.500
v 23.500 17.000 26.500
v 22.500 17.000 26.500
v 22.500 17.000 27.500
v 18.500 15.500 26.500
v 18.500 16.500 26.500
v 19.500 15.500 26.500
v 19.500 16.500 26.500
v 21.500 15.500 26.500
v 22.500 15.500 26.500
v 22.500 16.500 26.500
v 23.500 16.500 26.500
v 23.500 17.500 26.500
v 22.500 17.500 26.500
v 22.500 15.000 26.500
v 23.500 15.000 26.500
v 16.875 5.500 19.125
v 17.125 5.500 19.125
v 17.125 5.500 18.875
v 16.875 5.500 18.875
v 22.875 5.500 19.125
v 23.125 5.500 19.125
v 23.125 5.500 18.875
v 22.875 5.500 18.875
v 28.875 5.500 19.125
v 29.125 5.500 19.125
v 29.125 5.500 18.875
v 28.875 5.500 18.875
v 16.875 5.500 25.125
v 17.125 5.500 25.125
v 17.125 5.500 24.875
v 16.875 5.500 24.875
v 22.875 5.500 25.125
v 23.125 5.500 25.125
v 23.125 5.500 24.875
v 22.875 5.500 24.875
v 28.875 5.500 25.125
v 29.125 5.500 25.125
v 29.125 5.500 24.875
v 28.875 5.500 24.875
v 28.875 11.500 21.125
v 28.875 12.500 21.125
v 28.875 16.500 21.125
v 16.875 1.500 19.125
v 17.125 1.500 19.125
v 17.125 1.500 18.875
v 16.875 1.500 18.875
v 22.875 1.500 19.125
v 23.125 1.500 19.125
v 23.125 1.500 18.875
v 22.875 1.500 18.875
v 28.875 1.500 19.125
v 29.125 1.500 19.125
v 29.125 1.500 18.875
v 28.875 1.500 18.875
v 16.875 1.500 25.125
v 17.125 1.500 25.125
v 17.125 1.500 24.875
v 16.875 1.500 24.875
v 22.875 1.500 25.125
v 23.125 1.500 25.125
v 23.125 1.500 24.875
v 22.875 1.500 24.875
v 28.875 1.500 25.125
v 29.125 1.500 25.125
v 29.125 1.500 24.875
v 28.875 1.500 24.875
v 16.500 12.500 30.500
v 22.500 11.500 30.500
v 22.500 12.500 30.500
v 23.500 12.500 30.500
v 22.500 11.000 30.500
v 23.500 11.500 30.500
v 22.500 12.000 30.000
v 22.500 11.500 30.000
v 17.500 13.000 30.000
v 22.500 13.000 30.000
v 23.500 12.000 30.000
v 23.500 11.500 30.000
v 22.500 14.000 30.000
v 23.500 14.000 30.000
v 16.875 9.500 19.125
v 17.125 9.500 19.125
v 17.125 9.500 18.875
v 16.875 9.500 18.875
v 22.875 9.500 19.125
v 23.125 9.500 19.125
v 23.125 9.500 18.875
v 22.875 9.500 18.875
v 28.875 9.500 19.125
v 29.125 9.500 19.125
v 29.125 9.500 18.875
v 28.875 9.500 18.875
v 16.875 9.500 25.125
v 17.125 9.500 25.125
v 17.125 9.500 24.875
v 16.875 9.500 24.875
v 22.875 9.500 25.125
v 23.125 9.500 25.125
v 23.125 9.500 24.875
v 22.875 9.500 24.875
v 28.875 9.500 25.125
v 29.125 9.500 25.125
v 29.125 9.500 24.875
v 28.875 9.500 24.875
v 27.500 15.000 15.500
v 27.500 15.000 16.500
v 27.500 14.000 16.500
v 27.500 14.000 15.500
v 27.500 14.000 16.000
v 27.500 13.500 16.000
v 27.500 13.500 15.500
v 27.500 15.000 16.000
v 27.500 15.500 16.000
v 27.500 15.500 16.500
v 27.500 16.000 16.500
v 27.500 16.000 17.500
v 27.500 15.000 17.500
v 27.500 15.000 17.000
v 27.500 14.500 17.000
v 27.500 14.500 16.500
v 27.500 16.000 17.000
v 27.500 16.500 17.000
v 27.500 16.500 17.500
v 27.500 11.500 18.500
v 27.500 11.500 19.500
v 27.500 11.000 19.500
v 27.500 11.000 18.500
v 27.500 11.000 19.000
v 27.500 10.500 19.000
v 27.500 21.500 19.500
v 27.500 22.000 19.500
v 27.500 22.000 20.500
v 27.500 22.500 20.500
v 27.500 22.500 23.500
v 27.500 21.500 24.500
v 27.500 22.000 23.500
v 27.500 22.000 24.500
v 27.500 11.500 24.500
v 27.500 11.500 25.500
v 27.500 11.000 25.500
v 27.500 11.000 24.500
v 27.500 11.000 25.000
v 27.500 10.500 25.000
v 27.500 10.500 24.500
v 23.500 16.000 15.500
v 23.500 16.000 16.500
v 23.500 14.000 16.000
v 23.500 16.000 16.000
v 23.500 16.500 16.000
v 23.500 16.500 16.500
v 23.500 15.000 16.500
v 23.500 15.500 16.500
v 23.500 16.500 19.500
v 23.500 12.500 19.500
v 23.500 19.500 19.500
v 23.500 22.000 24.500
v 23.500 22.000 19.500
v 23.500 12.500 24.500
v 23.500 16.500 25.500
v 23.500 16.500 24.500
v 23.500 17.500 25.500
v 23.500 19.500 24.500
v 23.500 16.000 26.500
v 23.500 16.000 25.500
v 23.500 15.500 26.500
v 23.500 15.000 27.500
v 23.500 15.000 27.000
v 23.500 17.000 27.000
v 23.500 16.000 27.500
v 23.500 16.000 28.500
v 23.500 14.000 28.000
v 23.500 16.000 28.000
v 23.500 16.500 27.500
v 23.500 16.500 28.000
v 23.500 15.000 28.500
v 23.500 12.500 29.500
v 23.500 15.500 28.500
v 23.500 12.000 30.500
v 23.500 14.500 29.500
v 23.500 11.500 31.500
v 23.500 13.000 31.000
v 23.500 13.500 30.500
v 28.875 -0.500 18.875
v 28.875 10.500 18.875
v 28.875 12.500 18.875
v 28.875 13.500 18.875
v 28.875 14.500 18.875
v 28.875 15.500 18.875
v 28.875 17.500 18.875
v 28.875 18.500 18.875
v 28.875 19.500 18.875
v 28.875 20.500 18.875
v 28.875 11.500 20.125
v 28.875 12.500 20.125
v 28.875 16.500 20.125
v 28.875 11.500 22.875
v 28.875 11.500 23.125
v 28.875 12.500 23.125
v 28.875 12.500 22.875
v 28.875 16.500 22.875
v 28.875 16.500 23.125
v 28.875 -0.500 24.875
v 28.875 -0.500 25.125
v 28.875 10.500 25.125
v 28.875 10.500 24.875
v 28.875 12.500 24.875
v 28.875 12.500 25.125
v 28.875 13.500 25.125
v 28.875 13.500 24.875
v 28.875 14.500 24.875
v 28.875 14.500 25.125
v 28.875 15.500 25.125
v 28.875 15.500 24.875
v 28.875 17.500 24.875
v 28.875 17.500 25.125
v 28.875 18.500 25.125
v 28.875 18.500 24.875
v 28.875 19.500 24.875
v 28.875 19.500 25.125
v 28.875 20.500 25.125
v 28.875 20.500 24.875
v 23.500 11.500 19.500
v 22.500 19.500 19.500
v 15.500 22.000 19.500
v 18.500 11.500 19.500
v 22.500 15.500 19.500
v 22.500 16.500 19.500
v 19.500 11.500 19.500
v 22.500 11.500 19.500
v 26.500 11.500 19.500
v 23.500 11.000 19.000
v 28.500 11.000 19.000
v 22.500 16.000 15.500
v 23.500 15.000 15.500
v 28.500 15.000 15.500
v 15.500 21.500 23.500
v 16.500 21.500 23.500
v 16.500 22.000 23.500
v 15.500 22.000 23.500
v 23.500 22.000 23.500
v 28.500 22.000 23.500
v 29.500 11.500 23.500
v 28.500 11.000 23.500
v 29.500 11.000 23.500
v 29.000 11.000 23.500
v 29.000 10.500 23.500
v 18.500 15.500 23.500
v 18.500 16.500 23.500
v 22.500 15.000 27.000
v 17.500 16.000 27.000
v 22.500 16.000 27.000
v 22.500 16.500 27.000
v 17.500 16.500 27.000
v 22.500 17.000 27.000
v 17.125 -0.500 18.875
v 23.125 -0.500 18.875
v 17.125 -0.500 25.125
v 17.125 -0.500 24.875
v 23.125 -0.500 25.125
v 23.125 -0.500 24.875
v 15.500 16.500 16.500
v 15.500 16.500 15.500
v 22.500 16.500 16.000
v 15.500 16.500 18.500
v 24.500 16.500 18.500
v 25.500 16.500 18.500
v 26.500 16.500 18.500
v 15.500 16.500 19.500
v 15.500 16.500 20.500
v 16.500 16.500 20.500
v 17.500 16.500 20.500
v 22.500 16.500 20.500
v 22.500 16.500 24.500
v 23.500 16.500 21.500
v 24.500 16.500 21.500
v 24.500 16.500 19.500
v 24.500 16.500 20.500
v 28.500 16.500 20.500
v 15.500 16.500 21.500
v 16.500 16.500 21.500
v 17.500 16.500 23.500
v 18.500 16.500 20.500
v 22.500 16.500 23.500
v 25.500 16.500 21.500
v 25.500 16.500 20.500
v 28.500 16.500 21.500
v 15.500 16.500 23.500
v 16.500 16.500 23.500
v 23.500 16.500 22.500
v 25.500 16.500 22.500
v 26.500 16.500 22.500
v 26.500 16.500 21.500
v 27.500 16.500 22.500
v 27.500 16.500 21.500
v 28.500 16.500 22.500
v 23.500 16.500 23.500
v 26.500 16.500 23.500
v 28.500 16.500 23.500
v 15.500 16.500 24.500
v 24.500 16.500 24.500
v 24.500 16.500 23.500
v 26.500 16.500 24.500
v 27.500 16.500 24.500
v 27.500 16.500 23.500
v 15.500 16.500 25.500
v 15.500 16.500 26.500
v 18.500 16.500 25.500
v 19.500 16.500 25.500
v 21.500 16.500 25.500
v 15.500 16.500 27.500
v 16.500 16.500 28.000
v 22.500 16.500 28.000
v 15.500 16.500 31.500
v 23.125 10.500 18.875
v 23.125 12.500 18.875
v 23.125 13.500 18.875
v 23.125 14.500 18.875
v 23.125 15.500 18.875
v 23.125 17.500 18.875
v 23.125 18.500 18.875
v 23.125 19.500 18.875
v 23.125 20.500 18.875
v 23.125 10.500 24.875
v 23.125 10.500 25.125
v 23.125 12.500 25.125
v 23.125 12.500 24.875
v 23.125 13.500 24.875
v 23.125 13.500 25.125
v 23.125 14.500 25.125
v 23.125 14.500 24.875
v 23.125 15.500 24.875
v 23.125 15.500 25.125
v 23.125 17.500 25.125
v 23.125 17.500 24.875
v 23.125 18.500 24.875
v 23.125 18.500 25.125
v 23.125 19.500 25.125
v 23.125 19.500 24.875
v 23.125 20.500 24.875
v 23.125 20.500 25.125
v 19.500 16.000 26.500
v 19.500 16.000 27.500
v 19.500 15.000 27.500
v 19.500 15.000 26.500
v 19.500 15.000 27.000
v 19.500 14.500 27.500
v 19.500 14.500 27.000
v 19.500 16.000 27.000
v 19.500 16.500 27.000
v 19.500 15.000 28.500
v 19.500 14.000 28.500
v 19.500 14.000 27.500
v 19.500 14.000 28.000
v 19.500 13.500 28.500
v 19.500 13.500 28.000
v 19.500 15.000 28.000
v 19.500 15.500 27.500
v 19.500 15.500 28.000
v 19.500 14.000 29.500
v 19.500 13.000 29.500
v 19.500 13.000 28.500
v 19.500 13.000 29.000
v 19.500 12.500 29.500
v 19.500 12.500 29.000
v 19.500 14.000 29.000
v 19.500 14.500 28.500
v 19.500 14.500 29.000
v 19.500 13.000 30.500
v 19.500 12.000 30.500
v 19.500 12.000 29.500
v 19.500 12.000 30.000
v 19.500 11.500 30.500
v 19.500 11.500 30.000
v 19.500 13.000 30.000
v 19.500 13.500 29.500
v 19.500 13.500 30.000
v 19.500 12.000 31.500
v 19.500 11.000 31.500
v 19.500 11.000 30.500
v 19.500 11.000 31.000
v 19.500 10.500 31.500
v 19.500 10.500 31.000
v 19.500 12.000 31.000
v 19.500 12.500 30.500
v 19.500 12.500 31.000
v 22.500 12.000 30.500
v 22.500 12.000 31.500
v 17.500 12.000 31.500
v 16.500 12.500 18.500
v 23.875 12.500 18.875
v 26.125 12.500 18.875
v 26.875 12.500 18.875
v 28.125 12.500 18.875
v 23.875 12.500 25.125
v 23.875 12.500 24.875
v 26.125 12.500 25.125
v 26.125 12.500 24.875
v 26.875 12.500 25.125
v 26.875 12.500 24.875
v 28.125 12.500 25.125
v 28.125 12.500 24.875
v 22.500 12.500 31.000
v 17.500 12.500 31.000
v 16.500 12.500 31.500
v 17.500 12.500 31.500
v 22.500 12.500 31.500
v 23.500 12.500 31.500
v 22.500 16.000 16.500
v 23.500 16.000 17.500
v 28.500 16.000 17.500
v 16.500 16.000 18.500
v 22.500 16.000 17.500
v 23.500 16.000 18.500
v 28.500 16.000 18.500
v 18.500 16.000 19.500
v 17.500 16.000 19.500
v 22.500 16.000 19.500
v 17.500 16.000 25.500
v 17.500 16.000 26.500
v 16.500 16.000 26.500
v 16.500 16.000 25.500
v 22.500 16.000 26.500
v 22.500 16.000 25.500
v 22.500 16.000 27.500
v 16.500 16.000 27.500
v 16.500 16.000 28.500
v 22.500 16.000 28.500
v 15.500 21.500 20.500
v 15.500 22.000 20.500
v 15.500 22.000 24.500
v 15.500 11.500 27.500
v 15.500 11.500 26.500
v 15.500 15.500 26.500
v 15.500 15.500 27.500
v 15.500 11.500 31.500
v 15.500 15.500 31.500
v 26.875 11.500 18.875
v 26.875 11.500 24.875
v 26.875 11.500 25.125
v 26.875 16.500 24.875
v 26.875 16.500 25.125
v 22.500 15.500 27.500
v 23.500 15.500 27.500
v 22.500 14.000 16.000
v 22.500 16.000 16.000
v 28.500 15.000 16.000
v 23.500 15.000 16.000
v 23.500 15.500 16.000
v 28.500 15.500 16.000
v 16.875 6.500 19.125
v 17.125 6.500 19.125
v 17.125 6.500 18.875
v 16.875 6.500 18.875
v 22.875 6.500 19.125
v 23.125 6.500 19.125
v 23.125 6.500 18.875
v 22.875 6.500 18.875
v 28.875 6.500 19.125
v 29.125 6.500 19.125
v 29.125 6.500 18.875
v 28.875 6.500 18.875
v 16.875 6.500 25.125
v 17.125 6.500 25.125
v 17.125 6.500 24.875
v 16.875 6.500 24.875
v 22.875 6.500 25.125
v 23.125 6.500 25.125
v 23.125 6.500 24.875
v 22.875 6.500 24.875
v 28.875 6.500 25.125
v 29.125 6.500 25.125
v 29.125 6.500 24.875
v 28.875 6.500 24.875
v 22.500 11.500 31.500
v 17.125 10.500 24.875
v 17.125 12.500 24.875
v 17.125 13.500 24.875
v 17.125 14.500 24.875
v 17.125 15.500 24.875
v 17.125 17.500 24.875
v 17.125 18.500 24.875
v 17.125 19.500 24.875
v 17.125 20.500 24.875
v 23.875 11.500 24.875
v 23.875 16.500 24.875
v 26.125 11.500 24.875
v 26.125 16.500 24.875
v 28.125 11.500 24.875
v 28.125 16.500 24.875
v 16.875 2.500 19.125
v 17.125 2.500 19.125
v 17.125 2.500 18.875
v 16.875 2.500 18.875
v 22.875 2.500 19.125
v 23.125 2.500 19.125
v 23.125 2.500 18.875
v 22.875 2.500 18.875
v 28.875 2.500 19.125
v 29.125 2.500 19.125
v 29.125 2.500 18.875
v 28.875 2.500 18.875
v 16.875 2.500 25.125
v 17.125 2.500 25.125
v 17.125 2.500 24.875
v 16.875 2.500 24.875
v 22.875 2.500 25.125
v 23.125 2.500 25.125
v 23.125 2.500 24.875
v 22.875 2.500 24.875
v 28.875 2.500 25.125
v 29.125 2.500 25.125
v 29.125 2.500 24.875
v 28.875 2.500 24.875
v 22.500 11.000 31.000
v 17.500 12.000 31.000
v 22.500 12.000 31.000
v 22.500 13.000 31.000
v 22.500 16.500 16.500
v 22.500 15.000 16.500
v 22.500 15.500 17.500
v 22.500 11.500 24.500
v 22.500 19.500 24.500
v 22.500 15.000 27.500
v 22.500 14.000 28.000
v 22.500 16.000 28.000
v 22.500 16.500 27.500
v 22.500 15.000 28.500
v 22.500 15.500 28.500
v 22.500 14.500 29.500
v 22.500 11.000 31.500
v 22.500 13.500 30.500
v 17.125 10.500 25.125
v 17.125 12.500 25.125
v 17.125 13.500 25.125
v 17.125 14.500 25.125
v 17.125 15.500 25.125
v 17.125 17.500 25.125
v 17.125 18.500 25.125
v 17.125 19.500 25.125
v 17.125 20.500 25.125
v 23.875 11.500 25.125
v 23.875 16.500 25.125
v 26.125 11.500 25.125
v 26.125 16.500 25.125
v 28.125 11.500 25.125
v 28.125 16.500 25.125
v 22.000 11.000 19.500
v 22.000 16.000 19.500
v 22.000 15.500 19.500
v 22.000 11.000 24.500
v 23.500 22.000 20.500
v 28.500 22.000 20.500
v 23.875 11.500 18.875
v 26.500 15.000 15.500
v 26.500 15.000 16.500
v 26.500 14.000 16.500
v 26.500 14.000 15.500
v 26.500 14.000 16.000
v 26.500 13.500 16.000
v 26.500 13.500 15.500
v 26.500 15.000 16.000
v 26.500 15.500 16.000
v 26.500 15.500 16.500
v 26.500 16.000 16.500
v 26.500 16.000 17.500
v 26.500 15.000 17.500
v 26.500 15.000 17.000
v 26.500 14.500 17.000
v 26.500 14.500 16.500
v 26.500 16.000 17.000
v 26.500 16.500 17.000
v 26.500 11.500 18.500
v 26.500 11.000 19.500
v 26.500 11.000 18.500
v 26.500 11.000 19.000
v 26.500 10.500 19.000
v 26.500 21.500 20.500
v 26.500 21.500 19.500
v 26.500 22.000 19.500
v 26.500 22.000 20.500
v 26.500 21.500 24.500
v 26.500 21.500 23.500
v 26.500 22.000 23.500
v 26.500 22.000 24.500
v 26.500 11.500 24.500
v 26.500 11.500 25.500
v 26.500 11.000 25.500
v 26.500 11.000 24.500
v 26.500 11.000 25.000
v 26.500 10.500 25.000
v 24.500 22.500 21.500
v 27.500 22.500 21.500
v 24.500 22.500 22.500
v 25.500 22.500 22.500
v 25.500 22.500 21.500
v 26.500 22.500 22.500
v 26.500 22.500 21.500
v 27.500 22.500 22.500
v 22.500 15.500 16.500
v 29.500 15.500 16.500
v 17.125 10.500 18.875
v 17.125 12.500 18.875
v 17.125 13.500 18.875
v 17.125 14.500 18.875
v 17.125 15.500 18.875
v 17.125 17.500 18.875
v 17.125 18.500 18.875
v 17.125 19.500 18.875
v 17.125 20.500 18.875
v 26.125 11.500 18.875
v 16.500 16.000 28.000
v 17.500 15.000 28.000
v 22.500 15.000 28.000
v 22.500 15.500 28.000
v 17.500 15.500 28.000
v 23.500 11.500 24.500
v 16.500 21.500 20.500
v 16.500 22.000 20.500
v 18.500 15.500 20.500
v 29.500 11.500 20.500
v 28.500 11.000 20.500
v 29.500 11.000 20.500
v 29.000 11.000 20.500
v 29.000 10.500 20.500
v 15.500 15.500 16.500
v 15.500 15.500 15.500
v 23.500 15.500 15.500
v 22.500 15.500 15.500
v 29.500 15.500 15.500
v 28.500 15.500 15.500
v 15.500 15.500 18.500
v 24.500 15.500 18.500
v 25.500 15.500 18.500
v 26.500 15.500 18.500
v 15.500 15.500 19.500
v 18.000 15.500 19.500
v 16.500 15.500 20.500
v 15.500 15.500 20.500
v 16.500 15.500 19.500
v 17.500 15.500 24.500
v 16.500 15.500 24.500
v 22.500 15.500 20.500
v 17.500 15.500 20.500
v 23.500 15.500 24.500
v 22.500 15.500 24.500
v 23.500 15.500 19.500
v 24.500 15.500 21.500
v 23.500 15.500 21.500
v 24.500 15.500 19.500
v 28.500 15.500 20.500
v 24.500 15.500 20.500
v 28.500 15.500 19.500
v 28.500 15.500 24.500
v 16.500 15.500 21.500
v 15.500 15.500 21.500
v 17.500 15.500 23.500
v 22.500 15.500 23.500
v 25.500 15.500 21.500
v 25.500 15.500 20.500
v 28.500 15.500 21.500
v 16.500 15.500 23.500
v 15.500 15.500 23.500
v 25.500 15.500 22.500
v 23.500 15.500 22.500
v 26.500 15.500 22.500
v 26.500 15.500 21.500
v 27.500 15.500 22.500
v 27.500 15.500 21.500
v 28.500 15.500 22.500
v 26.500 15.500 23.500
v 23.500 15.500 23.500
v 28.500 15.500 23.500
v 15.500 15.500 24.500
v 24.500 15.500 24.500
v 24.500 15.500 23.500
v 26.500 15.500 24.500
v 27.500 15.500 24.500
v 27.500 15.500 23.500
v 15.500 15.500 25.500
v 18.500 15.500 25.500
v 19.500 15.500 25.500
v 21.500 15.500 25.500
v 28.125 11.500 18.875
v 16.500 11.000 18.500
v 18.500 11.000 19.500
v 17.500 11.000 19.500
v 22.500 11.000 19.500
v 28.500 11.000 19.500
v 23.500 11.000 19.500
v 28.500 11.000 24.500
v 17.500 11.000 24.500
v 18.500 11.000 24.500
v 22.500 11.000 24.500
v 23.500 11.000 24.500
v 18.500 16.500 19.500
v 18.500 11.500 24.500
v 18.500 16.000 26.500
v 18.500 16.000 27.500
v 18.500 15.000 27.500
v 18.500 15.000 26.500
v 18.500 15.000 27.000
v 18.500 14.500 27.500
v 18.500 14.500 27.000
v 18.500 16.000 27.000
v 18.500 16.500 27.000
v 18.500 15.000 28.500
v 18.500 14.000 28.500
v 18.500 14.000 27.500
v 18.500 14.000 28.000
v 18.500 13.500 28.500
v 18.500 13.500 28.000
v 18.500 15.000 28.000
v 18.500 15.500 27.500
v 18.500 15.500 28.000
v 18.500 14.000 29.500
v 18.500 13.000 29.500
v 18.500 13.000 28.500
v 18.500 13.000 29.000
v 18.500 12.500 29.500
v 18.500 12.500 29.000
v 18.500 14.000 29.000
v 18.500 14.500 28.500
v 18.500 14.500 29.000
v 18.500 13.000 30.500
v 18.500 12.000 30.500
v 18.500 12.000 29.500
v 18.500 12.000 30.000
v 18.500 11.500 30.500
v 18.500 11.500 30.000
v 18.500 13.000 30.000
v 18.500 13.500 29.500
v 18.500 13.500 30.000
v 18.500 12.000 31.500
v 18.500 11.000 31.500
v 18.500 11.000 30.500
v 18.500 11.000 31.000
v 18.500 10.500 31.500
v 18.500 10.500 31.000
v 18.500 12.000 31.000
v 18.500 12.500 30.500
v 18.500 12.500 31.000
v 18.000 11.000 19.500
v 18.000 16.000 19.500
v 18.000 11.000 24.500
v 15.500 11.500 16.500
v 15.500 11.500 15.500
v 15.500 11.500 18.500
v 15.500 11.500 19.500
v 15.500 11.500 20.500
v 16.500 11.500 20.500
v 17.500 11.500 21.500
v 18.500 11.500 21.500
v 19.500 11.500 21.500
v 19.500 11.500 20.500
v 21.500 11.500 20.500
v 22.500 11.500 20.500
v 23.500 11.500 20.500
v 24.500 11.500 20.500
v 26.500 11.500 20.500
v 27.500 11.500 20.500
v 15.500 11.500 22.500
v 16.500 11.500 22.500
v 19.500 11.500 22.500
v 20.500 11.500 22.500
v 20.500 11.500 20.500
v 20.500 11.500 21.500
v 22.500 11.500 21.500
v 23.500 11.500 21.500
v 27.500 11.500 21.500
v 17.500 11.500 22.500
v 21.500 11.500 22.500
v 21.500 11.500 21.500
v 22.500 11.500 22.500
v 23.500 11.500 22.500
v 15.500 11.500 23.500
v 16.500 11.500 23.500
v 23.500 11.500 23.500
v 24.500 11.500 23.500
v 24.500 11.500 22.500
v 15.500 11.500 24.500
v 25.500 11.500 23.500
v 26.500 11.500 23.500
v 15.500 11.500 25.500
v 17.500 11.500 0.500
v 16.500 11.500 0.500
v 16.500 11.000 0.500
v 17.500 11.000 0.500
v 17.500 16.500 0.500
v 16.500 16.500 0.500
v 16.500 16.000 0.500
v 17.500 16.000 0.500
v 23.500 11.500 0.500
v 22.500 11.500 0.500
v 22.500 11.000 0.500
v 23.500 11.000 0.500
v 23.500 16.500 0.500
v 22.500 16.500 0.500
v 22.500 16.000 0.500
v 23.500 16.000 0.500
v 29.500 11.500 0.500
v 28.500 11.500 0.500
v 28.500 11.000 0.500
v 29.500 11.000 0.500
v 29.500 16.500 0.500
v 28.500 16.500 0.500
v 28.500 16.000 0.500
v 29.500 16.000 0.500
v 16.500 11.500 0.500
v 17.500 11.000 0.500
v 16.500 11.000 0.500
v 17.500 11.500 1.500
v 16.500 11.500 1.500
v 16.500 11.000 1.500
v 17.500 11.000 1.500
v 17.000 11.000 0.500
v 17.000 10.500 0.500
v 16.500 10.500 0.500
v 16.500 16.500 0.500
v 17.500 16.000 0.500
v 16.500 16.000 0.500
v 17.500 16.500 1.500
v 16.500 16.500 1.500
v 16.500 16.000 1.500
v 17.500 16.000 1.500
v 17.000 16.000 0.500
v 17.000 15.500 0.500
v 16.500 15.500 0.500
v 23.500 11.000 1.500
v 23.000 11.000 1.500
v 23.000 10.500 1.500
v 23.500 10.500 1.500
v 23.000 11.000 0.500
v 23.500 10.500 0.500
v 23.000 10.500 0.500
v 23.500 16.000 1.500
v 23.000 16.000 1.500
v 23.000 15.500 1.500
v 23.500 15.500 1.500
v 23.000 16.000 0.500
v 23.500 15.500 0.500
v 23.000 15.500 0.500
v 28.500 11.500 0.500
v 29.500 11.000 0.500
v 28.500 11.000 0.500
v 29.500 11.500 1.500
v 28.500 11.500 1.500
v 28.500 11.000 1.500
v 29.500 11.000 1.500
v 29.000 11.000 0.500
v 29.000 10.500 0.500
v 28.500 10.500 0.500
v 28.500 16.500 0.500
v 29.500 16.000 0.500
v 28.500 16.000 0.500
v 29.500 16.500 1.500
v 28.500 16.500 1.500
v 28.500 16.000 1.500
v 29.500 16.000 1.500
v 29.000 16.000 0.500
v 29.000 15.500 0.500
v 28.500 15.500 0.500
v 16.500 11.000 2.500
v 17.000 11.000 2.500
v 17.000 10.500 2.500
v 16.500 10.500 2.500
v 16.500 16.000 2.500
v 17.000 16.000 2.500
v 17.000 15.500 2.500
v 16.500 15.500 2.500
v 28.500 11.000 2.500
v 29.000 11.000 2.500
v 29.000 10.500 2.500
v 28.500 10.500 2.500
v 28.500 16.000 2.500
v 29.000 16.000 2.500
v 29.000 15.500 2.500
v 28.500 15.500 2.500
v 16.500 11.000 3.500
v 17.000 11.000 3.500
v 17.000 10.500 3.500
v 16.500 10.500 3.500
v 16.500 16.000 3.500
v 17.000 16.000 3.500
v 17.000 15.500 3.500
v 16.500 15.500 3.500
v 28.500 11.000 3.500
v 29.000 11.000 3.500
v 29.000 10.500 3.500
v 28.500 10.500 3.500
v 28.500 16.000 3.500
v 29.000 16.000 3.500
v 29.000 15.500 3.500
v 28.500 15.500 3.500
v 22.500 11.500 13.500
v 23.500 11.500 13.500
v 23.500 12.500 13.500
v 22.500 12.500 13.500
v 28.500 12.500 13.500
v 23.500 11.000 13.500
v 28.500 11.000 13.500
v 28.500 11.500 13.500
v 29.500 11.500 13.500
v 29.500 12.500 13.500
v 22.500 14.000 13.500
v 23.500 14.000 13.500
v 23.500 13.000 13.500
v 28.500 13.000 13.500
v 28.500 14.000 13.500
v 29.500 14.000 13.500
v 16.875 7.500 5.125
v 17.125 7.500 5.125
v 17.125 7.500 4.875
v 16.875 7.500 4.875
v 22.875 7.500 5.125
v 23.125 7.500 5.125
v 23.125 7.500 4.875
v 22.875 7.500 4.875
v 28.875 7.500 5.125
v 29.125 7.500 5.125
v 29.125 7.500 4.875
v 28.875 7.500 4.875
v 16.875 7.500 11.125
v 17.125 7.500 11.125
v 17.125 7.500 10.875
v 16.875 7.500 10.875
v 22.875 7.500 11.125
v 23.125 7.500 11.125
v 23.125 7.500 10.875
v 22.875 7.500 10.875
v 28.875 7.500 11.125
v 29.125 7.500 11.125
v 29.125 7.500 10.875
v 28.875 7.500 10.875
v 23.500 13.000 13.000
v 22.500 13.000 13.000
v 22.500 13.500 13.000
v 23.500 13.500 13.000
v 28.500 11.000 13.000
v 23.500 11.000 13.000
v 23.500 10.500 13.000
v 28.500 10.500 13.000
v 28.500 12.000 13.000
v 23.500 12.000 13.000
v 23.500 12.500 13.000
v 28.500 12.500 13.000
v 29.500 13.000 13.000
v 28.500 13.000 13.000
v 28.500 13.500 13.000
v 29.500 13.500 13.000
v 17.125 -0.500 10.875
v 16.875 -0.500 10.875
v 16.875 10.500 10.875
v 17.125 10.500 10.875
v 17.125 12.500 10.875
v 16.875 12.500 10.875
v 16.875 13.500 10.875
v 17.125 13.500 10.875
v 17.125 14.500 10.875
v 16.875 14.500 10.875
v 16.875 15.500 10.875
v 17.125 15.500 10.875
v 17.125 17.500 10.875
v 16.875 17.500 10.875
v 16.875 18.500 10.875
v 17.125 18.500 10.875
v 23.125 -0.500 10.875
v 22.875 -0.500 10.875
v 22.875 10.500 10.875
v 23.125 10.500 10.875
v 23.125 12.500 10.875
v 22.875 12.500 10.875
v 22.875 13.500 10.875
v 23.125 13.500 10.875
v 23.125 14.500 10.875
v 22.875 14.500 10.875
v 22.875 15.500 10.875
v 23.125 15.500 10.875
v 23.125 17.500 10.875
v 22.875 17.500 10.875
v 22.875 18.500 10.875
v 23.125 18.500 10.875
v 24.125 16.500 10.875
v 23.875 16.500 10.875
v 23.875 17.500 10.875
v 24.125 17.500 10.875
v 25.125 16.500 10.875
v 24.875 16.500 10.875
v 24.875 17.500 10.875
v 25.125 17.500 10.875
v 26.125 16.500 10.875
v 25.875 16.500 10.875
v 25.875 17.500 10.875
v 26.125 17.500 10.875
v 27.125 16.500 10.875
v 26.875 16.500 10.875
v 26.875 17.500 10.875
v 27.125 17.500 10.875
v 28.125 16.500 10.875
v 27.875 16.500 10.875
v 27.875 17.500 10.875
v 28.125 17.500 10.875
v 29.125 -0.500 10.875
v 28.875 -0.500 10.875
v 28.875 10.500 10.875
v 29.125 10.500 10.875
v 29.125 12.500 10.875
v 28.875 12.500 10.875
v 28.875 13.500 10.875
v 29.125 13.500 10.875
v 29.125 14.500 10.875
v 28.875 14.500 10.875
v 28.875 15.500 10.875
v 29.125 15.500 10.875
v 29.125 17.500 10.875
v 28.875 17.500 10.875
v 28.875 18.500 10.875
v 29.125 18.500 10.875
v 16.875 3.500 5.125
v 17.125 3.500 5.125
v 17.125 3.500 4.875
v 16.875 3.500 4.875
v 22.875 3.500 5.125
v 23.125 3.500 5.125
v 23.125 3.500 4.875
v 22.875 3.500 4.875
v 28.875 3.500 5.125
v 29.125 3.500 5.125
v 29.125 3.500 4.875
v 28.875 3.500 4.875
v 16.875 3.500 11.125
v 17.125 3.500 11.125
v 17.125 3.500 10.875
v 16.875 3.500 10.875
v 22.875 3.500 11.125
v 23.125 3.500 11.125
v 23.125 3.500 10.875
v 22.875 3.500 10.875
v 28.875 3.500 11.125
v 29.125 3.500 11.125
v 29.125 3.500 10.875
v 28.875 3.500 10.875
v 21.500 11.500 5.500
v 21.500 11.500 4.500
v 21.500 11.000 4.500
v 21.500 11.000 5.500
v 21.500 16.500 5.500
v 21.500 16.500 4.500
v 21.500 16.000 4.500
v 21.500 16.000 5.500
v 21.500 15.500 6.500
v 21.500 15.500 9.500
v 21.500 16.500 9.500
v 21.500 16.500 6.500
v 21.500 11.500 11.500
v 21.500 11.500 10.500
v 21.500 11.000 10.500
v 21.500 11.000 11.500
v 21.500 16.500 11.500
v 21.500 16.500 10.500
v 21.500 16.000 10.500
v 21.500 16.000 11.500
v 29.500 11.500 -0.500
v 29.500 11.500 4.500
v 29.500 11.000 4.500
v 29.500 11.000 -0.500
v 29.500 16.500 -0.500
v 29.500 16.500 4.500
v 29.500 16.000 4.500
v 29.500 16.000 -0.500
v 29.500 20.500 5.500
v 29.500 20.500 -0.500
v 29.500 21.500 -0.500
v 29.500 21.500 5.500
v 29.500 10.500 5.500
v 29.500 10.500 4.500
v 29.500 12.500 4.500
v 29.500 12.500 5.500
v 29.500 13.500 5.500
v 29.500 13.500 4.500
v 29.500 14.500 4.500
v 29.500 14.500 5.500
v 29.500 15.500 5.500
v 29.500 15.500 4.500
v 29.500 17.500 4.500
v 29.500 17.500 5.500
v 29.500 18.500 5.500
v 29.500 18.500 4.500
v 29.500 19.500 4.500
v 29.500 19.500 5.500
v 29.500 11.500 5.500
v 29.500 11.500 10.500
v 29.500 11.000 10.500
v 29.500 11.000 5.500
v 29.500 16.500 5.500
v 29.500 16.500 10.500
v 29.500 16.000 10.500
v 29.500 16.000 5.500
v 29.500 10.500 11.500
v 29.500 10.500 10.500
v 29.500 12.500 10.500
v 29.500 12.500 11.500
v 29.500 13.500 11.500
v 29.500 13.500 10.500
v 29.500 14.500 10.500
v 29.500 14.500 11.500
v 29.500 15.500 11.500
v 29.500 15.500 10.500
v 29.500 17.500 10.500
v 29.500 17.500 11.500
v 29.500 18.500 11.500
v 29.500 18.500 10.500
v 29.500 19.500 10.500
v 29.500 19.500 11.500
v 29.500 11.500 12.500
v 29.500 11.500 11.500
v 29.500 12.500 12.500
v 29.500 13.000 12.500
v 29.500 13.000 13.500
v 29.500 13.500 13.500
v 29.500 14.000 14.500
v 29.500 12.000 14.500
v 29.500 12.000 13.500
v 29.500 12.000 14.000
v 29.500 11.500 14.000
v 29.500 14.000 14.000
v 29.500 14.500 14.000
v 29.500 14.500 14.500
v 29.500 15.000 14.500
v 29.500 15.000 15.500
v 29.500 13.000 15.500
v 29.500 13.000 14.500
v 29.500 13.000 15.000
v 29.500 12.500 15.000
v 29.500 12.500 14.500
v 29.500 15.000 15.000
v 29.500 15.500 15.000
v 29.500 15.500 15.500
v 15.500 21.500 4.500
v 16.500 21.500 4.500
v 16.500 21.500 -0.500
v 15.500 21.500 -0.500
v 17.500 21.500 4.500
v 17.500 21.500 -0.500
v 22.500 21.500 4.500
v 23.500 21.500 4.500
v 23.500 21.500 -0.500
v 22.500 21.500 -0.500
v 23.500 21.500 0.500
v 28.500 21.500 0.500
v 28.500 21.500 -0.500
v 28.500 21.500 4.500
v 29.500 21.500 4.500
v 23.500 21.500 3.500
v 24.500 21.500 3.500
v 24.500 21.500 0.500
v 27.500 21.500 3.500
v 28.500 21.500 3.500
v 27.500 21.500 0.500
v 15.500 21.500 5.500
v 17.500 21.500 5.500
v 22.500 21.500 5.500
v 29.000 11.000 -0.500
v 29.000 11.000 4.500
v 29.000 10.500 4.500
v 29.000 10.500 -0.500
v 29.000 16.000 -0.500
v 29.000 16.000 4.500
v 29.000 15.500 4.500
v 29.000 15.500 -0.500
v 29.000 11.000 5.500
v 29.000 11.000 10.500
v 29.000 10.500 10.500
v 29.000 10.500 5.500
v 29.000 16.000 5.500
v 29.000 16.000 10.500
v 29.000 15.500 10.500
v 29.000 15.500 5.500
v 25.500 21.500 0.500
v 25.500 21.500 -0.500
v 25.500 22.000 -0.500
v 25.500 22.000 0.500
v 25.500 21.500 4.500
v 25.500 21.500 3.500
v 25.500 22.000 3.500
v 25.500 22.000 4.500
v 25.500 11.500 4.500
v 25.500 11.500 5.500
v 25.500 11.000 5.500
v 25.500 11.000 4.500
v 25.500 11.000 5.000
v 25.500 10.500 5.500
v 25.500 10.500 5.000
v 25.500 16.500 4.500
v 25.500 16.500 5.500
v 25.500 16.000 5.500
v 25.500 16.000 4.500
v 25.500 16.000 5.000
v 25.500 15.500 5.500
v 25.500 15.500 5.000
v 25.500 16.500 10.500
v 25.500 16.500 11.500
v 25.500 16.000 11.500
v 25.500 16.000 10.500
v 25.500 16.000 11.000
v 25.500 15.500 11.000
v 25.500 15.500 10.500
v 25.500 12.000 12.500
v 25.500 12.000 13.500
v 25.500 11.000 13.500
v 25.500 11.000 12.500
v 25.500 11.000 13.000
v 25.500 10.500 13.000
v 25.500 10.500 12.500
v 25.500 12.000 13.000
v 25.500 12.500 13.000
v 25.500 12.500 13.500
v 25.500 13.000 13.500
v 25.500 13.000 14.500
v 25.500 12.000 14.500
v 25.500 12.000 14.000
v 25.500 11.500 14.000
v 25.500 11.500 13.500
v 25.500 13.000 14.000
v 25.500 13.500 14.000
v 25.500 13.500 14.500
v 25.500 14.000 14.500
v 25.500 14.000 15.500
v 25.500 13.000 15.500
v 25.500 13.000 15.000
v 25.500 12.500 15.000
v 25.500 12.500 14.500
v 25.500 14.000 15.000
v 25.500 14.500 15.000
v 25.500 14.500 15.500
v 29.125 11.500 5.875
v 28.875 11.500 5.875
v 28.875 12.500 5.875
v 29.125 12.500 5.875
v 29.125 16.500 5.875
v 28.875 16.500 5.875
v 28.875 17.500 5.875
v 29.125 17.500 5.875
v 28.875 11.500 7.125
v 29.125 11.500 7.125
v 29.125 12.500 7.125
v 28.875 12.500 7.125
v 28.875 16.500 7.125
v 29.125 16.500 7.125
v 29.125 17.500 7.125
v 28.875 17.500 7.125
v 28.875 11.500 10.125
v 29.125 11.500 10.125
v 29.125 12.500 10.125
v 28.875 12.500 10.125
v 28.875 16.500 10.125
v 29.125 16.500 10.125
v 29.125 17.500 10.125
v 28.875 17.500 10.125
v 24.125 16.500 11.125
v 24.125 17.500 11.125
v 16.500 14.500 5.500
v 17.500 14.500 5.500
v 17.500 14.500 4.500
v 16.500 14.500 4.500
v 22.500 14.500 5.500
v 23.500 14.500 5.500
v 23.500 14.500 4.500
v 22.500 14.500 4.500
v 28.500 14.500 5.500
v 28.500 14.500 4.500
v 16.500 14.500 11.500
v 17.500 14.500 11.500
v 17.500 14.500 10.500
v 16.500 14.500 10.500
v 22.500 14.500 11.500
v 23.500 14.500 11.500
v 23.500 14.500 10.500
v 22.500 14.500 10.500
v 28.500 14.500 11.500
v 28.500 14.500 10.500
v 22.500 14.500 14.000
v 22.500 14.500 15.500
v 23.500 14.500 15.500
v 23.500 14.500 14.000
v 28.500 14.500 14.000
v 28.500 14.500 15.500
v 29.500 14.500 15.500
v 23.500 14.500 15.000
v 28.500 14.500 15.000
v 27.875 16.500 11.125
v 27.875 17.500 11.125
v 17.500 18.500 5.500
v 16.500 18.500 5.500
v 16.500 18.500 4.500
v 17.500 18.500 4.500
v 23.500 18.500 5.500
v 22.500 18.500 5.500
v 22.500 18.500 4.500
v 23.500 18.500 4.500
v 28.500 18.500 5.500
v 28.500 18.500 4.500
v 17.500 18.500 11.500
v 16.500 18.500 11.500
v 16.500 18.500 10.500
v 17.500 18.500 10.500
v 23.500 18.500 11.500
v 22.500 18.500 11.500
v 22.500 18.500 10.500
v 23.500 18.500 10.500
v 28.500 18.500 11.500
v 28.500 18.500 10.500
v 17.500 11.500 -0.500
v 17.500 11.500 4.500
v 17.500 11.000 4.500
v 17.500 11.000 -0.500
v 17.500 16.500 -0.500
v 17.500 16.500 4.500
v 17.500 16.000 4.500
v 17.500 16.000 -0.500
v 17.500 20.500 5.500
v 17.500 20.500 -0.500
v 17.500 10.500 5.500
v 17.500 10.500 4.500
v 17.500 11.500 5.500
v 17.500 13.500 5.500
v 17.500 13.500 4.500
v 17.500 15.500 5.500
v 17.500 15.500 4.500
v 17.500 16.500 5.500
v 17.500 19.500 4.500
v 17.500 19.500 5.500
v 17.500 10.500 11.500
v 17.500 10.500 10.500
v 17.500 11.500 10.500
v 17.500 11.500 11.500
v 17.500 13.500 11.500
v 17.500 13.500 10.500
v 17.500 15.500 11.500
v 17.500 15.500 10.500
v 17.500 16.500 10.500
v 17.500 16.500 11.500
v 17.500 19.500 10.500
v 17.500 19.500 11.500
v 17.500 12.500 11.500
v 17.500 12.500 12.500
v 17.500 11.000 12.500
v 17.500 11.000 11.500
v 17.500 11.000 12.000
v 17.500 10.500 12.000
v 17.500 17.500 11.500
v 17.500 17.500 12.500
v 17.500 16.000 12.500
v 17.500 16.000 11.500
v 17.500 16.000 12.000
v 17.500 15.500 12.000
v 17.500 11.500 15.500
v 17.500 11.500 12.500
v 17.500 12.500 15.500
v 17.500 16.500 15.500
v 17.500 16.500 12.500
v 17.500 17.500 15.500
v 29.125 11.500 7.875
v 28.875 11.500 7.875
v 28.875 12.500 7.875
v 29.125 12.500 7.875
v 29.125 16.500 7.875
v 28.875 16.500 7.875
v 28.875 17.500 7.875
v 29.125 17.500 7.875
v 15.500 21.500 0.500
v 16.500 21.500 0.500
v 16.500 22.000 0.500
v 15.500 22.000 0.500
v 17.000 11.000 0.500
v 17.000 10.500 0.500
v 17.000 16.000 0.500
v 17.000 15.500 0.500
v 23.000 10.500 0.500
v 23.500 10.500 0.500
v 23.000 15.500 0.500
v 23.500 15.500 0.500
v 24.500 22.000 0.500
v 23.500 22.000 0.500
v 28.500 22.000 0.500
v 27.500 22.000 0.500
v 29.000 11.000 0.500
v 29.000 10.500 0.500
v 29.000 16.000 0.500
v 29.000 15.500 0.500
v 22.500 11.500 0.500
v 23.500 11.500 0.500
v 22.500 16.500 0.500
v 23.500 16.500 0.500
v 24.500 22.500 0.500
v 27.500 22.500 0.500
v 25.875 16.500 11.125
v 25.875 17.500 11.125
v 16.500 10.500 4.500
v 15.500 10.500 4.500
v 15.500 10.500 -0.500
v 16.500 10.500 -0.500
v 17.000 10.500 4.500
v 17.000 10.500 -0.500
v 23.000 10.500 -0.500
v 23.500 10.500 -0.500
v 23.500 10.500 4.500
v 23.000 10.500 4.500
v 28.500 10.500 4.500
v 23.500 10.500 -0.500
v 28.500 10.500 -0.500
v 15.500 10.500 5.500
v 18.000 10.500 5.500
v 18.000 10.500 4.500
v 22.000 10.500 4.500
v 22.500 10.500 4.500
v 22.500 10.500 5.500
v 22.000 10.500 5.500
v 23.500 10.500 10.500
v 22.500 10.500 10.500
v 28.500 10.500 5.000
v 28.500 10.500 5.500
v 23.500 10.500 5.500
v 23.500 10.500 5.000
v 16.500 10.500 9.500
v 15.500 10.500 9.500
v 16.500 10.500 5.500
v 16.500 10.500 10.500
v 18.500 10.500 6.500
v 17.500 10.500 6.500
v 18.500 10.500 5.500
v 22.500 10.500 6.500
v 25.500 10.500 6.500
v 23.500 10.500 6.500
v 28.500 10.500 6.500
v 28.500 10.500 10.500
v 20.500 10.500 7.500
v 17.500 10.500 7.500
v 20.500 10.500 6.500
v 21.500 10.500 7.500
v 21.500 10.500 6.500
v 22.500 10.500 7.500
v 25.500 10.500 7.500
v 23.500 10.500 7.500
v 28.500 10.500 7.500
v 18.500 10.500 8.500
v 17.500 10.500 8.500
v 18.500 10.500 7.500
v 20.500 10.500 8.500
v 21.500 10.500 9.500
v 20.500 10.500 9.500
v 22.500 10.500 9.500
v 28.500 10.500 8.500
v 23.500 10.500 8.500
v 19.500 10.500 9.500
v 17.500 10.500 9.500
v 19.500 10.500 8.500
v 24.500 10.500 9.500
v 23.500 10.500 9.500
v 24.500 10.500 8.500
v 25.500 10.500 9.500
v 25.500 10.500 8.500
v 28.500 10.500 9.500
v 15.500 10.500 10.500
v 18.500 10.500 10.500
v 18.500 10.500 9.500
v 20.500 10.500 10.500
v 21.500 10.500 10.500
v 25.500 10.500 10.500
v 27.500 10.500 10.500
v 27.500 10.500 9.500
v 15.500 10.500 11.500
v 18.000 10.500 11.500
v 18.000 10.500 10.500
v 22.000 10.500 10.500
v 22.500 10.500 11.500
v 22.000 10.500 11.500
v 16.500 10.500 13.500
v 15.500 10.500 13.500
v 16.500 10.500 11.500
v 16.500 10.500 12.000
v 22.500 10.500 12.000
v 23.500 10.500 11.500
v 23.500 10.500 12.000
v 24.500 10.500 12.500
v 23.500 10.500 12.500
v 24.500 10.500 11.500
v 26.500 10.500 12.500
v 26.500 10.500 11.500
v 27.500 10.500 12.500
v 27.500 10.500 11.500
v 28.500 10.500 12.500
v 28.500 10.500 11.500
v 16.500 10.500 15.500
v 15.500 10.500 15.500
v 17.000 11.000 -0.500
v 17.000 11.000 4.500
v 17.000 16.000 -0.500
v 17.000 16.000 4.500
v 17.000 15.500 4.500
v 17.000 15.500 -0.500
v 22.500 14.000 14.500
v 23.500 14.000 14.500
v 28.500 14.000 14.500
v 23.500 14.000 15.500
v 28.500 14.000 15.500
v 15.500 15.500 4.500
v 16.500 15.500 4.500
v 16.500 16.500 4.500
v 15.500 16.500 4.500
v 16.500 22.000 4.500
v 15.500 22.000 4.500
v 28.500 11.500 4.500
v 23.500 11.500 4.500
v 23.500 15.500 4.500
v 28.500 15.500 4.500
v 28.500 16.500 4.500
v 23.500 16.500 4.500
v 28.500 22.000 4.500
v 23.500 22.000 4.500
v 16.500 11.500 4.500
v 16.500 12.500 4.500
v 23.500 12.500 4.500
v 16.500 13.500 4.500
v 16.500 17.500 4.500
v 23.500 17.500 4.500
v 16.500 19.500 4.500
v 18.500 11.500 4.500
v 18.500 11.000 4.500
v 18.000 11.000 4.500
v 18.500 16.500 4.500
v 18.500 16.000 4.500
v 18.000 16.000 4.500
v 18.000 15.500 4.500
v 22.500 11.500 4.500
v 22.500 11.000 4.500
v 22.000 11.000 4.500
v 22.500 16.500 4.500
v 22.500 16.000 4.500
v 22.000 16.000 4.500
v 22.500 15.500 4.500
v 22.000 15.500 4.500
v 23.500 13.500 4.500
v 22.500 13.500 4.500
v 22.500 19.500 4.500
v 23.500 19.500 4.500
v 28.500 12.500 4.500
v 28.500 13.500 4.500
v 28.500 17.500 4.500
v 28.500 19.500 4.500
v 16.875 -0.500 5.125
v 17.125 -0.500 5.125
v 17.125 10.500 5.125
v 16.875 10.500 5.125
v 16.875 12.500 5.125
v 17.125 12.500 5.125
v 17.125 13.500 5.125
v 16.875 13.500 5.125
v 16.875 14.500 5.125
v 17.125 14.500 5.125
v 17.125 15.500 5.125
v 16.875 15.500 5.125
v 16.875 17.500 5.125
v 17.125 17.500 5.125
v 17.125 18.500 5.125
v 16.875 18.500 5.125
v 16.875 19.500 5.125
v 17.125 19.500 5.125
v 17.125 20.500 5.125
v 16.875 20.500 5.125
v 22.875 -0.500 5.125
v 23.125 -0.500 5.125
v 23.125 10.500 5.125
v 22.875 10.500 5.125
v 22.875 12.500 5.125
v 23.125 12.500 5.125
v 23.125 13.500 5.125
v 22.875 13.500 5.125
v 22.875 14.500 5.125
v 23.125 14.500 5.125
v 23.125 15.500 5.125
v 22.875 15.500 5.125
v 22.875 17.500 5.125
v 23.125 17.500 5.125
v 23.125 18.500 5.125
v 22.875 18.500 5.125
v 22.875 19.500 5.125
v 23.125 19.500 5.125
v 23.125 20.500 5.125
v 22.875 20.500 5.125
v 28.875 -0.500 5.125
v 29.125 -0.500 5.125
v 29.125 10.500 5.125
v 28.875 10.500 5.125
v 28.875 12.500 5.125
v 29.125 12.500 5.125
v 29.125 13.500 5.125
v 28.875 13.500 5.125
v 28.875 14.500 5.125
v 29.125 14.500 5.125
v 29.125 15.500 5.125
v 28.875 15.500 5.125
v 28.875 17.500 5.125
v 29.125 17.500 5.125
v 29.125 18.500 5.125
v 28.875 18.500 5.125
v 28.875 19.500 5.125
v 29.125 19.500 5.125
v 29.125 20.500 5.125
v 28.875 20.500 5.125
v 29.500 11.500 8.500
v 28.500 11.500 8.500
v 28.500 11.000 8.500
v 29.500 11.000 8.500
v 29.000 11.000 8.500
v 29.000 10.500 8.500
v 29.500 16.500 8.500
v 28.500 16.500 8.500
v 28.500 16.000 8.500
v 29.500 16.000 8.500
v 29.000 16.000 8.500
v 28.500 15.500 8.500
v 29.000 15.500 8.500
v 16.875 4.500 5.125
v 17.125 4.500 5.125
v 17.125 4.500 4.875
v 16.875 4.500 4.875
v 22.875 4.500 5.125
v 23.125 4.500 5.125
v 23.125 4.500 4.875
v 22.875 4.500 4.875
v 28.875 4.500 5.125
v 29.125 4.500 5.125
v 29.125 4.500 4.875
v 28.875 4.500 4.875
v 16.875 4.500 11.125
v 17.125 4.500 11.125
v 17.125 4.500 10.875
v 16.875 4.500 10.875
v 22.875 4.500 11.125
v 23.125 4.500 11.125
v 23.125 4.500 10.875
v 22.875 4.500 10.875
v 28.875 4.500 11.125
v 29.125 4.500 11.125
v 29.125 4.500 10.875
v 28.875 4.500 10.875
v 24.875 16.500 11.125
v 24.875 17.500 11.125
v 18.500 11.500 10.500
v 22.500 15.500 10.500
v 22.500 16.500 10.500
v 20.500 11.500 10.500
v 22.500 11.500 10.500
v 23.500 15.500 10.500
v 28.500 15.500 10.500
v 28.500 16.500 10.500
v 23.500 16.500 10.500
v 23.500 11.500 10.500
v 16.500 11.500 10.500
v 16.500 12.500 10.500
v 23.500 12.500 10.500
v 16.500 13.500 10.500
v 16.500 16.500 10.500
v 16.500 17.500 10.500
v 23.500 17.500 10.500
v 16.500 19.500 10.500
v 23.500 13.500 10.500
v 22.500 13.500 10.500
v 22.500 19.500 10.500
v 23.500 19.500 10.500
v 28.500 12.500 10.500
v 28.500 13.500 10.500
v 28.500 17.500 10.500
v 28.500 19.500 10.500
v 16.875 0.500 5.125
v 17.125 0.500 5.125
v 17.125 0.500 4.875
v 16.875 0.500 4.875
v 22.875 0.500 5.125
v 23.125 0.500 5.125
v 23.125 0.500 4.875
v 22.875 0.500 4.875
v 28.875 0.500 5.125
v 29.125 0.500 5.125
v 29.125 0.500 4.875
v 28.875 0.500 4.875
v 16.875 0.500 11.125
v 17.125 0.500 11.125
v 17.125 0.500 10.875
v 16.875 0.500 10.875
v 22.875 0.500 11.125
v 23.125 0.500 11.125
v 23.125 0.500 10.875
v 22.875 0.500 10.875
v 28.875 0.500 11.125
v 29.125 0.500 11.125
v 29.125 0.500 10.875
v 28.875 0.500 10.875
v 23.500 12.000 14.000
v 22.500 12.000 14.000
v 22.500 11.500 14.000
v 23.500 11.500 14.000
v 23.500 14.000 14.000
v 22.500 14.000 14.000
v 28.500 12.000 14.000
v 28.500 11.500 14.000
v 28.500 13.000 14.000
v 23.500 13.000 14.000
v 23.500 13.500 14.000
v 28.500 13.500 14.000
v 28.500 14.000 14.000
v 16.875 11.500 4.125
v 17.125 11.500 4.125
v 17.125 12.500 4.125
v 16.875 12.500 4.125
v 16.875 16.500 4.125
v 17.125 16.500 4.125
v 17.125 17.500 4.125
v 16.875 17.500 4.125
v 22.875 11.500 4.125
v 23.125 11.500 4.125
v 23.125 12.500 4.125
v 22.875 12.500 4.125
v 22.875 16.500 4.125
v 23.125 16.500 4.125
v 23.125 17.500 4.125
v 22.875 17.500 4.125
v 28.875 11.500 4.125
v 29.125 11.500 4.125
v 29.125 12.500 4.125
v 28.875 12.500 4.125
v 28.875 16.500 4.125
v 29.125 16.500 4.125
v 29.125 17.500 4.125
v 28.875 17.500 4.125
v 16.875 8.500 5.125
v 17.125 8.500 5.125
v 17.125 8.500 4.875
v 16.875 8.500 4.875
v 22.875 8.500 5.125
v 23.125 8.500 5.125
v 23.125 8.500 4.875
v 22.875 8.500 4.875
v 28.875 8.500 5.125
v 29.125 8.500 5.125
v 29.125 8.500 4.875
v 28.875 8.500 4.875
v 16.875 8.500 11.125
v 17.125 8.500 11.125
v 17.125 8.500 10.875
v 16.875 8.500 10.875
v 22.875 8.500 11.125
v 23.125 8.500 11.125
v 23.125 8.500 10.875
v 22.875 8.500 10.875
v 28.875 8.500 11.125
v 29.125 8.500 11.125
v 29.125 8.500 10.875
v 28.875 8.500 10.875
v 16.875 11.500 -0.125
v 16.875 11.500 0.125
v 16.875 12.500 0.125
v 16.875 12.500 -0.125
v 16.875 16.500 -0.125
v 16.875 16.500 0.125
v 16.875 17.500 0.125
v 16.875 17.500 -0.125
v 16.875 11.500 0.875
v 16.875 11.500 1.125
v 16.875 12.500 1.125
v 16.875 12.500 0.875
v 16.875 16.500 0.875
v 16.875 16.500 1.125
v 16.875 17.500 1.125
v 16.875 17.500 0.875
v 16.875 11.500 1.875
v 16.875 11.500 2.125
v 16.875 12.500 2.125
v 16.875 12.500 1.875
v 16.875 16.500 1.875
v 16.875 16.500 2.125
v 16.875 17.500 2.125
v 16.875 17.500 1.875
v 16.875 11.500 2.875
v 16.875 11.500 3.125
v 16.875 12.500 3.125
v 16.875 12.500 2.875
v 16.875 16.500 2.875
v 16.875 16.500 3.125
v 16.875 17.500 3.125
v 16.875 17.500 2.875
v 16.875 11.500 3.875
v 16.875 12.500 3.875
v 16.875 16.500 3.875
v 16.875 17.500 3.875
v 16.875 -0.500 4.875
v 16.875 10.500 4.875
v 16.875 12.500 4.875
v 16.875 13.500 4.875
v 16.875 14.500 4.875
v 16.875 15.500 4.875
v 16.875 17.500 4.875
v 16.875 18.500 4.875
v 16.875 19.500 4.875
v 16.875 20.500 4.875
v 16.875 -0.500 11.125
v 16.875 10.500 11.125
v 16.875 12.500 11.125
v 16.875 13.500 11.125
v 16.875 14.500 11.125
v 16.875 15.500 11.125
v 16.875 17.500 11.125
v 16.875 18.500 11.125
v 27.125 16.500 11.125
v 27.125 17.500 11.125
v 17.125 11.500 2.125
v 17.125 12.500 2.125
v 17.125 16.500 2.125
v 17.125 17.500 2.125
v 22.875 11.500 2.125
v 23.125 11.500 2.125
v 23.125 12.500 2.125
v 22.875 12.500 2.125
v 22.875 16.500 2.125
v 23.125 16.500 2.125
v 23.125 17.500 2.125
v 22.875 17.500 2.125
v 28.875 11.500 2.125
v 29.125 11.500 2.125
v 29.125 12.500 2.125
v 28.875 12.500 2.125
v 28.875 16.500 2.125
v 29.125 16.500 2.125
v 29.125 17.500 2.125
v 28.875 17.500 2.125
v 25.125 16.500 11.125
v 25.125 17.500 11.125
v 28.500 11.500 -0.500
v 28.500 15.500 -0.500
v 28.500 16.500 -0.500
v 28.500 22.000 -0.500
v 28.500 12.500 5.500
v 28.500 13.500 5.500
v 28.500 15.500 5.500
v 28.500 17.500 5.500
v 28.500 19.500 5.500
v 28.500 11.500 5.500
v 28.500 11.500 6.500
v 28.500 16.500 5.500
v 28.500 11.500 7.500
v 28.500 11.500 10.500
v 28.500 11.500 12.500
v 28.500 12.500 12.500
v 28.500 13.500 11.500
v 28.500 15.500 11.500
v 28.500 17.500 11.500
v 28.500 19.500 11.500
v 28.500 11.500 11.500
v 28.500 11.000 12.500
v 28.500 13.000 12.500
v 28.500 13.500 13.500
v 28.500 12.500 14.500
v 28.500 12.000 14.500
v 28.500 12.000 13.500
v 28.500 14.500 14.500
v 28.500 13.500 14.500
v 28.500 13.500 15.500
v 28.500 13.000 15.500
v 28.500 13.000 14.500
v 28.500 13.000 15.000
v 28.500 12.500 15.000
v 28.500 15.000 15.500
v 28.500 15.000 14.500
v 28.500 15.000 15.000
v 28.500 15.500 15.500
v 28.500 15.500 15.000
v 17.125 11.500 0.875
v 17.125 12.500 0.875
v 17.125 16.500 0.875
v 17.125 17.500 0.875
v 23.125 11.500 0.875
v 22.875 11.500 0.875
v 22.875 12.500 0.875
v 23.125 12.500 0.875
v 23.125 16.500 0.875
v 22.875 16.500 0.875
v 22.875 17.500 0.875
v 23.125 17.500 0.875
v 29.125 11.500 0.875
v 28.875 11.500 0.875
v 28.875 12.500 0.875
v 29.125 12.500 0.875
v 29.125 16.500 0.875
v 28.875 16.500 0.875
v 28.875 17.500 0.875
v 29.125 17.500 0.875
v 16.500 20.500 4.500
v 15.500 20.500 4.500
v 15.500 20.500 -0.500
v 16.500 20.500 -0.500
v 17.500 20.500 4.500
v 23.500 20.500 4.500
v 22.500 20.500 4.500
v 22.500 20.500 -0.500
v 23.500 20.500 -0.500
v 28.500 20.500 4.500
v 28.500 20.500 -0.500
v 29.500 20.500 4.500
v 15.500 20.500 5.500
v 22.500 20.500 5.500
v 24.500 21.500 -0.500
v 24.500 22.000 -0.500
v 24.500 22.500 3.500
v 24.500 21.500 4.500
v 24.500 22.000 3.500
v 24.500 22.000 4.500
v 24.500 11.500 4.500
v 24.500 11.500 5.500
v 24.500 11.000 5.500
v 24.500 11.000 4.500
v 24.500 11.000 5.000
v 24.500 10.500 5.500
v 24.500 10.500 5.000
v 24.500 16.500 4.500
v 24.500 16.500 5.500
v 24.500 16.000 5.500
v 24.500 16.000 4.500
v 24.500 16.000 5.000
v 24.500 15.500 5.500
v 24.500 15.500 5.000
v 24.500 16.500 10.500
v 24.500 16.500 11.500
v 24.500 16.000 11.500
v 24.500 16.000 10.500
v 24.500 16.000 11.000
v 24.500 15.500 11.000
v 24.500 15.500 10.500
v 24.500 12.000 12.500
v 24.500 12.000 13.500
v 24.500 11.000 13.500
v 24.500 11.000 12.500
v 24.500 11.000 13.000
v 24.500 10.500 13.000
v 24.500 12.000 13.000
v 24.500 12.500 13.000
v 24.500 12.500 13.500
v 24.500 13.000 13.500
v 24.500 13.000 14.500
v 24.500 12.000 14.500
v 24.500 12.000 14.000
v 24.500 11.500 14.000
v 24.500 11.500 13.500
v 24.500 13.000 14.000
v 24.500 13.500 14.000
v 24.500 13.500 14.500
v 24.500 14.000 14.500
v 24.500 14.000 15.500
v 24.500 13.000 15.500
v 24.500 13.000 15.000
v 24.500 12.500 15.000
v 24.500 12.500 14.500
v 24.500 14.000 15.000
v 24.500 14.500 15.000
v 24.500 14.500 15.500
v 23.500 13.500 14.500
v 22.500 13.500 14.500
v 22.500 12.000 14.500
v 23.500 12.000 14.500
v 29.500 13.500 14.500
v 22.500 15.000 14.500
v 23.500 15.000 14.500
v 23.500 12.500 14.500
v 29.125 11.500 9.875
v 28.875 11.500 9.875
v 28.875 12.500 9.875
v 29.125 12.500 9.875
v 29.125 16.500 9.875
v 28.875 16.500 9.875
v 28.875 17.500 9.875
v 29.125 17.500 9.875
v 22.875 11.500 -0.125
v 22.875 11.500 0.125
v 22.875 12.500 0.125
v 22.875 12.500 -0.125
v 22.875 16.500 -0.125
v 22.875 16.500 0.125
v 22.875 17.500 0.125
v 22.875 17.500 -0.125
v 22.875 11.500 1.125
v 22.875 12.500 1.125
v 22.875 16.500 1.125
v 22.875 17.500 1.125
v 22.875 11.500 1.875
v 22.875 12.500 1.875
v 22.875 16.500 1.875
v 22.875 17.500 1.875
v 22.875 11.500 2.875
v 22.875 11.500 3.125
v 22.875 12.500 3.125
v 22.875 12.500 2.875
v 22.875 16.500 2.875
v 22.875 16.500 3.125
v 22.875 17.500 3.125
v 22.875 17.500 2.875
v 22.875 11.500 3.875
v 22.875 12.500 3.875
v 22.875 16.500 3.875
v 22.875 17.500 3.875
v 22.875 -0.500 4.875
v 22.875 10.500 4.875
v 22.875 12.500 4.875
v 22.875 13.500 4.875
v 22.875 14.500 4.875
v 22.875 15.500 4.875
v 22.875 17.500 4.875
v 22.875 18.500 4.875
v 22.875 19.500 4.875
v 22.875 20.500 4.875
v 22.875 -0.500 11.125
v 22.875 10.500 11.125
v 22.875 12.500 11.125
v 22.875 13.500 11.125
v 22.875 14.500 11.125
v 22.875 15.500 11.125
v 22.875 17.500 11.125
v 22.875 18.500 11.125
v 17.125 -0.500 4.875
v 17.125 10.500 4.875
v 17.125 12.500 4.875
v 17.125 13.500 4.875
v 17.125 14.500 4.875
v 17.125 15.500 4.875
v 17.125 17.500 4.875
v 17.125 18.500 4.875
v 17.125 19.500 4.875
v 17.125 20.500 4.875
v 23.125 -0.500 4.875
v 23.125 10.500 4.875
v 23.125 12.500 4.875
v 23.125 13.500 4.875
v 23.125 14.500 4.875
v 23.125 15.500 4.875
v 23.125 17.500 4.875
v 23.125 18.500 4.875
v 23.125 19.500 4.875
v 23.125 20.500 4.875
v 29.125 -0.500 4.875
v 28.875 -0.500 4.875
v 28.875 10.500 4.875
v 29.125 10.500 4.875
v 29.125 12.500 4.875
v 28.875 12.500 4.875
v 28.875 13.500 4.875
v 29.125 13.500 4.875
v 29.125 14.500 4.875
v 28.875 14.500 4.875
v 28.875 15.500 4.875
v 29.125 15.500 4.875
v 29.125 17.500 4.875
v 28.875 17.500 4.875
v 28.875 18.500 4.875
v 29.125 18.500 4.875
v 29.125 19.500 4.875
v 28.875 19.500 4.875
v 28.875 20.500 4.875
v 29.125 20.500 4.875
v 16.500 13.500 5.500
v 23.500 13.500 5.500
v 22.500 13.500 5.500
v 16.500 13.500 11.500
v 23.500 13.500 11.500
v 22.500 13.500 11.500
v 23.500 13.500 15.500
v 22.500 13.500 15.500
v 29.500 13.500 15.500
v 17.125 17.500 0.125
v 17.125 17.500 -0.125
v 23.125 17.500 0.125
v 23.125 17.500 -0.125
v 28.875 17.500 0.125
v 29.125 17.500 0.125
v 29.125 17.500 -0.125
v 28.875 17.500 -0.125
v 17.125 17.500 1.125
v 23.125 17.500 1.125
v 28.875 17.500 1.125
v 29.125 17.500 1.125
v 17.125 17.500 1.875
v 23.125 17.500 1.875
v 29.125 17.500 1.875
v 28.875 17.500 1.875
v 17.125 17.500 3.125
v 17.125 17.500 2.875
v 23.125 17.500 3.125
v 23.125 17.500 2.875
v 28.875 17.500 3.125
v 29.125 17.500 3.125
v 29.125 17.500 2.875
v 28.875 17.500 2.875
v 17.125 17.500 3.875
v 23.125 17.500 3.875
v 29.125 17.500 3.875
v 28.875 17.500 3.875
v 16.500 17.500 5.500
v 23.500 17.500 5.500
v 28.875 17.500 6.125
v 29.125 17.500 6.125
v 29.125 17.500 6.875
v 28.875 17.500 6.875
v 28.875 17.500 8.125
v 29.125 17.500 8.125
v 28.875 17.500 9.125
v 29.125 17.500 9.125
v 29.125 17.500 8.875
v 28.875 17.500 8.875
v 16.500 17.500 11.500
v 23.500 17.500 11.500
v 23.875 17.500 11.125
v 26.125 17.500 11.125
v 26.875 17.500 11.125
v 28.125 17.500 11.125
v 16.500 17.500 15.500
v 29.125 11.500 0.125
v 29.125 11.500 -0.125
v 29.125 12.500 -0.125
v 29.125 12.500 0.125
v 29.125 16.500 0.125
v 29.125 16.500 -0.125
v 29.125 11.500 1.125
v 29.125 12.500 1.125
v 29.125 16.500 1.125
v 29.125 11.500 1.875
v 29.125 12.500 1.875
v 29.125 16.500 1.875
v 29.125 11.500 3.125
v 29.125 11.500 2.875
v 29.125 12.500 2.875
v 29.125 12.500 3.125
v 29.125 16.500 3.125
v 29.125 16.500 2.875
v 29.125 11.500 3.875
v 29.125 12.500 3.875
v 29.125 16.500 3.875
v 29.125 11.500 6.125
v 29.125 12.500 6.125
v 29.125 16.500 6.125
v 29.125 11.500 6.875
v 29.125 12.500 6.875
v 29.125 16.500 6.875
v 29.125 11.500 8.125
v 29.125 12.500 8.125
v 29.125 16.500 8.125
v 29.125 11.500 9.125
v 29.125 11.500 8.875
v 29.125 12.500 8.875
v 29.125 12.500 9.125
v 29.125 16.500 9.125
v 29.125 16.500 8.875
v 29.125 -0.500 11.125
v 29.125 10.500 11.125
v 29.125 12.500 11.125
v 29.125 13.500 11.125
v 29.125 14.500 11.125
v 29.125 15.500 11.125
v 29.125 17.500 11.125
v 29.125 18.500 11.125
v 16.500 11.500 -0.500
v 16.500 15.500 -0.500
v 16.500 16.500 -0.500
v 16.500 22.000 -0.500
v 16.500 11.500 5.500
v 16.500 12.500 5.500
v 16.500 15.500 5.500
v 16.500 19.500 5.500
v 16.500 11.500 15.500
v 16.500 12.500 15.500
v 16.500 16.500 15.500
v 16.500 19.500 11.500
v 16.500 11.500 11.500
v 16.500 11.500 13.500
v 16.500 15.500 13.500
v 16.500 15.500 11.500
v 16.500 16.500 11.500
v 16.500 16.500 13.500
v 16.500 15.500 15.500
v 22.500 13.000 12.500
v 22.500 13.000 13.500
v 23.500 13.000 12.500
v 23.500 13.000 14.500
v 22.500 13.000 15.500
v 22.500 13.000 14.500
v 23.500 13.000 15.500
v 17.125 11.500 0.125
v 17.125 12.500 0.125
v 17.125 16.500 0.125
v 23.125 11.500 0.125
v 23.125 12.500 0.125
v 23.125 16.500 0.125
v 28.875 11.500 0.125
v 28.875 12.500 0.125
v 28.875 16.500 0.125
v 17.125 11.500 2.875
v 17.125 12.500 2.875
v 17.125 16.500 2.875
v 23.125 11.500 2.875
v 23.125 12.500 2.875
v 23.125 16.500 2.875
v 28.875 11.500 2.875
v 28.875 12.500 2.875
v 28.875 16.500 2.875
v 15.500 21.500 3.500
v 16.500 21.500 3.500
v 16.500 22.000 3.500
v 15.500 22.000 3.500
v 17.500 11.500 3.500
v 16.500 11.500 3.500
v 17.500 11.000 3.500
v 16.500 10.500 3.500
v 17.500 16.500 3.500
v 16.500 16.500 3.500
v 17.500 16.000 3.500
v 16.500 15.500 3.500
v 23.500 11.500 3.500
v 22.500 11.500 3.500
v 22.500 11.000 3.500
v 23.500 11.000 3.500
v 23.000 11.000 3.500
v 23.000 10.500 3.500
v 23.500 10.500 3.500
v 23.500 16.500 3.500
v 22.500 16.500 3.500
v 22.500 16.000 3.500
v 23.500 16.000 3.500
v 23.000 16.000 3.500
v 23.000 15.500 3.500
v 23.500 15.500 3.500
v 23.500 22.000 3.500
v 27.500 22.500 3.500
v 28.500 22.000 3.500
v 27.500 22.000 3.500
v 29.500 11.500 3.500
v 28.500 11.500 3.500
v 29.500 11.000 3.500
v 28.500 10.500 3.500
v 29.500 16.500 3.500
v 28.500 16.500 3.500
v 29.500 16.000 3.500
v 28.500 15.500 3.500
v 29.500 11.500 7.500
v 28.500 11.000 7.500
v 29.500 11.000 7.500
v 29.000 11.000 7.500
v 29.000 10.500 7.500
v 29.500 16.500 7.500
v 28.500 16.500 7.500
v 28.500 16.000 7.500
v 29.500 16.000 7.500
v 29.000 16.000 7.500
v 28.500 15.500 7.500
v 29.000 15.500 7.500
v 28.875 11.500 9.125
v 28.875 12.500 9.125
v 28.875 16.500 9.125
v 16.875 5.500 5.125
v 17.125 5.500 5.125
v 17.125 5.500 4.875
v 16.875 5.500 4.875
v 22.875 5.500 5.125
v 23.125 5.500 5.125
v 23.125 5.500 4.875
v 22.875 5.500 4.875
v 28.875 5.500 5.125
v 29.125 5.500 5.125
v 29.125 5.500 4.875
v 28.875 5.500 4.875
v 16.875 5.500 11.125
v 17.125 5.500 11.125
v 17.125 5.500 10.875
v 16.875 5.500 10.875
v 22.875 5.500 11.125
v 23.125 5.500 11.125
v 23.125 5.500 10.875
v 22.875 5.500 10.875
v 28.875 5.500 11.125
v 29.125 5.500 11.125
v 29.125 5.500 10.875
v 28.875 5.500 10.875
v 28.875 11.500 6.875
v 28.875 12.500 6.875
v 28.875 16.500 6.875
v 23.500 13.000 15.000
v 22.500 13.000 15.000
v 22.500 12.500 15.000
v 23.500 12.500 15.000
v 23.500 15.000 15.000
v 22.500 15.000 15.000
v 22.500 15.500 15.000
v 23.500 15.500 15.000
v 28.500 14.000 15.000
v 23.500 14.000 15.000
v 18.500 11.500 11.500
v 18.500 11.000 11.500
v 18.000 11.000 11.500
v 22.500 11.500 11.500
v 22.500 12.500 11.500
v 18.500 16.500 11.500
v 18.500 16.000 11.500
v 18.000 16.000 11.500
v 18.000 15.500 11.500
v 23.500 16.500 11.500
v 22.500 11.000 11.500
v 22.000 11.000 11.500
v 22.500 16.500 11.500
v 22.500 16.000 11.500
v 22.000 16.000 11.500
v 22.000 15.500 11.500
v 22.500 15.500 11.500
v 23.500 11.500 11.500
v 23.500 15.500 11.500
v 23.500 19.500 11.500
v 22.500 19.500 11.500
v 28.500 16.500 11.500
v 23.500 16.000 11.500
v 28.500 16.000 11.500
v 16.875 1.500 5.125
v 17.125 1.500 5.125
v 17.125 1.500 4.875
v 16.875 1.500 4.875
v 22.875 1.500 5.125
v 23.125 1.500 5.125
v 23.125 1.500 4.875
v 22.875 1.500 4.875
v 28.875 1.500 5.125
v 29.125 1.500 5.125
v 29.125 1.500 4.875
v 28.875 1.500 4.875
v 16.875 1.500 11.125
v 17.125 1.500 11.125
v 17.125 1.500 10.875
v 16.875 1.500 10.875
v 22.875 1.500 11.125
v 23.125 1.500 11.125
v 23.125 1.500 10.875
v 22.875 1.500 10.875
v 28.875 1.500 11.125
v 29.125 1.500 11.125
v 29.125 1.500 10.875
v 28.875 1.500 10.875
v 28.500 16.000 11.000
v 23.500 16.000 11.000
v 23.500 15.500 11.000
v 28.500 15.500 11.000
v 16.875 9.500 5.125
v 17.125 9.500 5.125
v 17.125 9.500 4.875
v 16.875 9.500 4.875
v 22.875 9.500 5.125
v 23.125 9.500 5.125
v 23.125 9.500 4.875
v 22.875 9.500 4.875
v 28.875 9.500 5.125
v 29.125 9.500 5.125
v 29.125 9.500 4.875
v 28.875 9.500 4.875
v 16.875 9.500 11.125
v 17.125 9.500 11.125
v 17.125 9.500 10.875
v 16.875 9.500 10.875
v 22.875 9.500 11.125
v 23.125 9.500 11.125
v 23.125 9.500 10.875
v 22.875 9.500 10.875
v 28.875 9.500 11.125
v 29.125 9.500 11.125
v 29.125 9.500 10.875
v 28.875 9.500 10.875
v 28.875 11.500 8.125
v 28.875 12.500 8.125
v 28.875 16.500 8.125
v 23.000 11.000 4.500
v 23.000 11.000 -0.500
v 23.000 16.000 4.500
v 23.000 16.000 -0.500
v 23.000 15.500 -0.500
v 23.000 15.500 4.500
v 27.500 21.500 -0.500
v 27.500 22.000 -0.500
v 27.500 21.500 4.500
v 27.500 22.000 4.500
v 27.500 11.500 4.500
v 27.500 11.500 5.500
v 27.500 11.000 5.500
v 27.500 11.000 4.500
v 27.500 11.000 5.000
v 27.500 10.500 5.500
v 27.500 10.500 5.000
v 27.500 16.500 4.500
v 27.500 16.500 5.500
v 27.500 16.000 5.500
v 27.500 16.000 4.500
v 27.500 16.000 5.000
v 27.500 15.500 5.500
v 27.500 15.500 5.000
v 27.500 16.500 10.500
v 27.500 16.500 11.500
v 27.500 16.000 11.500
v 27.500 16.000 10.500
v 27.500 16.000 11.000
v 27.500 15.500 11.000
v 27.500 15.500 10.500
v 27.500 12.000 12.500
v 27.500 12.000 13.500
v 27.500 11.000 13.500
v 27.500 11.000 12.500
v 27.500 11.000 13.000
v 27.500 10.500 13.000
v 27.500 12.000 13.000
v 27.500 12.500 13.000
v 27.500 12.500 13.500
v 27.500 13.000 13.500
v 27.500 13.000 14.500
v 27.500 12.000 14.500
v 27.500 12.000 14.000
v 27.500 11.500 14.000
v 27.500 11.500 13.500
v 27.500 13.000 14.000
v 27.500 13.500 14.000
v 27.500 13.500 14.500
v 27.500 14.000 14.500
v 27.500 14.000 15.500
v 27.500 13.000 15.500
v 27.500 13.000 15.000
v 27.500 12.500 15.000
v 27.500 12.500 14.500
v 27.500 14.000 15.000
v 27.500 14.500 15.000
v 27.500 14.500 15.500
v 23.500 11.500 -0.500
v 23.500 15.500 -0.500
v 23.500 16.500 -0.500
v 23.500 22.000 -0.500
v 23.500 12.500 5.500
v 23.500 15.500 5.500
v 23.500 19.500 5.500
v 23.500 11.500 12.500
v 23.500 12.500 12.500
v 23.500 13.500 13.500
v 23.500 11.000 12.500
v 23.500 12.000 13.500
v 23.500 14.500 14.500
v 23.500 15.000 15.500
v 23.500 15.500 15.500
v 17.125 11.500 -0.125
v 17.125 12.500 -0.125
v 17.125 16.500 -0.125
v 23.125 11.500 -0.125
v 23.125 12.500 -0.125
v 23.125 16.500 -0.125
v 28.875 11.500 -0.125
v 28.875 12.500 -0.125
v 28.875 16.500 -0.125
v 28.875 11.500 1.125
v 28.875 12.500 1.125
v 28.875 16.500 1.125
v 28.875 11.500 1.875
v 28.875 12.500 1.875
v 28.875 16.500 1.875
v 28.875 11.500 3.125
v 28.875 12.500 3.125
v 28.875 16.500 3.125
v 28.875 11.500 3.875
v 28.875 12.500 3.875
v 28.875 16.500 3.875
v 28.875 11.500 6.125
v 28.875 12.500 6.125
v 28.875 16.500 6.125
v 28.875 11.500 8.875
v 28.875 12.500 8.875
v 28.875 16.500 8.875
v 28.875 -0.500 11.125
v 28.875 10.500 11.125
v 28.875 12.500 11.125
v 28.875 13.500 11.125
v 28.875 14.500 11.125
v 28.875 15.500 11.125
v 28.875 17.500 11.125
v 28.875 18.500 11.125
v 17.125 -0.500 11.125
v 23.125 -0.500 11.125
v 15.500 16.500 -0.500
v 16.500 16.500 -0.500
v 23.500 16.500 -0.500
v 22.500 16.500 -0.500
v 28.500 16.500 -0.500
v 17.125 16.500 1.125
v 23.125 16.500 1.125
v 17.125 16.500 1.875
v 23.125 16.500 1.875
v 17.125 16.500 3.125
v 23.125 16.500 3.125
v 17.125 16.500 3.875
v 23.125 16.500 3.875
v 16.500 16.500 5.500
v 15.500 16.500 5.500
v 22.500 16.500 5.500
v 23.500 16.500 5.500
v 15.500 16.500 9.500
v 16.500 16.500 9.500
v 17.500 16.500 6.500
v 22.500 16.500 6.500
v 17.500 16.500 9.500
v 18.500 16.500 9.500
v 18.500 16.500 6.500
v 22.500 16.500 9.500
v 15.500 16.500 10.500
v 15.500 16.500 11.500
v 23.875 16.500 11.125
v 26.125 16.500 11.125
v 26.875 16.500 11.125
v 28.125 16.500 11.125
v 15.500 16.500 13.500
v 15.500 16.500 15.500
v 23.125 11.500 1.125
v 23.125 12.500 1.125
v 23.125 11.500 1.875
v 23.125 12.500 1.875
v 23.125 11.500 3.125
v 23.125 12.500 3.125
v 23.125 11.500 3.875
v 23.125 12.500 3.875
v 23.125 10.500 11.125
v 23.125 12.500 11.125
v 23.125 13.500 11.125
v 23.125 14.500 11.125
v 23.125 15.500 11.125
v 23.125 17.500 11.125
v 23.125 18.500 11.125
v 15.500 21.500 2.500
v 16.500 21.500 2.500
v 16.500 22.000 2.500
v 15.500 22.000 2.500
v 17.500 11.500 2.500
v 16.500 11.500 2.500
v 17.500 11.000 2.500
v 16.500 10.500 2.500
v 17.500 16.500 2.500
v 16.500 16.500 2.500
v 17.500 16.000 2.500
v 16.500 15.500 2.500
v 23.500 11.500 2.500
v 22.500 11.500 2.500
v 22.500 11.000 2.500
v 23.500 11.000 2.500
v 23.000 11.000 2.500
v 23.000 10.500 2.500
v 23.500 10.500 2.500
v 23.500 16.500 2.500
v 22.500 16.500 2.500
v 22.500 16.000 2.500
v 23.500 16.000 2.500
v 23.000 16.000 2.500
v 23.000 15.500 2.500
v 23.500 15.500 2.500
v 23.500 21.500 2.500
v 24.500 21.500 2.500
v 24.500 22.000 2.500
v 23.500 22.000 2.500
v 27.500 21.500 2.500
v 28.500 21.500 2.500
v 28.500 22.000 2.500
v 27.500 22.000 2.500
v 29.500 11.500 2.500
v 28.500 11.500 2.500
v 29.500 11.000 2.500
v 28.500 10.500 2.500
v 29.500 16.500 2.500
v 28.500 16.500 2.500
v 29.500 16.000 2.500
v 28.500 15.500 2.500
v 23.500 12.000 12.500
v 28.500 12.000 12.500
v 22.500 12.000 13.500
v 18.500 15.500 6.500
v 29.500 11.500 6.500
v 28.500 11.000 6.500
v 29.500 11.000 6.500
v 29.000 11.000 6.500
v 29.000 10.500 6.500
v 29.500 16.500 6.500
v 28.500 16.500 6.500
v 28.500 16.000 6.500
v 29.500 16.000 6.500
v 29.000 16.000 6.500
v 28.500 15.500 6.500
v 29.000 15.500 6.500
v 17.125 12.500 1.125
v 17.125 12.500 1.875
v 17.125 12.500 3.125
v 17.125 12.500 3.875
v 16.500 12.500 11.500
v 23.500 12.500 11.500
v 22.500 12.500 14.500
v 15.500 22.000 -0.500
v 15.500 16.000 4.500
v 15.500 16.000 5.500
v 15.500 16.000 5.000
v 15.500 15.500 5.000
v 15.500 15.500 5.500
v 16.500 16.000 4.500
v 16.500 16.000 -0.500
v 22.500 16.000 -0.500
v 23.500 16.000 -0.500
v 23.500 16.000 4.500
v 28.500 16.000 4.500
v 28.500 16.000 -0.500
v 16.500 16.000 5.500
v 18.500 16.000 5.500
v 17.500 16.000 5.500
v 22.500 16.000 5.500
v 28.500 16.000 5.500
v 23.500 16.000 5.500
v 28.500 16.000 10.500
v 17.500 16.000 10.500
v 18.500 16.000 10.500
v 22.500 16.000 10.500
v 23.500 16.000 10.500
v 16.500 16.000 12.500
v 16.500 16.000 11.500
v 17.125 10.500 11.125
v 17.125 12.500 11.125
v 17.125 13.500 11.125
v 17.125 14.500 11.125
v 17.125 15.500 11.125
v 17.125 17.500 11.125
v 17.125 18.500 11.125
v 16.500 11.500 12.500
v 16.500 11.000 12.500
v 16.500 16.500 12.500
v 22.500 11.500 12.500
v 22.500 11.000 12.500
v 24.500 11.500 12.500
v 26.500 11.500 12.500
v 27.500 11.500 12.500
v 22.500 12.500 12.500
v 17.125 11.500 3.125
v 16.875 6.500 5.125
v 17.125 6.500 5.125
v 17.125 6.500 4.875
v 16.875 6.500 4.875
v 22.875 6.500 5.125
v 23.125 6.500 5.125
v 23.125 6.500 4.875
v 22.875 6.500 4.875
v 28.875 6.500 5.125
v 29.125 6.500 5.125
v 29.125 6.500 4.875
v 28.875 6.500 4.875
v 16.875 6.500 11.125
v 17.125 6.500 11.125
v 17.125 6.500 10.875
v 16.875 6.500 10.875
v 22.875 6.500 11.125
v 23.125 6.500 11.125
v 23.125 6.500 10.875
v 22.875 6.500 10.875
v 28.875 6.500 11.125
v 29.125 6.500 11.125
v 29.125 6.500 10.875
v 28.875 6.500 10.875
v 17.125 11.500 1.875
v 16.875 2.500 5.125
v 17.125 2.500 5.125
v 17.125 2.500 4.875
v 16.875 2.500 4.875
v 22.875 2.500 5.125
v 23.125 2.500 5.125
v 23.125 2.500 4.875
v 22.875 2.500 4.875
v 28.875 2.500 5.125
v 29.125 2.500 5.125
v 29.125 2.500 4.875
v 28.875 2.500 4.875
v 16.875 2.500 11.125
v 17.125 2.500 11.125
v 17.125 2.500 10.875
v 16.875 2.500 10.875
v 22.875 2.500 11.125
v 23.125 2.500 11.125
v 23.125 2.500 10.875
v 22.875 2.500 10.875
v 28.875 2.500 11.125
v 29.125 2.500 11.125
v 29.125 2.500 10.875
v 28.875 2.500 10.875
v 16.500 11.000 12.000
v 16.500 16.000 12.000
v 16.500 15.500 12.000
v 23.500 11.000 12.000
v 22.500 11.000 12.000
v 22.500 11.500 -0.500
v 22.500 11.000 -0.500
v 22.500 11.500 5.500
v 22.500 15.500 5.500
v 22.500 19.500 5.500
v 22.500 13.500 13.500
v 22.500 14.500 14.500
v 22.500 15.000 15.500
v 22.500 15.500 15.500
v 22.000 11.000 5.500
v 22.000 16.000 5.500
v 22.000 15.500 5.500
v 22.000 11.000 10.500
v 22.000 16.000 10.500
v 22.000 15.500 10.500
v 26.500 21.500 0.500
v 26.500 21.500 -0.500
v 26.500 22.000 -0.500
v 26.500 22.000 0.500
v 26.500 21.500 4.500
v 26.500 21.500 3.500
v 26.500 22.000 3.500
v 26.500 22.000 4.500
v 26.500 11.500 4.500
v 26.500 11.500 5.500
v 26.500 11.000 5.500
v 26.500 11.000 4.500
v 26.500 11.000 5.000
v 26.500 10.500 5.500
v 26.500 10.500 5.000
v 26.500 16.500 4.500
v 26.500 16.500 5.500
v 26.500 16.000 5.500
v 26.500 16.000 4.500
v 26.500 16.000 5.000
v 26.500 15.500 5.500
v 26.500 15.500 5.000
v 26.500 16.500 10.500
v 26.500 16.500 11.500
v 26.500 16.000 11.500
v 26.500 16.000 10.500
v 26.500 16.000 11.000
v 26.500 15.500 11.000
v 26.500 15.500 10.500
v 26.500 12.000 12.500
v 26.500 12.000 13.500
v 26.500 11.000 13.500
v 26.500 11.000 12.500
v 26.500 11.000 13.000
v 26.500 10.500 13.000
v 26.500 12.000 13.000
v 26.500 12.500 13.000
v 26.500 12.500 13.500
v 26.500 13.000 13.500
v 26.500 13.000 14.500
v 26.500 12.000 14.500
v 26.500 12.000 14.000
v 26.500 11.500 14.000
v 26.500 11.500 13.500
v 26.500 13.000 14.000
v 26.500 13.500 14.000
v 26.500 13.500 14.500
v 26.500 14.000 14.500
v 26.500 14.000 15.500
v 26.500 13.000 15.500
v 26.500 13.000 15.000
v 26.500 12.500 15.000
v 26.500 12.500 14.500
v 26.500 14.000 15.000
v 26.500 14.500 15.000
v 26.500 14.500 15.500
v 24.500 22.500 1.500
v 27.500 22.500 1.500
v 24.500 22.500 2.500
v 25.500 22.500 2.500
v 25.500 22.500 1.500
v 26.500 22.500 2.500
v 26.500 22.500 1.500
v 27.500 22.500 2.500
v 15.500 15.500 -0.500
v 17.125 11.500 1.125
v 17.125 11.500 3.875
v 23.500 15.500 -0.500
v 16.500 15.500 5.000
v 16.500 15.500 10.500
v 18.000 15.500 5.500
v 28.500 15.500 5.000
v 23.500 15.500 5.000
v 16.500 15.500 9.500
v 15.500 15.500 9.500
v 22.500 15.500 6.500
v 17.500 15.500 6.500
v 18.500 15.500 9.500
v 17.500 15.500 9.500
v 22.500 15.500 9.500
v 15.500 15.500 10.500
v 15.500 15.500 11.500
v 18.000 15.500 10.500
v 15.500 15.500 13.500
v 15.500 15.500 15.500
v 16.500 11.000 4.500
v 16.500 11.000 -0.500
v 23.500 11.000 -0.500
v 23.500 11.000 4.500
v 28.500 11.000 4.500
v 28.500 11.000 -0.500
v 18.500 11.000 5.500
v 17.500 11.000 5.500
v 22.500 11.000 5.500
v 28.500 11.000 5.500
v 23.500 11.000 5.500
v 28.500 11.000 10.500
v 17.500 11.000 10.500
v 18.500 11.000 10.500
v 22.500 11.000 10.500
v 16.500 11.000 11.500
v 23.500 11.000 11.500
v 15.500 21.500 1.500
v 16.500 21.500 1.500
v 16.500 22.000 1.500
v 15.500 22.000 1.500
v 17.000 11.000 1.500
v 16.500 10.500 1.500
v 17.000 10.500 1.500
v 17.000 16.000 1.500
v 16.500 15.500 1.500
v 17.000 15.500 1.500
v 23.500 11.500 1.500
v 22.500 11.500 1.500
v 22.500 11.000 1.500
v 23.500 16.500 1.500
v 22.500 16.500 1.500
v 22.500 16.000 1.500
v 23.500 21.500 1.500
v 24.500 21.500 1.500
v 24.500 22.000 1.500
v 23.500 22.000 1.500
v 27.500 21.500 1.500
v 28.500 21.500 1.500
v 28.500 22.000 1.500
v 27.500 22.000 1.500
v 29.000 11.000 1.500
v 28.500 10.500 1.500
v 29.000 10.500 1.500
v 29.000 16.000 1.500
v 28.500 15.500 1.500
v 29.000 15.500 1.500
v 16.500 16.000 5.000
v 23.500 11.000 5.000
v 28.500 11.000 5.000
v 23.500 16.000 5.000
v 28.500 16.000 5.000
v 18.500 11.500 5.500
v 18.500 16.500 5.500
v 18.500 16.500 10.500
v 23.500 11.500 5.500
v 18.000 11.000 5.500
v 18.000 16.000 5.500
v 18.000 11.000 10.500
v 18.000 16.000 10.500
v 15.500 11.500 4.500
v 15.500 11.500 -0.500
v 16.500 11.500 -0.500
v 23.500 11.500 -0.500
v 28.500 11.500 -0.500
v 15.500 11.500 5.500
v 15.500 11.500 9.500
v 16.500 11.500 9.500
v 17.500 11.500 6.500
v 18.500 11.500 6.500
v 22.500 11.500 6.500
v 23.500 11.500 6.500
v 25.500 11.500 6.500
v 17.500 11.500 7.500
v 20.500 11.500 7.500
v 20.500 11.500 6.500
v 21.500 11.500 7.500
v 21.500 11.500 6.500
v 22.500 11.500 7.500
v 23.500 11.500 7.500
v 25.500 11.500 7.500
v 17.500 11.500 8.500
v 18.500 11.500 8.500
v 18.500 11.500 7.500
v 20.500 11.500 8.500
v 20.500 11.500 9.500
v 21.500 11.500 9.500
v 22.500 11.500 9.500
v 23.500 11.500 8.500
v 17.500 11.500 9.500
v 19.500 11.500 9.500
v 19.500 11.500 8.500
v 23.500 11.500 9.500
v 24.500 11.500 9.500
v 24.500 11.500 8.500
v 25.500 11.500 9.500
v 25.500 11.500 8.500
v 28.500 11.500 9.500
v 15.500 11.500 10.500
v 18.500 11.500 9.500
v 25.500 11.500 10.500
v 27.500 11.500 10.500
v 27.500 11.500 9.500
v 15.500 11.500 11.500
v 15.500 11.500 13.500
v 24.500 11.500 11.500
v 26.500 11.500 11.500
v 27.500 11.500 11.500
v 15.500 11.500 15.500
v 29.500 11.500 9.500
v 28.500 11.000 9.500
v 29.500 11.000 9.500
v 29.000 11.000 9.500
v 29.000 10.500 9.500
v 29.500 16.500 9.500
v 28.500 16.500 9.500
v 28.500 16.000 9.500
v 29.500 16.000 9.500
v 29.000 16.000 9.500
v 28.500 15.500 9.500
v 29.000 15.500 9.500
v 16.875 5.500 -34.875
v 17.125 5.500 -34.875
v 17.125 5.500 -35.125
v 16.875 5.500 -35.125
v 22.875 5.500 -34.875
v 23.125 5.500 -34.875
v 23.125 5.500 -35.125
v 22.875 5.500 -35.125
v 16.875 7.500 -34.875
v 17.125 7.500 -34.875
v 17.125 7.500 -35.125
v 16.875 7.500 -35.125
v 22.875 7.500 -34.875
v 23.125 7.500 -34.875
v 23.125 7.500 -35.125
v 22.875 7.500 -35.125
v 16.875 1.500 -34.875
v 17.125 1.500 -34.875
v 17.125 1.500 -35.125
v 16.875 1.500 -35.125
v 22.875 1.500 -34.875
v 23.125 1.500 -34.875
v 23.125 1.500 -35.125
v 22.875 1.500 -35.125
v 21.125 11.500 -34.875
v 21.125 11.500 -35.125
v 21.125 12.500 -35.125
v 21.125 12.500 -34.875
v 16.875 3.500 -34.875
v 17.125 3.500 -34.875
v 17.125 3.500 -35.125
v 16.875 3.500 -35.125
v 22.875 3.500 -34.875
v 23.125 3.500 -34.875
v 23.125 3.500 -35.125
v 22.875 3.500 -35.125
v 21.500 11.500 -35.500
v 21.500 11.500 -34.500
v 21.500 11.000 -34.500
v 21.500 11.000 -35.500
v 21.500 11.000 -35.000
v 21.500 10.500 -34.500
v 21.500 10.500 -35.000
v 16.875 9.500 -34.875
v 17.125 9.500 -34.875
v 17.125 9.500 -35.125
v 16.875 9.500 -35.125
v 22.875 9.500 -34.875
v 23.125 9.500 -34.875
v 23.125 9.500 -35.125
v 22.875 9.500 -35.125
v 15.500 11.500 -35.500
v 16.500 11.500 -35.500
v 16.500 11.000 -35.500
v 15.500 11.000 -35.500
v 15.500 16.500 -35.500
v 16.500 16.500 -35.500
v 16.500 16.000 -35.500
v 15.500 16.000 -35.500
v 17.500 10.500 -35.500
v 16.500 10.500 -35.500
v 16.500 12.500 -35.500
v 17.500 12.500 -35.500
v 17.500 13.500 -35.500
v 16.500 13.500 -35.500
v 16.500 14.500 -35.500
v 17.500 14.500 -35.500
v 17.500 15.500 -35.500
v 16.500 15.500 -35.500
v 16.500 17.500 -35.500
v 17.500 17.500 -35.500
v 17.500 18.500 -35.500
v 16.500 18.500 -35.500
v 16.500 19.500 -35.500
v 17.500 19.500 -35.500
v 17.500 11.500 -35.500
v 22.500 11.500 -35.500
v 22.500 11.000 -35.500
v 17.500 11.000 -35.500
v 23.500 10.500 -35.500
v 22.500 10.500 -35.500
v 22.500 12.500 -35.500
v 23.500 12.500 -35.500
v 23.500 13.500 -35.500
v 22.500 13.500 -35.500
v 22.500 14.500 -35.500
v 23.500 14.500 -35.500
v 23.000 11.000 -34.500
v 23.000 11.000 -32.500
v 23.000 10.500 -32.500
v 23.000 10.500 -34.500
v 17.500 11.500 -33.500
v 16.500 11.500 -33.500
v 16.500 11.000 -33.500
v 17.500 11.000 -33.500
v 17.000 11.000 -33.500
v 17.000 10.500 -33.500
v 17.500 10.500 -33.500
v 17.500 16.500 -33.500
v 16.500 16.500 -33.500
v 16.500 16.000 -33.500
v 17.500 16.000 -33.500
v 17.000 16.000 -33.500
v 16.500 15.500 -33.500
v 17.000 15.500 -33.500
v 23.500 11.500 -33.500
v 22.500 11.500 -33.500
v 22.500 11.000 -33.500
v 23.500 11.000 -33.500
v 23.000 11.000 -33.500
v 22.500 10.500 -33.500
v 23.000 10.500 -33.500
v 23.500 10.500 -34.500
v 23.500 12.500 -34.500
v 23.500 13.500 -34.500
v 23.500 14.500 -34.500
v 23.500 11.500 -34.500
v 23.500 11.500 -32.500
v 23.500 11.000 -32.500
v 23.500 11.000 -34.500
v 15.500 11.000 -35.000
v 16.500 11.000 -35.000
v 16.500 10.500 -35.000
v 15.500 10.500 -35.000
v 15.500 16.000 -35.000
v 16.500 16.000 -35.000
v 16.500 15.500 -35.000
v 15.500 15.500 -35.000
v 17.500 11.000 -35.000
v 22.500 11.000 -35.000
v 22.500 10.500 -35.000
v 17.500 10.500 -35.000
v 20.875 11.500 -35.125
v 20.875 11.500 -34.875
v 20.875 12.500 -34.875
v 20.875 12.500 -35.125
v 15.875 11.500 -34.875
v 16.125 11.500 -34.875
v 16.125 12.500 -34.875
v 15.875 12.500 -34.875
v 15.875 16.500 -34.875
v 16.125 16.500 -34.875
v 16.125 17.500 -34.875
v 15.875 17.500 -34.875
v 16.875 -0.500 -34.875
v 17.125 -0.500 -34.875
v 17.125 10.500 -34.875
v 16.875 10.500 -34.875
v 16.875 12.500 -34.875
v 17.125 12.500 -34.875
v 17.125 13.500 -34.875
v 16.875 13.500 -34.875
v 16.875 14.500 -34.875
v 17.125 14.500 -34.875
v 17.125 15.500 -34.875
v 16.875 15.500 -34.875
v 16.875 17.500 -34.875
v 17.125 17.500 -34.875
v 17.125 18.500 -34.875
v 16.875 18.500 -34.875
v 17.875 11.500 -34.875
v 18.125 11.500 -34.875
v 18.125 12.500 -34.875
v 17.875 12.500 -34.875
v 18.875 11.500 -34.875
v 19.125 11.500 -34.875
v 19.125 12.500 -34.875
v 18.875 12.500 -34.875
v 19.875 11.500 -34.875
v 20.125 11.500 -34.875
v 20.125 12.500 -34.875
v 19.875 12.500 -34.875
v 21.875 11.500 -34.875
v 22.125 11.500 -34.875
v 22.125 12.500 -34.875
v 21.875 12.500 -34.875
v 22.875 -0.500 -34.875
v 23.125 -0.500 -34.875
v 23.125 10.500 -34.875
v 22.875 10.500 -34.875
v 22.875 12.500 -34.875
v 23.125 12.500 -34.875
v 23.125 13.500 -34.875
v 22.875 13.500 -34.875
v 22.125 11.500 -35.125
v 22.125 12.500 -35.125
v 19.875 11.500 -35.125
v 19.875 12.500 -35.125
v 16.875 16.500 -32.875
v 17.125 16.500 -32.875
v 17.125 17.500 -32.875
v 16.875 17.500 -32.875
v 22.875 11.500 -32.875
v 23.125 11.500 -32.875
v 23.125 12.500 -32.875
v 22.875 12.500 -32.875
v 16.875 -0.500 -35.125
v 17.125 -0.500 -35.125
v 22.875 -0.500 -35.125
v 23.125 -0.500 -35.125
v 16.500 14.500 -34.500
v 17.500 14.500 -34.500
v 22.500 14.500 -34.500
v 16.500 16.500 -34.500
v 15.500 16.500 -34.500
v 15.875 16.500 -35.125
v 16.125 16.500 -35.125
v 15.500 16.500 -33.500
v 16.500 16.500 -32.500
v 17.500 16.500 -32.500
v 17.500 16.500 -34.500
v 17.125 16.500 -33.875
v 16.875 16.500 -33.875
v 16.875 16.500 -34.125
v 17.125 16.500 -34.125
v 15.500 16.500 -32.500
v 16.875 16.500 -33.125
v 17.125 16.500 -33.125
v 23.125 10.500 -35.125
v 23.125 12.500 -35.125
v 23.125 13.500 -35.125
v 23.125 11.500 -33.875
v 23.125 11.500 -34.125
v 23.125 12.500 -34.125
v 23.125 12.500 -33.875
v 23.125 11.500 -33.125
v 23.125 12.500 -33.125
v 17.500 18.500 -34.500
v 16.500 18.500 -34.500
v 17.500 10.500 -34.500
v 17.500 12.500 -34.500
v 17.500 13.500 -34.500
v 17.500 15.500 -34.500
v 17.500 17.500 -34.500
v 17.500 19.500 -34.500
v 17.500 16.000 -32.500
v 17.500 16.000 -34.500
v 17.500 10.500 -32.500
v 17.500 11.500 -32.500
v 17.500 11.500 -34.500
v 19.500 11.500 -35.500
v 19.500 11.500 -34.500
v 19.500 11.000 -34.500
v 19.500 11.000 -35.500
v 19.500 11.000 -35.000
v 19.500 10.500 -34.500
v 19.500 10.500 -35.000
v 19.125 11.500 -35.125
v 19.125 12.500 -35.125
v 16.500 10.500 -34.500
v 15.500 10.500 -34.500
v 22.500 10.500 -34.500
v 16.500 10.500 -33.500
v 15.500 10.500 -33.500
v 17.000 10.500 -34.500
v 17.000 10.500 -32.500
v 19.500 10.500 -32.500
v 20.500 10.500 -32.500
v 20.500 10.500 -34.500
v 21.500 10.500 -33.500
v 20.500 10.500 -33.500
v 22.500 10.500 -32.500
v 16.500 10.500 -32.500
v 15.500 10.500 -32.500
v 17.000 11.000 -32.500
v 17.000 11.000 -34.500
v 17.000 16.000 -34.500
v 17.000 16.000 -32.500
v 17.000 15.500 -32.500
v 17.000 15.500 -34.500
v 16.125 12.500 -35.125
v 15.875 12.500 -35.125
v 16.500 12.500 -34.500
v 18.125 12.500 -35.125
v 17.875 12.500 -35.125
v 18.875 12.500 -35.125
v 20.125 12.500 -35.125
v 21.875 12.500 -35.125
v 22.500 12.500 -34.500
v 22.875 12.500 -33.875
v 22.875 12.500 -34.125
v 22.875 12.500 -33.125
v 15.500 11.500 -34.500
v 15.500 11.000 -34.500
v 15.500 16.000 -34.500
v 15.500 15.500 -34.500
v 16.500 16.000 -34.500
v 16.500 16.000 -32.500
v 17.125 17.500 -33.875
v 16.875 17.500 -33.875
v 22.875 11.500 -33.875
v 16.875 4.500 -34.875
v 17.125 4.500 -34.875
v 17.125 4.500 -35.125
v 16.875 4.500 -35.125
v 22.875 4.500 -34.875
v 23.125 4.500 -34.875
v 23.125 4.500 -35.125
v 22.875 4.500 -35.125
v 18.125 11.500 -35.125
v 16.875 6.500 -34.875
v 17.125 6.500 -34.875
v 17.125 6.500 -35.125
v 16.875 6.500 -35.125
v 22.875 6.500 -34.875
v 23.125 6.500 -34.875
v 23.125 6.500 -35.125
v 22.875 6.500 -35.125
v 16.875 0.500 -34.875
v 17.125 0.500 -34.875
v 17.125 0.500 -35.125
v 16.875 0.500 -35.125
v 22.875 0.500 -34.875
v 23.125 0.500 -34.875
v 23.125 0.500 -35.125
v 22.875 0.500 -35.125
v 16.875 2.500 -34.875
v 17.125 2.500 -34.875
v 17.125 2.500 -35.125
v 16.875 2.500 -35.125
v 22.875 2.500 -34.875
v 23.125 2.500 -34.875
v 23.125 2.500 -35.125
v 22.875 2.500 -35.125
v 20.500 11.500 -35.500
v 20.500 11.500 -34.500
v 20.500 11.000 -34.500
v 20.500 11.000 -35.500
v 20.500 11.000 -35.000
v 20.500 10.500 -35.000
v 22.500 13.500 -34.500
v 22.500 11.500 -34.500
v 22.500 11.500 -32.500
v 16.875 8.500 -34.875
v 17.125 8.500 -34.875
v 17.125 8.500 -35.125
v 16.875 8.500 -35.125
v 22.875 8.500 -34.875
v 23.125 8.500 -34.875
v 23.125 8.500 -35.125
v 22.875 8.500 -35.125
v 16.875 10.500 -35.125
v 16.875 12.500 -35.125
v 16.875 13.500 -35.125
v 16.875 14.500 -35.125
v 16.875 15.500 -35.125
v 16.875 17.500 -35.125
v 16.875 18.500 -35.125
v 16.875 17.500 -34.125
v 16.875 17.500 -33.125
v 16.500 11.500 -32.500
v 16.500 11.000 -32.500
v 17.500 11.000 -32.500
v 16.500 15.500 -32.500
v 20.500 11.500 -32.500
v 19.500 11.500 -32.500
v 22.500 11.000 -32.500
v 16.500 13.500 -34.500
v 16.500 15.500 -34.500
v 16.500 17.500 -34.500
v 16.500 19.500 -34.500
v 16.500 11.500 -34.500
v 17.125 17.500 -33.125
v 22.875 11.500 -33.125
v 15.875 11.500 -35.125
v 15.875 17.500 -35.125
v 17.125 10.500 -35.125
v 17.125 12.500 -35.125
v 17.125 13.500 -35.125
v 17.125 14.500 -35.125
v 17.125 15.500 -35.125
v 17.125 17.500 -35.125
v 17.125 18.500 -35.125
v 17.125 17.500 -34.125
v 18.875 11.500 -35.125
v 21.875 11.500 -35.125
v 22.875 10.500 -35.125
v 22.875 12.500 -35.125
v 22.875 13.500 -35.125
v 22.875 11.500 -34.125
v 16.125 11.500 -35.125
v 16.125 17.500 -35.125
v 15.500 15.500 -33.500
v 15.500 15.500 -32.500
v 16.500 11.000 -34.500
v 22.500 11.000 -34.500
v 17.500 11.000 -34.500
v 18.500 11.500 -35.500
v 18.500 11.500 -34.500
v 18.500 11.000 -34.500
v 18.500 11.000 -35.500
v 18.500 11.000 -35.000
v 18.500 10.500 -34.500
v 18.500 10.500 -35.000
v 17.875 11.500 -35.125
v 20.125 11.500 -35.125
v 15.500 11.500 -33.500
v 20.500 11.500 -33.500
v 21.500 11.500 -33.500
v 15.500 11.500 -32.500
v 4.875 5.500 -34.875
v 5.125 5.500 -34.875
v 5.125 5.500 -35.125
v 4.875 5.500 -35.125
v 10.875 5.500 -34.875
v 11.125 5.500 -34.875
v 11.125 5.500 -35.125
v 10.875 5.500 -35.125
v 13.125 11.500 -34.875
v 13.125 11.500 -35.125
v 13.125 12.500 -35.125
v 13.125 12.500 -34.875
v 13.125 16.500 -34.875
v 13.125 16.500 -35.125
v 13.125 17.500 -35.125
v 13.125 17.500 -34.875
v 4.875 7.500 -34.875
v 5.125 7.500 -34.875
v 5.125 7.500 -35.125
v 4.875 7.500 -35.125
v 10.875 7.500 -34.875
v 11.125 7.500 -34.875
v 11.125 7.500 -35.125
v 10.875 7.500 -35.125
v 4.875 1.500 -34.875
v 5.125 1.500 -34.875
v 5.125 1.500 -35.125
v 4.875 1.500 -35.125
v 10.875 1.500 -34.875
v 11.125 1.500 -34.875
v 11.125 1.500 -35.125
v 10.875 1.500 -35.125
v 11.875 11.500 -35.125
v 11.875 11.500 -34.875
v 11.875 12.500 -34.875
v 11.875 12.500 -35.125
v 11.875 16.500 -35.125
v 11.875 16.500 -34.875
v 11.875 17.500 -34.875
v 11.875 17.500 -35.125
v 4.875 3.500 -34.875
v 5.125 3.500 -34.875
v 5.125 3.500 -35.125
v 4.875 3.500 -35.125
v 10.875 3.500 -34.875
v 11.125 3.500 -34.875
v 11.125 3.500 -35.125
v 10.875 3.500 -35.125
v 5.000 11.000 -32.500
v 5.000 11.000 -34.500
v 5.000 10.500 -34.500
v 5.000 10.500 -32.500
v 10.875 -0.500 -35.125
v 10.875 -0.500 -34.875
v 10.875 10.500 -34.875
v 10.875 10.500 -35.125
v 10.875 12.500 -35.125
v 10.875 12.500 -34.875
v 10.875 13.500 -34.875
v 10.875 13.500 -35.125
v 10.875 14.500 -35.125
v 10.875 14.500 -34.875
v 10.875 15.500 -34.875
v 10.875 15.500 -35.125
v 10.875 17.500 -35.125
v 10.875 17.500 -34.875
v 10.875 18.500 -34.875
v 10.875 18.500 -35.125
v 10.875 16.500 -34.125
v 10.875 16.500 -33.875
v 10.875 17.500 -33.875
v 10.875 17.500 -34.125
v 10.875 16.500 -33.125
v 10.875 16.500 -32.875
v 10.875 17.500 -32.875
v 10.875 17.500 -33.125
v 5.125 -0.500 -34.875
v 5.125 -0.500 -35.125
v 5.125 10.500 -35.125
v 5.125 10.500 -34.875
v 5.125 12.500 -34.875
v 5.125 12.500 -35.125
v 5.125 13.500 -35.125
v 5.125 13.500 -34.875
v 5.125 11.500 -33.875
v 5.125 11.500 -34.125
v 5.125 12.500 -34.125
v 5.125 12.500 -33.875
v 5.125 11.500 -32.875
v 5.125 11.500 -33.125
v 5.125 12.500 -33.125
v 5.125 12.500 -32.875
v 4.875 9.500 -34.875
v 5.125 9.500 -34.875
v 5.125 9.500 -35.125
v 4.875 9.500 -35.125
v 10.875 9.500 -34.875
v 11.125 9.500 -34.875
v 11.125 9.500 -35.125
v 10.875 9.500 -35.125
v 12.125 11.500 -34.875
v 12.125 11.500 -35.125
v 12.125 12.500 -35.125
v 12.125 12.500 -34.875
v 12.125 16.500 -34.875
v 12.125 16.500 -35.125
v 12.125 17.500 -35.125
v 12.125 17.500 -34.875
v 5.500 10.500 -35.500
v 4.500 10.500 -35.500
v 4.500 12.500 -35.500
v 5.500 12.500 -35.500
v 5.500 13.500 -35.500
v 4.500 13.500 -35.500
v 4.500 14.500 -35.500
v 5.500 14.500 -35.500
v 5.500 11.500 -35.500
v 10.500 11.500 -35.500
v 10.500 11.000 -35.500
v 5.500 11.000 -35.500
v 11.500 10.500 -35.500
v 10.500 10.500 -35.500
v 10.500 12.500 -35.500
v 11.500 12.500 -35.500
v 11.500 13.500 -35.500
v 10.500 13.500 -35.500
v 10.500 14.500 -35.500
v 11.500 14.500 -35.500
v 11.500 15.500 -35.500
v 10.500 15.500 -35.500
v 10.500 17.500 -35.500
v 11.500 17.500 -35.500
v 11.500 18.500 -35.500
v 10.500 18.500 -35.500
v 10.500 19.500 -35.500
v 11.500 19.500 -35.500
v 11.500 11.500 -35.500
v 15.500 11.500 -35.500
v 15.500 11.000 -35.500
v 11.500 11.000 -35.500
v 11.500 16.500 -35.500
v 15.500 16.500 -35.500
v 15.500 16.000 -35.500
v 11.500 16.000 -35.500
v 14.125 11.500 -34.875
v 14.125 11.500 -35.125
v 14.125 12.500 -35.125
v 14.125 12.500 -34.875
v 14.125 16.500 -34.875
v 14.125 16.500 -35.125
v 14.125 17.500 -35.125
v 14.125 17.500 -34.875
v 7.500 11.500 -35.500
v 7.500 11.500 -34.500
v 7.500 11.000 -34.500
v 7.500 11.000 -35.500
v 7.500 11.000 -35.000
v 7.500 10.500 -34.500
v 7.500 10.500 -35.000
v 5.500 10.500 -34.500
v 5.500 12.500 -34.500
v 5.500 13.500 -34.500
v 5.500 14.500 -34.500
v 5.500 10.500 -32.500
v 5.500 11.500 -32.500
v 5.500 11.500 -34.500
v 5.500 11.500 -33.500
v 4.500 11.500 -33.500
v 4.500 11.000 -33.500
v 5.500 11.000 -33.500
v 5.000 11.000 -33.500
v 5.000 10.500 -33.500
v 5.500 10.500 -33.500
v 11.500 11.500 -33.500
v 10.500 11.500 -33.500
v 10.500 11.000 -33.500
v 11.500 11.000 -33.500
v 11.000 11.000 -33.500
v 10.500 10.500 -33.500
v 11.000 10.500 -33.500
v 11.500 16.500 -33.500
v 10.500 16.500 -33.500
v 10.500 16.000 -33.500
v 11.500 16.000 -33.500
v 11.000 16.000 -33.500
v 11.000 15.500 -33.500
v 11.500 15.500 -33.500
v 5.500 11.000 -35.000
v 10.500 11.000 -35.000
v 10.500 10.500 -35.000
v 5.500 10.500 -35.000
v 11.500 11.000 -35.000
v 15.500 11.000 -35.000
v 15.500 10.500 -35.000
v 11.500 10.500 -35.000
v 11.500 16.000 -35.000
v 15.500 16.000 -35.000
v 15.500 15.500 -35.000
v 11.500 15.500 -35.000
v 4.875 -0.500 -34.875
v 4.875 10.500 -34.875
v 4.875 12.500 -34.875
v 4.875 13.500 -34.875
v 5.875 11.500 -34.875
v 6.125 11.500 -34.875
v 6.125 12.500 -34.875
v 5.875 12.500 -34.875
v 6.875 11.500 -34.875
v 7.125 11.500 -34.875
v 7.125 12.500 -34.875
v 6.875 12.500 -34.875
v 7.875 11.500 -34.875
v 8.125 11.500 -34.875
v 8.125 12.500 -34.875
v 7.875 12.500 -34.875
v 8.875 11.500 -34.875
v 9.125 11.500 -34.875
v 9.125 12.500 -34.875
v 8.875 12.500 -34.875
v 9.875 11.500 -34.875
v 10.125 11.500 -34.875
v 10.125 12.500 -34.875
v 9.875 12.500 -34.875
v 11.125 -0.500 -34.875
v 11.125 10.500 -34.875
v 11.125 12.500 -34.875
v 11.125 13.500 -34.875
v 11.125 14.500 -34.875
v 11.125 15.500 -34.875
v 11.125 17.500 -34.875
v 11.125 18.500 -34.875
v 12.875 11.500 -34.875
v 12.875 12.500 -34.875
v 12.875 16.500 -34.875
v 12.875 17.500 -34.875
v 13.875 11.500 -34.875
v 13.875 12.500 -34.875
v 13.875 16.500 -34.875
v 13.875 17.500 -34.875
v 14.875 11.500 -34.875
v 15.125 11.500 -34.875
v 15.125 12.500 -34.875
v 14.875 12.500 -34.875
v 14.875 16.500 -34.875
v 15.125 16.500 -34.875
v 15.125 17.500 -34.875
v 14.875 17.500 -34.875
v 9.500 11.500 -35.500
v 9.500 11.500 -34.500
v 9.500 11.000 -34.500
v 9.500 11.000 -35.500
v 9.500 11.000 -35.000
v 9.500 10.500 -34.500
v 9.500 10.500 -35.000
v 13.875 11.500 -35.125
v 13.875 12.500 -35.125
v 13.875 16.500 -35.125
v 13.875 17.500 -35.125
v 4.875 11.500 -32.875
v 4.875 12.500 -32.875
v 11.125 16.500 -32.875
v 11.125 17.500 -32.875
v 4.875 -0.500 -35.125
v 4.875 10.500 -35.125
v 4.875 12.500 -35.125
v 4.875 13.500 -35.125
v 4.875 11.500 -34.125
v 4.875 11.500 -33.875
v 4.875 12.500 -33.875
v 4.875 12.500 -34.125
v 4.875 11.500 -33.125
v 4.875 12.500 -33.125
v 11.125 -0.500 -35.125
v 4.500 14.500 -34.500
v 10.500 14.500 -34.500
v 11.500 14.500 -34.500
v 15.500 16.500 -34.500
v 11.500 16.500 -34.500
v 12.875 16.500 -35.125
v 14.875 16.500 -35.125
v 15.125 16.500 -35.125
v 10.500 16.500 -34.500
v 10.500 16.500 -32.500
v 11.500 16.500 -32.500
v 11.125 16.500 -33.875
v 11.125 16.500 -34.125
v 13.500 16.500 -32.500
v 13.500 16.500 -34.500
v 14.500 16.500 -32.500
v 14.500 16.500 -34.500
v 15.500 16.500 -32.500
v 11.125 16.500 -33.125
v 10.125 11.500 -35.125
v 10.125 12.500 -35.125
v 11.500 10.500 -34.500
v 11.500 12.500 -34.500
v 11.500 13.500 -34.500
v 11.500 15.500 -34.500
v 11.500 17.500 -34.500
v 11.500 18.500 -34.500
v 11.500 19.500 -34.500
v 11.500 10.500 -32.500
v 11.500 11.500 -32.500
v 11.500 11.500 -34.500
v 11.500 15.500 -32.500
v 10.500 18.500 -34.500
v 14.875 11.500 -35.125
v 14.875 12.500 -35.125
v 14.875 17.500 -35.125
v 11.000 11.000 -34.500
v 11.000 11.000 -32.500
v 11.000 10.500 -32.500
v 11.000 10.500 -34.500
v 11.000 16.000 -32.500
v 11.000 16.000 -34.500
v 11.000 15.500 -34.500
v 11.000 15.500 -32.500
v 12.875 11.500 -35.125
v 12.875 12.500 -35.125
v 12.875 17.500 -35.125
v 4.500 10.500 -34.500
v 10.500 10.500 -34.500
v 15.500 10.500 -34.500
v 7.500 10.500 -32.500
v 8.500 10.500 -32.500
v 8.500 10.500 -34.500
v 9.500 10.500 -33.500
v 8.500 10.500 -33.500
v 10.500 10.500 -32.500
v 13.500 10.500 -32.500
v 13.500 10.500 -34.500
v 14.500 10.500 -32.500
v 14.500 10.500 -34.500
v 15.500 10.500 -32.500
v 13.500 11.500 -35.500
v 13.500 11.500 -34.500
v 13.500 11.000 -34.500
v 13.500 11.000 -35.500
v 13.500 11.000 -35.000
v 13.500 10.500 -35.000
v 13.500 16.500 -35.500
v 13.500 16.000 -34.500
v 13.500 16.000 -35.500
v 13.500 16.000 -35.000
v 13.500 15.500 -34.500
v 13.500 15.500 -35.000
v 4.500 12.500 -34.500
v 6.125 12.500 -35.125
v 5.875 12.500 -35.125
v 7.125 12.500 -35.125
v 6.875 12.500 -35.125
v 8.125 12.500 -35.125
v 7.875 12.500 -35.125
v 9.125 12.500 -35.125
v 8.875 12.500 -35.125
v 9.875 12.500 -35.125
v 10.500 12.500 -34.500
v 15.125 12.500 -35.125
v 15.500 16.000 -34.500
v 11.500 16.000 -34.500
v 10.500 16.000 -34.500
v 11.500 16.000 -32.500
v 10.500 16.000 -32.500
v 15.500 11.500 -34.500
v 15.500 11.000 -34.500
v 15.500 15.500 -34.500
v 11.125 17.500 -33.875
v 11.125 10.500 -35.125
v 11.125 12.500 -35.125
v 11.125 13.500 -35.125
v 11.125 14.500 -35.125
v 11.125 15.500 -35.125
v 11.125 17.500 -35.125
v 11.125 18.500 -35.125
v 11.125 17.500 -34.125
v 11.125 17.500 -33.125
v 4.875 4.500 -34.875
v 5.125 4.500 -34.875
v 5.125 4.500 -35.125
v 4.875 4.500 -35.125
v 10.875 4.500 -34.875
v 11.125 4.500 -34.875
v 11.125 4.500 -35.125
v 10.875 4.500 -35.125
v 4.875 6.500 -34.875
v 5.125 6.500 -34.875
v 5.125 6.500 -35.125
v 4.875 6.500 -35.125
v 10.875 6.500 -34.875
v 11.125 6.500 -34.875
v 11.125 6.500 -35.125
v 10.875 6.500 -35.125
v 4.875 0.500 -34.875
v 5.125 0.500 -34.875
v 5.125 0.500 -35.125
v 4.875 0.500 -35.125
v 10.875 0.500 -34.875
v 11.125 0.500 -34.875
v 11.125 0.500 -35.125
v 10.875 0.500 -35.125
v 4.875 2.500 -34.875
v 5.125 2.500 -34.875
v 5.125 2.500 -35.125
v 4.875 2.500 -35.125
v 10.875 2.500 -34.875
v 11.125 2.500 -34.875
v 11.125 2.500 -35.125
v 10.875 2.500 -35.125
v 7.875 11.500 -35.125
v 4.875 8.500 -34.875
v 5.125 8.500 -34.875
v 5.125 8.500 -35.125
v 4.875 8.500 -35.125
v 10.875 8.500 -34.875
v 11.125 8.500 -34.875
v 11.125 8.500 -35.125
v 10.875 8.500 -35.125
v 9.125 11.500 -35.125
v 8.500 11.500 -35.500
v 8.500 11.500 -34.500
v 8.500 11.000 -34.500
v 8.500 11.000 -35.500
v 8.500 11.000 -35.000
v 8.500 10.500 -35.000
v 4.500 11.500 -32.500
v 4.500 11.000 -32.500
v 5.500 11.000 -32.500
v 8.500 11.500 -32.500
v 7.500 11.500 -32.500
v 10.500 11.500 -32.500
v 10.500 11.000 -32.500
v 11.500 11.000 -32.500
v 14.500 11.500 -32.500
v 13.500 11.500 -32.500
v 13.500 15.500 -32.500
v 14.500 15.500 -32.500
v 4.500 13.500 -34.500
v 10.500 13.500 -34.500
v 10.500 15.500 -34.500
v 10.500 17.500 -34.500
v 10.500 19.500 -34.500
v 10.500 11.500 -34.500
v 14.500 11.500 -34.500
v 14.500 15.500 -34.500
v 6.500 11.500 -35.500
v 6.500 11.500 -34.500
v 6.500 11.000 -34.500
v 6.500 11.000 -35.500
v 6.500 11.000 -35.000
v 6.500 10.500 -34.500
v 6.500 10.500 -35.000
v 4.500 11.500 -34.500
v 4.500 11.000 -34.500
v 5.875 11.500 -35.125
v 6.875 11.500 -35.125
v 8.125 11.500 -35.125
v 9.875 11.500 -35.125
v 7.125 11.500 -35.125
v 15.500 15.500 -32.500
v 15.125 17.500 -35.125
v 10.500 11.000 -34.500
v 5.500 11.000 -34.500
v 11.500 11.000 -34.500
v 8.875 11.500 -35.125
v 12.500 11.500 -35.500
v 12.500 11.500 -34.500
v 12.500 11.000 -34.500
v 12.500 11.000 -35.500
v 12.500 11.000 -35.000
v 12.500 10.500 -34.500
v 12.500 10.500 -35.000
v 12.500 16.500 -35.500
v 12.500 16.500 -34.500
v 12.500 16.000 -34.500
v 12.500 16.000 -35.500
v 12.500 16.000 -35.000
v 12.500 15.500 -34.500
v 12.500 15.500 -35.000
v 14.500 11.500 -35.500
v 14.500 11.000 -34.500
v 14.500 11.000 -35.500
v 14.500 11.000 -35.000
v 14.500 10.500 -35.000
v 14.500 16.500 -35.500
v 14.500 16.000 -34.500
v 14.500 16.000 -35.500
v 14.500 16.000 -35.000
v 14.500 15.500 -35.000
v 6.125 11.500 -35.125
v 15.125 11.500 -35.125
v 8.500 11.500 -33.500
v 9.500 11.500 -33.500
v 15.500 11.500 -32.500
v 28.500 11.000 -3.500
v 29.000 11.000 -3.500
v 29.000 10.500 -3.500
v 28.500 10.500 -3.500
v 28.500 16.000 -3.500
v 29.000 16.000 -3.500
v 29.000 15.500 -3.500
v 28.500 15.500 -3.500
v 28.500 11.000 -2.500
v 29.000 11.000 -2.500
v 29.000 10.500 -2.500
v 28.500 10.500 -2.500
v 28.500 16.000 -2.500
v 29.000 16.000 -2.500
v 29.000 15.500 -2.500
v 28.500 15.500 -2.500
v 18.500 11.500 -0.500
v 17.500 11.500 -0.500
v 17.500 11.000 -0.500
v 18.500 11.000 -0.500
v 18.500 16.500 -0.500
v 17.500 16.500 -0.500
v 17.500 16.000 -0.500
v 18.500 16.000 -0.500
v 22.500 11.500 -0.500
v 21.500 11.500 -0.500
v 21.500 11.000 -0.500
v 22.500 11.000 -0.500
v 22.000 11.000 -0.500
v 22.000 10.500 -0.500
v 22.500 10.500 -0.500
v 22.500 16.500 -0.500
v 21.500 16.500 -0.500
v 21.500 16.000 -0.500
v 22.500 16.000 -0.500
v 22.000 16.000 -0.500
v 22.000 15.500 -0.500
v 22.500 15.500 -0.500
v 16.500 16.000 -1.000
v 15.500 16.000 -1.000
v 15.500 15.500 -1.000
v 16.500 15.500 -1.000
v 28.500 11.000 -1.000
v 23.500 11.000 -1.000
v 23.500 10.500 -1.000
v 28.500 10.500 -1.000
v 28.500 16.000 -1.000
v 23.500 16.000 -1.000
v 23.500 15.500 -1.000
v 28.500 15.500 -1.000
v 16.875 7.500 -14.875
v 17.125 7.500 -14.875
v 17.125 7.500 -15.125
v 16.875 7.500 -15.125
v 22.875 7.500 -14.875
v 23.125 7.500 -14.875
v 23.125 7.500 -15.125
v 22.875 7.500 -15.125
v 28.875 7.500 -14.875
v 29.125 7.500 -14.875
v 29.125 7.500 -15.125
v 28.875 7.500 -15.125
v 16.875 7.500 -6.875
v 17.125 7.500 -6.875
v 17.125 7.500 -7.125
v 16.875 7.500 -7.125
v 22.875 7.500 -6.875
v 23.125 7.500 -6.875
v 23.125 7.500 -7.125
v 22.875 7.500 -7.125
v 28.875 7.500 -6.875
v 29.125 7.500 -6.875
v 29.125 7.500 -7.125
v 28.875 7.500 -7.125
v 16.875 7.500 -0.875
v 17.125 7.500 -0.875
v 17.125 7.500 -1.125
v 16.875 7.500 -1.125
v 22.875 7.500 -0.875
v 23.125 7.500 -0.875
v 23.125 7.500 -1.125
v 22.875 7.500 -1.125
v 28.875 7.500 -0.875
v 29.125 7.500 -0.875
v 29.125 7.500 -1.125
v 28.875 7.500 -1.125
v 16.875 3.500 -14.875
v 17.125 3.500 -14.875
v 17.125 3.500 -15.125
v 16.875 3.500 -15.125
v 22.875 3.500 -14.875
v 23.125 3.500 -14.875
v 23.125 3.500 -15.125
v 22.875 3.500 -15.125
v 28.875 3.500 -14.875
v 29.125 3.500 -14.875
v 29.125 3.500 -15.125
v 28.875 3.500 -15.125
v 16.875 3.500 -6.875
v 17.125 3.500 -6.875
v 17.125 3.500 -7.125
v 16.875 3.500 -7.125
v 22.875 3.500 -6.875
v 23.125 3.500 -6.875
v 23.125 3.500 -7.125
v 22.875 3.500 -7.125
v 28.875 3.500 -6.875
v 29.125 3.500 -6.875
v 29.125 3.500 -7.125
v 28.875 3.500 -7.125
v 16.875 3.500 -0.875
v 17.125 3.500 -0.875
v 17.125 3.500 -1.125
v 16.875 3.500 -1.125
v 22.875 3.500 -0.875
v 23.125 3.500 -0.875
v 23.125 3.500 -1.125
v 22.875 3.500 -1.125
v 28.875 3.500 -0.875
v 29.125 3.500 -0.875
v 29.125 3.500 -1.125
v 28.875 3.500 -1.125
v 21.500 11.500 -14.500
v 21.500 11.500 -15.500
v 21.500 11.000 -15.500
v 21.500 11.000 -14.500
v 21.500 16.500 -14.500
v 21.500 16.500 -15.500
v 21.500 16.000 -15.500
v 21.500 16.000 -14.500
v 21.500 11.500 -6.500
v 21.500 11.500 -7.500
v 21.500 11.000 -7.500
v 21.500 11.000 -6.500
v 21.500 16.500 -6.500
v 21.500 16.500 -7.500
v 21.500 16.000 -7.500
v 21.500 16.000 -6.500
v 21.500 15.500 -5.500
v 21.500 15.500 -4.500
v 21.500 16.500 -4.500
v 21.500 16.500 -5.500
v 21.500 15.500 -2.500
v 21.500 16.500 -2.500
v 21.500 11.500 -1.500
v 21.500 11.000 -1.500
v 21.500 16.500 -1.500
v 21.500 16.000 -1.500
v 16.500 21.500 -16.500
v 15.500 21.500 -16.500
v 15.500 22.000 -16.500
v 16.500 22.000 -16.500
v 19.500 15.500 -16.500
v 18.500 15.500 -16.500
v 18.500 16.500 -16.500
v 19.500 16.500 -16.500
v 21.500 15.500 -16.500
v 21.500 16.500 -16.500
v 24.500 21.500 -16.500
v 23.500 21.500 -16.500
v 23.500 22.000 -16.500
v 24.500 22.000 -16.500
v 28.500 21.500 -16.500
v 27.500 21.500 -16.500
v 27.500 22.000 -16.500
v 28.500 22.000 -16.500
v 28.500 11.500 -16.500
v 29.500 11.500 -16.500
v 29.500 11.000 -16.500
v 28.500 11.000 -16.500
v 29.000 11.000 -16.500
v 29.000 10.500 -16.500
v 28.500 10.500 -16.500
v 29.500 11.500 -15.500
v 29.500 11.000 -15.500
v 29.500 15.500 -15.500
v 29.500 15.500 -16.500
v 29.500 16.500 -16.500
v 29.500 16.500 -15.500
v 29.500 20.500 -14.500
v 29.500 20.500 -16.500
v 29.500 21.500 -16.500
v 29.500 21.500 -14.500
v 29.500 10.500 -14.500
v 29.500 10.500 -15.500
v 29.500 12.500 -15.500
v 29.500 12.500 -14.500
v 29.500 13.500 -14.500
v 29.500 13.500 -15.500
v 29.500 14.500 -15.500
v 29.500 14.500 -14.500
v 29.500 15.500 -14.500
v 29.500 17.500 -15.500
v 29.500 17.500 -14.500
v 29.500 18.500 -14.500
v 29.500 18.500 -15.500
v 29.500 19.500 -15.500
v 29.500 19.500 -14.500
v 29.500 12.500 -13.500
v 29.500 11.000 -13.500
v 29.500 11.000 -14.500
v 29.500 11.000 -14.000
v 29.500 10.500 -14.000
v 29.500 11.500 -12.500
v 29.500 11.500 -13.500
v 29.500 13.000 -13.500
v 29.500 13.000 -12.500
v 29.500 13.000 -13.000
v 29.500 13.500 -13.000
v 29.500 13.500 -12.500
v 29.500 14.000 -12.500
v 29.500 14.000 -11.500
v 29.500 12.000 -11.500
v 29.500 12.000 -12.500
v 29.500 12.000 -12.000
v 29.500 11.500 -12.000
v 29.500 14.000 -12.000
v 29.500 14.500 -12.000
v 29.500 14.500 -11.500
v 29.500 15.000 -11.500
v 29.500 15.000 -10.500
v 29.500 13.000 -10.500
v 29.500 13.000 -11.500
v 29.500 13.000 -11.000
v 29.500 12.500 -11.000
v 29.500 12.500 -11.500
v 29.500 15.000 -11.000
v 29.500 15.500 -11.000
v 29.500 15.500 -10.500
v 29.500 16.000 -10.500
v 29.500 16.000 -9.500
v 29.500 14.000 -9.500
v 29.500 14.000 -10.500
v 29.500 14.000 -10.000
v 29.500 13.500 -10.000
v 29.500 13.500 -10.500
v 29.500 16.000 -10.000
v 29.500 16.500 -10.000
v 29.500 16.500 -9.500
v 29.500 17.000 -9.500
v 29.500 17.000 -8.500
v 29.500 15.000 -8.500
v 29.500 15.000 -9.500
v 29.500 15.000 -9.000
v 29.500 14.500 -9.000
v 29.500 14.500 -9.500
v 29.500 17.000 -9.000
v 29.500 17.500 -9.000
v 29.500 17.500 -8.500
v 29.500 17.500 -7.500
v 29.500 16.000 -7.500
v 29.500 16.000 -8.500
v 29.500 16.000 -8.000
v 29.500 15.500 -8.000
v 29.500 15.500 -8.500
v 29.500 10.500 -6.500
v 29.500 10.500 -7.500
v 29.500 12.500 -7.500
v 29.500 12.500 -6.500
v 29.500 13.500 -6.500
v 29.500 13.500 -7.500
v 29.500 14.500 -7.500
v 29.500 14.500 -6.500
v 29.500 15.500 -6.500
v 29.500 15.500 -7.500
v 29.500 17.500 -6.500
v 29.500 18.500 -6.500
v 29.500 18.500 -7.500
v 29.500 19.500 -7.500
v 29.500 19.500 -6.500
v 29.500 11.500 -6.500
v 29.500 11.500 -1.500
v 29.500 11.000 -1.500
v 29.500 11.000 -6.500
v 29.500 16.500 -6.500
v 29.500 16.500 -1.500
v 29.500 16.000 -1.500
v 29.500 16.000 -6.500
v 29.500 10.500 -0.500
v 29.500 10.500 -1.500
v 29.500 12.500 -1.500
v 29.500 12.500 -0.500
v 29.500 13.500 -0.500
v 29.500 13.500 -1.500
v 29.500 14.500 -1.500
v 29.500 14.500 -0.500
v 29.500 15.500 -0.500
v 29.500 15.500 -1.500
v 29.500 17.500 -1.500
v 29.500 17.500 -0.500
v 29.500 18.500 -0.500
v 29.500 18.500 -1.500
v 29.500 19.500 -1.500
v 29.500 19.500 -0.500
v 29.500 20.500 -0.500
v 29.500 20.500 -1.500
v 29.500 21.500 -1.500
v 29.500 21.500 -0.500
v 22.500 11.500 -12.500
v 23.500 11.500 -12.500
v 23.500 12.500 -12.500
v 22.500 12.500 -12.500
v 28.500 12.500 -12.500
v 23.500 11.000 -12.500
v 28.500 11.000 -12.500
v 28.500 11.500 -12.500
v 29.500 12.500 -12.500
v 22.500 14.000 -12.500
v 23.500 14.000 -12.500
v 23.500 13.000 -12.500
v 28.500 13.000 -12.500
v 28.500 14.000 -12.500
v 15.500 21.500 -15.500
v 16.500 21.500 -15.500
v 17.500 21.500 -15.500
v 17.500 21.500 -16.500
v 22.500 21.500 -15.500
v 23.500 21.500 -15.500
v 22.500 21.500 -16.500
v 28.500 21.500 -15.500
v 29.500 21.500 -15.500
v 15.500 21.500 -14.500
v 17.500 21.500 -14.500
v 22.500 21.500 -14.500
v 15.500 21.500 -0.500
v 17.500 21.500 -0.500
v 17.500 21.500 -1.500
v 15.500 21.500 -1.500
v 22.500 21.500 -0.500
v 22.500 21.500 -1.500
v 29.000 11.000 -15.500
v 29.000 10.500 -15.500
v 29.000 11.000 -6.500
v 29.000 11.000 -1.500
v 29.000 10.500 -1.500
v 29.000 10.500 -6.500
v 29.000 16.000 -6.500
v 29.000 16.000 -1.500
v 29.000 15.500 -1.500
v 29.000 15.500 -6.500
v 23.500 15.500 -9.500
v 22.500 15.500 -9.500
v 22.500 14.000 -9.500
v 23.500 14.000 -9.500
v 28.500 15.500 -9.500
v 28.500 14.000 -9.500
v 29.500 15.500 -9.500
v 22.500 17.000 -9.500
v 23.500 17.000 -9.500
v 23.500 16.000 -9.500
v 28.500 16.000 -9.500
v 28.500 14.500 -9.500
v 23.500 14.500 -9.500
v 28.500 17.000 -9.500
v 25.500 21.500 -15.500
v 25.500 21.500 -16.500
v 25.500 22.000 -16.500
v 25.500 22.000 -15.500
v 25.500 12.000 -13.500
v 25.500 12.000 -12.500
v 25.500 11.000 -12.500
v 25.500 11.000 -13.500
v 25.500 11.000 -13.000
v 25.500 10.500 -13.000
v 25.500 10.500 -13.500
v 25.500 12.000 -13.000
v 25.500 12.500 -13.000
v 25.500 12.500 -12.500
v 25.500 13.000 -12.500
v 25.500 13.000 -11.500
v 25.500 12.000 -11.500
v 25.500 12.000 -12.000
v 25.500 11.500 -12.000
v 25.500 11.500 -12.500
v 25.500 13.000 -12.000
v 25.500 13.500 -12.000
v 25.500 13.500 -11.500
v 25.500 14.000 -11.500
v 25.500 14.000 -10.500
v 25.500 13.000 -10.500
v 25.500 13.000 -11.000
v 25.500 12.500 -11.000
v 25.500 12.500 -11.500
v 25.500 14.000 -11.000
v 25.500 14.500 -11.000
v 25.500 14.500 -10.500
v 25.500 15.000 -10.500
v 25.500 15.000 -9.500
v 25.500 14.000 -9.500
v 25.500 14.000 -10.000
v 25.500 13.500 -10.000
v 25.500 13.500 -10.500
v 25.500 15.000 -10.000
v 25.500 15.500 -10.000
v 25.500 15.500 -9.500
v 25.500 16.000 -9.500
v 25.500 16.000 -8.500
v 25.500 15.000 -8.500
v 25.500 15.000 -9.000
v 25.500 14.500 -9.000
v 25.500 14.500 -9.500
v 25.500 16.000 -9.000
v 25.500 16.500 -9.000
v 25.500 16.500 -8.500
v 25.500 11.500 -7.500
v 25.500 11.500 -6.500
v 25.500 11.000 -6.500
v 25.500 11.000 -7.500
v 25.500 11.000 -7.000
v 25.500 10.500 -6.500
v 25.500 10.500 -7.000
v 25.500 11.500 -1.500
v 25.500 11.500 -0.500
v 25.500 11.000 -0.500
v 25.500 11.000 -1.500
v 25.500 11.000 -1.000
v 25.500 10.500 -1.000
v 25.500 10.500 -1.500
v 25.500 16.500 -1.500
v 25.500 16.500 -0.500
v 25.500 16.000 -0.500
v 25.500 16.000 -1.500
v 25.500 16.000 -1.000
v 25.500 15.500 -1.000
v 25.500 15.500 -1.500
v 25.500 11.500 -0.500
v 25.500 11.000 -0.500
v 25.500 16.500 -0.500
v 25.500 16.000 -0.500
v 23.500 12.000 -12.000
v 22.500 12.000 -12.000
v 22.500 11.500 -12.000
v 23.500 11.500 -12.000
v 23.500 14.000 -12.000
v 22.500 14.000 -12.000
v 22.500 14.500 -12.000
v 23.500 14.500 -12.000
v 28.500 12.000 -12.000
v 28.500 11.500 -12.000
v 28.500 13.000 -12.000
v 23.500 13.000 -12.000
v 23.500 13.500 -12.000
v 28.500 13.500 -12.000
v 28.500 14.000 -12.000
v 28.500 14.500 -12.000
v 23.500 15.000 -9.000
v 22.500 15.000 -9.000
v 22.500 14.500 -9.000
v 23.500 14.500 -9.000
v 23.500 17.000 -9.000
v 22.500 17.000 -9.000
v 22.500 17.500 -9.000
v 23.500 17.500 -9.000
v 28.500 15.000 -9.000
v 28.500 14.500 -9.000
v 28.500 16.000 -9.000
v 23.500 16.000 -9.000
v 23.500 16.500 -9.000
v 28.500 16.500 -9.000
v 28.500 17.000 -9.000
v 28.500 17.500 -9.000
v 18.500 15.500 -5.500
v 18.500 16.500 -5.500
v 29.500 11.500 -5.500
v 28.500 11.500 -5.500
v 28.500 11.000 -5.500
v 29.500 11.000 -5.500
v 29.000 11.000 -5.500
v 28.500 10.500 -5.500
v 29.000 10.500 -5.500
v 29.500 16.500 -5.500
v 28.500 16.500 -5.500
v 28.500 16.000 -5.500
v 29.500 16.000 -5.500
v 29.000 16.000 -5.500
v 28.500 15.500 -5.500
v 29.000 15.500 -5.500
v 15.500 15.500 -1.500
v 16.500 15.500 -1.500
v 16.500 16.500 -1.500
v 15.500 16.500 -1.500
v 17.500 10.500 -1.500
v 19.500 10.500 -1.500
v 19.500 11.500 -1.500
v 17.500 11.500 -1.500
v 17.500 15.500 -1.500
v 19.500 15.500 -1.500
v 19.500 16.500 -1.500
v 17.500 16.500 -1.500
v 20.500 10.500 -1.500
v 20.500 11.500 -1.500
v 22.500 15.500 -1.500
v 22.500 16.500 -1.500
v 22.500 10.500 -1.500
v 22.500 11.500 -1.500
v 23.500 10.500 -1.500
v 24.500 10.500 -1.500
v 24.500 11.500 -1.500
v 23.500 11.500 -1.500
v 23.500 15.500 -1.500
v 24.500 15.500 -1.500
v 24.500 16.500 -1.500
v 23.500 16.500 -1.500
v 27.500 15.500 -1.500
v 27.500 16.500 -1.500
v 26.500 10.500 -1.500
v 26.500 11.500 -1.500
v 28.500 10.500 -1.500
v 28.500 11.500 -1.500
v 28.500 15.500 -1.500
v 28.500 16.500 -1.500
v 17.500 20.500 -1.500
v 15.500 20.500 -1.500
v 16.500 11.500 -1.500
v 16.500 12.500 -1.500
v 23.500 12.500 -1.500
v 17.500 13.500 -1.500
v 16.500 13.500 -1.500
v 16.500 14.500 -1.500
v 17.500 14.500 -1.500
v 16.500 17.500 -1.500
v 23.500 17.500 -1.500
v 17.500 18.500 -1.500
v 16.500 18.500 -1.500
v 16.500 19.500 -1.500
v 17.500 19.500 -1.500
v 23.500 13.500 -1.500
v 22.500 13.500 -1.500
v 22.500 14.500 -1.500
v 23.500 14.500 -1.500
v 23.500 18.500 -1.500
v 22.500 18.500 -1.500
v 22.500 19.500 -1.500
v 23.500 19.500 -1.500
v 22.500 20.500 -1.500
v 28.500 12.500 -1.500
v 28.500 13.500 -1.500
v 28.500 14.500 -1.500
v 28.500 17.500 -1.500
v 28.500 18.500 -1.500
v 28.500 19.500 -1.500
v 16.875 -0.500 -6.875
v 17.125 -0.500 -6.875
v 17.125 10.500 -6.875
v 16.875 10.500 -6.875
v 16.875 12.500 -6.875
v 17.125 12.500 -6.875
v 17.125 13.500 -6.875
v 16.875 13.500 -6.875
v 16.875 14.500 -6.875
v 17.125 14.500 -6.875
v 17.125 15.500 -6.875
v 16.875 15.500 -6.875
v 16.875 17.500 -6.875
v 17.125 17.500 -6.875
v 17.125 18.500 -6.875
v 16.875 18.500 -6.875
v 22.875 -0.500 -6.875
v 23.125 -0.500 -6.875
v 23.125 10.500 -6.875
v 22.875 10.500 -6.875
v 22.875 12.500 -6.875
v 23.125 12.500 -6.875
v 23.125 13.500 -6.875
v 22.875 13.500 -6.875
v 22.875 14.500 -6.875
v 23.125 14.500 -6.875
v 23.125 15.500 -6.875
v 22.875 15.500 -6.875
v 22.875 17.500 -6.875
v 23.125 17.500 -6.875
v 23.125 18.500 -6.875
v 22.875 18.500 -6.875
v 23.875 11.500 -6.875
v 24.125 11.500 -6.875
v 24.125 12.500 -6.875
v 23.875 12.500 -6.875
v 24.875 11.500 -6.875
v 25.125 11.500 -6.875
v 25.125 12.500 -6.875
v 24.875 12.500 -6.875
v 25.875 11.500 -6.875
v 26.125 11.500 -6.875
v 26.125 12.500 -6.875
v 25.875 12.500 -6.875
v 26.875 11.500 -6.875
v 27.125 11.500 -6.875
v 27.125 12.500 -6.875
v 26.875 12.500 -6.875
v 27.875 11.500 -6.875
v 28.125 11.500 -6.875
v 28.125 12.500 -6.875
v 27.875 12.500 -6.875
v 28.875 -0.500 -6.875
v 29.125 -0.500 -6.875
v 29.125 10.500 -6.875
v 28.875 10.500 -6.875
v 28.875 12.500 -6.875
v 29.125 12.500 -6.875
v 29.125 13.500 -6.875
v 28.875 13.500 -6.875
v 28.875 14.500 -6.875
v 29.125 14.500 -6.875
v 29.125 15.500 -6.875
v 28.875 15.500 -6.875
v 28.875 17.500 -6.875
v 29.125 17.500 -6.875
v 29.125 18.500 -6.875
v 28.875 18.500 -6.875
v 24.125 16.500 -14.875
v 24.125 16.500 -15.125
v 24.125 17.500 -15.125
v 24.125 17.500 -14.875
v 24.125 11.500 -7.125
v 24.125 12.500 -7.125
v 16.500 14.500 -14.500
v 17.500 14.500 -14.500
v 17.500 14.500 -15.500
v 16.500 14.500 -15.500
v 22.500 14.500 -14.500
v 23.500 14.500 -14.500
v 23.500 14.500 -15.500
v 22.500 14.500 -15.500
v 28.500 14.500 -14.500
v 28.500 14.500 -15.500
v 22.500 14.500 -10.500
v 23.500 14.500 -10.500
v 28.500 14.500 -10.500
v 29.500 14.500 -10.500
v 23.500 14.500 -11.000
v 28.500 14.500 -11.000
v 22.500 14.500 -9.500
v 16.500 14.500 -6.500
v 17.500 14.500 -6.500
v 17.500 14.500 -7.500
v 16.500 14.500 -7.500
v 22.500 14.500 -6.500
v 23.500 14.500 -6.500
v 23.500 14.500 -7.500
v 22.500 14.500 -7.500
v 28.500 14.500 -6.500
v 28.500 14.500 -7.500
v 16.500 14.500 -0.500
v 17.500 14.500 -0.500
v 22.500 14.500 -0.500
v 23.500 14.500 -0.500
v 28.500 14.500 -0.500
v 27.875 16.500 -15.125
v 27.875 16.500 -14.875
v 27.875 17.500 -14.875
v 27.875 17.500 -15.125
v 27.875 11.500 -7.125
v 27.875 12.500 -7.125
v 17.500 18.500 -14.500
v 16.500 18.500 -14.500
v 16.500 18.500 -15.500
v 17.500 18.500 -15.500
v 23.500 18.500 -14.500
v 22.500 18.500 -14.500
v 22.500 18.500 -15.500
v 23.500 18.500 -15.500
v 28.500 18.500 -14.500
v 28.500 18.500 -15.500
v 17.500 18.500 -6.500
v 16.500 18.500 -6.500
v 16.500 18.500 -7.500
v 17.500 18.500 -7.500
v 23.500 18.500 -6.500
v 22.500 18.500 -6.500
v 22.500 18.500 -7.500
v 23.500 18.500 -7.500
v 28.500 18.500 -6.500
v 28.500 18.500 -7.500
v 17.500 18.500 -0.500
v 16.500 18.500 -0.500
v 23.500 18.500 -0.500
v 22.500 18.500 -0.500
v 28.500 18.500 -0.500
v 17.500 20.500 -14.500
v 17.500 20.500 -16.500
v 17.500 10.500 -14.500
v 17.500 10.500 -15.500
v 17.500 11.500 -15.500
v 17.500 11.500 -14.500
v 17.500 13.500 -14.500
v 17.500 13.500 -15.500
v 17.500 15.500 -14.500
v 17.500 15.500 -15.500
v 17.500 16.500 -15.500
v 17.500 16.500 -14.500
v 17.500 19.500 -15.500
v 17.500 19.500 -14.500
v 17.500 12.500 -14.500
v 17.500 12.500 -13.500
v 17.500 11.000 -13.500
v 17.500 11.000 -14.500
v 17.500 11.000 -14.000
v 17.500 10.500 -14.000
v 17.500 17.500 -14.500
v 17.500 17.500 -13.500
v 17.500 16.000 -13.500
v 17.500 16.000 -14.500
v 17.500 16.000 -14.000
v 17.500 15.500 -14.000
v 17.500 11.500 -8.500
v 17.500 11.500 -13.500
v 17.500 12.500 -8.500
v 17.500 16.500 -8.500
v 17.500 16.500 -13.500
v 17.500 17.500 -8.500
v 17.500 12.500 -7.500
v 17.500 11.000 -7.500
v 17.500 11.000 -8.500
v 17.500 11.000 -8.000
v 17.500 10.500 -7.500
v 17.500 10.500 -8.000
v 17.500 17.500 -7.500
v 17.500 16.000 -7.500
v 17.500 16.000 -8.500
v 17.500 16.000 -8.000
v 17.500 15.500 -7.500
v 17.500 15.500 -8.000
v 17.500 10.500 -6.500
v 17.500 11.500 -7.500
v 17.500 11.500 -6.500
v 17.500 13.500 -6.500
v 17.500 13.500 -7.500
v 17.500 15.500 -6.500
v 17.500 16.500 -7.500
v 17.500 16.500 -6.500
v 17.500 19.500 -7.500
v 17.500 19.500 -6.500
v 17.500 10.500 -0.500
v 17.500 13.500 -0.500
v 17.500 15.500 -0.500
v 17.500 19.500 -0.500
v 17.500 20.500 -0.500
v 25.875 16.500 -15.125
v 25.875 16.500 -14.875
v 25.875 17.500 -14.875
v 25.875 17.500 -15.125
v 25.875 11.500 -7.125
v 25.875 12.500 -7.125
v 16.500 10.500 -15.500
v 15.500 10.500 -15.500
v 15.500 10.500 -16.500
v 16.500 10.500 -16.500
v 17.500 10.500 -16.500
v 19.500 10.500 -15.500
v 19.500 10.500 -16.500
v 20.500 10.500 -15.500
v 20.500 10.500 -16.500
v 22.500 10.500 -15.500
v 22.500 10.500 -16.500
v 23.500 10.500 -15.500
v 23.500 10.500 -16.500
v 25.500 10.500 -15.500
v 25.500 10.500 -16.500
v 27.500 10.500 -15.500
v 27.500 10.500 -16.500
v 28.500 10.500 -15.500
v 15.500 10.500 -14.500
v 18.000 10.500 -14.500
v 18.000 10.500 -15.500
v 22.000 10.500 -15.500
v 22.500 10.500 -14.500
v 22.000 10.500 -14.500
v 16.500 10.500 -12.500
v 15.500 10.500 -12.500
v 16.500 10.500 -14.500
v 16.500 10.500 -14.000
v 22.500 10.500 -14.000
v 23.500 10.500 -14.500
v 23.500 10.500 -14.000
v 23.500 10.500 -13.500
v 25.500 10.500 -14.500
v 26.500 10.500 -13.500
v 26.500 10.500 -14.500
v 28.500 10.500 -13.500
v 28.500 10.500 -14.500
v 28.500 10.500 -14.000
v 23.500 10.500 -13.000
v 28.500 10.500 -13.000
v 16.500 10.500 -10.500
v 15.500 10.500 -10.500
v 16.500 10.500 -9.500
v 15.500 10.500 -9.500
v 16.500 10.500 -7.500
v 15.500 10.500 -7.500
v 16.500 10.500 -8.000
v 15.500 10.500 -6.500
v 18.000 10.500 -6.500
v 18.000 10.500 -7.500
v 22.000 10.500 -7.500
v 22.500 10.500 -7.500
v 22.500 10.500 -6.500
v 22.000 10.500 -6.500
v 23.500 10.500 -0.500
v 23.500 10.500 -7.500
v 28.500 10.500 -7.000
v 28.500 10.500 -6.500
v 23.500 10.500 -6.500
v 23.500 10.500 -7.000
v 28.500 10.500 -7.500
v 16.500 10.500 -4.500
v 15.500 10.500 -4.500
v 16.500 10.500 -6.500
v 16.500 10.500 -1.500
v 22.500 10.500 -5.500
v 17.500 10.500 -5.500
v 23.500 10.500 -5.500
v 28.500 10.500 -1.500
v 19.500 10.500 -4.500
v 17.500 10.500 -4.500
v 19.500 10.500 -5.500
v 22.500 10.500 -4.500
v 25.500 10.500 -4.500
v 23.500 10.500 -4.500
v 25.500 10.500 -5.500
v 28.500 10.500 -4.500
v 16.500 10.500 -2.500
v 15.500 10.500 -2.500
v 20.500 10.500 -3.500
v 17.500 10.500 -3.500
v 20.500 10.500 -4.500
v 22.500 10.500 -3.500
v 24.500 10.500 -3.500
v 23.500 10.500 -3.500
v 24.500 10.500 -4.500
v 27.500 10.500 -3.500
v 27.500 10.500 -4.500
v 28.500 10.500 -3.500
v 19.500 10.500 -3.500
v 21.500 10.500 -2.500
v 19.500 10.500 -2.500
v 21.500 10.500 -3.500
v 22.500 10.500 -2.500
v 26.500 10.500 -2.500
v 23.500 10.500 -2.500
v 26.500 10.500 -3.500
v 27.500 10.500 -2.500
v 28.500 10.500 -2.500
v 15.500 10.500 -1.500
v 20.500 10.500 -2.500
v 24.500 10.500 -2.500
v 25.500 10.500 -2.500
v 15.500 10.500 -0.500
v 18.000 10.500 -0.500
v 18.000 10.500 -1.500
v 22.000 10.500 -1.500
v 28.500 10.500 -0.500
v 22.500 14.000 -11.500
v 23.500 14.000 -11.500
v 28.500 14.000 -11.500
v 23.500 14.000 -10.500
v 28.500 14.000 -10.500
v 22.500 14.000 -10.500
v 29.125 11.500 -6.125
v 28.875 11.500 -6.125
v 28.875 12.500 -6.125
v 29.125 12.500 -6.125
v 29.125 16.500 -6.125
v 28.875 16.500 -6.125
v 28.875 17.500 -6.125
v 29.125 17.500 -6.125
v 16.875 4.500 -14.875
v 17.125 4.500 -14.875
v 17.125 4.500 -15.125
v 16.875 4.500 -15.125
v 22.875 4.500 -14.875
v 23.125 4.500 -14.875
v 23.125 4.500 -15.125
v 22.875 4.500 -15.125
v 28.875 4.500 -14.875
v 29.125 4.500 -14.875
v 29.125 4.500 -15.125
v 28.875 4.500 -15.125
v 16.875 4.500 -6.875
v 17.125 4.500 -6.875
v 17.125 4.500 -7.125
v 16.875 4.500 -7.125
v 22.875 4.500 -6.875
v 23.125 4.500 -6.875
v 23.125 4.500 -7.125
v 22.875 4.500 -7.125
v 28.875 4.500 -6.875
v 29.125 4.500 -6.875
v 29.125 4.500 -7.125
v 28.875 4.500 -7.125
v 16.875 4.500 -0.875
v 17.125 4.500 -0.875
v 17.125 4.500 -1.125
v 16.875 4.500 -1.125
v 22.875 4.500 -0.875
v 23.125 4.500 -0.875
v 23.125 4.500 -1.125
v 22.875 4.500 -1.125
v 28.875 4.500 -0.875
v 29.125 4.500 -0.875
v 29.125 4.500 -1.125
v 28.875 4.500 -1.125
v 24.875 16.500 -15.125
v 24.875 16.500 -14.875
v 24.875 17.500 -14.875
v 24.875 17.500 -15.125
v 24.875 11.500 -7.125
v 24.875 12.500 -7.125
v 28.875 11.500 -2.875
v 29.125 11.500 -2.875
v 29.125 12.500 -2.875
v 28.875 12.500 -2.875
v 28.875 16.500 -2.875
v 29.125 16.500 -2.875
v 29.125 17.500 -2.875
v 28.875 17.500 -2.875
v 16.875 0.500 -14.875
v 17.125 0.500 -14.875
v 17.125 0.500 -15.125
v 16.875 0.500 -15.125
v 22.875 0.500 -14.875
v 23.125 0.500 -14.875
v 23.125 0.500 -15.125
v 22.875 0.500 -15.125
v 28.875 0.500 -14.875
v 29.125 0.500 -14.875
v 29.125 0.500 -15.125
v 28.875 0.500 -15.125
v 16.875 0.500 -6.875
v 17.125 0.500 -6.875
v 17.125 0.500 -7.125
v 16.875 0.500 -7.125
v 22.875 0.500 -6.875
v 23.125 0.500 -6.875
v 23.125 0.500 -7.125
v 22.875 0.500 -7.125
v 28.875 0.500 -6.875
v 29.125 0.500 -6.875
v 29.125 0.500 -7.125
v 28.875 0.500 -7.125
v 16.875 0.500 -0.875
v 17.125 0.500 -0.875
v 17.125 0.500 -1.125
v 16.875 0.500 -1.125
v 22.875 0.500 -0.875
v 23.125 0.500 -0.875
v 23.125 0.500 -1.125
v 22.875 0.500 -1.125
v 28.875 0.500 -0.875
v 29.125 0.500 -0.875
v 29.125 0.500 -1.125
v 28.875 0.500 -1.125
v 16.875 8.500 -14.875
v 17.125 8.500 -14.875
v 17.125 8.500 -15.125
v 16.875 8.500 -15.125
v 22.875 8.500 -14.875
v 23.125 8.500 -14.875
v 23.125 8.500 -15.125
v 22.875 8.500 -15.125
v 28.875 8.500 -14.875
v 29.125 8.500 -14.875
v 29.125 8.500 -15.125
v 28.875 8.500 -15.125
v 16.875 8.500 -6.875
v 17.125 8.500 -6.875
v 17.125 8.500 -7.125
v 16.875 8.500 -7.125
v 22.875 8.500 -6.875
v 23.125 8.500 -6.875
v 23.125 8.500 -7.125
v 22.875 8.500 -7.125
v 28.875 8.500 -6.875
v 29.125 8.500 -6.875
v 29.125 8.500 -7.125
v 28.875 8.500 -7.125
v 16.875 8.500 -0.875
v 17.125 8.500 -0.875
v 17.125 8.500 -1.125
v 16.875 8.500 -1.125
v 22.875 8.500 -0.875
v 23.125 8.500 -0.875
v 23.125 8.500 -1.125
v 22.875 8.500 -1.125
v 28.875 8.500 -0.875
v 29.125 8.500 -0.875
v 29.125 8.500 -1.125
v 28.875 8.500 -1.125
v 16.875 -0.500 -15.125
v 16.875 -0.500 -14.875
v 16.875 10.500 -14.875
v 16.875 10.500 -15.125
v 16.875 12.500 -15.125
v 16.875 12.500 -14.875
v 16.875 13.500 -14.875
v 16.875 13.500 -15.125
v 16.875 14.500 -15.125
v 16.875 14.500 -14.875
v 16.875 15.500 -14.875
v 16.875 15.500 -15.125
v 16.875 17.500 -15.125
v 16.875 17.500 -14.875
v 16.875 18.500 -14.875
v 16.875 18.500 -15.125
v 16.875 19.500 -15.125
v 16.875 19.500 -14.875
v 16.875 20.500 -14.875
v 16.875 20.500 -15.125
v 16.875 -0.500 -7.125
v 16.875 10.500 -7.125
v 16.875 12.500 -7.125
v 16.875 13.500 -7.125
v 16.875 14.500 -7.125
v 16.875 15.500 -7.125
v 16.875 17.500 -7.125
v 16.875 18.500 -7.125
v 16.875 -0.500 -1.125
v 16.875 -0.500 -0.875
v 16.875 10.500 -0.875
v 16.875 10.500 -1.125
v 16.875 12.500 -1.125
v 16.875 12.500 -0.875
v 16.875 13.500 -0.875
v 16.875 13.500 -1.125
v 16.875 14.500 -1.125
v 16.875 14.500 -0.875
v 16.875 15.500 -0.875
v 16.875 15.500 -1.125
v 16.875 17.500 -1.125
v 16.875 17.500 -0.875
v 16.875 18.500 -0.875
v 16.875 18.500 -1.125
v 16.875 19.500 -1.125
v 16.875 19.500 -0.875
v 16.875 20.500 -0.875
v 16.875 20.500 -1.125
v 27.125 16.500 -14.875
v 27.125 16.500 -15.125
v 27.125 17.500 -15.125
v 27.125 17.500 -14.875
v 27.125 11.500 -7.125
v 27.125 12.500 -7.125
v 16.500 22.000 -15.500
v 15.500 22.000 -15.500
v 19.500 11.500 -15.500
v 19.500 15.500 -15.500
v 19.500 16.500 -15.500
v 20.500 11.500 -15.500
v 22.500 15.500 -15.500
v 22.500 16.500 -15.500
v 22.500 11.500 -15.500
v 28.500 22.000 -15.500
v 23.500 22.000 -15.500
v 23.500 11.500 -15.500
v 16.500 11.500 -15.500
v 16.500 12.500 -15.500
v 23.500 12.500 -15.500
v 16.500 13.500 -15.500
v 23.500 16.500 -15.500
v 16.500 16.500 -15.500
v 16.500 17.500 -15.500
v 23.500 17.500 -15.500
v 16.500 19.500 -15.500
v 23.500 13.500 -15.500
v 22.500 13.500 -15.500
v 22.500 19.500 -15.500
v 23.500 19.500 -15.500
v 28.500 12.500 -15.500
v 28.500 13.500 -15.500
v 28.500 16.500 -15.500
v 28.500 17.500 -15.500
v 28.500 19.500 -15.500
v 17.125 -0.500 -14.875
v 17.125 10.500 -14.875
v 17.125 12.500 -14.875
v 17.125 13.500 -14.875
v 17.125 14.500 -14.875
v 17.125 15.500 -14.875
v 17.125 17.500 -14.875
v 17.125 18.500 -14.875
v 17.125 19.500 -14.875
v 17.125 20.500 -14.875
v 22.875 -0.500 -14.875
v 23.125 -0.500 -14.875
v 23.125 10.500 -14.875
v 22.875 10.500 -14.875
v 22.875 12.500 -14.875
v 23.125 12.500 -14.875
v 23.125 13.500 -14.875
v 22.875 13.500 -14.875
v 22.875 14.500 -14.875
v 23.125 14.500 -14.875
v 23.125 15.500 -14.875
v 22.875 15.500 -14.875
v 22.875 17.500 -14.875
v 23.125 17.500 -14.875
v 23.125 18.500 -14.875
v 22.875 18.500 -14.875
v 22.875 19.500 -14.875
v 23.125 19.500 -14.875
v 23.125 20.500 -14.875
v 22.875 20.500 -14.875
v 23.875 16.500 -14.875
v 23.875 17.500 -14.875
v 25.125 16.500 -14.875
v 25.125 17.500 -14.875
v 26.125 16.500 -14.875
v 26.125 17.500 -14.875
v 26.875 16.500 -14.875
v 26.875 17.500 -14.875
v 28.125 16.500 -14.875
v 28.125 17.500 -14.875
v 28.875 -0.500 -14.875
v 29.125 -0.500 -14.875
v 29.125 10.500 -14.875
v 28.875 10.500 -14.875
v 28.875 12.500 -14.875
v 29.125 12.500 -14.875
v 29.125 13.500 -14.875
v 28.875 13.500 -14.875
v 28.875 14.500 -14.875
v 29.125 14.500 -14.875
v 29.125 15.500 -14.875
v 28.875 15.500 -14.875
v 28.875 17.500 -14.875
v 29.125 17.500 -14.875
v 29.125 18.500 -14.875
v 28.875 18.500 -14.875
v 28.875 19.500 -14.875
v 29.125 19.500 -14.875
v 29.125 20.500 -14.875
v 28.875 20.500 -14.875
v 25.125 16.500 -15.125
v 25.125 17.500 -15.125
v 25.125 11.500 -7.125
v 25.125 12.500 -7.125
v 28.500 11.500 -15.500
v 28.500 11.500 -13.500
v 28.500 12.500 -13.500
v 28.500 13.500 -14.500
v 28.500 16.500 -14.500
v 28.500 17.500 -14.500
v 28.500 19.500 -14.500
v 28.500 11.500 -14.500
v 28.500 11.000 -13.500
v 28.500 11.000 -13.000
v 28.500 13.000 -13.500
v 28.500 13.000 -13.000
v 28.500 13.500 -12.500
v 28.500 13.500 -13.000
v 28.500 12.500 -11.500
v 28.500 12.000 -11.500
v 28.500 12.000 -12.500
v 28.500 14.500 -11.500
v 28.500 13.500 -11.500
v 28.500 13.500 -10.500
v 28.500 13.000 -10.500
v 28.500 13.000 -11.500
v 28.500 13.000 -11.000
v 28.500 12.500 -11.000
v 28.500 15.000 -10.500
v 28.500 15.000 -11.500
v 28.500 15.000 -11.000
v 28.500 15.500 -10.500
v 28.500 15.500 -11.000
v 28.500 14.000 -10.000
v 28.500 13.500 -10.000
v 28.500 16.000 -10.500
v 28.500 16.000 -10.000
v 28.500 16.500 -9.500
v 28.500 16.500 -10.000
v 28.500 15.500 -8.500
v 28.500 15.000 -8.500
v 28.500 15.000 -9.500
v 28.500 17.000 -8.500
v 28.500 17.500 -8.500
v 28.500 15.500 -7.500
v 28.500 16.500 -8.500
v 28.500 16.500 -7.500
v 28.500 16.500 -6.500
v 28.500 17.500 -6.500
v 28.500 12.500 -6.500
v 28.500 12.500 -7.500
v 28.500 13.500 -7.500
v 28.500 13.500 -6.500
v 28.500 19.500 -6.500
v 28.500 19.500 -7.500
v 28.500 11.500 -6.500
v 28.500 11.500 -4.500
v 28.500 15.500 -4.500
v 28.500 15.500 -6.500
v 28.500 16.500 -4.500
v 28.500 11.500 -3.500
v 28.500 12.500 -0.500
v 28.500 13.500 -0.500
v 28.500 15.500 -0.500
v 28.500 17.500 -0.500
v 28.500 19.500 -0.500
v 23.500 13.500 -11.500
v 22.500 13.500 -11.500
v 22.500 12.000 -11.500
v 23.500 12.000 -11.500
v 29.500 13.500 -11.500
v 22.500 15.000 -11.500
v 23.500 15.000 -11.500
v 23.500 12.500 -11.500
v 23.500 13.000 -11.000
v 22.500 13.000 -11.000
v 22.500 12.500 -11.000
v 23.500 12.500 -11.000
v 23.500 15.000 -11.000
v 22.500 15.000 -11.000
v 22.500 15.500 -11.000
v 23.500 15.500 -11.000
v 28.500 14.000 -11.000
v 23.500 14.000 -11.000
v 16.500 20.500 -15.500
v 15.500 20.500 -15.500
v 15.500 20.500 -16.500
v 16.500 20.500 -16.500
v 17.500 20.500 -15.500
v 23.500 20.500 -15.500
v 22.500 20.500 -15.500
v 22.500 20.500 -16.500
v 23.500 20.500 -16.500
v 28.500 20.500 -15.500
v 28.500 20.500 -16.500
v 29.500 20.500 -15.500
v 15.500 20.500 -14.500
v 22.500 20.500 -14.500
v 15.500 20.500 -0.500
v 22.500 20.500 -0.500
v 24.500 21.500 -15.500
v 24.500 22.000 -15.500
v 24.500 12.000 -13.500
v 24.500 12.000 -12.500
v 24.500 11.000 -12.500
v 24.500 11.000 -13.500
v 24.500 11.000 -13.000
v 24.500 10.500 -13.000
v 24.500 10.500 -13.500
v 24.500 12.000 -13.000
v 24.500 12.500 -13.000
v 24.500 12.500 -12.500
v 24.500 13.000 -12.500
v 24.500 13.000 -11.500
v 24.500 12.000 -11.500
v 24.500 12.000 -12.000
v 24.500 11.500 -12.000
v 24.500 11.500 -12.500
v 24.500 13.000 -12.000
v 24.500 13.500 -12.000
v 24.500 13.500 -11.500
v 24.500 14.000 -11.500
v 24.500 14.000 -10.500
v 24.500 13.000 -10.500
v 24.500 13.000 -11.000
v 24.500 12.500 -11.000
v 24.500 12.500 -11.500
v 24.500 14.000 -11.000
v 24.500 14.500 -11.000
v 24.500 14.500 -10.500
v 24.500 15.000 -10.500
v 24.500 15.000 -9.500
v 24.500 14.000 -9.500
v 24.500 14.000 -10.000
v 24.500 13.500 -10.000
v 24.500 13.500 -10.500
v 24.500 15.000 -10.000
v 24.500 15.500 -10.000
v 24.500 15.500 -9.500
v 24.500 16.000 -9.500
v 24.500 16.000 -8.500
v 24.500 15.000 -8.500
v 24.500 15.000 -9.000
v 24.500 14.500 -9.000
v 24.500 14.500 -9.500
v 24.500 16.000 -9.000
v 24.500 16.500 -9.000
v 24.500 16.500 -8.500
v 24.500 11.500 -7.500
v 24.500 11.500 -6.500
v 24.500 11.000 -6.500
v 24.500 11.000 -7.500
v 24.500 11.000 -7.000
v 24.500 10.500 -6.500
v 24.500 10.500 -7.000
v 24.500 11.500 -0.500
v 24.500 11.000 -0.500
v 24.500 11.000 -1.500
v 24.500 11.000 -1.000
v 24.500 10.500 -1.000
v 24.500 16.500 -0.500
v 24.500 16.000 -0.500
v 24.500 16.000 -1.500
v 24.500 16.000 -1.000
v 24.500 15.500 -1.000
v 24.500 11.500 -0.500
v 24.500 11.000 -0.500
v 24.500 16.500 -0.500
v 24.500 16.000 -0.500
v 17.125 -0.500 -15.125
v 17.125 10.500 -15.125
v 17.125 12.500 -15.125
v 17.125 13.500 -15.125
v 17.125 14.500 -15.125
v 17.125 15.500 -15.125
v 17.125 17.500 -15.125
v 17.125 18.500 -15.125
v 17.125 19.500 -15.125
v 17.125 20.500 -15.125
v 23.125 -0.500 -15.125
v 22.875 -0.500 -15.125
v 22.875 10.500 -15.125
v 23.125 10.500 -15.125
v 23.125 12.500 -15.125
v 22.875 12.500 -15.125
v 22.875 13.500 -15.125
v 23.125 13.500 -15.125
v 23.125 14.500 -15.125
v 22.875 14.500 -15.125
v 22.875 15.500 -15.125
v 23.125 15.500 -15.125
v 23.125 17.500 -15.125
v 22.875 17.500 -15.125
v 22.875 18.500 -15.125
v 23.125 18.500 -15.125
v 23.125 19.500 -15.125
v 22.875 19.500 -15.125
v 22.875 20.500 -15.125
v 23.125 20.500 -15.125
v 23.875 16.500 -15.125
v 23.875 17.500 -15.125
v 26.125 16.500 -15.125
v 26.125 17.500 -15.125
v 26.875 16.500 -15.125
v 26.875 17.500 -15.125
v 28.125 16.500 -15.125
v 28.125 17.500 -15.125
v 29.125 -0.500 -15.125
v 28.875 -0.500 -15.125
v 28.875 10.500 -15.125
v 29.125 10.500 -15.125
v 29.125 12.500 -15.125
v 28.875 12.500 -15.125
v 28.875 13.500 -15.125
v 29.125 13.500 -15.125
v 29.125 14.500 -15.125
v 28.875 14.500 -15.125
v 28.875 15.500 -15.125
v 29.125 15.500 -15.125
v 29.125 17.500 -15.125
v 28.875 17.500 -15.125
v 28.875 18.500 -15.125
v 29.125 18.500 -15.125
v 29.125 19.500 -15.125
v 28.875 19.500 -15.125
v 28.875 20.500 -15.125
v 29.125 20.500 -15.125
v 16.500 11.500 -6.500
v 23.500 11.500 -6.500
v 23.500 12.500 -6.500
v 16.500 12.500 -6.500
v 16.500 13.500 -6.500
v 16.500 16.500 -6.500
v 23.500 16.500 -6.500
v 23.500 17.500 -6.500
v 16.500 17.500 -6.500
v 16.500 19.500 -6.500
v 22.500 13.500 -6.500
v 23.500 13.500 -6.500
v 23.500 19.500 -6.500
v 22.500 19.500 -6.500
v 22.500 11.500 -6.500
v 18.500 15.500 -6.500
v 18.500 16.500 -6.500
v 21.500 15.500 -6.500
v 22.500 15.500 -6.500
v 22.500 16.500 -6.500
v 29.125 11.500 -4.125
v 28.875 11.500 -4.125
v 28.875 12.500 -4.125
v 29.125 12.500 -4.125
v 29.125 16.500 -4.125
v 28.875 16.500 -4.125
v 28.875 17.500 -4.125
v 29.125 17.500 -4.125
v 29.500 11.500 -2.500
v 28.500 11.500 -2.500
v 29.500 11.000 -2.500
v 29.500 16.500 -2.500
v 28.500 16.500 -2.500
v 29.500 16.000 -2.500
v 28.500 15.500 -2.500
v 19.500 15.500 -2.500
v 18.500 15.500 -2.500
v 18.500 16.500 -2.500
v 19.500 16.500 -2.500
v 29.125 11.500 -2.125
v 28.875 11.500 -2.125
v 28.875 12.500 -2.125
v 29.125 12.500 -2.125
v 29.125 16.500 -2.125
v 28.875 16.500 -2.125
v 28.875 17.500 -2.125
v 29.125 17.500 -2.125
v 22.875 -0.500 -7.125
v 22.875 10.500 -7.125
v 22.875 12.500 -7.125
v 22.875 13.500 -7.125
v 22.875 14.500 -7.125
v 22.875 15.500 -7.125
v 22.875 17.500 -7.125
v 22.875 18.500 -7.125
v 22.875 -0.500 -1.125
v 22.875 -0.500 -0.875
v 22.875 10.500 -0.875
v 22.875 10.500 -1.125
v 22.875 12.500 -1.125
v 22.875 12.500 -0.875
v 22.875 13.500 -0.875
v 22.875 13.500 -1.125
v 22.875 14.500 -1.125
v 22.875 14.500 -0.875
v 22.875 15.500 -0.875
v 22.875 15.500 -1.125
v 22.875 17.500 -1.125
v 22.875 17.500 -0.875
v 22.875 18.500 -0.875
v 22.875 18.500 -1.125
v 22.875 19.500 -1.125
v 22.875 19.500 -0.875
v 22.875 20.500 -0.875
v 22.875 20.500 -1.125
v 16.500 13.500 -14.500
v 23.500 13.500 -14.500
v 22.500 13.500 -14.500
v 22.500 13.500 -13.000
v 23.500 13.500 -13.000
v 23.500 13.500 -10.500
v 22.500 13.500 -10.500
v 23.500 13.500 -10.000
v 22.500 13.500 -10.000
v 16.500 13.500 -7.500
v 22.500 13.500 -7.500
v 23.500 13.500 -7.500
v 16.500 13.500 -0.500
v 23.500 13.500 -0.500
v 22.500 13.500 -0.500
v 28.875 17.500 -15.875
v 29.125 17.500 -15.875
v 29.125 17.500 -16.125
v 28.875 17.500 -16.125
v 16.500 17.500 -14.500
v 23.500 17.500 -14.500
v 16.500 17.500 -7.500
v 22.500 17.500 -7.500
v 23.500 17.500 -7.500
v 28.875 17.500 -5.875
v 29.125 17.500 -5.875
v 28.875 17.500 -4.875
v 29.125 17.500 -4.875
v 29.125 17.500 -5.125
v 28.875 17.500 -5.125
v 28.875 17.500 -3.875
v 29.125 17.500 -3.875
v 29.125 17.500 -3.125
v 28.875 17.500 -3.125
v 28.875 17.500 -1.875
v 29.125 17.500 -1.875
v 16.500 17.500 -0.500
v 23.500 17.500 -0.500
v 29.125 11.500 -15.875
v 29.125 11.500 -16.125
v 29.125 12.500 -16.125
v 29.125 12.500 -15.875
v 29.125 16.500 -15.875
v 29.125 16.500 -16.125
v 29.125 -0.500 -7.125
v 29.125 10.500 -7.125
v 29.125 12.500 -7.125
v 29.125 13.500 -7.125
v 29.125 14.500 -7.125
v 29.125 15.500 -7.125
v 29.125 17.500 -7.125
v 29.125 18.500 -7.125
v 29.125 11.500 -5.875
v 29.125 12.500 -5.875
v 29.125 16.500 -5.875
v 29.125 11.500 -4.875
v 29.125 11.500 -5.125
v 29.125 12.500 -5.125
v 29.125 12.500 -4.875
v 29.125 16.500 -4.875
v 29.125 16.500 -5.125
v 29.125 11.500 -3.875
v 29.125 12.500 -3.875
v 29.125 16.500 -3.875
v 29.125 11.500 -3.125
v 29.125 12.500 -3.125
v 29.125 16.500 -3.125
v 29.125 11.500 -1.875
v 29.125 12.500 -1.875
v 29.125 16.500 -1.875
v 29.125 -0.500 -0.875
v 29.125 -0.500 -1.125
v 29.125 10.500 -1.125
v 29.125 10.500 -0.875
v 29.125 12.500 -0.875
v 29.125 12.500 -1.125
v 29.125 13.500 -1.125
v 29.125 13.500 -0.875
v 29.125 14.500 -0.875
v 29.125 14.500 -1.125
v 29.125 15.500 -1.125
v 29.125 15.500 -0.875
v 29.125 17.500 -0.875
v 29.125 17.500 -1.125
v 29.125 18.500 -1.125
v 29.125 18.500 -0.875
v 29.125 19.500 -0.875
v 29.125 19.500 -1.125
v 29.125 20.500 -1.125
v 29.125 20.500 -0.875
v 16.500 19.500 -14.500
v 16.500 11.500 -14.500
v 16.500 11.500 -12.500
v 16.500 15.500 -12.500
v 16.500 15.500 -14.500
v 16.500 16.500 -14.500
v 16.500 16.500 -12.500
v 16.500 11.500 -10.500
v 16.500 15.500 -10.500
v 16.500 16.500 -10.500
v 16.500 11.500 -9.500
v 16.500 15.500 -9.500
v 16.500 16.500 -9.500
v 16.500 11.500 -7.500
v 16.500 15.500 -7.500
v 16.500 16.500 -7.500
v 16.500 19.500 -7.500
v 16.500 11.500 -0.500
v 16.500 12.500 -0.500
v 16.500 15.500 -0.500
v 16.500 19.500 -0.500
v 22.500 13.000 -13.500
v 22.500 13.000 -12.500
v 23.500 13.000 -13.500
v 23.500 13.000 -11.500
v 22.500 13.000 -10.500
v 22.500 13.000 -11.500
v 23.500 13.000 -10.500
v 22.500 17.000 -8.500
v 23.500 17.000 -8.500
v 28.875 11.500 -4.875
v 28.875 12.500 -4.875
v 28.875 16.500 -4.875
v 16.875 5.500 -14.875
v 17.125 5.500 -14.875
v 17.125 5.500 -15.125
v 16.875 5.500 -15.125
v 22.875 5.500 -14.875
v 23.125 5.500 -14.875
v 23.125 5.500 -15.125
v 22.875 5.500 -15.125
v 28.875 5.500 -14.875
v 29.125 5.500 -14.875
v 29.125 5.500 -15.125
v 28.875 5.500 -15.125
v 16.875 5.500 -6.875
v 17.125 5.500 -6.875
v 17.125 5.500 -7.125
v 16.875 5.500 -7.125
v 22.875 5.500 -6.875
v 23.125 5.500 -6.875
v 23.125 5.500 -7.125
v 22.875 5.500 -7.125
v 28.875 5.500 -6.875
v 29.125 5.500 -6.875
v 29.125 5.500 -7.125
v 28.875 5.500 -7.125
v 16.875 5.500 -0.875
v 17.125 5.500 -0.875
v 17.125 5.500 -1.125
v 16.875 5.500 -1.125
v 22.875 5.500 -0.875
v 23.125 5.500 -0.875
v 23.125 5.500 -1.125
v 22.875 5.500 -1.125
v 28.875 5.500 -0.875
v 29.125 5.500 -0.875
v 29.125 5.500 -1.125
v 28.875 5.500 -1.125
v 16.875 1.500 -14.875
v 17.125 1.500 -14.875
v 17.125 1.500 -15.125
v 16.875 1.500 -15.125
v 22.875 1.500 -14.875
v 23.125 1.500 -14.875
v 23.125 1.500 -15.125
v 22.875 1.500 -15.125
v 28.875 1.500 -14.875
v 29.125 1.500 -14.875
v 29.125 1.500 -15.125
v 28.875 1.500 -15.125
v 16.875 1.500 -6.875
v 17.125 1.500 -6.875
v 17.125 1.500 -7.125
v 16.875 1.500 -7.125
v 22.875 1.500 -6.875
v 23.125 1.500 -6.875
v 23.125 1.500 -7.125
v 22.875 1.500 -7.125
v 28.875 1.500 -6.875
v 29.125 1.500 -6.875
v 29.125 1.500 -7.125
v 28.875 1.500 -7.125
v 16.875 1.500 -0.875
v 17.125 1.500 -0.875
v 17.125 1.500 -1.125
v 16.875 1.500 -1.125
v 22.875 1.500 -0.875
v 23.125 1.500 -0.875
v 23.125 1.500 -1.125
v 22.875 1.500 -1.125
v 28.875 1.500 -0.875
v 29.125 1.500 -0.875
v 29.125 1.500 -1.125
v 28.875 1.500 -1.125
v 18.500 11.500 -14.500
v 18.500 11.000 -14.500
v 18.000 11.000 -14.500
v 22.500 11.500 -14.500
v 22.500 12.500 -14.500
v 18.500 16.500 -14.500
v 18.500 16.000 -14.500
v 18.000 16.000 -14.500
v 18.000 15.500 -14.500
v 23.500 16.500 -14.500
v 22.500 11.000 -14.500
v 22.000 11.000 -14.500
v 22.500 16.500 -14.500
v 22.500 16.000 -14.500
v 22.000 16.000 -14.500
v 22.000 15.500 -14.500
v 22.500 15.500 -14.500
v 23.500 11.500 -14.500
v 29.500 16.500 -14.500
v 23.500 19.500 -14.500
v 22.500 19.500 -14.500
v 29.500 11.500 -14.500
v 16.875 9.500 -14.875
v 17.125 9.500 -14.875
v 17.125 9.500 -15.125
v 16.875 9.500 -15.125
v 22.875 9.500 -14.875
v 23.125 9.500 -14.875
v 23.125 9.500 -15.125
v 22.875 9.500 -15.125
v 28.875 9.500 -14.875
v 29.125 9.500 -14.875
v 29.125 9.500 -15.125
v 28.875 9.500 -15.125
v 16.875 9.500 -6.875
v 17.125 9.500 -6.875
v 17.125 9.500 -7.125
v 16.875 9.500 -7.125
v 22.875 9.500 -6.875
v 23.125 9.500 -6.875
v 23.125 9.500 -7.125
v 22.875 9.500 -7.125
v 28.875 9.500 -6.875
v 29.125 9.500 -6.875
v 29.125 9.500 -7.125
v 28.875 9.500 -7.125
v 16.875 9.500 -0.875
v 17.125 9.500 -0.875
v 17.125 9.500 -1.125
v 16.875 9.500 -1.125
v 22.875 9.500 -0.875
v 23.125 9.500 -0.875
v 23.125 9.500 -1.125
v 22.875 9.500 -1.125
v 28.875 9.500 -0.875
v 29.125 9.500 -0.875
v 29.125 9.500 -1.125
v 28.875 9.500 -1.125
v 27.500 21.500 -15.500
v 27.500 22.000 -15.500
v 27.500 12.000 -13.500
v 27.500 12.000 -12.500
v 27.500 11.000 -12.500
v 27.500 11.000 -13.500
v 27.500 11.000 -13.000
v 27.500 10.500 -13.000
v 27.500 10.500 -13.500
v 27.500 12.000 -13.000
v 27.500 12.500 -13.000
v 27.500 12.500 -12.500
v 27.500 13.000 -12.500
v 27.500 13.000 -11.500
v 27.500 12.000 -11.500
v 27.500 12.000 -12.000
v 27.500 11.500 -12.000
v 27.500 11.500 -12.500
v 27.500 13.000 -12.000
v 27.500 13.500 -12.000
v 27.500 13.500 -11.500
v 27.500 14.000 -11.500
v 27.500 14.000 -10.500
v 27.500 13.000 -10.500
v 27.500 13.000 -11.000
v 27.500 12.500 -11.000
v 27.500 12.500 -11.500
v 27.500 14.000 -11.000
v 27.500 14.500 -11.000
v 27.500 14.500 -10.500
v 27.500 15.000 -10.500
v 27.500 15.000 -9.500
v 27.500 14.000 -9.500
v 27.500 14.000 -10.000
v 27.500 13.500 -10.000
v 27.500 13.500 -10.500
v 27.500 15.000 -10.000
v 27.500 15.500 -10.000
v 27.500 15.500 -9.500
v 27.500 16.000 -9.500
v 27.500 16.000 -8.500
v 27.500 15.000 -8.500
v 27.500 15.000 -9.000
v 27.500 14.500 -9.000
v 27.500 14.500 -9.500
v 27.500 16.000 -9.000
v 27.500 16.500 -9.000
v 27.500 16.500 -8.500
v 27.500 11.500 -7.500
v 27.500 11.500 -6.500
v 27.500 11.000 -6.500
v 27.500 11.000 -7.500
v 27.500 11.000 -7.000
v 27.500 10.500 -6.500
v 27.500 10.500 -7.000
v 27.500 11.500 -1.500
v 27.500 11.500 -0.500
v 27.500 11.000 -0.500
v 27.500 11.000 -1.500
v 27.500 11.000 -1.000
v 27.500 10.500 -1.000
v 27.500 10.500 -1.500
v 27.500 16.500 -0.500
v 27.500 16.000 -0.500
v 27.500 16.000 -1.500
v 27.500 16.000 -1.000
v 27.500 15.500 -1.000
v 27.500 11.500 -0.500
v 27.500 11.000 -0.500
v 27.500 16.500 -0.500
v 27.500 16.000 -0.500
v 22.500 16.000 -10.500
v 23.500 16.000 -10.500
v 23.500 15.000 -10.500
v 16.500 11.000 -14.000
v 16.500 16.000 -14.000
v 16.500 15.500 -14.000
v 23.500 11.000 -14.000
v 22.500 11.000 -14.000
v 28.500 11.000 -14.000
v 23.500 11.500 -13.500
v 23.500 12.500 -13.500
v 23.500 13.000 -13.000
v 23.500 13.500 -12.500
v 23.500 11.000 -13.500
v 23.500 11.000 -13.000
v 23.500 12.000 -12.500
v 23.500 14.500 -11.500
v 23.500 15.500 -10.500
v 23.500 14.000 -10.000
v 23.500 16.000 -10.000
v 23.500 16.500 -10.000
v 23.500 16.500 -9.500
v 23.500 15.000 -8.500
v 23.500 15.000 -9.500
v 23.500 17.500 -8.500
v 23.500 15.500 -8.500
v 23.500 16.500 -8.500
v 23.500 15.500 -7.500
v 23.500 16.500 -7.500
v 23.500 12.500 -7.500
v 23.500 19.500 -7.500
v 23.500 12.500 -0.500
v 23.500 15.500 -0.500
v 23.500 19.500 -0.500
v 22.500 14.000 -10.000
v 22.500 16.000 -10.000
v 22.500 16.500 -10.000
v 28.500 15.000 -10.000
v 23.500 15.000 -10.000
v 23.500 15.500 -10.000
v 28.500 15.500 -10.000
v 28.875 11.500 -16.125
v 28.875 11.500 -15.875
v 28.875 12.500 -15.875
v 28.875 12.500 -16.125
v 28.875 16.500 -16.125
v 28.875 16.500 -15.875
v 28.875 -0.500 -7.125
v 28.875 10.500 -7.125
v 28.875 12.500 -7.125
v 28.875 13.500 -7.125
v 28.875 14.500 -7.125
v 28.875 15.500 -7.125
v 28.875 17.500 -7.125
v 28.875 18.500 -7.125
v 28.875 11.500 -5.875
v 28.875 12.500 -5.875
v 28.875 16.500 -5.875
v 28.875 11.500 -5.125
v 28.875 12.500 -5.125
v 28.875 16.500 -5.125
v 28.875 11.500 -3.875
v 28.875 12.500 -3.875
v 28.875 16.500 -3.875
v 28.875 11.500 -3.125
v 28.875 12.500 -3.125
v 28.875 16.500 -3.125
v 28.875 11.500 -1.875
v 28.875 12.500 -1.875
v 28.875 16.500 -1.875
v 28.875 -0.500 -1.125
v 28.875 -0.500 -0.875
v 28.875 10.500 -0.875
v 28.875 10.500 -1.125
v 28.875 12.500 -1.125
v 28.875 12.500 -0.875
v 28.875 13.500 -0.875
v 28.875 13.500 -1.125
v 28.875 14.500 -1.125
v 28.875 14.500 -0.875
v 28.875 15.500 -0.875
v 28.875 15.500 -1.125
v 28.875 17.500 -1.125
v 28.875 17.500 -0.875
v 28.875 18.500 -0.875
v 28.875 18.500 -1.125
v 28.875 19.500 -1.125
v 28.875 19.500 -0.875
v 28.875 20.500 -0.875
v 28.875 20.500 -1.125
v 18.500 11.500 -7.500
v 18.500 11.000 -7.500
v 18.000 11.000 -7.500
v 23.500 11.500 -7.500
v 18.500 16.500 -7.500
v 18.500 16.000 -7.500
v 18.000 16.000 -7.500
v 18.000 15.500 -7.500
v 22.500 16.500 -7.500
v 22.500 11.500 -7.500
v 22.500 11.000 -7.500
v 22.000 11.000 -7.500
v 22.500 16.000 -7.500
v 22.000 16.000 -7.500
v 22.500 15.500 -7.500
v 22.000 15.500 -7.500
v 22.500 19.500 -7.500
v 28.500 11.500 -7.500
v 28.500 11.000 -7.500
v 23.500 11.000 -7.500
v 29.500 16.500 -7.500
v 23.500 11.000 -7.000
v 28.500 11.000 -7.000
v 29.500 11.500 -3.500
v 29.500 11.000 -3.500
v 29.500 16.500 -3.500
v 28.500 16.500 -3.500
v 29.500 16.000 -3.500
v 28.500 15.500 -3.500
v 17.125 -0.500 -7.125
v 17.125 10.500 -7.125
v 17.125 12.500 -7.125
v 17.125 13.500 -7.125
v 17.125 14.500 -7.125
v 17.125 15.500 -7.125
v 17.125 17.500 -7.125
v 17.125 18.500 -7.125
v 23.125 -0.500 -7.125
v 23.125 10.500 -7.125
v 23.125 12.500 -7.125
v 23.125 13.500 -7.125
v 23.125 14.500 -7.125
v 23.125 15.500 -7.125
v 23.125 17.500 -7.125
v 23.125 18.500 -7.125
v 23.875 11.500 -7.125
v 23.875 12.500 -7.125
v 26.125 11.500 -7.125
v 26.125 12.500 -7.125
v 26.875 11.500 -7.125
v 26.875 12.500 -7.125
v 28.125 11.500 -7.125
v 28.125 12.500 -7.125
v 17.125 -0.500 -0.875
v 17.125 10.500 -0.875
v 17.125 12.500 -0.875
v 17.125 13.500 -0.875
v 17.125 14.500 -0.875
v 17.125 15.500 -0.875
v 17.125 17.500 -0.875
v 17.125 18.500 -0.875
v 17.125 19.500 -0.875
v 17.125 20.500 -0.875
v 23.125 -0.500 -0.875
v 23.125 10.500 -0.875
v 23.125 12.500 -0.875
v 23.125 13.500 -0.875
v 23.125 14.500 -0.875
v 23.125 15.500 -0.875
v 23.125 17.500 -0.875
v 23.125 18.500 -0.875
v 23.125 19.500 -0.875
v 23.125 20.500 -0.875
v 17.125 -0.500 -1.125
v 23.125 -0.500 -1.125
v 15.500 16.500 -15.500
v 16.500 16.500 -16.500
v 15.500 16.500 -16.500
v 17.500 16.500 -16.500
v 22.500 16.500 -16.500
v 23.500 16.500 -16.500
v 26.500 16.500 -15.500
v 26.500 16.500 -16.500
v 27.500 16.500 -15.500
v 27.500 16.500 -16.500
v 28.500 16.500 -16.500
v 15.500 16.500 -14.500
v 15.500 16.500 -12.500
v 15.500 16.500 -10.500
v 15.500 16.500 -9.500
v 22.500 16.500 -8.500
v 29.500 16.500 -8.500
v 15.500 16.500 -7.500
v 24.500 16.500 -7.500
v 26.500 16.500 -7.500
v 26.500 16.500 -8.500
v 27.500 16.500 -7.500
v 15.500 16.500 -6.500
v 15.500 16.500 -4.500
v 16.500 16.500 -4.500
v 17.500 16.500 -5.500
v 22.500 16.500 -4.500
v 23.500 16.500 -5.500
v 27.500 16.500 -5.500
v 27.500 16.500 -6.500
v 27.500 16.500 -4.500
v 28.500 16.500 -1.500
v 17.500 16.500 -4.500
v 18.500 16.500 -4.500
v 23.500 16.500 -4.500
v 24.500 16.500 -4.500
v 24.500 16.500 -5.500
v 25.500 16.500 -4.500
v 25.500 16.500 -5.500
v 25.500 16.500 -3.500
v 26.500 16.500 -3.500
v 26.500 16.500 -5.500
v 26.500 16.500 -4.500
v 17.500 16.500 -2.500
v 22.500 16.500 -2.500
v 23.500 16.500 -3.500
v 26.500 16.500 -2.500
v 24.500 16.500 -3.500
v 24.500 16.500 -2.500
v 27.500 16.500 -2.500
v 15.500 16.500 -0.500
v 16.500 16.500 -0.500
v 22.500 16.500 -0.500
v 23.500 16.500 -0.500
v 28.500 16.500 -0.500
v 23.125 10.500 -1.125
v 23.125 12.500 -1.125
v 23.125 13.500 -1.125
v 23.125 14.500 -1.125
v 23.125 15.500 -1.125
v 23.125 17.500 -1.125
v 23.125 18.500 -1.125
v 23.125 19.500 -1.125
v 23.125 20.500 -1.125
v 23.500 12.000 -13.500
v 28.500 12.000 -13.500
v 22.500 12.000 -12.500
v 16.500 12.500 -14.500
v 23.500 12.500 -14.500
v 16.500 12.500 -7.500
v 23.500 12.500 -13.000
v 28.500 12.500 -13.000
v 22.500 12.500 -11.500
v 15.500 16.000 -1.500
v 15.500 16.000 -0.500
v 17.500 16.000 -15.500
v 18.500 16.000 -15.500
v 22.500 16.000 -15.500
v 16.500 16.000 -13.500
v 16.500 16.000 -14.500
v 22.500 16.000 -9.500
v 23.500 16.000 -8.500
v 28.500 16.000 -8.500
v 16.500 16.000 -7.500
v 16.500 16.000 -8.500
v 22.500 16.000 -8.500
v 23.500 16.000 -7.500
v 28.500 16.000 -7.500
v 18.500 16.000 -6.500
v 17.500 16.000 -6.500
v 22.500 16.000 -6.500
v 28.500 16.000 -1.500
v 28.500 16.000 -6.500
v 16.500 16.000 -1.500
v 16.500 16.000 -0.500
v 17.500 16.000 -1.500
v 18.500 16.000 -1.500
v 22.500 16.000 -1.500
v 23.500 16.000 -0.500
v 23.500 16.000 -1.500
v 28.500 16.000 -1.500
v 28.500 16.000 -0.500
v 16.875 6.500 -14.875
v 17.125 6.500 -14.875
v 17.125 6.500 -15.125
v 16.875 6.500 -15.125
v 22.875 6.500 -14.875
v 23.125 6.500 -14.875
v 23.125 6.500 -15.125
v 22.875 6.500 -15.125
v 28.875 6.500 -14.875
v 29.125 6.500 -14.875
v 29.125 6.500 -15.125
v 28.875 6.500 -15.125
v 16.875 6.500 -6.875
v 17.125 6.500 -6.875
v 17.125 6.500 -7.125
v 16.875 6.500 -7.125
v 22.875 6.500 -6.875
v 23.125 6.500 -6.875
v 23.125 6.500 -7.125
v 22.875 6.500 -7.125
v 28.875 6.500 -6.875
v 29.125 6.500 -6.875
v 29.125 6.500 -7.125
v 28.875 6.500 -7.125
v 16.875 6.500 -0.875
v 17.125 6.500 -0.875
v 17.125 6.500 -1.125
v 16.875 6.500 -1.125
v 22.875 6.500 -0.875
v 23.125 6.500 -0.875
v 23.125 6.500 -1.125
v 22.875 6.500 -1.125
v 28.875 6.500 -0.875
v 29.125 6.500 -0.875
v 29.125 6.500 -1.125
v 28.875 6.500 -1.125
v 16.875 2.500 -14.875
v 17.125 2.500 -14.875
v 17.125 2.500 -15.125
v 16.875 2.500 -15.125
v 22.875 2.500 -14.875
v 23.125 2.500 -14.875
v 23.125 2.500 -15.125
v 22.875 2.500 -15.125
v 28.875 2.500 -14.875
v 29.125 2.500 -14.875
v 29.125 2.500 -15.125
v 28.875 2.500 -15.125
v 16.875 2.500 -6.875
v 17.125 2.500 -6.875
v 17.125 2.500 -7.125
v 16.875 2.500 -7.125
v 22.875 2.500 -6.875
v 23.125 2.500 -6.875
v 23.125 2.500 -7.125
v 22.875 2.500 -7.125
v 28.875 2.500 -6.875
v 29.125 2.500 -6.875
v 29.125 2.500 -7.125
v 28.875 2.500 -7.125
v 16.875 2.500 -0.875
v 17.125 2.500 -0.875
v 17.125 2.500 -1.125
v 16.875 2.500 -1.125
v 22.875 2.500 -0.875
v 23.125 2.500 -0.875
v 23.125 2.500 -1.125
v 22.875 2.500 -1.125
v 28.875 2.500 -0.875
v 29.125 2.500 -0.875
v 29.125 2.500 -1.125
v 28.875 2.500 -1.125
v 22.500 12.500 -13.500
v 22.500 11.000 -13.500
v 22.500 11.500 -13.500
v 22.500 13.000 -13.000
v 22.500 13.500 -12.500
v 22.500 14.500 -11.500
v 22.500 15.000 -10.500
v 22.500 15.500 -10.500
v 22.500 16.500 -9.500
v 22.500 15.000 -9.500
v 22.500 15.000 -8.500
v 22.500 17.500 -8.500
v 22.500 16.000 -8.000
v 22.500 15.500 -8.500
v 22.500 15.500 -8.000
v 22.500 11.500 -0.500
v 22.500 19.500 -0.500
v 16.500 11.500 -13.500
v 16.500 11.000 -13.500
v 16.500 16.500 -13.500
v 25.500 11.500 -13.500
v 26.500 11.500 -13.500
v 22.000 11.000 -15.500
v 22.000 16.000 -15.500
v 22.000 15.500 -15.500
v 22.000 11.000 -6.500
v 22.000 16.000 -6.500
v 22.000 15.500 -6.500
v 22.000 11.000 -1.500
v 22.000 16.000 -1.500
v 22.000 15.500 -1.500
v 16.500 11.500 -8.500
v 16.500 11.000 -8.500
v 16.500 16.500 -8.500
v 24.500 15.500 -8.500
v 26.500 15.500 -8.500
v 27.500 15.500 -8.500
v 28.500 12.000 -13.000
v 23.500 12.000 -13.000
v 26.500 21.500 -15.500
v 26.500 21.500 -16.500
v 26.500 22.000 -16.500
v 26.500 22.000 -15.500
v 26.500 12.000 -13.500
v 26.500 12.000 -12.500
v 26.500 11.000 -12.500
v 26.500 11.000 -13.500
v 26.500 11.000 -13.000
v 26.500 10.500 -13.000
v 26.500 12.000 -13.000
v 26.500 12.500 -13.000
v 26.500 12.500 -12.500
v 26.500 13.000 -12.500
v 26.500 13.000 -11.500
v 26.500 12.000 -11.500
v 26.500 12.000 -12.000
v 26.500 11.500 -12.000
v 26.500 11.500 -12.500
v 26.500 13.000 -12.000
v 26.500 13.500 -12.000
v 26.500 13.500 -11.500
v 26.500 14.000 -11.500
v 26.500 14.000 -10.500
v 26.500 13.000 -10.500
v 26.500 13.000 -11.000
v 26.500 12.500 -11.000
v 26.500 12.500 -11.500
v 26.500 14.000 -11.000
v 26.500 14.500 -11.000
v 26.500 14.500 -10.500
v 26.500 15.000 -10.500
v 26.500 15.000 -9.500
v 26.500 14.000 -9.500
v 26.500 14.000 -10.000
v 26.500 13.500 -10.000
v 26.500 13.500 -10.500
v 26.500 15.000 -10.000
v 26.500 15.500 -10.000
v 26.500 15.500 -9.500
v 26.500 16.000 -9.500
v 26.500 16.000 -8.500
v 26.500 15.000 -8.500
v 26.500 15.000 -9.000
v 26.500 14.500 -9.000
v 26.500 14.500 -9.500
v 26.500 16.000 -9.000
v 26.500 16.500 -9.000
v 26.500 11.500 -7.500
v 26.500 11.500 -6.500
v 26.500 11.000 -6.500
v 26.500 11.000 -7.500
v 26.500 11.000 -7.000
v 26.500 10.500 -6.500
v 26.500 10.500 -7.000
v 26.500 11.500 -0.500
v 26.500 11.000 -0.500
v 26.500 11.000 -1.500
v 26.500 11.000 -1.000
v 26.500 10.500 -1.000
v 26.500 16.500 -1.500
v 26.500 16.500 -0.500
v 26.500 16.000 -0.500
v 26.500 16.000 -1.500
v 26.500 16.000 -1.000
v 26.500 15.500 -1.000
v 26.500 15.500 -1.500
v 26.500 11.500 -0.500
v 26.500 11.000 -0.500
v 26.500 16.500 -0.500
v 26.500 16.000 -0.500
v 29.500 11.500 -4.500
v 28.500 11.000 -4.500
v 29.500 11.000 -4.500
v 29.000 11.000 -4.500
v 29.000 10.500 -4.500
v 29.500 16.500 -4.500
v 28.500 16.000 -4.500
v 29.500 16.000 -4.500
v 29.000 16.000 -4.500
v 29.000 15.500 -4.500
v 17.125 10.500 -1.125
v 17.125 12.500 -1.125
v 17.125 13.500 -1.125
v 17.125 14.500 -1.125
v 17.125 15.500 -1.125
v 17.125 17.500 -1.125
v 17.125 18.500 -1.125
v 17.125 19.500 -1.125
v 17.125 20.500 -1.125
v 16.500 10.500 -0.500
v 23.500 11.500 -0.500
v 16.500 16.500 -0.500
v 23.500 16.500 -0.500
v 18.000 11.000 -0.500
v 18.000 16.000 -0.500
v 18.000 15.500 -0.500
v 16.500 11.000 -8.000
v 16.500 16.000 -8.000
v 16.500 15.500 -8.000
v 23.500 16.000 -8.000
v 23.500 15.500 -8.000
v 28.500 16.000 -8.000
v 28.500 15.500 -8.000
v 16.500 15.500 -15.500
v 15.500 15.500 -15.500
v 15.500 15.500 -16.500
v 16.500 15.500 -16.500
v 17.500 15.500 -16.500
v 22.500 15.500 -16.500
v 23.500 15.500 -15.500
v 23.500 15.500 -16.500
v 26.500 15.500 -15.500
v 26.500 15.500 -16.500
v 27.500 15.500 -15.500
v 27.500 15.500 -16.500
v 28.500 15.500 -15.500
v 28.500 15.500 -16.500
v 15.500 15.500 -14.500
v 18.000 15.500 -15.500
v 15.500 15.500 -12.500
v 15.500 15.500 -10.500
v 15.500 15.500 -9.500
v 15.500 15.500 -7.500
v 24.500 15.500 -7.500
v 26.500 15.500 -7.500
v 27.500 15.500 -7.500
v 15.500 15.500 -6.500
v 18.000 15.500 -6.500
v 16.500 15.500 -4.500
v 15.500 15.500 -4.500
v 16.500 15.500 -6.500
v 17.500 15.500 -5.500
v 22.500 15.500 -4.500
v 23.500 15.500 -6.500
v 27.500 15.500 -5.500
v 23.500 15.500 -5.500
v 27.500 15.500 -6.500
v 27.500 15.500 -4.500
v 28.500 15.500 -1.500
v 18.500 15.500 -4.500
v 17.500 15.500 -4.500
v 24.500 15.500 -4.500
v 23.500 15.500 -4.500
v 24.500 15.500 -5.500
v 25.500 15.500 -4.500
v 25.500 15.500 -5.500
v 26.500 15.500 -3.500
v 25.500 15.500 -3.500
v 26.500 15.500 -5.500
v 26.500 15.500 -4.500
v 17.500 15.500 -2.500
v 22.500 15.500 -2.500
v 23.500 15.500 -3.500
v 26.500 15.500 -2.500
v 24.500 15.500 -3.500
v 24.500 15.500 -2.500
v 27.500 15.500 -2.500
v 18.000 15.500 -1.500
v 28.500 11.000 -15.500
v 17.500 11.000 -15.500
v 18.500 11.000 -15.500
v 22.500 11.000 -15.500
v 16.500 11.000 -14.500
v 23.500 11.000 -14.500
v 28.500 11.000 -14.500
v 16.500 11.000 -7.500
v 18.500 11.000 -6.500
v 17.500 11.000 -6.500
v 22.500 11.000 -6.500
v 28.500 11.000 -6.500
v 23.500 11.000 -6.500
v 28.500 11.000 -1.500
v 17.500 11.000 -1.500
v 18.500 11.000 -1.500
v 22.500 11.000 -1.500
v 23.500 11.000 -0.500
v 23.500 11.000 -1.500
v 28.500 11.000 -1.500
v 28.500 11.000 -0.500
v 18.500 11.500 -15.500
v 18.500 16.500 -15.500
v 18.500 11.500 -6.500
v 18.500 11.500 -1.500
v 18.500 16.500 -1.500
v 18.000 11.000 -15.500
v 18.000 16.000 -15.500
v 18.000 11.000 -6.500
v 18.000 16.000 -6.500
v 18.000 11.000 -1.500
v 18.000 16.000 -1.500
v 15.500 11.500 -15.500
v 16.500 11.500 -16.500
v 15.500 11.500 -16.500
v 17.500 11.500 -16.500
v 19.500 11.500 -16.500
v 20.500 11.500 -16.500
v 22.500 11.500 -16.500
v 23.500 11.500 -16.500
v 25.500 11.500 -15.500
v 25.500 11.500 -16.500
v 27.500 11.500 -15.500
v 27.500 11.500 -16.500
v 15.500 11.500 -14.500
v 15.500 11.500 -12.500
v 25.500 11.500 -14.500
v 26.500 11.500 -14.500
v 15.500 11.500 -10.500
v 15.500 11.500 -9.500
v 15.500 11.500 -7.500
v 15.500 11.500 -6.500
v 15.500 11.500 -4.500
v 16.500 11.500 -4.500
v 17.500 11.500 -5.500
v 22.500 11.500 -5.500
v 23.500 11.500 -5.500
v 28.500 11.500 -1.500
v 17.500 11.500 -4.500
v 19.500 11.500 -4.500
v 19.500 11.500 -5.500
v 22.500 11.500 -4.500
v 23.500 11.500 -4.500
v 25.500 11.500 -4.500
v 25.500 11.500 -5.500
v 15.500 11.500 -2.500
v 16.500 11.500 -2.500
v 17.500 11.500 -3.500
v 20.500 11.500 -3.500
v 20.500 11.500 -4.500
v 22.500 11.500 -3.500
v 23.500 11.500 -3.500
v 24.500 11.500 -3.500
v 24.500 11.500 -4.500
v 27.500 11.500 -3.500
v 27.500 11.500 -4.500
v 19.500 11.500 -3.500
v 19.500 11.500 -2.500
v 21.500 11.500 -2.500
v 21.500 11.500 -3.500
v 22.500 11.500 -2.500
v 23.500 11.500 -2.500
v 26.500 11.500 -2.500
v 26.500 11.500 -3.500
v 27.500 11.500 -2.500
v 15.500 11.500 -1.500
v 20.500 11.500 -2.500
v 24.500 11.500 -2.500
v 25.500 11.500 -2.500
v 15.500 11.500 -0.500
v 23.500 11.500 -0.500
v 28.500 11.500 -0.500
v 0.500 11.500 -21.500
v 0.500 11.500 -20.500
v 0.500 11.000 -20.500
v 0.500 11.000 -21.500
v 0.500 11.000 -21.000
v 0.500 10.500 -20.500
v 0.500 10.500 -21.000
v 0.500 11.500 -20.500
v 0.500 11.000 -21.500
v 0.500 11.000 -20.500
v 0.500 11.000 -21.000
v 0.500 10.500 -21.000
v 1.500 11.500 -20.500
v 1.500 11.500 -21.500
v 1.500 11.000 -21.500
v 1.500 11.000 -20.500
v 1.500 11.000 -21.000
v 1.500 10.500 -21.000
v 1.500 10.500 -20.500
v 4.875 7.500 -28.875
v 5.125 7.500 -28.875
v 5.125 7.500 -29.125
v 4.875 7.500 -29.125
v 10.875 7.500 -28.875
v 11.125 7.500 -28.875
v 11.125 7.500 -29.125
v 10.875 7.500 -29.125
v 4.875 7.500 -20.875
v 5.125 7.500 -20.875
v 5.125 7.500 -21.125
v 4.875 7.500 -21.125
v 10.875 7.500 -20.875
v 11.125 7.500 -20.875
v 11.125 7.500 -21.125
v 10.875 7.500 -21.125
v 4.125 11.500 -20.875
v 4.125 11.500 -21.125
v 4.125 12.500 -21.125
v 4.125 12.500 -20.875
v 4.125 16.500 -20.875
v 4.125 16.500 -21.125
v 4.125 17.500 -21.125
v 4.125 17.500 -20.875
v 4.875 3.500 -28.875
v 5.125 3.500 -28.875
v 5.125 3.500 -29.125
v 4.875 3.500 -29.125
v 10.875 3.500 -28.875
v 11.125 3.500 -28.875
v 11.125 3.500 -29.125
v 10.875 3.500 -29.125
v 4.875 3.500 -20.875
v 5.125 3.500 -20.875
v 5.125 3.500 -21.125
v 4.875 3.500 -21.125
v 10.875 3.500 -20.875
v 11.125 3.500 -20.875
v 11.125 3.500 -21.125
v 10.875 3.500 -21.125
v 2.875 11.500 -21.125
v 2.875 11.500 -20.875
v 2.875 12.500 -20.875
v 2.875 12.500 -21.125
v 2.875 16.500 -21.125
v 2.875 16.500 -20.875
v 2.875 17.500 -20.875
v 2.875 17.500 -21.125
v 5.000 11.000 -29.500
v 5.000 11.000 -32.500
v 5.000 10.500 -32.500
v 5.000 10.500 -29.500
v 10.875 16.500 -32.125
v 10.875 16.500 -31.875
v 10.875 17.500 -31.875
v 10.875 17.500 -32.125
v 10.875 16.500 -31.125
v 10.875 16.500 -30.875
v 10.875 17.500 -30.875
v 10.875 17.500 -31.125
v 10.875 16.500 -30.125
v 10.875 16.500 -29.875
v 10.875 17.500 -29.875
v 10.875 17.500 -30.125
v 10.875 -0.500 -29.125
v 10.875 -0.500 -28.875
v 10.875 10.500 -28.875
v 10.875 10.500 -29.125
v 10.875 12.500 -29.125
v 10.875 12.500 -28.875
v 10.875 13.500 -28.875
v 10.875 13.500 -29.125
v 10.875 14.500 -29.125
v 10.875 14.500 -28.875
v 10.875 15.500 -28.875
v 10.875 15.500 -29.125
v 10.875 17.500 -29.125
v 10.875 17.500 -28.875
v 10.875 18.500 -28.875
v 10.875 18.500 -29.125
v 10.875 -0.500 -21.125
v 10.875 -0.500 -20.875
v 10.875 10.500 -20.875
v 10.875 10.500 -21.125
v 10.875 12.500 -21.125
v 10.875 12.500 -20.875
v 10.875 13.500 -20.875
v 10.875 13.500 -21.125
v 10.875 14.500 -21.125
v 10.875 14.500 -20.875
v 10.875 15.500 -20.875
v 10.875 15.500 -21.125
v 10.875 17.500 -21.125
v 10.875 17.500 -20.875
v 10.875 18.500 -20.875
v 10.875 18.500 -21.125
v 10.875 19.500 -21.125
v 10.875 19.500 -20.875
v 10.875 20.500 -20.875
v 10.875 20.500 -21.125
v -0.500 21.500 -16.500
v 0.500 21.500 -16.500
v 0.500 22.000 -16.500
v -0.500 22.000 -16.500
v 3.500 21.500 -16.500
v 3.500 22.500 -16.500
v 0.500 22.500 -16.500
v 4.500 21.500 -16.500
v 4.500 22.000 -16.500
v 3.500 22.000 -16.500
v 11.500 21.500 -16.500
v 12.500 21.500 -16.500
v 12.500 22.000 -16.500
v 11.500 22.000 -16.500
v 15.500 21.500 -16.500
v 15.500 22.500 -16.500
v 12.500 22.500 -16.500
v 5.500 11.500 -31.500
v 4.500 11.500 -31.500
v 4.500 11.000 -31.500
v 5.500 11.000 -31.500
v 5.000 11.000 -31.500
v 5.000 10.500 -31.500
v 5.500 10.500 -31.500
v 11.500 11.500 -31.500
v 10.500 11.500 -31.500
v 10.500 11.000 -31.500
v 11.500 11.000 -31.500
v 11.000 11.000 -31.500
v 10.500 10.500 -31.500
v 11.000 10.500 -31.500
v 11.500 16.500 -31.500
v 10.500 16.500 -31.500
v 10.500 16.000 -31.500
v 11.500 16.000 -31.500
v 11.000 16.000 -31.500
v 11.000 15.500 -31.500
v 11.500 15.500 -31.500
v 13.500 9.500 -31.500
v 14.500 9.500 -31.500
v 14.500 10.500 -31.500
v 13.500 10.500 -31.500
v 8.500 10.500 -31.500
v 7.500 10.500 -31.500
v 7.500 11.500 -31.500
v 8.500 11.500 -31.500
v 13.500 11.500 -31.500
v 14.500 11.500 -31.500
v 14.500 15.500 -31.500
v 13.500 15.500 -31.500
v 13.500 16.500 -31.500
v 14.500 16.500 -31.500
v 5.500 10.500 -32.500
v 5.500 11.500 -32.500
v 5.500 10.500 -29.500
v 5.500 11.500 -29.500
v 5.500 11.500 -27.500
v 5.500 12.500 -29.500
v 5.500 12.500 -27.500
v 5.500 13.500 -28.500
v 5.500 13.500 -29.500
v 5.500 14.500 -29.500
v 5.500 14.500 -28.500
v 5.500 10.500 -28.500
v 5.500 10.500 -27.500
v 5.500 11.500 -28.500
v 5.500 11.500 -26.500
v 5.500 13.000 -27.500
v 5.500 13.000 -26.500
v 5.500 13.000 -27.000
v 5.500 13.500 -27.000
v 5.500 13.500 -26.500
v 5.500 11.000 -27.500
v 5.500 11.000 -26.500
v 5.500 11.000 -27.000
v 5.500 10.500 -27.000
v 5.500 14.000 -26.500
v 5.500 14.000 -25.500
v 5.500 12.000 -25.500
v 5.500 12.000 -26.500
v 5.500 12.000 -26.000
v 5.500 11.500 -26.000
v 5.500 14.000 -26.000
v 5.500 14.500 -26.000
v 5.500 14.500 -25.500
v 5.500 12.500 -25.500
v 5.500 12.500 -26.500
v 5.500 15.000 -25.500
v 5.500 15.000 -24.500
v 5.500 13.000 -24.500
v 5.500 13.000 -25.500
v 5.500 13.000 -25.000
v 5.500 12.500 -25.000
v 5.500 15.000 -25.000
v 5.500 15.500 -25.000
v 5.500 15.500 -24.500
v 5.500 13.500 -24.500
v 5.500 13.500 -25.500
v 5.500 16.000 -24.500
v 5.500 16.000 -23.500
v 5.500 14.000 -23.500
v 5.500 14.000 -24.500
v 5.500 14.000 -24.000
v 5.500 13.500 -24.000
v 5.500 16.000 -24.000
v 5.500 16.500 -24.000
v 5.500 16.500 -23.500
v 5.500 14.500 -23.500
v 5.500 14.500 -24.500
v 5.500 17.000 -23.500
v 5.500 17.000 -22.500
v 5.500 15.000 -22.500
v 5.500 15.000 -23.500
v 5.500 15.000 -23.000
v 5.500 14.500 -23.000
v 5.500 17.000 -23.000
v 5.500 17.500 -23.000
v 5.500 17.500 -22.500
v 5.500 15.500 -22.500
v 5.500 15.500 -23.500
v 5.500 16.500 -21.500
v 5.500 16.500 -22.500
v 5.500 17.500 -21.500
v 5.500 15.500 -21.500
v 5.500 10.500 -20.500
v 5.500 10.500 -21.500
v 5.500 11.500 -21.500
v 5.500 11.500 -20.500
v 5.500 13.500 -20.500
v 5.500 13.500 -21.500
v 5.500 14.500 -21.500
v 5.500 14.500 -20.500
v 5.500 15.500 -20.500
v 5.500 17.500 -20.500
v 5.500 18.500 -20.500
v 5.500 18.500 -21.500
v 5.500 19.500 -21.500
v 5.500 19.500 -20.500
v 5.500 20.500 -16.500
v 5.500 20.500 -21.500
v 5.500 21.500 -21.500
v 5.500 21.500 -16.500
v -0.500 21.500 -20.500
v 5.500 21.500 -20.500
v -0.500 21.500 -21.500
v 10.500 21.500 -20.500
v 15.500 21.500 -20.500
v 15.500 21.500 -21.500
v 10.500 21.500 -21.500
v -0.500 21.500 -19.500
v 4.500 21.500 -19.500
v 4.500 21.500 -20.500
v 10.500 21.500 -16.500
v 11.500 21.500 -20.500
v 11.500 21.500 -19.500
v 15.500 21.500 -19.500
v 0.500 21.500 -19.500
v 3.500 21.500 -19.500
v 12.500 21.500 -19.500
v 1.500 11.000 -20.500
v 1.500 10.500 -20.500
v 1.500 10.500 -21.000
v 1.500 21.500 -19.500
v 1.500 21.500 -20.500
v 1.500 22.000 -20.500
v 1.500 22.000 -19.500
v 9.500 12.000 -27.500
v 9.500 12.000 -26.500
v 9.500 11.000 -26.500
v 9.500 11.000 -27.500
v 9.500 11.000 -27.000
v 9.500 10.500 -27.000
v 9.500 10.500 -27.500
v 9.500 12.000 -27.000
v 9.500 12.500 -27.000
v 9.500 12.500 -26.500
v 9.500 13.000 -26.500
v 9.500 13.000 -25.500
v 9.500 12.000 -25.500
v 9.500 12.000 -26.000
v 9.500 11.500 -26.000
v 9.500 11.500 -26.500
v 9.500 13.000 -26.000
v 9.500 13.500 -26.000
v 9.500 13.500 -25.500
v 9.500 14.000 -25.500
v 9.500 14.000 -24.500
v 9.500 13.000 -24.500
v 9.500 13.000 -25.000
v 9.500 12.500 -25.000
v 9.500 12.500 -25.500
v 9.500 14.000 -25.000
v 9.500 14.500 -25.000
v 9.500 14.500 -24.500
v 9.500 15.000 -24.500
v 9.500 15.000 -23.500
v 9.500 14.000 -23.500
v 9.500 14.000 -24.000
v 9.500 13.500 -24.000
v 9.500 13.500 -24.500
v 9.500 15.000 -24.000
v 9.500 15.500 -24.000
v 9.500 15.500 -23.500
v 9.500 16.000 -23.500
v 9.500 16.000 -22.500
v 9.500 15.000 -22.500
v 9.500 15.000 -23.000
v 9.500 14.500 -23.000
v 9.500 14.500 -23.500
v 9.500 16.000 -23.000
v 9.500 16.500 -23.000
v 9.500 16.500 -22.500
v 9.500 15.500 -20.500
v 9.500 15.500 -21.500
v 9.500 16.500 -21.500
v 9.500 16.500 -20.500
v 9.500 11.500 -20.500
v 9.500 11.500 -21.500
v 9.500 11.000 -21.500
v 9.500 11.000 -20.500
v 9.500 15.500 -19.500
v 9.500 15.500 -16.500
v 9.500 16.500 -16.500
v 9.500 16.500 -19.500
v 4.875 11.500 -32.125
v 4.875 11.500 -31.875
v 4.875 12.500 -31.875
v 4.875 12.500 -32.125
v 4.875 11.500 -31.125
v 4.875 11.500 -30.875
v 4.875 12.500 -30.875
v 4.875 12.500 -31.125
v 4.875 11.500 -30.125
v 4.875 11.500 -29.875
v 4.875 12.500 -29.875
v 4.875 12.500 -30.125
v 4.875 -0.500 -29.125
v 4.875 -0.500 -28.875
v 4.875 10.500 -28.875
v 4.875 10.500 -29.125
v 4.875 12.500 -29.125
v 4.875 12.500 -28.875
v 4.875 13.500 -28.875
v 4.875 13.500 -29.125
v 4.875 -0.500 -21.125
v 4.875 -0.500 -20.875
v 4.875 10.500 -20.875
v 4.875 10.500 -21.125
v 4.875 12.500 -21.125
v 4.875 12.500 -20.875
v 4.875 13.500 -20.875
v 4.875 13.500 -21.125
v 4.875 14.500 -21.125
v 4.875 14.500 -20.875
v 4.875 15.500 -20.875
v 4.875 15.500 -21.125
v 4.875 17.500 -21.125
v 4.875 17.500 -20.875
v 4.875 18.500 -20.875
v 4.875 18.500 -21.125
v 4.875 19.500 -21.125
v 4.875 19.500 -20.875
v 4.875 20.500 -20.875
v 4.875 20.500 -21.125
v 2.125 11.500 -20.875
v 2.125 11.500 -21.125
v 2.125 12.500 -21.125
v 2.125 12.500 -20.875
v 2.125 16.500 -20.875
v 2.125 16.500 -21.125
v 2.125 17.500 -21.125
v 2.125 17.500 -20.875
v 4.500 14.500 -28.500
v 4.500 14.500 -29.500
v 10.500 14.500 -28.500
v 11.500 14.500 -28.500
v 11.500 14.500 -29.500
v 10.500 14.500 -29.500
v 4.500 14.500 -26.000
v 4.500 14.500 -24.500
v 10.500 14.500 -26.000
v 10.500 14.500 -24.500
v 11.500 14.500 -24.500
v 11.500 14.500 -26.000
v 5.500 14.500 -25.000
v 10.500 14.500 -23.500
v 10.500 14.500 -25.000
v 4.500 14.500 -23.500
v 10.500 14.500 -23.000
v 11.500 14.500 -23.500
v 4.500 14.500 -23.000
v 11.500 14.500 -23.000
v 4.500 14.500 -20.500
v 4.500 14.500 -21.500
v 10.500 14.500 -20.500
v 11.500 14.500 -20.500
v 11.500 14.500 -21.500
v 10.500 14.500 -21.500
v 11.500 18.500 -28.500
v 10.500 18.500 -28.500
v 10.500 18.500 -29.500
v 11.500 18.500 -29.500
v 4.500 18.500 -20.500
v 4.500 18.500 -21.500
v 11.500 18.500 -20.500
v 10.500 18.500 -20.500
v 10.500 18.500 -21.500
v 11.500 18.500 -21.500
v 4.500 11.500 -27.500
v 4.500 11.000 -27.500
v 7.500 10.500 -27.500
v 7.500 11.500 -27.500
v 8.500 10.500 -27.500
v 8.500 11.500 -27.500
v 10.500 10.500 -27.500
v 10.500 11.500 -27.500
v 11.500 11.500 -27.500
v 10.500 11.000 -27.500
v 11.500 11.000 -27.500
v 12.500 10.500 -27.500
v 13.500 10.500 -27.500
v 13.500 11.500 -27.500
v 12.500 11.500 -27.500
v 12.500 15.500 -27.500
v 13.500 15.500 -27.500
v 13.500 16.500 -27.500
v 12.500 16.500 -27.500
v 14.500 10.500 -27.500
v 14.500 11.500 -27.500
v 14.500 15.500 -27.500
v 14.500 16.500 -27.500
v 15.500 10.500 -27.500
v 15.500 11.500 -27.500
v 15.500 15.500 -27.500
v 15.500 16.500 -27.500
v 4.500 12.500 -27.500
v 4.500 13.000 -27.500
v 5.500 12.000 -27.500
v 10.500 12.000 -27.500
v 11.500 12.500 -27.500
v 10.500 12.500 -27.500
v 10.500 13.000 -27.500
v 11.500 13.000 -27.500
v 4.500 15.500 -23.500
v 4.500 14.000 -23.500
v 10.500 15.500 -23.500
v 10.500 14.000 -23.500
v 11.500 15.500 -23.500
v 11.500 14.000 -23.500
v 4.500 17.000 -23.500
v 10.500 16.000 -23.500
v 10.500 17.000 -23.500
v 11.500 17.000 -23.500
v 4.500 13.000 -27.000
v 4.500 13.500 -27.000
v 10.500 11.000 -27.000
v 10.500 10.500 -27.000
v 10.500 12.000 -27.000
v 5.500 12.000 -27.000
v 5.500 12.500 -27.000
v 10.500 12.500 -27.000
v 11.500 13.000 -27.000
v 10.500 13.000 -27.000
v 10.500 13.500 -27.000
v 11.500 13.500 -27.000
v 7.500 10.500 -32.500
v 9.500 10.500 -31.500
v 8.500 10.500 -32.500
v 9.500 10.500 -32.500
v 10.500 10.500 -32.500
v 11.000 10.500 -29.500
v 10.500 10.500 -29.500
v 11.000 10.500 -32.500
v 11.500 10.500 -31.500
v 11.500 10.500 -32.500
v 13.500 10.500 -32.500
v 14.500 10.500 -32.500
v 15.500 10.500 -29.500
v 14.500 10.500 -29.500
v 15.500 10.500 -32.500
v 7.500 10.500 -30.500
v 5.500 10.500 -30.500
v 8.500 10.500 -30.500
v 10.500 10.500 -30.500
v 13.500 10.500 -30.500
v 11.500 10.500 -30.500
v 14.500 10.500 -30.500
v 6.500 10.500 -29.500
v 6.500 10.500 -30.500
v 8.500 10.500 -29.500
v 9.500 10.500 -29.500
v 9.500 10.500 -30.500
v 12.500 10.500 -29.500
v 11.500 10.500 -29.500
v 12.500 10.500 -30.500
v 15.500 10.500 -28.500
v 4.500 10.500 -28.500
v 4.500 10.500 -29.500
v 4.500 10.500 -28.000
v 5.500 10.500 -28.000
v 7.500 10.500 -28.500
v 8.500 10.500 -28.500
v 10.500 10.500 -28.500
v 10.500 10.500 -28.000
v 11.500 10.500 -28.500
v 11.500 10.500 -28.000
v 11.500 10.500 -27.500
v 12.500 10.500 -28.500
v 13.500 10.500 -28.500
v 14.500 10.500 -28.500
v 12.500 10.500 -23.500
v 11.500 10.500 -23.500
v 12.500 10.500 -22.500
v 11.500 10.500 -22.500
v 13.500 10.500 -21.500
v 11.500 10.500 -21.500
v 13.500 10.500 -22.500
v 14.500 10.500 -21.500
v 14.500 10.500 -22.500
v 15.500 10.500 -21.500
v 15.500 10.500 -22.500
v 4.500 10.500 -21.000
v 4.500 10.500 -20.500
v -0.500 10.500 -20.500
v -0.500 10.500 -21.000
v 5.500 10.500 -16.500
v 4.500 10.500 -16.500
v 4.500 10.500 -21.500
v 6.000 10.500 -20.500
v 6.000 10.500 -21.500
v 10.000 10.500 -21.500
v 10.500 10.500 -21.500
v 10.500 10.500 -20.500
v 10.000 10.500 -20.500
v 15.500 10.500 -20.500
v 1.500 10.500 -19.500
v -0.500 10.500 -19.500
v -0.500 10.500 -20.500
v 2.500 10.500 -19.500
v 2.500 10.500 -20.500
v 4.500 10.500 -19.500
v 6.500 10.500 -18.500
v 5.500 10.500 -18.500
v 6.500 10.500 -20.500
v 10.500 10.500 -18.500
v 11.500 10.500 -16.500
v 10.500 10.500 -16.500
v 11.500 10.500 -20.500
v 12.500 10.500 -19.500
v 11.500 10.500 -19.500
v 12.500 10.500 -20.500
v 13.500 10.500 -19.500
v 13.500 10.500 -20.500
v 15.500 10.500 -19.500
v 3.500 10.500 -18.500
v -0.500 10.500 -18.500
v 3.500 10.500 -19.500
v 4.500 10.500 -18.500
v 13.500 10.500 -18.500
v 11.500 10.500 -18.500
v 14.500 10.500 -17.500
v 13.500 10.500 -17.500
v 14.500 10.500 -19.500
v 15.500 10.500 -16.500
v 14.500 10.500 -16.500
v 4.500 10.500 -17.500
v -0.500 10.500 -17.500
v 6.500 10.500 -17.500
v 5.500 10.500 -17.500
v 7.500 10.500 -17.500
v 7.500 10.500 -18.500
v 8.500 10.500 -16.500
v 7.500 10.500 -16.500
v 8.500 10.500 -18.500
v 10.500 10.500 -17.500
v 8.500 10.500 -17.500
v 12.500 10.500 -17.500
v 11.500 10.500 -17.500
v 12.500 10.500 -18.500
v 0.500 10.500 -16.500
v -0.500 10.500 -16.500
v 0.500 10.500 -17.500
v 9.500 10.500 -16.500
v 9.500 10.500 -17.500
v 13.500 11.500 -32.500
v 13.500 15.500 -32.500
v 13.500 16.500 -32.500
v 13.500 9.500 -32.500
v 13.500 21.500 -19.500
v 13.500 21.500 -20.500
v 13.500 22.000 -20.500
v 13.500 22.000 -19.500
v 4.500 14.000 -26.500
v 4.500 14.000 -25.500
v 10.500 14.000 -26.500
v 10.500 14.000 -25.500
v 11.500 14.000 -25.500
v 11.500 14.000 -26.500
v 10.500 14.000 -24.500
v 4.500 14.000 -24.500
v 11.500 14.000 -24.500
v 5.125 11.500 -31.125
v 5.125 12.500 -31.125
v 11.125 16.500 -31.125
v 11.125 17.500 -31.125
v 4.500 15.000 -23.000
v 4.500 17.000 -23.000
v 4.500 17.500 -23.000
v 10.500 15.000 -23.000
v 10.500 16.000 -23.000
v 5.500 16.000 -23.000
v 5.500 16.500 -23.000
v 10.500 16.500 -23.000
v 11.500 15.000 -23.000
v 11.500 17.000 -23.000
v 10.500 17.000 -23.000
v 10.500 17.500 -23.000
v 11.500 17.500 -23.000
v 5.125 -0.500 -28.875
v 5.125 10.500 -28.875
v 5.125 12.500 -28.875
v 5.125 13.500 -28.875
v 11.125 -0.500 -28.875
v 11.125 10.500 -28.875
v 11.125 12.500 -28.875
v 11.125 13.500 -28.875
v 11.125 14.500 -28.875
v 11.125 15.500 -28.875
v 11.125 17.500 -28.875
v 11.125 18.500 -28.875
v 4.875 4.500 -28.875
v 5.125 4.500 -28.875
v 5.125 4.500 -29.125
v 4.875 4.500 -29.125
v 10.875 4.500 -28.875
v 11.125 4.500 -28.875
v 11.125 4.500 -29.125
v 10.875 4.500 -29.125
v 4.875 4.500 -20.875
v 5.125 4.500 -20.875
v 5.125 4.500 -21.125
v 4.875 4.500 -21.125
v 10.875 4.500 -20.875
v 11.125 4.500 -20.875
v 11.125 4.500 -21.125
v 10.875 4.500 -21.125
v 4.875 0.500 -28.875
v 5.125 0.500 -28.875
v 5.125 0.500 -29.125
v 4.875 0.500 -29.125
v 10.875 0.500 -28.875
v 11.125 0.500 -28.875
v 11.125 0.500 -29.125
v 10.875 0.500 -29.125
v 4.875 0.500 -20.875
v 5.125 0.500 -20.875
v 5.125 0.500 -21.125
v 4.875 0.500 -21.125
v 10.875 0.500 -20.875
v 11.125 0.500 -20.875
v 11.125 0.500 -21.125
v 10.875 0.500 -21.125
v 5.125 11.500 -32.125
v 5.125 12.500 -32.125
v 11.125 16.500 -32.125
v 11.125 17.500 -32.125
v 0.500 22.000 -19.500
v -0.500 22.000 -19.500
v 4.500 22.000 -19.500
v 3.500 22.000 -19.500
v 6.500 15.500 -19.500
v 6.500 16.500 -19.500
v 12.500 22.000 -19.500
v 11.500 22.000 -19.500
v 0.500 22.500 -19.500
v 3.500 22.500 -19.500
v 12.500 22.500 -19.500
v 15.500 22.500 -19.500
v 4.875 8.500 -28.875
v 5.125 8.500 -28.875
v 5.125 8.500 -29.125
v 4.875 8.500 -29.125
v 10.875 8.500 -28.875
v 11.125 8.500 -28.875
v 11.125 8.500 -29.125
v 10.875 8.500 -29.125
v 4.875 8.500 -20.875
v 5.125 8.500 -20.875
v 5.125 8.500 -21.125
v 4.875 8.500 -21.125
v 10.875 8.500 -20.875
v 11.125 8.500 -20.875
v 11.125 8.500 -21.125
v 10.875 8.500 -21.125
v 5.125 11.500 -31.875
v 5.125 12.500 -31.875
v 11.125 16.500 -31.875
v 11.125 17.500 -31.875
v 6.500 12.000 -27.500
v 6.500 12.000 -26.500
v 6.500 11.000 -26.500
v 6.500 11.000 -27.500
v 6.500 11.000 -27.000
v 6.500 10.500 -27.000
v 6.500 10.500 -27.500
v 6.500 12.000 -27.000
v 6.500 12.500 -27.000
v 6.500 12.500 -26.500
v 6.500 13.000 -26.500
v 6.500 13.000 -25.500
v 6.500 12.000 -25.500
v 6.500 12.000 -26.000
v 6.500 11.500 -26.000
v 6.500 11.500 -26.500
v 6.500 13.000 -26.000
v 6.500 13.500 -26.000
v 6.500 13.500 -25.500
v 6.500 14.000 -25.500
v 6.500 14.000 -24.500
v 6.500 13.000 -24.500
v 6.500 13.000 -25.000
v 6.500 12.500 -25.000
v 6.500 12.500 -25.500
v 6.500 14.000 -25.000
v 6.500 14.500 -25.000
v 6.500 14.500 -24.500
v 6.500 15.000 -24.500
v 6.500 15.000 -23.500
v 6.500 14.000 -23.500
v 6.500 14.000 -24.000
v 6.500 13.500 -24.000
v 6.500 13.500 -24.500
v 6.500 15.000 -24.000
v 6.500 15.500 -24.000
v 6.500 15.500 -23.500
v 6.500 16.000 -23.500
v 6.500 16.000 -22.500
v 6.500 15.000 -22.500
v 6.500 15.000 -23.000
v 6.500 14.500 -23.000
v 6.500 14.500 -23.500
v 6.500 16.000 -23.000
v 6.500 16.500 -23.000
v 6.500 16.500 -22.500
v 6.500 11.500 -21.500
v 6.500 11.500 -20.500
v 6.500 11.000 -20.500
v 6.500 11.000 -21.500
v 6.500 15.500 -21.500
v 6.500 15.500 -20.500
v 6.500 16.500 -20.500
v 6.500 16.500 -21.500
v 6.500 15.500 -16.500
v 6.500 16.500 -16.500
v 5.500 20.500 -20.500
v -0.500 20.500 -20.500
v -0.500 20.500 -21.500
v 15.500 20.500 -20.500
v 10.500 20.500 -20.500
v 10.500 20.500 -21.500
v 15.500 20.500 -21.500
v 4.500 20.500 -16.500
v -0.500 20.500 -16.500
v 4.500 20.500 -20.500
v 11.500 20.500 -16.500
v 10.500 20.500 -16.500
v 11.500 20.500 -20.500
v 15.500 20.500 -16.500
v 5.500 11.500 -30.500
v 4.500 11.500 -30.500
v 4.500 11.000 -30.500
v 5.500 11.000 -30.500
v 5.000 11.000 -30.500
v 5.000 10.500 -30.500
v 11.500 11.500 -30.500
v 10.500 11.500 -30.500
v 10.500 11.000 -30.500
v 11.500 11.000 -30.500
v 11.000 11.000 -30.500
v 11.000 10.500 -30.500
v 11.500 16.500 -30.500
v 10.500 16.500 -30.500
v 10.500 16.000 -30.500
v 11.500 16.000 -30.500
v 11.000 16.000 -30.500
v 11.000 15.500 -30.500
v 11.500 15.500 -30.500
v 2.500 11.500 -21.500
v 2.500 11.500 -20.500
v 2.500 11.000 -20.500
v 2.500 11.000 -21.500
v 2.500 11.000 -21.000
v 2.500 10.500 -21.000
v 2.500 21.500 -19.500
v 2.500 21.500 -20.500
v 2.500 22.000 -20.500
v 2.500 22.000 -19.500
v 6.000 11.000 -21.500
v 6.000 11.000 -20.500
v 6.000 16.000 -21.500
v 6.000 16.000 -20.500
v 6.000 15.500 -20.500
v 6.000 15.500 -21.500
v 4.500 13.500 -28.500
v 4.500 13.500 -29.500
v 11.500 13.500 -28.500
v 10.500 13.500 -28.500
v 10.500 13.500 -29.500
v 11.500 13.500 -29.500
v 4.500 13.500 -25.500
v 10.500 13.500 -25.500
v 11.500 13.500 -25.500
v 5.500 13.500 -26.000
v 10.500 13.500 -24.500
v 10.500 13.500 -26.000
v 4.500 13.500 -24.500
v 10.500 13.500 -24.000
v 11.500 13.500 -24.500
v 4.500 13.500 -24.000
v 11.500 13.500 -24.000
v 4.500 13.500 -20.500
v 4.500 13.500 -21.500
v 11.500 13.500 -20.500
v 10.500 13.500 -20.500
v 10.500 13.500 -21.500
v 11.500 13.500 -21.500
v 0.125 11.500 -21.125
v -0.125 11.500 -21.125
v -0.125 12.500 -21.125
v 0.125 12.500 -21.125
v 0.125 16.500 -21.125
v -0.125 16.500 -21.125
v -0.125 17.500 -21.125
v 0.125 17.500 -21.125
v 1.125 11.500 -21.125
v 0.875 11.500 -21.125
v 0.875 12.500 -21.125
v 1.125 12.500 -21.125
v 1.125 16.500 -21.125
v 0.875 16.500 -21.125
v 0.875 17.500 -21.125
v 1.125 17.500 -21.125
v 1.875 11.500 -21.125
v 1.875 12.500 -21.125
v 1.875 16.500 -21.125
v 1.875 17.500 -21.125
v 3.125 11.500 -21.125
v 3.125 12.500 -21.125
v 3.125 16.500 -21.125
v 3.125 17.500 -21.125
v 3.875 11.500 -21.125
v 3.875 12.500 -21.125
v 3.875 16.500 -21.125
v 3.875 17.500 -21.125
v 5.125 -0.500 -21.125
v 5.125 10.500 -21.125
v 5.125 12.500 -21.125
v 5.125 13.500 -21.125
v 5.125 14.500 -21.125
v 5.125 15.500 -21.125
v 5.125 17.500 -21.125
v 5.125 18.500 -21.125
v 5.125 19.500 -21.125
v 5.125 20.500 -21.125
v 11.125 -0.500 -21.125
v 11.125 10.500 -21.125
v 11.125 12.500 -21.125
v 11.125 13.500 -21.125
v 11.125 14.500 -21.125
v 11.125 15.500 -21.125
v 11.125 17.500 -21.125
v 11.125 18.500 -21.125
v 11.125 19.500 -21.125
v 11.125 20.500 -21.125
v 11.125 17.500 -30.875
v 11.125 17.500 -29.875
v 11.125 17.500 -30.125
v 10.500 17.500 -28.500
v 11.500 17.500 -28.500
v 11.500 17.500 -29.500
v 10.500 17.500 -29.500
v 4.500 17.500 -20.500
v 10.500 17.500 -20.500
v 11.500 17.500 -20.500
v -0.125 17.500 -20.875
v 0.125 17.500 -20.875
v 0.875 17.500 -20.875
v 1.125 17.500 -20.875
v 1.875 17.500 -20.875
v 3.125 17.500 -20.875
v 3.875 17.500 -20.875
v 4.500 11.500 -26.500
v 4.500 12.500 -26.500
v 10.500 12.500 -26.500
v 10.500 11.000 -26.500
v 10.500 11.500 -26.500
v 11.500 11.500 -26.500
v 11.500 12.500 -26.500
v 10.500 13.000 -26.500
v 4.500 12.000 -26.000
v 4.500 11.500 -26.000
v 4.500 14.000 -26.000
v 10.500 12.000 -26.000
v 10.500 11.500 -26.000
v 10.500 13.000 -26.000
v 5.500 13.000 -26.000
v 11.500 12.000 -26.000
v 11.500 11.500 -26.000
v 11.500 14.000 -26.000
v 10.500 14.000 -26.000
v -0.500 11.500 -19.500
v -0.500 11.500 -20.500
v -0.500 22.000 -20.500
v -0.500 11.500 -18.500
v -0.500 11.500 -16.500
v 4.500 13.000 -26.500
v 11.500 13.000 -26.500
v 10.500 13.000 -25.500
v 4.500 13.000 -24.500
v 4.500 13.000 -25.500
v 10.500 13.000 -24.500
v 11.500 13.000 -25.500
v 11.500 13.000 -24.500
v 4.500 16.500 -22.500
v 4.500 15.000 -22.500
v 10.500 15.500 -22.500
v 10.500 15.000 -22.500
v 11.500 16.500 -22.500
v 10.500 16.500 -22.500
v 11.500 15.000 -22.500
v 4.500 17.500 -22.500
v 6.500 15.500 -22.500
v 8.500 15.500 -22.500
v 8.500 16.500 -22.500
v 9.500 15.500 -22.500
v 10.500 17.500 -22.500
v 11.500 17.500 -22.500
v 12.500 11.500 -22.500
v 13.500 11.500 -22.500
v 13.500 15.500 -22.500
v 12.500 15.500 -22.500
v 12.500 16.500 -22.500
v 13.500 16.500 -22.500
v 14.500 11.500 -22.500
v 14.500 15.500 -22.500
v 14.500 16.500 -22.500
v 15.500 11.500 -22.500
v 15.500 15.500 -22.500
v 15.500 16.500 -22.500
v 12.500 11.500 -23.500
v 12.500 15.500 -23.500
v 12.500 16.500 -23.500
v 12.500 21.500 -20.500
v 12.500 22.000 -20.500
v 5.500 16.000 -22.000
v 4.500 16.000 -22.000
v 4.500 15.500 -22.000
v 5.500 15.500 -22.000
v 11.500 16.000 -22.000
v 10.500 16.000 -22.000
v 10.500 15.500 -22.000
v 11.500 15.500 -22.000
v 4.500 17.000 -22.500
v 10.500 17.000 -22.500
v 11.500 17.000 -22.500
v 4.875 5.500 -28.875
v 5.125 5.500 -28.875
v 5.125 5.500 -29.125
v 4.875 5.500 -29.125
v 10.875 5.500 -28.875
v 11.125 5.500 -28.875
v 11.125 5.500 -29.125
v 10.875 5.500 -29.125
v 4.875 5.500 -20.875
v 5.125 5.500 -20.875
v 5.125 5.500 -21.125
v 4.875 5.500 -21.125
v 10.875 5.500 -20.875
v 11.125 5.500 -20.875
v 11.125 5.500 -21.125
v 10.875 5.500 -21.125
v -0.125 11.500 -20.875
v -0.125 12.500 -20.875
v -0.125 16.500 -20.875
v 4.875 1.500 -28.875
v 5.125 1.500 -28.875
v 5.125 1.500 -29.125
v 4.875 1.500 -29.125
v 10.875 1.500 -28.875
v 11.125 1.500 -28.875
v 11.125 1.500 -29.125
v 10.875 1.500 -29.125
v 4.875 1.500 -20.875
v 5.125 1.500 -20.875
v 5.125 1.500 -21.125
v 4.875 1.500 -21.125
v 10.875 1.500 -20.875
v 11.125 1.500 -20.875
v 11.125 1.500 -21.125
v 10.875 1.500 -21.125
v -0.500 21.500 -18.500
v 0.500 21.500 -18.500
v 0.500 22.000 -18.500
v -0.500 22.000 -18.500
v 3.500 21.500 -18.500
v 4.500 21.500 -18.500
v 4.500 22.000 -18.500
v 3.500 22.000 -18.500
v 11.500 21.500 -18.500
v 12.500 21.500 -18.500
v 12.500 22.000 -18.500
v 11.500 22.000 -18.500
v 5.125 11.500 -30.875
v 5.125 12.500 -30.875
v 5.125 11.500 -29.875
v 5.125 11.500 -30.125
v 5.125 12.500 -30.125
v 5.125 12.500 -29.875
v 5.125 -0.500 -29.125
v 5.125 10.500 -29.125
v 5.125 12.500 -29.125
v 5.125 13.500 -29.125
v 5.125 -0.500 -20.875
v 5.125 10.500 -20.875
v 5.125 12.500 -20.875
v 5.125 13.500 -20.875
v 5.125 14.500 -20.875
v 5.125 15.500 -20.875
v 5.125 17.500 -20.875
v 5.125 18.500 -20.875
v 5.125 19.500 -20.875
v 5.125 20.500 -20.875
v 14.500 9.500 -32.500
v 4.875 9.500 -28.875
v 5.125 9.500 -28.875
v 5.125 9.500 -29.125
v 4.875 9.500 -29.125
v 10.875 9.500 -28.875
v 11.125 9.500 -28.875
v 11.125 9.500 -29.125
v 10.875 9.500 -29.125
v 4.875 9.500 -20.875
v 5.125 9.500 -20.875
v 5.125 9.500 -21.125
v 4.875 9.500 -21.125
v 10.875 9.500 -20.875
v 11.125 9.500 -20.875
v 11.125 9.500 -21.125
v 10.875 9.500 -21.125
v 11.125 -0.500 -29.125
v 11.125 10.500 -29.125
v 11.125 12.500 -29.125
v 11.125 13.500 -29.125
v 11.125 14.500 -29.125
v 11.125 15.500 -29.125
v 11.125 17.500 -29.125
v 11.125 18.500 -29.125
v 7.500 11.500 -32.500
v 7.500 12.000 -27.500
v 7.500 12.000 -26.500
v 7.500 11.000 -26.500
v 7.500 11.000 -27.500
v 7.500 11.000 -27.000
v 7.500 10.500 -27.000
v 7.500 12.000 -27.000
v 7.500 12.500 -27.000
v 7.500 12.500 -26.500
v 7.500 13.000 -26.500
v 7.500 13.000 -25.500
v 7.500 12.000 -25.500
v 7.500 12.000 -26.000
v 7.500 11.500 -26.000
v 7.500 11.500 -26.500
v 7.500 13.000 -26.000
v 7.500 13.500 -26.000
v 7.500 13.500 -25.500
v 7.500 14.000 -25.500
v 7.500 14.000 -24.500
v 7.500 13.000 -24.500
v 7.500 13.000 -25.000
v 7.500 12.500 -25.000
v 7.500 12.500 -25.500
v 7.500 14.000 -25.000
v 7.500 14.500 -25.000
v 7.500 14.500 -24.500
v 7.500 15.000 -24.500
v 7.500 15.000 -23.500
v 7.500 14.000 -23.500
v 7.500 14.000 -24.000
v 7.500 13.500 -24.000
v 7.500 13.500 -24.500
v 7.500 15.000 -24.000
v 7.500 15.500 -24.000
v 7.500 15.500 -23.500
v 7.500 16.000 -23.500
v 7.500 16.000 -22.500
v 7.500 15.000 -22.500
v 7.500 15.000 -23.000
v 7.500 14.500 -23.000
v 7.500 14.500 -23.500
v 7.500 16.000 -23.000
v 7.500 16.500 -23.000
v 7.500 16.500 -22.500
v 3.125 11.500 -20.875
v 3.125 12.500 -20.875
v 3.125 16.500 -20.875
v 3.500 11.500 -21.500
v 3.500 11.500 -20.500
v 3.500 11.000 -20.500
v 3.500 11.000 -21.500
v 3.500 11.000 -21.000
v 3.500 10.500 -20.500
v 3.500 10.500 -21.000
v 3.500 21.500 -20.500
v 3.500 22.000 -20.500
v 1.875 11.500 -20.875
v 1.875 12.500 -20.875
v 1.875 16.500 -20.875
v 11.125 16.500 -30.125
v 11.125 -0.500 -20.875
v 4.500 12.500 -29.500
v 10.500 12.500 -29.500
v 11.500 12.500 -29.500
v 11.500 15.500 -29.500
v 10.500 15.500 -29.500
v 10.500 19.500 -29.500
v 11.500 19.500 -29.500
v 1.125 11.500 -20.875
v 1.125 12.500 -20.875
v 1.125 16.500 -20.875
v 11.500 16.500 -32.500
v 10.500 16.500 -32.500
v 10.500 16.500 -29.500
v 11.500 16.500 -29.500
v 14.500 16.500 -29.500
v 15.500 16.500 -29.500
v 15.500 16.500 -32.500
v 14.500 16.500 -32.500
v 11.125 16.500 -30.875
v 13.500 16.500 -30.500
v 14.500 16.500 -30.500
v 11.125 16.500 -29.875
v 12.500 16.500 -29.500
v 12.500 16.500 -30.500
v 11.500 16.500 -28.500
v 15.500 16.500 -28.500
v 11.500 16.500 -27.500
v 12.500 16.500 -28.500
v 13.500 16.500 -28.500
v 14.500 16.500 -28.500
v 11.500 16.500 -23.500
v 4.500 16.500 -24.000
v 10.500 16.500 -24.000
v 11.500 16.500 -24.000
v 4.500 16.500 -21.500
v 8.500 16.500 -21.500
v 10.500 16.500 -21.500
v 11.500 16.500 -21.500
v 13.500 16.500 -21.500
v 14.500 16.500 -21.500
v 15.500 16.500 -21.500
v -0.500 16.500 -20.500
v 4.500 16.500 -20.500
v -0.500 16.500 -21.500
v 5.500 16.500 -20.500
v 10.500 16.500 -20.500
v 11.500 16.500 -20.500
v 15.500 16.500 -20.500
v -0.500 16.500 -19.500
v 0.500 16.500 -19.500
v 0.500 16.500 -20.500
v 1.500 16.500 -19.500
v 1.500 16.500 -20.500
v 3.500 16.500 -19.500
v 3.500 16.500 -20.500
v 4.500 16.500 -19.500
v 4.500 16.500 -16.500
v 5.500 16.500 -16.500
v 5.500 16.500 -19.500
v 10.500 16.500 -19.500
v 10.500 16.500 -16.500
v 11.500 16.500 -16.500
v 11.500 16.500 -19.500
v 13.500 16.500 -19.500
v 13.500 16.500 -20.500
v 14.500 16.500 -19.500
v 14.500 16.500 -20.500
v 14.500 16.500 -18.500
v 15.500 16.500 -18.500
v -0.500 16.500 -18.500
v 1.500 16.500 -18.500
v 4.500 16.500 -18.500
v 11.500 16.500 -18.500
v -0.500 16.500 -17.500
v 0.500 16.500 -17.500
v 0.500 16.500 -18.500
v 1.500 16.500 -17.500
v 2.500 16.500 -17.500
v 2.500 16.500 -18.500
v 4.500 16.500 -17.500
v 11.500 16.500 -17.500
v 12.500 16.500 -17.500
v 12.500 16.500 -18.500
v 13.500 16.500 -17.500
v 13.500 16.500 -18.500
v 15.500 16.500 -17.500
v -0.500 16.500 -16.500
v 2.500 16.500 -16.500
v 3.500 16.500 -16.500
v 3.500 16.500 -17.500
v 15.500 16.500 -16.500
v 11.500 11.500 -32.500
v 11.500 15.500 -32.500
v 11.500 11.500 -29.500
v 11.500 19.500 -28.500
v 11.500 11.500 -28.500
v 11.500 15.500 -28.500
v 11.500 15.500 -27.500
v 11.500 13.500 -26.500
v 11.500 11.500 -23.500
v 11.500 12.000 -25.500
v 11.500 12.000 -26.500
v 11.500 14.500 -25.500
v 11.500 15.000 -25.500
v 11.500 15.000 -24.500
v 11.500 13.000 -25.000
v 11.500 12.500 -25.000
v 11.500 12.500 -25.500
v 11.500 15.000 -25.000
v 11.500 15.500 -25.000
v 11.500 15.500 -24.500
v 11.500 14.000 -24.000
v 11.500 15.500 -22.500
v 11.500 15.000 -23.500
v 11.500 11.500 -22.500
v 11.500 11.500 -21.500
v 11.500 15.500 -21.500
v 11.500 11.500 -20.500
v 11.500 12.500 -21.500
v 11.500 12.500 -20.500
v 11.500 19.500 -21.500
v 11.500 19.500 -20.500
v 11.500 22.000 -20.500
v 4.500 12.000 -25.500
v 10.500 12.000 -25.500
v 4.500 15.000 -25.500
v 10.500 12.500 -25.500
v 10.500 15.000 -25.500
v 11.000 11.000 -32.500
v 11.000 11.000 -29.500
v 11.000 16.000 -29.500
v 11.000 16.000 -32.500
v 11.000 15.500 -32.500
v 11.000 15.500 -29.500
v 10.500 15.500 -21.500
v -0.500 11.500 -21.500
v 4.500 11.500 -21.500
v 4.500 11.000 -21.500
v -0.500 11.000 -21.500
v -0.500 15.500 -21.500
v 4.500 12.500 -21.500
v 4.500 19.500 -21.500
v 5.500 11.000 -21.500
v 10.500 11.500 -21.500
v 10.500 11.000 -21.500
v 10.000 11.000 -21.500
v 10.500 19.500 -21.500
v 3.875 11.500 -20.875
v 3.875 12.500 -20.875
v 3.875 16.500 -20.875
v 4.500 13.000 -25.000
v 4.500 12.500 -25.000
v 4.500 15.000 -25.000
v 4.500 15.500 -25.000
v 10.500 13.000 -25.000
v 10.500 12.500 -25.000
v 10.500 14.000 -25.000
v 5.500 14.000 -25.000
v 10.500 15.000 -25.000
v 10.500 15.500 -25.000
v 10.500 12.000 -26.500
v 4.500 12.000 -26.500
v 0.125 11.500 -20.875
v 0.125 12.500 -20.875
v 0.125 16.500 -20.875
v 0.875 11.500 -20.875
v 0.875 12.500 -20.875
v 0.875 16.500 -20.875
v 11.125 10.500 -20.875
v 11.125 12.500 -20.875
v 11.125 13.500 -20.875
v 11.125 14.500 -20.875
v 11.125 15.500 -20.875
v 11.125 17.500 -20.875
v 11.125 18.500 -20.875
v 11.125 19.500 -20.875
v 11.125 20.500 -20.875
v -0.500 11.000 -21.000
v 4.500 11.000 -21.000
v 4.500 12.500 -25.500
v 4.500 12.500 -20.500
v 10.500 16.000 -32.500
v 11.500 16.000 -32.500
v 11.500 16.000 -29.500
v 10.500 16.000 -29.500
v 4.500 16.000 -24.500
v 4.500 16.000 -23.500
v 10.500 16.000 -24.500
v 11.500 16.000 -23.500
v 11.500 16.000 -24.500
v 5.500 16.000 -22.500
v 10.500 16.000 -22.500
v 4.500 16.000 -21.500
v 4.500 16.000 -22.500
v 5.500 16.000 -21.500
v 10.500 16.000 -21.500
v 11.500 16.000 -22.500
v 11.500 16.000 -21.500
v 6.500 16.000 -20.500
v 5.500 16.000 -20.500
v 6.500 16.000 -21.500
v 9.500 16.000 -21.500
v 10.500 16.000 -20.500
v 9.500 16.000 -20.500
v 15.500 22.000 -20.500
v 15.500 22.000 -19.500
v 4.875 6.500 -28.875
v 5.125 6.500 -28.875
v 5.125 6.500 -29.125
v 4.875 6.500 -29.125
v 10.875 6.500 -28.875
v 11.125 6.500 -28.875
v 11.125 6.500 -29.125
v 10.875 6.500 -29.125
v 4.875 6.500 -20.875
v 5.125 6.500 -20.875
v 5.125 6.500 -21.125
v 4.875 6.500 -21.125
v 10.875 6.500 -20.875
v 11.125 6.500 -20.875
v 11.125 6.500 -21.125
v 10.875 6.500 -21.125
v 4.875 2.500 -28.875
v 5.125 2.500 -28.875
v 5.125 2.500 -29.125
v 4.875 2.500 -29.125
v 10.875 2.500 -28.875
v 11.125 2.500 -28.875
v 11.125 2.500 -29.125
v 10.875 2.500 -29.125
v 4.875 2.500 -20.875
v 5.125 2.500 -20.875
v 5.125 2.500 -21.125
v 4.875 2.500 -21.125
v 10.875 2.500 -20.875
v 11.125 2.500 -20.875
v 11.125 2.500 -21.125
v 10.875 2.500 -21.125
v 0.500 21.500 -20.500
v 0.500 22.000 -20.500
v -0.500 21.500 -17.500
v 0.500 21.500 -17.500
v 0.500 22.000 -17.500
v -0.500 22.000 -17.500
v 3.500 21.500 -17.500
v 4.500 21.500 -17.500
v 4.500 22.000 -17.500
v 3.500 22.000 -17.500
v 11.500 21.500 -17.500
v 12.500 21.500 -17.500
v 12.500 22.000 -17.500
v 11.500 22.000 -17.500
v 4.500 11.500 -32.500
v 5.500 11.000 -32.500
v 4.500 11.000 -32.500
v 10.500 11.500 -32.500
v 11.500 11.000 -32.500
v 10.500 11.000 -32.500
v 8.500 11.500 -32.500
v 8.500 12.000 -27.500
v 8.500 12.000 -26.500
v 8.500 11.000 -26.500
v 8.500 11.000 -27.500
v 8.500 11.000 -27.000
v 8.500 10.500 -27.000
v 8.500 12.000 -27.000
v 8.500 12.500 -27.000
v 8.500 12.500 -26.500
v 8.500 13.000 -26.500
v 8.500 13.000 -25.500
v 8.500 12.000 -25.500
v 8.500 12.000 -26.000
v 8.500 11.500 -26.000
v 8.500 11.500 -26.500
v 8.500 13.000 -26.000
v 8.500 13.500 -26.000
v 8.500 13.500 -25.500
v 8.500 14.000 -25.500
v 8.500 14.000 -24.500
v 8.500 13.000 -24.500
v 8.500 13.000 -25.000
v 8.500 12.500 -25.000
v 8.500 12.500 -25.500
v 8.500 14.000 -25.000
v 8.500 14.500 -25.000
v 8.500 14.500 -24.500
v 8.500 15.000 -24.500
v 8.500 15.000 -23.500
v 8.500 14.000 -23.500
v 8.500 14.000 -24.000
v 8.500 13.500 -24.000
v 8.500 13.500 -24.500
v 8.500 15.000 -24.000
v 8.500 15.500 -24.000
v 8.500 15.500 -23.500
v 8.500 16.000 -23.500
v 8.500 16.000 -22.500
v 8.500 15.000 -22.500
v 8.500 15.000 -23.000
v 8.500 14.500 -23.000
v 8.500 14.500 -23.500
v 8.500 16.000 -23.000
v 8.500 16.500 -23.000
v 4.500 22.000 -20.500
v 4.500 11.500 -29.500
v 4.500 11.000 -29.500
v 4.500 12.500 -28.500
v 4.500 11.000 -28.500
v 4.500 11.000 -28.000
v 4.500 13.500 -26.500
v 4.500 14.500 -25.500
v 4.500 15.000 -24.500
v 4.500 15.500 -24.500
v 4.500 14.000 -24.000
v 4.500 16.000 -24.000
v 4.500 16.500 -23.500
v 4.500 15.000 -23.500
v 4.500 17.500 -21.500
v 4.500 15.500 -22.500
v 4.500 19.500 -20.500
v 0.500 22.500 -18.500
v 3.500 22.500 -18.500
v 12.500 22.500 -18.500
v 15.500 22.500 -18.500
v 0.500 22.500 -17.500
v 1.500 22.500 -17.500
v 1.500 22.500 -18.500
v 2.500 22.500 -17.500
v 2.500 22.500 -18.500
v 3.500 22.500 -17.500
v 12.500 22.500 -17.500
v 13.500 22.500 -17.500
v 13.500 22.500 -18.500
v 14.500 22.500 -17.500
v 14.500 22.500 -18.500
v 15.500 22.500 -17.500
v 4.500 11.500 -28.500
v 10.500 11.500 -28.500
v 10.500 15.500 -28.500
v 10.500 19.500 -28.500
v 10.500 11.500 -29.500
v 10.500 13.500 -26.500
v 10.500 14.500 -25.500
v 10.500 15.000 -24.500
v 10.500 15.500 -24.500
v 10.500 14.000 -24.000
v 10.500 16.000 -24.000
v 10.500 16.500 -23.500
v 10.500 15.000 -23.500
v 10.500 17.500 -21.500
v 10.500 11.500 -20.500
v 10.500 15.500 -20.500
v 10.500 19.500 -20.500
v 15.500 15.500 -29.500
v 14.500 15.500 -29.500
v 14.500 15.500 -32.500
v 15.500 15.500 -32.500
v 13.500 15.500 -30.500
v 14.500 15.500 -30.500
v 12.500 15.500 -29.500
v 12.500 15.500 -30.500
v 15.500 15.500 -28.500
v 12.500 15.500 -28.500
v 13.500 15.500 -28.500
v 14.500 15.500 -28.500
v 5.500 15.500 -24.000
v 10.500 15.500 -24.000
v 8.500 15.500 -21.500
v 13.500 15.500 -21.500
v 14.500 15.500 -21.500
v 15.500 15.500 -21.500
v -0.500 15.500 -20.500
v 10.000 15.500 -21.500
v 10.000 15.500 -20.500
v 15.500 15.500 -20.500
v 0.500 15.500 -19.500
v -0.500 15.500 -19.500
v 0.500 15.500 -20.500
v 1.500 15.500 -19.500
v 1.500 15.500 -20.500
v 3.500 15.500 -19.500
v 3.500 15.500 -20.500
v 4.500 15.500 -19.500
v 4.500 15.500 -20.500
v 5.500 15.500 -16.500
v 4.500 15.500 -16.500
v 10.500 15.500 -19.500
v 5.500 15.500 -19.500
v 11.500 15.500 -16.500
v 10.500 15.500 -16.500
v 11.500 15.500 -20.500
v 13.500 15.500 -19.500
v 11.500 15.500 -19.500
v 13.500 15.500 -20.500
v 14.500 15.500 -19.500
v 14.500 15.500 -20.500
v 15.500 15.500 -18.500
v 14.500 15.500 -18.500
v 1.500 15.500 -18.500
v -0.500 15.500 -18.500
v 4.500 15.500 -18.500
v 11.500 15.500 -18.500
v 0.500 15.500 -17.500
v -0.500 15.500 -17.500
v 0.500 15.500 -18.500
v 1.500 15.500 -17.500
v 2.500 15.500 -17.500
v 2.500 15.500 -18.500
v 4.500 15.500 -17.500
v 12.500 15.500 -17.500
v 11.500 15.500 -17.500
v 12.500 15.500 -18.500
v 13.500 15.500 -17.500
v 13.500 15.500 -18.500
v 15.500 15.500 -17.500
v 2.500 15.500 -16.500
v -0.500 15.500 -16.500
v 3.500 15.500 -16.500
v 3.500 15.500 -17.500
v 15.500 15.500 -16.500
v 10.000 11.000 -20.500
v 10.000 16.000 -20.500
v 10.000 16.000 -21.500
v 5.500 11.000 -29.500
v 11.500 11.000 -29.500
v 10.500 11.000 -29.500
v 5.500 11.000 -28.500
v 10.500 11.000 -28.500
v 11.500 11.000 -28.500
v 4.500 11.000 -20.500
v -0.500 11.000 -20.500
v 5.500 11.000 -20.500
v 10.500 11.000 -20.500
v 4.500 11.500 -20.500
v 5.500 11.000 -28.000
v 11.500 11.000 -28.000
v 10.500 11.000 -28.000
v 14.500 11.500 -32.500
v 14.500 21.500 -19.500
v 14.500 21.500 -20.500
v 14.500 22.000 -20.500
v 14.500 22.000 -19.500
v 10.500 15.000 -24.000
v 5.500 15.000 -24.000
v 11.500 16.000 -24.000
v 9.500 11.500 -31.500
v 9.500 11.500 -32.500
v 14.500 11.500 -29.500
v 15.500 11.500 -29.500
v 15.500 11.500 -32.500
v 7.500 11.500 -30.500
v 8.500 11.500 -30.500
v 13.500 11.500 -30.500
v 14.500 11.500 -30.500
v 6.500 11.500 -29.500
v 6.500 11.500 -30.500
v 8.500 11.500 -29.500
v 9.500 11.500 -29.500
v 9.500 11.500 -30.500
v 12.500 11.500 -29.500
v 12.500 11.500 -30.500
v 15.500 11.500 -28.500
v 7.500 11.500 -28.500
v 8.500 11.500 -28.500
v 12.500 11.500 -28.500
v 13.500 11.500 -28.500
v 14.500 11.500 -28.500
v 13.500 11.500 -21.500
v 14.500 11.500 -21.500
v 15.500 11.500 -21.500
v 15.500 11.500 -20.500
v 1.500 11.500 -19.500
v 2.500 11.500 -19.500
v 4.500 11.500 -19.500
v 4.500 11.500 -16.500
v 5.500 11.500 -16.500
v 5.500 11.500 -18.500
v 6.500 11.500 -18.500
v 10.500 11.500 -18.500
v 10.500 11.500 -16.500
v 11.500 11.500 -16.500
v 11.500 11.500 -19.500
v 12.500 11.500 -19.500
v 12.500 11.500 -20.500
v 13.500 11.500 -19.500
v 13.500 11.500 -20.500
v 15.500 11.500 -19.500
v 3.500 11.500 -18.500
v 3.500 11.500 -19.500
v 4.500 11.500 -18.500
v 11.500 11.500 -18.500
v 13.500 11.500 -18.500
v 13.500 11.500 -17.500
v 14.500 11.500 -17.500
v 14.500 11.500 -19.500
v 14.500 11.500 -16.500
v 15.500 11.500 -16.500
v -0.500 11.500 -17.500
v 4.500 11.500 -17.500
v 5.500 11.500 -17.500
v 6.500 11.500 -17.500
v 7.500 11.500 -17.500
v 7.500 11.500 -18.500
v 7.500 11.500 -16.500
v 8.500 11.500 -16.500
v 8.500 11.500 -18.500
v 8.500 11.500 -17.500
v 10.500 11.500 -17.500
v 11.500 11.500 -17.500
v 12.500 11.500 -17.500
v 12.500 11.500 -18.500
v 0.500 11.500 -16.500
v 0.500 11.500 -17.500
v 9.500 11.500 -16.500
v 9.500 11.500 -17.500
v 16.875 7.500 -28.875
v 17.125 7.500 -28.875
v 17.125 7.500 -29.125
v 16.875 7.500 -29.125
v 22.875 7.500 -28.875
v 23.125 7.500 -28.875
v 23.125 7.500 -29.125
v 22.875 7.500 -29.125
v 16.875 7.500 -20.875
v 17.125 7.500 -20.875
v 17.125 7.500 -21.125
v 16.875 7.500 -21.125
v 22.875 7.500 -20.875
v 23.125 7.500 -20.875
v 23.125 7.500 -21.125
v 22.875 7.500 -21.125
v 28.875 7.500 -20.875
v 29.125 7.500 -20.875
v 29.125 7.500 -21.125
v 28.875 7.500 -21.125
v 28.875 11.500 -18.875
v 29.125 11.500 -18.875
v 29.125 12.500 -18.875
v 28.875 12.500 -18.875
v 28.875 16.500 -18.875
v 29.125 16.500 -18.875
v 29.125 17.500 -18.875
v 28.875 17.500 -18.875
v 16.875 3.500 -28.875
v 17.125 3.500 -28.875
v 17.125 3.500 -29.125
v 16.875 3.500 -29.125
v 22.875 3.500 -28.875
v 23.125 3.500 -28.875
v 23.125 3.500 -29.125
v 22.875 3.500 -29.125
v 16.875 3.500 -20.875
v 17.125 3.500 -20.875
v 17.125 3.500 -21.125
v 16.875 3.500 -21.125
v 22.875 3.500 -20.875
v 23.125 3.500 -20.875
v 23.125 3.500 -21.125
v 22.875 3.500 -21.125
v 28.875 3.500 -20.875
v 29.125 3.500 -20.875
v 29.125 3.500 -21.125
v 28.875 3.500 -21.125
v 21.500 12.000 -27.500
v 21.500 12.000 -26.500
v 21.500 11.000 -26.500
v 21.500 11.000 -27.500
v 21.500 11.000 -27.000
v 21.500 10.500 -27.000
v 21.500 10.500 -27.500
v 21.500 12.000 -27.000
v 21.500 12.500 -27.000
v 21.500 12.500 -26.500
v 21.500 13.000 -26.500
v 21.500 13.000 -25.500
v 21.500 12.000 -25.500
v 21.500 12.000 -26.000
v 21.500 11.500 -26.000
v 21.500 11.500 -26.500
v 21.500 13.000 -26.000
v 21.500 13.500 -26.000
v 21.500 13.500 -25.500
v 21.500 14.000 -25.500
v 21.500 14.000 -24.500
v 21.500 13.000 -24.500
v 21.500 13.000 -25.000
v 21.500 12.500 -25.000
v 21.500 12.500 -25.500
v 21.500 14.000 -25.000
v 21.500 14.500 -25.000
v 21.500 14.500 -24.500
v 21.500 15.000 -24.500
v 21.500 15.000 -23.500
v 21.500 14.000 -23.500
v 21.500 14.000 -24.000
v 21.500 13.500 -24.000
v 21.500 13.500 -24.500
v 21.500 15.000 -24.000
v 21.500 15.500 -24.000
v 21.500 15.500 -23.500
v 21.500 16.000 -23.500
v 21.500 16.000 -22.500
v 21.500 15.000 -22.500
v 21.500 15.000 -23.000
v 21.500 14.500 -23.000
v 21.500 14.500 -23.500
v 21.500 16.000 -23.000
v 21.500 16.500 -23.000
v 21.500 16.500 -22.500
v 21.500 11.500 -20.500
v 21.500 11.500 -21.500
v 21.500 11.000 -21.500
v 21.500 11.000 -20.500
v 21.500 15.500 -19.500
v 21.500 15.500 -16.500
v 21.500 16.500 -16.500
v 21.500 16.500 -19.500
v 15.500 21.500 -16.500
v 16.500 21.500 -16.500
v 16.500 22.000 -16.500
v 15.500 22.000 -16.500
v 23.500 21.500 -16.500
v 24.500 21.500 -16.500
v 24.500 22.000 -16.500
v 23.500 22.000 -16.500
v 27.500 21.500 -16.500
v 27.500 22.500 -16.500
v 24.500 22.500 -16.500
v 28.500 21.500 -16.500
v 28.500 22.000 -16.500
v 27.500 22.000 -16.500
v 29.500 11.500 -16.500
v 28.500 11.500 -16.500
v 28.500 11.000 -16.500
v 29.500 11.000 -16.500
v 29.000 11.000 -16.500
v 28.500 10.500 -16.500
v 29.000 10.500 -16.500
v 17.500 11.500 -31.500
v 16.500 11.500 -31.500
v 16.500 11.000 -31.500
v 17.500 11.000 -31.500
v 17.000 11.000 -31.500
v 17.000 10.500 -31.500
v 17.500 10.500 -31.500
v 17.500 16.500 -31.500
v 16.500 16.500 -31.500
v 16.500 16.000 -31.500
v 17.500 16.000 -31.500
v 17.000 16.000 -31.500
v 16.500 15.500 -31.500
v 17.000 15.500 -31.500
v 23.500 11.500 -31.500
v 22.500 11.500 -31.500
v 22.500 11.000 -31.500
v 23.500 11.000 -31.500
v 23.000 11.000 -31.500
v 22.500 10.500 -31.500
v 23.000 10.500 -31.500
v 20.500 10.500 -31.500
v 19.500 10.500 -31.500
v 19.500 11.500 -31.500
v 20.500 11.500 -31.500
v 29.500 10.500 -20.500
v 29.500 10.500 -21.500
v 29.500 12.500 -21.500
v 29.500 12.500 -20.500
v 29.500 13.500 -20.500
v 29.500 13.500 -21.500
v 29.500 14.500 -21.500
v 29.500 14.500 -20.500
v 29.500 15.500 -20.500
v 29.500 15.500 -21.500
v 29.500 17.500 -21.500
v 29.500 17.500 -20.500
v 29.500 18.500 -20.500
v 29.500 18.500 -21.500
v 29.500 19.500 -21.500
v 29.500 19.500 -20.500
v 29.500 20.500 -16.500
v 29.500 20.500 -21.500
v 29.500 21.500 -21.500
v 29.500 21.500 -16.500
v 29.500 11.500 -20.500
v 29.500 11.000 -20.500
v 29.500 15.500 -16.500
v 29.500 16.500 -20.500
v 29.500 16.500 -16.500
v 15.500 21.500 -20.500
v 17.500 21.500 -20.500
v 17.500 21.500 -21.500
v 15.500 21.500 -21.500
v 22.500 21.500 -20.500
v 29.500 21.500 -20.500
v 22.500 21.500 -21.500
v 16.500 21.500 -20.500
v 17.500 21.500 -16.500
v 22.500 21.500 -16.500
v 23.500 21.500 -20.500
v 23.500 21.500 -19.500
v 28.500 21.500 -19.500
v 28.500 21.500 -20.500
v 24.500 21.500 -19.500
v 27.500 21.500 -19.500
v 29.000 11.000 -20.500
v 29.000 10.500 -20.500
v 25.500 11.500 -21.500
v 25.500 11.500 -20.500
v 25.500 11.000 -20.500
v 25.500 11.000 -21.500
v 25.500 11.000 -21.000
v 25.500 10.500 -20.500
v 25.500 10.500 -21.000
v 25.500 21.500 -19.500
v 25.500 21.500 -20.500
v 25.500 22.000 -20.500
v 25.500 22.000 -19.500
v 24.125 11.500 -20.875
v 24.125 11.500 -21.125
v 24.125 12.500 -21.125
v 24.125 12.500 -20.875
v 24.125 16.500 -20.875
v 24.125 16.500 -21.125
v 24.125 17.500 -21.125
v 24.125 17.500 -20.875
v 16.500 14.500 -28.500
v 17.500 14.500 -28.500
v 17.500 14.500 -29.500
v 16.500 14.500 -29.500
v 22.500 14.500 -28.500
v 23.500 14.500 -28.500
v 23.500 14.500 -29.500
v 22.500 14.500 -29.500
v 16.500 14.500 -26.000
v 16.500 14.500 -24.500
v 17.500 14.500 -24.500
v 17.500 14.500 -26.000
v 22.500 14.500 -26.000
v 22.500 14.500 -24.500
v 23.500 14.500 -24.500
v 23.500 14.500 -26.000
v 17.500 14.500 -25.000
v 17.500 14.500 -23.500
v 22.500 14.500 -23.500
v 22.500 14.500 -25.000
v 16.500 14.500 -23.500
v 17.500 14.500 -23.000
v 22.500 14.500 -23.000
v 23.500 14.500 -23.500
v 16.500 14.500 -23.000
v 23.500 14.500 -23.000
v 16.500 14.500 -20.500
v 17.500 14.500 -20.500
v 17.500 14.500 -21.500
v 16.500 14.500 -21.500
v 22.500 14.500 -20.500
v 23.500 14.500 -20.500
v 23.500 14.500 -21.500
v 22.500 14.500 -21.500
v 28.500 14.500 -20.500
v 28.500 14.500 -21.500
v 27.875 11.500 -21.125
v 27.875 11.500 -20.875
v 27.875 12.500 -20.875
v 27.875 12.500 -21.125
v 27.875 16.500 -21.125
v 27.875 16.500 -20.875
v 27.875 17.500 -20.875
v 27.875 17.500 -21.125
v 17.500 18.500 -28.500
v 16.500 18.500 -28.500
v 16.500 18.500 -29.500
v 17.500 18.500 -29.500
v 17.500 18.500 -20.500
v 16.500 18.500 -20.500
v 16.500 18.500 -21.500
v 17.500 18.500 -21.500
v 23.500 18.500 -20.500
v 22.500 18.500 -20.500
v 22.500 18.500 -21.500
v 23.500 18.500 -21.500
v 28.500 18.500 -20.500
v 28.500 18.500 -21.500
v 28.875 11.500 -16.875
v 29.125 11.500 -16.875
v 29.125 12.500 -16.875
v 28.875 12.500 -16.875
v 28.875 16.500 -16.875
v 29.125 16.500 -16.875
v 29.125 17.500 -16.875
v 28.875 17.500 -16.875
v 17.500 11.500 -27.500
v 16.500 11.500 -27.500
v 16.500 11.000 -27.500
v 17.500 11.000 -27.500
v 17.500 10.500 -27.500
v 19.500 10.500 -27.500
v 19.500 11.500 -27.500
v 20.500 10.500 -27.500
v 20.500 11.500 -27.500
v 22.500 10.500 -27.500
v 22.500 11.500 -27.500
v 23.500 11.500 -27.500
v 22.500 11.000 -27.500
v 23.500 11.000 -27.500
v 17.500 12.500 -27.500
v 16.500 12.500 -27.500
v 16.500 13.000 -27.500
v 17.500 13.000 -27.500
v 17.500 12.000 -27.500
v 22.500 12.000 -27.500
v 23.500 12.500 -27.500
v 22.500 12.500 -27.500
v 22.500 13.000 -27.500
v 23.500 13.000 -27.500
v 17.500 16.500 -32.500
v 17.500 16.500 -29.500
v 17.500 16.000 -29.500
v 17.500 16.000 -32.500
v 17.500 10.500 -32.500
v 17.500 11.500 -32.500
v 17.500 10.500 -29.500
v 17.500 11.500 -29.500
v 17.500 12.500 -29.500
v 17.500 13.500 -28.500
v 17.500 13.500 -29.500
v 17.500 15.500 -28.500
v 17.500 15.500 -29.500
v 17.500 17.500 -29.500
v 17.500 17.500 -28.500
v 17.500 19.500 -29.500
v 17.500 19.500 -28.500
v 17.500 10.500 -28.500
v 17.500 11.500 -28.500
v 17.500 11.500 -26.500
v 17.500 13.000 -26.500
v 17.500 13.000 -27.000
v 17.500 13.500 -27.000
v 17.500 13.500 -26.500
v 17.500 11.000 -26.500
v 17.500 11.000 -27.000
v 17.500 10.500 -27.000
v 17.500 14.000 -26.500
v 17.500 14.000 -25.500
v 17.500 12.000 -25.500
v 17.500 12.000 -26.500
v 17.500 12.000 -26.000
v 17.500 11.500 -26.000
v 17.500 14.000 -26.000
v 17.500 14.500 -25.500
v 17.500 12.500 -25.500
v 17.500 12.500 -26.500
v 17.500 15.000 -25.500
v 17.500 15.000 -24.500
v 17.500 13.000 -24.500
v 17.500 13.000 -25.500
v 17.500 13.000 -25.000
v 17.500 12.500 -25.000
v 17.500 15.000 -25.000
v 17.500 15.500 -25.000
v 17.500 15.500 -24.500
v 17.500 13.500 -24.500
v 17.500 13.500 -25.500
v 17.500 16.000 -24.500
v 17.500 16.000 -23.500
v 17.500 14.000 -23.500
v 17.500 14.000 -24.500
v 17.500 14.000 -24.000
v 17.500 13.500 -24.000
v 17.500 16.000 -24.000
v 17.500 16.500 -24.000
v 17.500 16.500 -23.500
v 17.500 17.000 -23.500
v 17.500 17.000 -22.500
v 17.500 15.000 -22.500
v 17.500 15.000 -23.500
v 17.500 15.000 -23.000
v 17.500 17.000 -23.000
v 17.500 17.500 -23.000
v 17.500 17.500 -22.500
v 17.500 15.500 -22.500
v 17.500 15.500 -23.500
v 17.500 16.500 -20.500
v 17.500 16.500 -22.500
v 17.500 17.500 -20.500
v 17.500 15.500 -21.500
v 17.500 16.500 -21.500
v 17.500 10.500 -20.500
v 17.500 10.500 -21.500
v 17.500 11.500 -21.500
v 17.500 11.500 -20.500
v 17.500 13.500 -20.500
v 17.500 13.500 -21.500
v 17.500 19.500 -21.500
v 17.500 19.500 -20.500
v 17.500 20.500 -16.500
v 17.500 20.500 -21.500
v 16.500 15.500 -23.500
v 16.500 14.000 -23.500
v 22.500 15.500 -23.500
v 22.500 14.000 -23.500
v 23.500 15.500 -23.500
v 23.500 14.000 -23.500
v 16.500 17.000 -23.500
v 22.500 16.000 -23.500
v 22.500 17.000 -23.500
v 23.500 17.000 -23.500
v 25.875 11.500 -21.125
v 25.875 11.500 -20.875
v 25.875 12.500 -20.875
v 25.875 12.500 -21.125
v 25.875 16.500 -21.125
v 25.875 16.500 -20.875
v 25.875 17.500 -20.875
v 25.875 17.500 -21.125
v 16.500 13.000 -27.000
v 16.500 13.500 -27.000
v 22.500 11.000 -27.000
v 22.500 10.500 -27.000
v 22.500 12.000 -27.000
v 17.500 12.000 -27.000
v 17.500 12.500 -27.000
v 22.500 12.500 -27.000
v 23.500 13.000 -27.000
v 22.500 13.000 -27.000
v 22.500 13.500 -27.000
v 23.500 13.500 -27.000
v 16.500 10.500 -31.500
v 15.500 10.500 -31.500
v 15.500 10.500 -32.500
v 16.500 10.500 -32.500
v 17.000 10.500 -32.500
v 17.000 10.500 -29.500
v 19.500 10.500 -32.500
v 21.500 10.500 -31.500
v 20.500 10.500 -32.500
v 21.500 10.500 -32.500
v 22.500 10.500 -32.500
v 23.000 10.500 -29.500
v 22.500 10.500 -29.500
v 23.000 10.500 -32.500
v 16.500 10.500 -30.500
v 15.500 10.500 -30.500
v 19.500 10.500 -30.500
v 17.500 10.500 -30.500
v 20.500 10.500 -30.500
v 22.500 10.500 -30.500
v 16.500 10.500 -29.500
v 15.500 10.500 -29.500
v 18.500 10.500 -29.500
v 18.500 10.500 -30.500
v 20.500 10.500 -29.500
v 21.500 10.500 -29.500
v 21.500 10.500 -30.500
v 23.500 10.500 -28.500
v 15.500 10.500 -28.500
v 23.500 10.500 -29.500
v 16.500 10.500 -27.500
v 15.500 10.500 -27.500
v 16.500 10.500 -28.500
v 16.500 10.500 -28.000
v 17.500 10.500 -28.000
v 19.500 10.500 -28.500
v 20.500 10.500 -28.500
v 22.500 10.500 -28.500
v 22.500 10.500 -28.000
v 23.500 10.500 -28.000
v 16.500 10.500 -23.500
v 15.500 10.500 -23.500
v 16.500 10.500 -21.500
v 15.500 10.500 -21.500
v 15.500 10.500 -20.500
v 18.000 10.500 -20.500
v 18.000 10.500 -21.500
v 22.000 10.500 -21.500
v 22.500 10.500 -21.500
v 22.500 10.500 -20.500
v 22.000 10.500 -20.500
v 23.500 10.500 -16.500
v 22.500 10.500 -16.500
v 23.500 10.500 -21.500
v 28.500 10.500 -21.000
v 28.500 10.500 -20.500
v 23.500 10.500 -20.500
v 23.500 10.500 -21.000
v 28.500 10.500 -21.500
v 16.500 10.500 -19.500
v 15.500 10.500 -19.500
v 16.500 10.500 -20.500
v 17.500 10.500 -16.500
v 16.500 10.500 -16.500
v 18.500 10.500 -18.500
v 17.500 10.500 -18.500
v 18.500 10.500 -20.500
v 20.500 10.500 -18.500
v 20.500 10.500 -20.500
v 22.500 10.500 -19.500
v 20.500 10.500 -19.500
v 25.500 10.500 -18.500
v 23.500 10.500 -18.500
v 26.500 10.500 -18.500
v 26.500 10.500 -20.500
v 27.500 10.500 -19.500
v 26.500 10.500 -19.500
v 27.500 10.500 -20.500
v 28.500 10.500 -19.500
v 16.500 10.500 -17.500
v 15.500 10.500 -17.500
v 21.500 10.500 -18.500
v 21.500 10.500 -19.500
v 22.500 10.500 -18.500
v 28.500 10.500 -18.500
v 22.500 10.500 -17.500
v 17.500 10.500 -17.500
v 28.500 10.500 -17.500
v 23.500 10.500 -17.500
v 15.500 10.500 -16.500
v 18.500 10.500 -16.500
v 18.500 10.500 -17.500
v 21.500 10.500 -16.500
v 21.500 10.500 -17.500
v 17.000 11.000 -29.500
v 17.000 11.000 -32.500
v 17.000 16.000 -32.500
v 17.000 16.000 -29.500
v 17.000 15.500 -29.500
v 17.000 15.500 -32.500
v 16.500 14.000 -26.500
v 16.500 14.000 -25.500
v 22.500 14.000 -26.500
v 22.500 14.000 -25.500
v 23.500 14.000 -25.500
v 23.500 14.000 -26.500
v 22.500 14.000 -24.500
v 16.500 14.000 -24.500
v 23.500 14.000 -24.500
v 17.125 16.500 -31.125
v 16.875 16.500 -31.125
v 16.875 17.500 -31.125
v 17.125 17.500 -31.125
v 23.125 11.500 -31.125
v 22.875 11.500 -31.125
v 22.875 12.500 -31.125
v 23.125 12.500 -31.125
v 16.500 15.000 -23.000
v 16.500 17.000 -23.000
v 16.500 17.500 -23.000
v 22.500 15.000 -23.000
v 22.500 16.000 -23.000
v 17.500 16.000 -23.000
v 17.500 16.500 -23.000
v 22.500 16.500 -23.000
v 23.500 15.000 -23.000
v 23.500 17.000 -23.000
v 22.500 17.000 -23.000
v 22.500 17.500 -23.000
v 23.500 17.500 -23.000
v 16.875 -0.500 -28.875
v 17.125 -0.500 -28.875
v 17.125 10.500 -28.875
v 16.875 10.500 -28.875
v 16.875 12.500 -28.875
v 17.125 12.500 -28.875
v 17.125 13.500 -28.875
v 16.875 13.500 -28.875
v 16.875 14.500 -28.875
v 17.125 14.500 -28.875
v 17.125 15.500 -28.875
v 16.875 15.500 -28.875
v 16.875 17.500 -28.875
v 17.125 17.500 -28.875
v 17.125 18.500 -28.875
v 16.875 18.500 -28.875
v 22.875 -0.500 -28.875
v 23.125 -0.500 -28.875
v 23.125 10.500 -28.875
v 22.875 10.500 -28.875
v 22.875 12.500 -28.875
v 23.125 12.500 -28.875
v 23.125 13.500 -28.875
v 22.875 13.500 -28.875
v 16.875 4.500 -28.875
v 17.125 4.500 -28.875
v 17.125 4.500 -29.125
v 16.875 4.500 -29.125
v 22.875 4.500 -28.875
v 23.125 4.500 -28.875
v 23.125 4.500 -29.125
v 22.875 4.500 -29.125
v 16.875 4.500 -20.875
v 17.125 4.500 -20.875
v 17.125 4.500 -21.125
v 16.875 4.500 -21.125
v 22.875 4.500 -20.875
v 23.125 4.500 -20.875
v 23.125 4.500 -21.125
v 22.875 4.500 -21.125
v 28.875 4.500 -20.875
v 29.125 4.500 -20.875
v 29.125 4.500 -21.125
v 28.875 4.500 -21.125
v 24.875 11.500 -21.125
v 24.875 11.500 -20.875
v 24.875 12.500 -20.875
v 24.875 12.500 -21.125
v 24.875 16.500 -21.125
v 24.875 16.500 -20.875
v 24.875 17.500 -20.875
v 24.875 17.500 -21.125
v 16.875 0.500 -28.875
v 17.125 0.500 -28.875
v 17.125 0.500 -29.125
v 16.875 0.500 -29.125
v 22.875 0.500 -28.875
v 23.125 0.500 -28.875
v 23.125 0.500 -29.125
v 22.875 0.500 -29.125
v 16.875 0.500 -20.875
v 17.125 0.500 -20.875
v 17.125 0.500 -21.125
v 16.875 0.500 -21.125
v 22.875 0.500 -20.875
v 23.125 0.500 -20.875
v 23.125 0.500 -21.125
v 22.875 0.500 -21.125
v 28.875 0.500 -20.875
v 29.125 0.500 -20.875
v 29.125 0.500 -21.125
v 28.875 0.500 -21.125
v 17.125 16.500 -32.125
v 16.875 16.500 -32.125
v 16.875 17.500 -32.125
v 17.125 17.500 -32.125
v 23.125 11.500 -32.125
v 22.875 11.500 -32.125
v 22.875 12.500 -32.125
v 23.125 12.500 -32.125
v 20.500 11.500 -32.500
v 20.500 12.000 -27.500
v 20.500 12.000 -26.500
v 20.500 11.000 -26.500
v 20.500 11.000 -27.500
v 20.500 11.000 -27.000
v 20.500 10.500 -27.000
v 20.500 12.000 -27.000
v 20.500 12.500 -27.000
v 20.500 12.500 -26.500
v 20.500 13.000 -26.500
v 20.500 13.000 -25.500
v 20.500 12.000 -25.500
v 20.500 12.000 -26.000
v 20.500 11.500 -26.000
v 20.500 11.500 -26.500
v 20.500 13.000 -26.000
v 20.500 13.500 -26.000
v 20.500 13.500 -25.500
v 20.500 14.000 -25.500
v 20.500 14.000 -24.500
v 20.500 13.000 -24.500
v 20.500 13.000 -25.000
v 20.500 12.500 -25.000
v 20.500 12.500 -25.500
v 20.500 14.000 -25.000
v 20.500 14.500 -25.000
v 20.500 14.500 -24.500
v 20.500 15.000 -24.500
v 20.500 15.000 -23.500
v 20.500 14.000 -23.500
v 20.500 14.000 -24.000
v 20.500 13.500 -24.000
v 20.500 13.500 -24.500
v 20.500 15.000 -24.000
v 20.500 15.500 -24.000
v 20.500 15.500 -23.500
v 20.500 16.000 -23.500
v 20.500 16.000 -22.500
v 20.500 15.000 -22.500
v 20.500 15.000 -23.000
v 20.500 14.500 -23.000
v 20.500 14.500 -23.500
v 20.500 16.000 -23.000
v 20.500 16.500 -23.000
v 20.500 16.500 -22.500
v 15.500 21.500 -19.500
v 16.500 21.500 -19.500
v 16.500 22.000 -19.500
v 15.500 22.000 -19.500
v 18.500 15.500 -19.500
v 19.500 15.500 -19.500
v 19.500 16.500 -19.500
v 18.500 16.500 -19.500
v 24.500 22.000 -19.500
v 23.500 22.000 -19.500
v 28.500 22.000 -19.500
v 27.500 22.000 -19.500
v 29.500 11.500 -19.500
v 28.500 11.500 -19.500
v 28.500 11.000 -19.500
v 29.500 11.000 -19.500
v 29.000 11.000 -19.500
v 29.000 10.500 -19.500
v 24.500 22.500 -19.500
v 27.500 22.500 -19.500
v 16.875 8.500 -28.875
v 17.125 8.500 -28.875
v 17.125 8.500 -29.125
v 16.875 8.500 -29.125
v 22.875 8.500 -28.875
v 23.125 8.500 -28.875
v 23.125 8.500 -29.125
v 22.875 8.500 -29.125
v 16.875 8.500 -20.875
v 17.125 8.500 -20.875
v 17.125 8.500 -21.125
v 16.875 8.500 -21.125
v 22.875 8.500 -20.875
v 23.125 8.500 -20.875
v 23.125 8.500 -21.125
v 22.875 8.500 -21.125
v 28.875 8.500 -20.875
v 29.125 8.500 -20.875
v 29.125 8.500 -21.125
v 28.875 8.500 -21.125
v 16.875 16.500 -31.875
v 16.875 17.500 -31.875
v 16.875 16.500 -30.875
v 16.875 17.500 -30.875
v 16.875 16.500 -30.125
v 16.875 16.500 -29.875
v 16.875 17.500 -29.875
v 16.875 17.500 -30.125
v 16.875 -0.500 -29.125
v 16.875 10.500 -29.125
v 16.875 12.500 -29.125
v 16.875 13.500 -29.125
v 16.875 14.500 -29.125
v 16.875 15.500 -29.125
v 16.875 17.500 -29.125
v 16.875 18.500 -29.125
v 16.875 -0.500 -21.125
v 16.875 -0.500 -20.875
v 16.875 10.500 -20.875
v 16.875 10.500 -21.125
v 16.875 12.500 -21.125
v 16.875 12.500 -20.875
v 16.875 13.500 -20.875
v 16.875 13.500 -21.125
v 16.875 14.500 -21.125
v 16.875 14.500 -20.875
v 16.875 15.500 -20.875
v 16.875 15.500 -21.125
v 16.875 17.500 -21.125
v 16.875 17.500 -20.875
v 16.875 18.500 -20.875
v 16.875 18.500 -21.125
v 16.875 19.500 -21.125
v 16.875 19.500 -20.875
v 16.875 20.500 -20.875
v 16.875 20.500 -21.125
v 27.125 11.500 -20.875
v 27.125 11.500 -21.125
v 27.125 12.500 -21.125
v 27.125 12.500 -20.875
v 27.125 16.500 -20.875
v 27.125 16.500 -21.125
v 27.125 17.500 -21.125
v 27.125 17.500 -20.875
v 25.125 11.500 -20.875
v 25.125 11.500 -21.125
v 25.125 12.500 -21.125
v 25.125 12.500 -20.875
v 25.125 16.500 -20.875
v 25.125 16.500 -21.125
v 25.125 17.500 -21.125
v 25.125 17.500 -20.875
v 17.125 16.500 -31.875
v 17.125 17.500 -31.875
v 22.875 11.500 -31.875
v 23.125 11.500 -31.875
v 23.125 12.500 -31.875
v 22.875 12.500 -31.875
v 28.500 12.500 -20.500
v 28.500 12.500 -21.500
v 28.500 13.500 -21.500
v 28.500 13.500 -20.500
v 28.500 16.500 -21.500
v 28.500 16.500 -20.500
v 28.500 17.500 -20.500
v 28.500 17.500 -21.500
v 28.500 19.500 -20.500
v 28.500 19.500 -21.500
v 28.500 11.500 -20.500
v 28.500 22.000 -20.500
v 28.500 11.500 -18.500
v 28.500 11.500 -17.500
v 17.500 20.500 -20.500
v 15.500 20.500 -20.500
v 15.500 20.500 -21.500
v 29.500 20.500 -20.500
v 22.500 20.500 -20.500
v 22.500 20.500 -21.500
v 16.500 20.500 -16.500
v 15.500 20.500 -16.500
v 16.500 20.500 -20.500
v 23.500 20.500 -16.500
v 22.500 20.500 -16.500
v 23.500 20.500 -20.500
v 28.500 20.500 -16.500
v 28.500 20.500 -20.500
v 24.500 11.500 -21.500
v 24.500 11.500 -20.500
v 24.500 11.000 -20.500
v 24.500 11.000 -21.500
v 24.500 11.000 -21.000
v 24.500 10.500 -20.500
v 24.500 10.500 -21.000
v 24.500 21.500 -20.500
v 24.500 22.000 -20.500
v 17.500 11.500 -30.500
v 16.500 11.500 -30.500
v 16.500 11.000 -30.500
v 17.500 11.000 -30.500
v 17.000 11.000 -30.500
v 17.000 10.500 -30.500
v 17.500 16.500 -30.500
v 16.500 16.500 -30.500
v 16.500 16.000 -30.500
v 17.500 16.000 -30.500
v 17.000 16.000 -30.500
v 16.500 15.500 -30.500
v 17.000 15.500 -30.500
v 23.500 11.500 -30.500
v 22.500 11.500 -30.500
v 22.500 11.000 -30.500
v 23.500 11.000 -30.500
v 23.000 11.000 -30.500
v 23.000 10.500 -30.500
v 22.875 11.500 -30.875
v 22.875 12.500 -30.875
v 22.875 11.500 -30.125
v 22.875 11.500 -29.875
v 22.875 12.500 -29.875
v 22.875 12.500 -30.125
v 22.875 -0.500 -29.125
v 22.875 10.500 -29.125
v 22.875 12.500 -29.125
v 22.875 13.500 -29.125
v 22.875 -0.500 -21.125
v 22.875 -0.500 -20.875
v 22.875 10.500 -20.875
v 22.875 10.500 -21.125
v 22.875 12.500 -21.125
v 22.875 12.500 -20.875
v 22.875 13.500 -20.875
v 22.875 13.500 -21.125
v 22.875 14.500 -21.125
v 22.875 14.500 -20.875
v 22.875 15.500 -20.875
v 22.875 15.500 -21.125
v 22.875 17.500 -21.125
v 22.875 17.500 -20.875
v 22.875 18.500 -20.875
v 22.875 18.500 -21.125
v 22.875 19.500 -21.125
v 22.875 19.500 -20.875
v 22.875 20.500 -20.875
v 22.875 20.500 -21.125
v 16.500 13.500 -28.500
v 16.500 13.500 -29.500
v 23.500 13.500 -28.500
v 22.500 13.500 -28.500
v 22.500 13.500 -29.500
v 23.500 13.500 -29.500
v 16.500 13.500 -25.500
v 22.500 13.500 -25.500
v 23.500 13.500 -25.500
v 17.500 13.500 -26.000
v 22.500 13.500 -24.500
v 22.500 13.500 -26.000
v 16.500 13.500 -24.500
v 22.500 13.500 -24.000
v 23.500 13.500 -24.500
v 16.500 13.500 -24.000
v 23.500 13.500 -24.000
v 16.500 13.500 -20.500
v 16.500 13.500 -21.500
v 23.500 13.500 -20.500
v 22.500 13.500 -20.500
v 22.500 13.500 -21.500
v 23.500 13.500 -21.500
v 17.125 -0.500 -21.125
v 17.125 10.500 -21.125
v 17.125 12.500 -21.125
v 17.125 13.500 -21.125
v 17.125 14.500 -21.125
v 17.125 15.500 -21.125
v 17.125 17.500 -21.125
v 17.125 18.500 -21.125
v 17.125 19.500 -21.125
v 17.125 20.500 -21.125
v 23.125 -0.500 -21.125
v 23.125 10.500 -21.125
v 23.125 12.500 -21.125
v 23.125 13.500 -21.125
v 23.125 14.500 -21.125
v 23.125 15.500 -21.125
v 23.125 17.500 -21.125
v 23.125 18.500 -21.125
v 23.125 19.500 -21.125
v 23.125 20.500 -21.125
v 23.875 11.500 -21.125
v 23.875 12.500 -21.125
v 23.875 16.500 -21.125
v 23.875 17.500 -21.125
v 26.125 11.500 -21.125
v 26.125 12.500 -21.125
v 26.125 16.500 -21.125
v 26.125 17.500 -21.125
v 26.875 11.500 -21.125
v 26.875 12.500 -21.125
v 26.875 16.500 -21.125
v 26.875 17.500 -21.125
v 28.125 11.500 -21.125
v 28.125 12.500 -21.125
v 28.125 16.500 -21.125
v 28.125 17.500 -21.125
v 29.125 -0.500 -21.125
v 28.875 -0.500 -21.125
v 28.875 10.500 -21.125
v 29.125 10.500 -21.125
v 29.125 12.500 -21.125
v 28.875 12.500 -21.125
v 28.875 13.500 -21.125
v 29.125 13.500 -21.125
v 29.125 14.500 -21.125
v 28.875 14.500 -21.125
v 28.875 15.500 -21.125
v 29.125 15.500 -21.125
v 29.125 17.500 -21.125
v 28.875 17.500 -21.125
v 28.875 18.500 -21.125
v 29.125 18.500 -21.125
v 29.125 19.500 -21.125
v 28.875 19.500 -21.125
v 28.875 20.500 -21.125
v 29.125 20.500 -21.125
v 17.125 17.500 -30.875
v 17.125 17.500 -29.875
v 17.125 17.500 -30.125
v 16.500 17.500 -28.500
v 16.500 17.500 -29.500
v 16.500 17.500 -20.500
v 22.500 17.500 -20.500
v 23.500 17.500 -20.500
v 23.875 17.500 -20.875
v 26.125 17.500 -20.875
v 26.875 17.500 -20.875
v 28.125 17.500 -20.875
v 28.875 17.500 -19.875
v 29.125 17.500 -19.875
v 29.125 17.500 -20.125
v 28.875 17.500 -20.125
v 29.125 17.500 -19.125
v 28.875 17.500 -19.125
v 28.875 17.500 -17.875
v 29.125 17.500 -17.875
v 29.125 17.500 -18.125
v 28.875 17.500 -18.125
v 29.125 17.500 -17.125
v 28.875 17.500 -17.125
v 16.500 11.500 -26.500
v 16.500 12.500 -26.500
v 22.500 12.500 -26.500
v 22.500 11.000 -26.500
v 22.500 11.500 -26.500
v 23.500 11.500 -26.500
v 23.500 12.500 -26.500
v 22.500 13.000 -26.500
v 29.125 -0.500 -20.875
v 29.125 10.500 -20.875
v 29.125 12.500 -20.875
v 29.125 13.500 -20.875
v 29.125 14.500 -20.875
v 29.125 15.500 -20.875
v 29.125 17.500 -20.875
v 29.125 18.500 -20.875
v 29.125 19.500 -20.875
v 29.125 20.500 -20.875
v 29.125 11.500 -19.875
v 29.125 11.500 -20.125
v 29.125 12.500 -20.125
v 29.125 12.500 -19.875
v 29.125 16.500 -19.875
v 29.125 16.500 -20.125
v 29.125 11.500 -19.125
v 29.125 12.500 -19.125
v 29.125 16.500 -19.125
v 29.125 11.500 -17.875
v 29.125 11.500 -18.125
v 29.125 12.500 -18.125
v 29.125 12.500 -17.875
v 29.125 16.500 -17.875
v 29.125 16.500 -18.125
v 29.125 11.500 -17.125
v 29.125 12.500 -17.125
v 29.125 16.500 -17.125
v 16.500 11.500 -32.500
v 16.500 15.500 -32.500
v 16.500 16.500 -32.500
v 16.500 11.500 -29.500
v 16.500 15.500 -29.500
v 16.500 16.500 -29.500
v 16.500 12.500 -29.500
v 16.500 16.500 -28.500
v 16.500 19.500 -28.500
v 16.500 19.500 -29.500
v 16.500 11.500 -28.500
v 16.500 15.500 -27.500
v 16.500 15.500 -28.500
v 16.500 16.500 -27.500
v 16.500 11.500 -23.500
v 16.500 16.500 -23.500
v 16.500 13.000 -26.500
v 16.500 13.500 -26.500
v 16.500 12.000 -26.500
v 16.500 12.000 -25.500
v 16.500 12.000 -26.000
v 16.500 11.500 -26.000
v 16.500 14.000 -26.000
v 16.500 14.500 -25.500
v 16.500 15.000 -24.500
v 16.500 15.000 -25.500
v 16.500 13.000 -25.500
v 16.500 13.000 -24.500
v 16.500 13.000 -25.000
v 16.500 12.500 -25.500
v 16.500 12.500 -25.000
v 16.500 15.000 -25.000
v 16.500 15.500 -24.500
v 16.500 15.500 -25.000
v 16.500 14.000 -24.000
v 16.500 11.500 -21.500
v 16.500 15.500 -22.500
v 16.500 15.000 -23.500
v 16.500 15.000 -22.500
v 16.500 16.500 -22.500
v 16.500 17.000 -22.500
v 16.500 17.500 -22.500
v 16.500 15.500 -21.500
v 16.500 16.500 -21.500
v 16.500 16.500 -20.500
v 16.500 11.500 -20.500
v 16.500 12.500 -20.500
v 16.500 12.500 -21.500
v 16.500 19.500 -20.500
v 16.500 19.500 -21.500
v 16.500 22.000 -20.500
v 22.500 12.000 -26.000
v 22.500 11.500 -26.000
v 22.500 13.000 -26.000
v 17.500 13.000 -26.000
v 23.500 12.000 -26.000
v 23.500 11.500 -26.000
v 23.500 14.000 -26.000
v 22.500 14.000 -26.000
v 23.500 13.000 -26.500
v 22.500 13.000 -25.500
v 22.500 13.000 -24.500
v 23.500 13.000 -25.500
v 23.500 13.000 -24.500
v 22.500 15.500 -22.500
v 22.500 15.000 -22.500
v 23.500 16.500 -22.500
v 22.500 16.500 -22.500
v 23.500 15.000 -22.500
v 18.500 15.500 -22.500
v 18.500 16.500 -22.500
v 20.500 15.500 -22.500
v 21.500 15.500 -22.500
v 22.500 17.500 -22.500
v 23.500 17.500 -22.500
v 17.500 16.000 -22.000
v 16.500 16.000 -22.000
v 16.500 15.500 -22.000
v 17.500 15.500 -22.000
v 23.500 16.000 -22.000
v 22.500 16.000 -22.000
v 22.500 15.500 -22.000
v 23.500 15.500 -22.000
v 28.875 11.500 -19.875
v 28.875 12.500 -19.875
v 28.875 16.500 -19.875
v 28.875 11.500 -17.125
v 28.875 12.500 -17.125
v 28.875 16.500 -17.125
v 22.500 17.000 -22.500
v 23.500 17.000 -22.500
v 16.875 5.500 -28.875
v 17.125 5.500 -28.875
v 17.125 5.500 -29.125
v 16.875 5.500 -29.125
v 22.875 5.500 -28.875
v 23.125 5.500 -28.875
v 23.125 5.500 -29.125
v 22.875 5.500 -29.125
v 16.875 5.500 -20.875
v 17.125 5.500 -20.875
v 17.125 5.500 -21.125
v 16.875 5.500 -21.125
v 22.875 5.500 -20.875
v 23.125 5.500 -20.875
v 23.125 5.500 -21.125
v 22.875 5.500 -21.125
v 28.875 5.500 -20.875
v 29.125 5.500 -20.875
v 29.125 5.500 -21.125
v 28.875 5.500 -21.125
v 16.875 1.500 -28.875
v 17.125 1.500 -28.875
v 17.125 1.500 -29.125
v 16.875 1.500 -29.125
v 22.875 1.500 -28.875
v 23.125 1.500 -28.875
v 23.125 1.500 -29.125
v 22.875 1.500 -29.125
v 16.875 1.500 -20.875
v 17.125 1.500 -20.875
v 17.125 1.500 -21.125
v 16.875 1.500 -21.125
v 22.875 1.500 -20.875
v 23.125 1.500 -20.875
v 23.125 1.500 -21.125
v 22.875 1.500 -21.125
v 28.875 1.500 -20.875
v 29.125 1.500 -20.875
v 29.125 1.500 -21.125
v 28.875 1.500 -21.125
v 15.500 21.500 -18.500
v 16.500 21.500 -18.500
v 16.500 22.000 -18.500
v 15.500 22.000 -18.500
v 23.500 21.500 -18.500
v 24.500 21.500 -18.500
v 24.500 22.000 -18.500
v 23.500 22.000 -18.500
v 27.500 21.500 -18.500
v 28.500 21.500 -18.500
v 28.500 22.000 -18.500
v 27.500 22.000 -18.500
v 29.500 11.500 -18.500
v 28.500 11.000 -18.500
v 29.500 11.000 -18.500
v 29.000 11.000 -18.500
v 29.000 10.500 -18.500
v 17.125 -0.500 -29.125
v 17.125 10.500 -29.125
v 17.125 12.500 -29.125
v 17.125 13.500 -29.125
v 17.125 14.500 -29.125
v 17.125 15.500 -29.125
v 17.125 17.500 -29.125
v 17.125 18.500 -29.125
v 23.125 -0.500 -29.125
v 23.125 10.500 -29.125
v 23.125 12.500 -29.125
v 23.125 13.500 -29.125
v 16.875 9.500 -28.875
v 17.125 9.500 -28.875
v 17.125 9.500 -29.125
v 16.875 9.500 -29.125
v 22.875 9.500 -28.875
v 23.125 9.500 -28.875
v 23.125 9.500 -29.125
v 22.875 9.500 -29.125
v 16.875 9.500 -20.875
v 17.125 9.500 -20.875
v 17.125 9.500 -21.125
v 16.875 9.500 -21.125
v 22.875 9.500 -20.875
v 23.125 9.500 -20.875
v 23.125 9.500 -21.125
v 22.875 9.500 -21.125
v 28.875 9.500 -20.875
v 29.125 9.500 -20.875
v 29.125 9.500 -21.125
v 28.875 9.500 -21.125
v 23.000 11.000 -32.500
v 23.000 11.000 -29.500
v 27.500 11.500 -21.500
v 27.500 11.500 -20.500
v 27.500 11.000 -20.500
v 27.500 11.000 -21.500
v 27.500 11.000 -21.000
v 27.500 10.500 -21.000
v 27.500 21.500 -20.500
v 27.500 22.000 -20.500
v 28.875 11.500 -20.125
v 28.875 12.500 -20.125
v 28.875 16.500 -20.125
v 28.875 11.500 -17.875
v 28.875 12.500 -17.875
v 28.875 16.500 -17.875
v 23.500 11.500 -32.500
v 23.500 11.500 -29.500
v 23.500 11.000 -29.500
v 23.500 11.000 -32.500
v 23.500 12.500 -29.500
v 23.500 12.500 -28.500
v 23.500 11.000 -28.500
v 23.500 11.000 -28.000
v 23.500 13.500 -26.500
v 23.500 12.000 -25.500
v 23.500 12.000 -26.500
v 23.500 14.500 -25.500
v 23.500 15.000 -25.500
v 23.500 15.000 -24.500
v 23.500 13.000 -25.000
v 23.500 12.500 -25.000
v 23.500 12.500 -25.500
v 23.500 15.000 -25.000
v 23.500 15.500 -25.000
v 23.500 15.500 -24.500
v 23.500 16.000 -24.500
v 23.500 16.000 -23.500
v 23.500 14.000 -24.000
v 23.500 16.000 -24.000
v 23.500 16.500 -24.000
v 23.500 16.500 -23.500
v 23.500 15.000 -23.500
v 23.500 17.500 -21.500
v 23.500 16.000 -21.500
v 23.500 16.000 -22.500
v 23.500 15.500 -22.500
v 23.500 12.500 -21.500
v 23.500 12.500 -20.500
v 23.500 16.500 -20.500
v 23.500 16.500 -21.500
v 23.500 19.500 -21.500
v 23.500 19.500 -20.500
v 23.500 22.000 -20.500
v 28.875 11.500 -19.125
v 28.875 12.500 -19.125
v 28.875 16.500 -19.125
v 28.875 -0.500 -20.875
v 28.875 10.500 -20.875
v 28.875 12.500 -20.875
v 28.875 13.500 -20.875
v 28.875 14.500 -20.875
v 28.875 15.500 -20.875
v 28.875 17.500 -20.875
v 28.875 18.500 -20.875
v 28.875 19.500 -20.875
v 28.875 20.500 -20.875
v 28.875 11.500 -18.125
v 28.875 12.500 -18.125
v 28.875 16.500 -18.125
v 17.125 16.500 -30.125
v 23.125 11.500 -30.125
v 23.125 12.500 -30.125
v 17.125 -0.500 -20.875
v 23.125 -0.500 -20.875
v 22.500 12.500 -29.500
v 15.500 16.500 -31.500
v 15.500 16.500 -32.500
v 15.500 16.500 -30.500
v 17.125 16.500 -30.875
v 15.500 16.500 -29.500
v 17.125 16.500 -29.875
v 15.500 16.500 -28.500
v 15.500 16.500 -27.500
v 15.500 16.500 -23.500
v 16.500 16.500 -24.000
v 22.500 16.500 -24.000
v 15.500 16.500 -21.500
v 18.500 16.500 -21.500
v 20.500 16.500 -21.500
v 21.500 16.500 -21.500
v 22.500 16.500 -21.500
v 15.500 16.500 -20.500
v 22.500 16.500 -20.500
v 15.500 16.500 -18.500
v 16.500 16.500 -18.500
v 16.500 16.500 -16.500
v 17.500 16.500 -16.500
v 17.500 16.500 -19.500
v 18.500 16.500 -20.500
v 19.500 16.500 -20.500
v 21.500 16.500 -20.500
v 22.500 16.500 -16.500
v 23.500 16.500 -16.500
v 23.500 16.500 -19.500
v 26.500 16.500 -19.500
v 26.500 16.500 -20.500
v 28.500 16.500 -19.500
v 28.500 16.500 -16.500
v 18.500 16.500 -16.500
v 23.500 16.500 -17.500
v 27.500 16.500 -17.500
v 27.500 16.500 -19.500
v 28.500 16.500 -17.500
v 15.500 16.500 -16.500
v 27.500 16.500 -16.500
v 23.125 11.500 -30.875
v 23.125 12.500 -30.875
v 23.125 11.500 -29.875
v 23.125 12.500 -29.875
v 23.125 10.500 -20.875
v 23.125 12.500 -20.875
v 23.125 13.500 -20.875
v 23.125 14.500 -20.875
v 23.125 15.500 -20.875
v 23.125 17.500 -20.875
v 23.125 18.500 -20.875
v 23.125 19.500 -20.875
v 23.125 20.500 -20.875
v 22.500 12.000 -25.500
v 22.500 12.500 -25.500
v 22.500 15.000 -25.500
v 23.500 11.500 -21.500
v 18.500 11.500 -21.500
v 18.500 11.000 -21.500
v 17.500 11.000 -21.500
v 18.000 11.000 -21.500
v 22.500 11.500 -21.500
v 22.500 11.000 -21.500
v 22.000 11.000 -21.500
v 22.500 15.500 -21.500
v 29.500 16.500 -21.500
v 22.500 19.500 -21.500
v 28.500 11.500 -21.500
v 28.500 11.000 -21.500
v 23.500 11.000 -21.500
v 22.500 13.000 -25.000
v 22.500 12.500 -25.000
v 22.500 14.000 -25.000
v 17.500 14.000 -25.000
v 22.500 15.000 -25.000
v 22.500 15.500 -25.000
v 19.500 11.500 -32.500
v 19.500 12.000 -27.500
v 19.500 12.000 -26.500
v 19.500 11.000 -26.500
v 19.500 11.000 -27.500
v 19.500 11.000 -27.000
v 19.500 10.500 -27.000
v 19.500 12.000 -27.000
v 19.500 12.500 -27.000
v 19.500 12.500 -26.500
v 19.500 13.000 -26.500
v 19.500 13.000 -25.500
v 19.500 12.000 -25.500
v 19.500 12.000 -26.000
v 19.500 11.500 -26.000
v 19.500 11.500 -26.500
v 19.500 13.000 -26.000
v 19.500 13.500 -26.000
v 19.500 13.500 -25.500
v 19.500 14.000 -25.500
v 19.500 14.000 -24.500
v 19.500 13.000 -24.500
v 19.500 13.000 -25.000
v 19.500 12.500 -25.000
v 19.500 12.500 -25.500
v 19.500 14.000 -25.000
v 19.500 14.500 -25.000
v 19.500 14.500 -24.500
v 19.500 15.000 -24.500
v 19.500 15.000 -23.500
v 19.500 14.000 -23.500
v 19.500 14.000 -24.000
v 19.500 13.500 -24.000
v 19.500 13.500 -24.500
v 19.500 15.000 -24.000
v 19.500 15.500 -24.000
v 19.500 15.500 -23.500
v 19.500 16.000 -23.500
v 19.500 16.000 -22.500
v 19.500 15.000 -22.500
v 19.500 15.000 -23.000
v 19.500 14.500 -23.000
v 19.500 14.500 -23.500
v 19.500 16.000 -23.000
v 19.500 16.500 -23.000
v 19.500 16.500 -22.500
v 22.500 12.000 -26.500
v 17.125 10.500 -20.875
v 17.125 12.500 -20.875
v 17.125 13.500 -20.875
v 17.125 14.500 -20.875
v 17.125 15.500 -20.875
v 17.125 17.500 -20.875
v 17.125 18.500 -20.875
v 17.125 19.500 -20.875
v 17.125 20.500 -20.875
v 23.875 11.500 -20.875
v 23.875 12.500 -20.875
v 23.875 16.500 -20.875
v 26.125 11.500 -20.875
v 26.125 12.500 -20.875
v 26.125 16.500 -20.875
v 26.875 11.500 -20.875
v 26.875 12.500 -20.875
v 26.875 16.500 -20.875
v 28.125 11.500 -20.875
v 28.125 12.500 -20.875
v 28.125 16.500 -20.875
v 23.500 11.000 -21.000
v 28.500 11.000 -21.000
v 16.500 16.000 -29.500
v 16.500 16.000 -32.500
v 16.500 16.000 -24.500
v 16.500 16.000 -23.500
v 22.500 16.000 -24.500
v 17.500 16.000 -22.500
v 22.500 16.000 -22.500
v 16.500 16.000 -21.500
v 16.500 16.000 -22.500
v 17.500 16.000 -21.500
v 22.500 16.000 -21.500
v 15.500 11.500 -23.500
v 15.500 11.500 -27.500
v 15.500 15.500 -27.500
v 15.500 15.500 -23.500
v 15.500 10.500 -22.500
v 15.500 11.500 -22.500
v 15.500 15.500 -22.500
v 15.500 16.500 -22.500
v 15.500 22.000 -20.500
v 16.875 6.500 -28.875
v 17.125 6.500 -28.875
v 17.125 6.500 -29.125
v 16.875 6.500 -29.125
v 22.875 6.500 -28.875
v 23.125 6.500 -28.875
v 23.125 6.500 -29.125
v 22.875 6.500 -29.125
v 16.875 6.500 -20.875
v 17.125 6.500 -20.875
v 17.125 6.500 -21.125
v 16.875 6.500 -21.125
v 22.875 6.500 -20.875
v 23.125 6.500 -20.875
v 23.125 6.500 -21.125
v 22.875 6.500 -21.125
v 28.875 6.500 -20.875
v 29.125 6.500 -20.875
v 29.125 6.500 -21.125
v 28.875 6.500 -21.125
v 16.875 2.500 -28.875
v 17.125 2.500 -28.875
v 17.125 2.500 -29.125
v 16.875 2.500 -29.125
v 22.875 2.500 -28.875
v 23.125 2.500 -28.875
v 23.125 2.500 -29.125
v 22.875 2.500 -29.125
v 16.875 2.500 -20.875
v 17.125 2.500 -20.875
v 17.125 2.500 -21.125
v 16.875 2.500 -21.125
v 22.875 2.500 -20.875
v 23.125 2.500 -20.875
v 23.125 2.500 -21.125
v 22.875 2.500 -21.125
v 28.875 2.500 -20.875
v 29.125 2.500 -20.875
v 29.125 2.500 -21.125
v 28.875 2.500 -21.125
v 15.500 21.500 -17.500
v 16.500 21.500 -17.500
v 16.500 22.000 -17.500
v 15.500 22.000 -17.500
v 23.500 21.500 -17.500
v 24.500 21.500 -17.500
v 24.500 22.000 -17.500
v 23.500 22.000 -17.500
v 27.500 21.500 -17.500
v 28.500 21.500 -17.500
v 28.500 22.000 -17.500
v 27.500 22.000 -17.500
v 29.500 11.500 -17.500
v 28.500 11.000 -17.500
v 29.500 11.000 -17.500
v 29.000 11.000 -17.500
v 29.000 10.500 -17.500
v 22.500 11.500 -32.500
v 22.500 11.500 -29.500
v 22.500 11.500 -28.500
v 22.500 13.500 -26.500
v 22.500 14.500 -25.500
v 22.500 15.000 -24.500
v 22.500 15.500 -24.500
v 22.500 14.000 -24.000
v 22.500 16.000 -24.000
v 22.500 16.500 -23.500
v 22.500 15.000 -23.500
v 22.500 11.500 -20.500
v 22.500 19.500 -20.500
v 22.000 11.000 -20.500
v 17.500 11.000 -32.500
v 16.500 11.000 -32.500
v 22.500 11.000 -32.500
v 26.500 11.500 -21.500
v 26.500 11.500 -20.500
v 26.500 11.000 -20.500
v 26.500 11.000 -21.500
v 26.500 11.000 -21.000
v 26.500 10.500 -21.000
v 26.500 21.500 -19.500
v 26.500 21.500 -20.500
v 26.500 22.000 -20.500
v 26.500 22.000 -19.500
v 24.500 22.500 -18.500
v 27.500 22.500 -18.500
v 24.500 22.500 -17.500
v 25.500 22.500 -17.500
v 25.500 22.500 -18.500
v 26.500 22.500 -17.500
v 26.500 22.500 -18.500
v 27.500 22.500 -17.500
v 23.500 11.500 -28.500
v 15.500 15.500 -31.500
v 15.500 15.500 -32.500
v 15.500 15.500 -30.500
v 15.500 15.500 -29.500
v 15.500 15.500 -28.500
v 17.500 15.500 -24.000
v 22.500 15.500 -24.000
v 15.500 15.500 -21.500
v 18.500 15.500 -21.500
v 20.500 15.500 -21.500
v 21.500 15.500 -21.500
v 15.500 15.500 -20.500
v 16.500 15.500 -18.500
v 15.500 15.500 -18.500
v 16.500 15.500 -20.500
v 17.500 15.500 -16.500
v 16.500 15.500 -16.500
v 17.500 15.500 -20.500
v 17.500 15.500 -19.500
v 18.500 15.500 -20.500
v 19.500 15.500 -20.500
v 21.500 15.500 -20.500
v 22.500 15.500 -16.500
v 22.500 15.500 -20.500
v 23.500 15.500 -16.500
v 23.500 15.500 -20.500
v 26.500 15.500 -19.500
v 23.500 15.500 -19.500
v 26.500 15.500 -20.500
v 28.500 15.500 -19.500
v 28.500 15.500 -20.500
v 28.500 15.500 -16.500
v 18.500 15.500 -16.500
v 27.500 15.500 -17.500
v 23.500 15.500 -17.500
v 27.500 15.500 -19.500
v 28.500 15.500 -17.500
v 15.500 15.500 -16.500
v 27.500 15.500 -16.500
v 17.500 11.000 -29.500
v 16.500 11.000 -29.500
v 22.500 11.000 -29.500
v 16.500 11.000 -28.500
v 17.500 11.000 -28.500
v 22.500 11.000 -28.500
v 18.500 11.000 -20.500
v 17.500 11.000 -20.500
v 22.500 11.000 -20.500
v 28.500 11.000 -20.500
v 23.500 11.000 -20.500
v 23.500 11.500 -20.500
v 18.500 11.500 -20.500
v 20.500 11.500 -20.500
v 17.500 11.000 -28.000
v 16.500 11.000 -28.000
v 22.500 11.000 -28.000
v 18.500 12.000 -27.500
v 18.500 12.000 -26.500
v 18.500 11.000 -26.500
v 18.500 11.000 -27.500
v 18.500 11.000 -27.000
v 18.500 10.500 -27.000
v 18.500 10.500 -27.500
v 18.500 12.000 -27.000
v 18.500 12.500 -27.000
v 18.500 12.500 -26.500
v 18.500 13.000 -26.500
v 18.500 13.000 -25.500
v 18.500 12.000 -25.500
v 18.500 12.000 -26.000
v 18.500 11.500 -26.000
v 18.500 11.500 -26.500
v 18.500 13.000 -26.000
v 18.500 13.500 -26.000
v 18.500 13.500 -25.500
v 18.500 14.000 -25.500
v 18.500 14.000 -24.500
v 18.500 13.000 -24.500
v 18.500 13.000 -25.000
v 18.500 12.500 -25.000
v 18.500 12.500 -25.500
v 18.500 14.000 -25.000
v 18.500 14.500 -25.000
v 18.500 14.500 -24.500
v 18.500 15.000 -24.500
v 18.500 15.000 -23.500
v 18.500 14.000 -23.500
v 18.500 14.000 -24.000
v 18.500 13.500 -24.000
v 18.500 13.500 -24.500
v 18.500 15.000 -24.000
v 18.500 15.500 -24.000
v 18.500 15.500 -23.500
v 18.500 16.000 -23.500
v 18.500 16.000 -22.500
v 18.500 15.000 -22.500
v 18.500 15.000 -23.000
v 18.500 14.500 -23.000
v 18.500 14.500 -23.500
v 18.500 16.000 -23.000
v 18.500 16.500 -23.000
v 18.000 11.000 -20.500
v 16.500 16.000 -24.000
v 22.500 15.000 -24.000
v 17.500 15.000 -24.000
v 15.500 11.500 -31.500
v 15.500 11.500 -32.500
v 21.500 11.500 -31.500
v 21.500 11.500 -32.500
v 15.500 11.500 -30.500
v 19.500 11.500 -30.500
v 20.500 11.500 -30.500
v 15.500 11.500 -29.500
v 18.500 11.500 -29.500
v 18.500 11.500 -30.500
v 20.500 11.500 -29.500
v 21.500 11.500 -29.500
v 21.500 11.500 -30.500
v 15.500 11.500 -28.500
v 19.500 11.500 -28.500
v 20.500 11.500 -28.500
v 15.500 11.500 -21.500
v 15.500 11.500 -20.500
v 15.500 11.500 -19.500
v 16.500 11.500 -19.500
v 16.500 11.500 -16.500
v 17.500 11.500 -16.500
v 17.500 11.500 -18.500
v 18.500 11.500 -18.500
v 20.500 11.500 -18.500
v 20.500 11.500 -19.500
v 22.500 11.500 -19.500
v 22.500 11.500 -16.500
v 23.500 11.500 -16.500
v 23.500 11.500 -18.500
v 25.500 11.500 -18.500
v 26.500 11.500 -18.500
v 26.500 11.500 -19.500
v 27.500 11.500 -19.500
v 15.500 11.500 -17.500
v 16.500 11.500 -17.500
v 21.500 11.500 -18.500
v 21.500 11.500 -19.500
v 22.500 11.500 -18.500
v 17.500 11.500 -17.500
v 22.500 11.500 -17.500
v 23.500 11.500 -17.500
v 15.500 11.500 -16.500
v 18.500 11.500 -16.500
v 18.500 11.500 -17.500
v 21.500 11.500 -16.500
v 21.500 11.500 -17.500
v 0.500 11.500 -15.500
v 0.500 11.500 -14.500
v 0.500 11.000 -14.500
v 0.500 11.000 -15.500
v 0.500 11.000 -15.000
v 0.500 10.500 -15.000
v 0.500 10.500 -15.500
v 1.500 11.500 -15.500
v 1.500 11.500 -14.500
v 1.500 11.000 -14.500
v 1.500 11.000 -15.500
v 0.500 11.000 -14.500
v 2.500 11.500 -15.500
v 2.500 11.500 -14.500
v 2.500 11.000 -14.500
v 2.500 11.000 -15.500
v 1.500 11.500 -14.500
v 1.500 11.500 -15.500
v 1.500 11.000 -15.500
v 1.500 11.000 -14.500
v 2.500 11.000 -15.000
v 2.500 10.500 -15.000
v 2.500 10.500 -15.500
v 3.500 11.500 -15.500
v 3.500 11.500 -14.500
v 3.500 11.000 -14.500
v 3.500 11.000 -15.500
v 3.500 11.000 -15.000
v 3.500 10.500 -15.000
v 3.500 10.500 -15.500
v -0.500 15.500 -12.500
v -0.500 15.500 -13.500
v -0.500 15.000 -13.500
v -0.500 15.000 -12.500
v 0.500 15.500 -13.500
v 0.500 15.500 -12.500
v 0.500 15.000 -12.500
v 0.500 15.000 -13.500
v -0.500 15.000 -13.000
v -0.500 14.500 -13.000
v -0.500 14.500 -12.500
v 0.500 15.000 -13.000
v 0.500 14.500 -12.500
v 0.500 14.500 -13.000
v 0.500 15.500 -12.500
v 0.500 16.000 -13.500
v 0.500 16.000 -12.500
v 0.500 16.000 -13.000
v 0.500 16.500 -13.500
v 0.500 16.500 -13.000
v 0.500 15.500 -12.500
v 0.500 15.000 -13.500
v 0.500 15.000 -12.500
v 0.500 15.000 -13.000
v 0.500 14.500 -13.000
v 0.500 15.500 -13.500
v 0.500 16.000 -13.500
v 0.500 16.500 -13.500
v 1.500 15.500 -12.500
v 1.500 15.500 -13.500
v 1.500 15.000 -13.500
v 1.500 15.000 -12.500
v 1.500 15.000 -13.000
v 1.500 14.500 -13.000
v 1.500 14.500 -12.500
v 1.500 15.500 -13.500
v 1.500 16.000 -12.500
v 1.500 16.000 -13.500
v 1.500 16.000 -13.000
v 1.500 16.500 -13.000
v 1.500 16.500 -13.500
v -0.500 14.500 -11.500
v -0.500 14.500 -12.500
v -0.500 14.000 -12.500
v -0.500 14.000 -11.500
v 0.500 14.500 -12.500
v 0.500 14.500 -11.500
v 0.500 14.000 -11.500
v 0.500 14.000 -12.500
v -0.500 14.000 -12.000
v -0.500 13.500 -12.000
v -0.500 13.500 -11.500
v 0.500 14.000 -12.000
v 0.500 13.500 -11.500
v 0.500 13.500 -12.000
v 0.500 14.500 -11.500
v 0.500 15.000 -12.500
v 0.500 15.000 -11.500
v 0.500 15.000 -12.000
v 0.500 15.500 -12.000
v 0.500 14.500 -11.500
v 0.500 14.000 -12.500
v 0.500 14.000 -11.500
v 0.500 14.000 -12.000
v 0.500 13.500 -12.000
v 0.500 14.500 -12.500
v 0.500 15.000 -12.500
v 1.500 14.500 -11.500
v 1.500 14.500 -12.500
v 1.500 14.000 -12.500
v 1.500 14.000 -11.500
v 1.500 14.000 -12.000
v 1.500 13.500 -12.000
v 1.500 13.500 -11.500
v 1.500 14.500 -12.500
v 1.500 15.000 -11.500
v 1.500 15.000 -12.500
v 1.500 15.000 -12.000
v 1.500 15.500 -12.000
v 1.500 15.500 -12.500
v -0.500 13.500 -10.500
v -0.500 13.500 -11.500
v -0.500 13.000 -11.500
v -0.500 13.000 -10.500
v 0.500 13.500 -11.500
v 0.500 13.500 -10.500
v 0.500 13.000 -10.500
v 0.500 13.000 -11.500
v -0.500 13.000 -11.000
v -0.500 12.500 -11.000
v -0.500 12.500 -10.500
v 0.500 13.000 -11.000
v 0.500 12.500 -10.500
v 0.500 12.500 -11.000
v 0.500 13.500 -10.500
v 0.500 14.000 -11.500
v 0.500 14.000 -10.500
v 0.500 14.000 -11.000
v 0.500 14.500 -11.000
v 0.500 13.500 -10.500
v 0.500 13.000 -11.500
v 0.500 13.000 -10.500
v 0.500 13.000 -11.000
v 0.500 12.500 -11.000
v 0.500 13.500 -11.500
v 0.500 14.000 -11.500
v 1.500 13.500 -10.500
v 1.500 13.500 -11.500
v 1.500 13.000 -11.500
v 1.500 13.000 -10.500
v 1.500 13.000 -11.000
v 1.500 12.500 -11.000
v 1.500 12.500 -10.500
v 1.500 13.500 -11.500
v 1.500 14.000 -10.500
v 1.500 14.000 -11.500
v 1.500 14.000 -11.000
v 1.500 14.500 -11.000
v 1.500 14.500 -11.500
v -0.500 12.500 -9.500
v -0.500 12.500 -10.500
v -0.500 12.000 -10.500
v -0.500 12.000 -9.500
v 0.500 12.500 -10.500
v 0.500 12.500 -9.500
v 0.500 12.000 -9.500
v 0.500 12.000 -10.500
v -0.500 12.000 -10.000
v -0.500 11.500 -10.000
v -0.500 11.500 -9.500
v 0.500 12.000 -10.000
v 0.500 11.500 -9.500
v 0.500 11.500 -10.000
v 0.500 12.500 -9.500
v 0.500 13.000 -10.500
v 0.500 13.000 -9.500
v 0.500 13.000 -10.000
v 0.500 13.500 -10.000
v 0.500 12.500 -9.500
v 0.500 12.000 -10.500
v 0.500 12.000 -9.500
v 0.500 12.000 -10.000
v 0.500 11.500 -10.000
v 0.500 12.500 -10.500
v 0.500 13.000 -10.500
v 1.500 12.500 -9.500
v 1.500 12.500 -10.500
v 1.500 12.000 -10.500
v 1.500 12.000 -9.500
v 1.500 12.000 -10.000
v 1.500 11.500 -10.000
v 1.500 11.500 -9.500
v 1.500 12.500 -10.500
v 1.500 13.000 -9.500
v 1.500 13.000 -10.500
v 1.500 13.000 -10.000
v 1.500 13.500 -10.000
v 1.500 13.500 -10.500
v -0.500 11.500 -8.500
v -0.500 11.500 -9.500
v -0.500 11.000 -9.500
v -0.500 11.000 -8.500
v 0.500 11.500 -9.500
v 0.500 11.500 -8.500
v 0.500 11.000 -8.500
v 0.500 11.000 -9.500
v -0.500 11.000 -9.000
v -0.500 10.500 -9.000
v -0.500 10.500 -8.500
v 0.500 11.000 -9.000
v 0.500 10.500 -8.500
v 0.500 10.500 -9.000
v 0.500 11.500 -8.500
v 0.500 12.000 -9.500
v 0.500 12.000 -8.500
v 0.500 12.000 -9.000
v 0.500 12.500 -9.000
v 0.500 11.500 -8.500
v 0.500 11.000 -9.500
v 0.500 11.000 -8.500
v 0.500 11.000 -9.000
v 0.500 10.500 -9.000
v 0.500 11.500 -9.500
v 0.500 12.000 -9.500
v 1.500 11.500 -8.500
v 1.500 11.500 -9.500
v 1.500 11.000 -9.500
v 1.500 11.000 -8.500
v 1.500 11.000 -9.000
v 1.500 10.500 -9.000
v 1.500 10.500 -8.500
v 1.500 11.500 -9.500
v 1.500 12.000 -8.500
v 1.500 12.000 -9.500
v 1.500 12.000 -9.000
v 1.500 12.500 -9.000
v 1.500 12.500 -9.500
v 0.500 16.500 -7.500
v 0.500 16.500 -6.500
v 0.500 16.000 -6.500
v 0.500 16.000 -7.500
v 0.500 16.000 -7.000
v 0.500 15.500 -6.500
v 0.500 15.500 -7.000
v 0.500 16.500 -6.500
v 0.500 16.000 -7.500
v 0.500 16.000 -6.500
v 0.500 16.000 -7.000
v 0.500 15.500 -7.000
v 1.500 16.500 -6.500
v 1.500 16.500 -7.500
v 1.500 16.000 -7.500
v 1.500 16.000 -6.500
v 1.500 16.000 -7.000
v 1.500 15.500 -7.000
v 1.500 15.500 -6.500
v 0.500 11.500 -1.500
v 0.500 11.500 -0.500
v 0.500 11.000 -0.500
v 0.500 11.000 -1.500
v 0.500 11.000 -1.000
v 0.500 10.500 -1.000
v 0.500 10.500 -1.500
v 0.500 16.500 -1.500
v 0.500 16.500 -0.500
v 0.500 16.000 -0.500
v 0.500 16.000 -1.500
v 0.500 16.000 -1.000
v 0.500 15.500 -1.000
v 0.500 15.500 -1.500
v 1.500 11.500 -1.500
v 1.500 11.500 -0.500
v 1.500 11.000 -0.500
v 1.500 11.000 -1.500
v 0.500 11.500 -0.500
v 0.500 11.000 -0.500
v 1.500 16.500 -1.500
v 1.500 16.500 -0.500
v 1.500 16.000 -0.500
v 1.500 16.000 -1.500
v 0.500 16.500 -0.500
v 0.500 16.000 -0.500
v 2.500 11.500 -1.500
v 2.500 11.500 -0.500
v 2.500 11.000 -0.500
v 2.500 11.000 -1.500
v 1.500 11.500 -0.500
v 1.500 11.500 -1.500
v 1.500 11.000 -1.500
v 1.500 11.000 -0.500
v 2.500 11.000 -1.000
v 2.500 10.500 -1.000
v 2.500 10.500 -1.500
v 2.500 16.500 -1.500
v 2.500 16.500 -0.500
v 2.500 16.000 -0.500
v 2.500 16.000 -1.500
v 1.500 16.500 -0.500
v 1.500 16.500 -1.500
v 1.500 16.000 -1.500
v 1.500 16.000 -0.500
v 2.500 16.000 -1.000
v 2.500 15.500 -1.000
v 2.500 15.500 -1.500
v 3.500 11.500 -1.500
v 3.500 11.500 -0.500
v 3.500 11.000 -0.500
v 3.500 11.000 -1.500
v 3.500 11.000 -1.000
v 3.500 10.500 -1.000
v 3.500 10.500 -1.500
v 3.500 16.500 -1.500
v 3.500 16.500 -0.500
v 3.500 16.000 -0.500
v 3.500 16.000 -1.500
v 3.500 16.000 -1.000
v 3.500 15.500 -1.000
v 3.500 15.500 -1.500
v 6.500 11.500 -0.500
v 5.500 11.500 -0.500
v 5.500 11.000 -0.500
v 6.500 11.000 -0.500
v 6.500 16.500 -0.500
v 5.500 16.500 -0.500
v 5.500 16.000 -0.500
v 6.500 16.000 -0.500
v 10.500 11.500 -0.500
v 9.500 11.500 -0.500
v 9.500 11.000 -0.500
v 10.500 11.000 -0.500
v 10.000 11.000 -0.500
v 10.000 10.500 -0.500
v 10.500 10.500 -0.500
v 10.500 16.500 -0.500
v 9.500 16.500 -0.500
v 9.500 16.000 -0.500
v 10.500 16.000 -0.500
v 10.000 16.000 -0.500
v 10.000 15.500 -0.500
v 10.500 15.500 -0.500
v 4.875 5.500 -14.875
v 5.125 5.500 -14.875
v 5.125 5.500 -15.125
v 4.875 5.500 -15.125
v 10.875 5.500 -14.875
v 11.125 5.500 -14.875
v 11.125 5.500 -15.125
v 10.875 5.500 -15.125
v 4.875 5.500 -6.875
v 5.125 5.500 -6.875
v 5.125 5.500 -7.125
v 4.875 5.500 -7.125
v 10.875 5.500 -6.875
v 11.125 5.500 -6.875
v 11.125 5.500 -7.125
v 10.875 5.500 -7.125
v 4.875 5.500 -0.875
v 5.125 5.500 -0.875
v 5.125 5.500 -1.125
v 4.875 5.500 -1.125
v 10.875 5.500 -0.875
v 11.125 5.500 -0.875
v 11.125 5.500 -1.125
v 10.875 5.500 -1.125
v 4.500 11.000 -1.000
v -0.500 11.000 -1.000
v -0.500 10.500 -1.000
v 4.500 10.500 -1.000
v 4.500 16.000 -1.000
v -0.500 16.000 -1.000
v -0.500 15.500 -1.000
v 4.500 15.500 -1.000
v 15.500 16.000 -1.000
v 11.500 16.000 -1.000
v 11.500 15.500 -1.000
v 15.500 15.500 -1.000
v 4.875 7.500 -14.875
v 5.125 7.500 -14.875
v 5.125 7.500 -15.125
v 4.875 7.500 -15.125
v 10.875 7.500 -14.875
v 11.125 7.500 -14.875
v 11.125 7.500 -15.125
v 10.875 7.500 -15.125
v 4.875 7.500 -6.875
v 5.125 7.500 -6.875
v 5.125 7.500 -7.125
v 4.875 7.500 -7.125
v 10.875 7.500 -6.875
v 11.125 7.500 -6.875
v 11.125 7.500 -7.125
v 10.875 7.500 -7.125
v 4.875 7.500 -0.875
v 5.125 7.500 -0.875
v 5.125 7.500 -1.125
v 4.875 7.500 -1.125
v 10.875 7.500 -0.875
v 11.125 7.500 -0.875
v 11.125 7.500 -1.125
v 10.875 7.500 -1.125
v -0.125 11.500 -15.125
v -0.125 11.500 -14.875
v -0.125 12.500 -14.875
v -0.125 12.500 -15.125
v -0.125 16.500 -7.125
v -0.125 16.500 -6.875
v -0.125 17.500 -6.875
v -0.125 17.500 -7.125
v 4.125 11.500 -14.875
v 4.125 11.500 -15.125
v 4.125 12.500 -15.125
v 4.125 12.500 -14.875
v 4.125 16.500 -6.875
v 4.125 16.500 -7.125
v 4.125 17.500 -7.125
v 4.125 17.500 -6.875
v 4.875 1.500 -14.875
v 5.125 1.500 -14.875
v 5.125 1.500 -15.125
v 4.875 1.500 -15.125
v 10.875 1.500 -14.875
v 11.125 1.500 -14.875
v 11.125 1.500 -15.125
v 10.875 1.500 -15.125
v 4.875 1.500 -6.875
v 5.125 1.500 -6.875
v 5.125 1.500 -7.125
v 4.875 1.500 -7.125
v 10.875 1.500 -6.875
v 11.125 1.500 -6.875
v 11.125 1.500 -7.125
v 10.875 1.500 -7.125
v 4.875 1.500 -0.875
v 5.125 1.500 -0.875
v 5.125 1.500 -1.125
v 4.875 1.500 -1.125
v 10.875 1.500 -0.875
v 11.125 1.500 -0.875
v 11.125 1.500 -1.125
v 10.875 1.500 -1.125
v 4.875 3.500 -14.875
v 5.125 3.500 -14.875
v 5.125 3.500 -15.125
v 4.875 3.500 -15.125
v 10.875 3.500 -14.875
v 11.125 3.500 -14.875
v 11.125 3.500 -15.125
v 10.875 3.500 -15.125
v 4.875 3.500 -6.875
v 5.125 3.500 -6.875
v 5.125 3.500 -7.125
v 4.875 3.500 -7.125
v 10.875 3.500 -6.875
v 11.125 3.500 -6.875
v 11.125 3.500 -7.125
v 10.875 3.500 -7.125
v 4.875 3.500 -0.875
v 5.125 3.500 -0.875
v 5.125 3.500 -1.125
v 4.875 3.500 -1.125
v 10.875 3.500 -0.875
v 11.125 3.500 -0.875
v 11.125 3.500 -1.125
v 10.875 3.500 -1.125
v 2.875 11.500 -15.125
v 2.875 11.500 -14.875
v 2.875 12.500 -14.875
v 2.875 12.500 -15.125
v 2.875 16.500 -7.125
v 2.875 16.500 -6.875
v 2.875 17.500 -6.875
v 2.875 17.500 -7.125
v 10.875 -0.500 -15.125
v 10.875 -0.500 -14.875
v 10.875 10.500 -14.875
v 10.875 10.500 -15.125
v 10.875 12.500 -15.125
v 10.875 12.500 -14.875
v 10.875 13.500 -14.875
v 10.875 13.500 -15.125
v 10.875 14.500 -15.125
v 10.875 14.500 -14.875
v 10.875 15.500 -14.875
v 10.875 15.500 -15.125
v 10.875 17.500 -15.125
v 10.875 17.500 -14.875
v 10.875 18.500 -14.875
v 10.875 18.500 -15.125
v 10.875 19.500 -15.125
v 10.875 19.500 -14.875
v 10.875 20.500 -14.875
v 10.875 20.500 -15.125
v 10.875 -0.500 -7.125
v 10.875 -0.500 -6.875
v 10.875 10.500 -6.875
v 10.875 10.500 -7.125
v 10.875 12.500 -7.125
v 10.875 12.500 -6.875
v 10.875 13.500 -6.875
v 10.875 13.500 -7.125
v 10.875 14.500 -7.125
v 10.875 14.500 -6.875
v 10.875 15.500 -6.875
v 10.875 15.500 -7.125
v 10.875 17.500 -7.125
v 10.875 17.500 -6.875
v 10.875 18.500 -6.875
v 10.875 18.500 -7.125
v 10.875 -0.500 -1.125
v 10.875 -0.500 -0.875
v 10.875 10.500 -0.875
v 10.875 10.500 -1.125
v 10.875 12.500 -1.125
v 10.875 12.500 -0.875
v 10.875 13.500 -0.875
v 10.875 13.500 -1.125
v 10.875 14.500 -1.125
v 10.875 14.500 -0.875
v 10.875 15.500 -0.875
v 10.875 15.500 -1.125
v 10.875 17.500 -1.125
v 10.875 17.500 -0.875
v 10.875 18.500 -0.875
v 10.875 18.500 -1.125
v 10.875 19.500 -1.125
v 10.875 19.500 -0.875
v 10.875 20.500 -0.875
v 10.875 20.500 -1.125
v 4.500 11.500 -14.500
v -0.500 11.500 -14.500
v -0.500 11.000 -14.500
v 4.500 11.000 -14.500
v -0.500 20.500 -14.500
v 5.500 20.500 -14.500
v 5.500 21.500 -14.500
v -0.500 21.500 -14.500
v 4.500 10.500 -14.500
v 5.500 10.500 -14.500
v 5.500 11.500 -14.500
v 10.500 11.500 -14.500
v 10.500 12.500 -14.500
v 4.500 12.500 -14.500
v 4.500 13.500 -14.500
v 5.500 13.500 -14.500
v 5.500 14.500 -14.500
v 4.500 14.500 -14.500
v 4.500 15.500 -14.500
v 5.500 15.500 -14.500
v 5.500 16.500 -14.500
v 4.500 16.500 -14.500
v 4.500 18.500 -14.500
v 5.500 18.500 -14.500
v 5.500 19.500 -14.500
v 4.500 19.500 -14.500
v 6.500 11.500 -14.500
v 5.500 11.000 -14.500
v 6.500 11.000 -14.500
v 6.000 11.000 -14.500
v 6.000 10.500 -14.500
v 6.500 16.500 -14.500
v 5.500 16.000 -14.500
v 6.500 16.000 -14.500
v 6.000 16.000 -14.500
v 6.000 15.500 -14.500
v 10.500 16.500 -14.500
v 10.500 17.500 -14.500
v 5.500 17.500 -14.500
v 9.500 11.500 -14.500
v 9.500 11.000 -14.500
v 10.500 11.000 -14.500
v 10.000 11.000 -14.500
v 10.000 10.500 -14.500
v 10.500 10.500 -14.500
v 9.500 16.500 -14.500
v 9.500 16.000 -14.500
v 10.500 16.000 -14.500
v 10.000 16.000 -14.500
v 10.000 15.500 -14.500
v 10.500 15.500 -14.500
v 11.500 10.500 -14.500
v 11.500 11.500 -14.500
v 10.500 13.500 -14.500
v 11.500 13.500 -14.500
v 11.500 14.500 -14.500
v 10.500 14.500 -14.500
v 11.500 15.500 -14.500
v 11.500 16.500 -14.500
v 10.500 18.500 -14.500
v 11.500 18.500 -14.500
v 11.500 19.500 -14.500
v 10.500 19.500 -14.500
v 10.500 20.500 -14.500
v 15.500 20.500 -14.500
v 15.500 21.500 -14.500
v 10.500 21.500 -14.500
v 5.125 -0.500 -14.875
v 5.125 -0.500 -15.125
v 5.125 10.500 -15.125
v 5.125 10.500 -14.875
v 5.125 12.500 -14.875
v 5.125 12.500 -15.125
v 5.125 13.500 -15.125
v 5.125 13.500 -14.875
v 5.125 14.500 -14.875
v 5.125 14.500 -15.125
v 5.125 15.500 -15.125
v 5.125 15.500 -14.875
v 5.125 17.500 -14.875
v 5.125 17.500 -15.125
v 5.125 18.500 -15.125
v 5.125 18.500 -14.875
v 5.125 19.500 -14.875
v 5.125 19.500 -15.125
v 5.125 20.500 -15.125
v 5.125 20.500 -14.875
v 5.125 -0.500 -6.875
v 5.125 -0.500 -7.125
v 5.125 10.500 -7.125
v 5.125 10.500 -6.875
v 5.125 12.500 -6.875
v 5.125 12.500 -7.125
v 5.125 13.500 -7.125
v 5.125 13.500 -6.875
v 5.125 14.500 -6.875
v 5.125 14.500 -7.125
v 5.125 15.500 -7.125
v 5.125 15.500 -6.875
v 5.125 17.500 -6.875
v 5.125 17.500 -7.125
v 5.125 18.500 -7.125
v 5.125 18.500 -6.875
v 5.125 -0.500 -0.875
v 5.125 -0.500 -1.125
v 5.125 10.500 -1.125
v 5.125 10.500 -0.875
v 5.125 12.500 -0.875
v 5.125 12.500 -1.125
v 5.125 13.500 -1.125
v 5.125 13.500 -0.875
v 5.125 14.500 -0.875
v 5.125 14.500 -1.125
v 5.125 15.500 -1.125
v 5.125 15.500 -0.875
v 5.125 17.500 -0.875
v 5.125 17.500 -1.125
v 5.125 18.500 -1.125
v 5.125 18.500 -0.875
v 5.125 19.500 -0.875
v 5.125 19.500 -1.125
v 5.125 20.500 -1.125
v 5.125 20.500 -0.875
v 4.875 9.500 -14.875
v 5.125 9.500 -14.875
v 5.125 9.500 -15.125
v 4.875 9.500 -15.125
v 10.875 9.500 -14.875
v 11.125 9.500 -14.875
v 11.125 9.500 -15.125
v 10.875 9.500 -15.125
v 4.875 9.500 -6.875
v 5.125 9.500 -6.875
v 5.125 9.500 -7.125
v 4.875 9.500 -7.125
v 10.875 9.500 -6.875
v 11.125 9.500 -6.875
v 11.125 9.500 -7.125
v 10.875 9.500 -7.125
v 4.875 9.500 -0.875
v 5.125 9.500 -0.875
v 5.125 9.500 -1.125
v 4.875 9.500 -1.125
v 10.875 9.500 -0.875
v 11.125 9.500 -0.875
v 11.125 9.500 -1.125
v 10.875 9.500 -1.125
v 0.500 21.500 -16.500
v -0.500 21.500 -16.500
v -0.500 22.000 -16.500
v 0.500 22.000 -16.500
v 4.500 21.500 -16.500
v 3.500 21.500 -16.500
v 3.500 22.000 -16.500
v 4.500 22.000 -16.500
v 9.500 15.500 -16.500
v 6.500 15.500 -16.500
v 6.500 16.500 -16.500
v 9.500 16.500 -16.500
v 12.500 21.500 -16.500
v 11.500 21.500 -16.500
v 11.500 22.000 -16.500
v 12.500 22.000 -16.500
v 4.500 14.000 -10.500
v -0.500 14.000 -10.500
v 4.500 12.500 -10.500
v 4.500 13.500 -10.500
v 5.500 13.500 -10.500
v 5.500 15.000 -10.500
v 4.500 15.000 -10.500
v -0.500 13.500 -10.500
v 4.500 12.000 -10.500
v 5.500 12.000 -10.500
v 4.500 16.000 -14.000
v 5.500 16.000 -14.000
v 5.500 15.500 -14.000
v 4.500 15.500 -14.000
v 11.500 11.000 -14.000
v 10.500 11.000 -14.000
v 10.500 10.500 -14.000
v 11.500 10.500 -14.000
v 11.500 16.000 -14.000
v 10.500 16.000 -14.000
v 10.500 15.500 -14.000
v 11.500 15.500 -14.000
v 3.125 11.500 -14.875
v 3.125 11.500 -15.125
v 3.125 12.500 -15.125
v 3.125 12.500 -14.875
v 3.125 16.500 -6.875
v 3.125 16.500 -7.125
v 3.125 17.500 -7.125
v 3.125 17.500 -6.875
v 4.500 16.000 -12.500
v -0.500 16.000 -12.500
v 4.500 14.500 -12.500
v 4.500 15.500 -12.500
v 5.500 15.500 -12.500
v 5.500 17.000 -12.500
v 4.500 17.000 -12.500
v -0.500 15.500 -12.500
v 4.500 14.000 -12.500
v 5.500 14.000 -12.500
v 5.500 20.500 -16.500
v 5.500 21.500 -16.500
v 5.500 10.500 -15.500
v 5.500 11.500 -15.500
v 5.500 13.500 -15.500
v 5.500 14.500 -15.500
v 5.500 15.500 -15.500
v 5.500 16.500 -15.500
v 5.500 18.500 -15.500
v 5.500 19.500 -15.500
v 5.500 17.500 -13.500
v 5.500 16.000 -13.500
v 5.500 15.500 -13.500
v 5.500 17.000 -13.500
v 5.500 15.000 -12.500
v 5.500 15.000 -13.500
v 5.500 15.000 -13.000
v 5.500 14.500 -12.500
v 5.500 14.500 -13.000
v 5.500 17.000 -13.000
v 5.500 17.500 -13.000
v 5.500 16.000 -12.500
v 5.500 16.000 -11.500
v 5.500 14.000 -11.500
v 5.500 14.000 -12.000
v 5.500 13.500 -11.500
v 5.500 13.500 -12.000
v 5.500 16.000 -12.000
v 5.500 16.500 -12.500
v 5.500 16.500 -12.000
v 5.500 15.000 -11.500
v 5.500 13.000 -10.500
v 5.500 13.000 -11.500
v 5.500 13.000 -11.000
v 5.500 12.500 -10.500
v 5.500 12.500 -11.000
v 5.500 15.000 -11.000
v 5.500 15.500 -11.500
v 5.500 15.500 -11.000
v 5.500 14.000 -10.500
v 5.500 14.000 -9.500
v 5.500 12.000 -9.500
v 5.500 12.000 -10.000
v 5.500 11.500 -9.500
v 5.500 11.500 -10.000
v 5.500 14.000 -10.000
v 5.500 14.500 -10.500
v 5.500 14.500 -10.000
v 5.500 11.500 -8.500
v 5.500 13.000 -9.500
v 5.500 13.000 -8.500
v 5.500 13.000 -9.000
v 5.500 13.500 -9.500
v 5.500 13.500 -9.000
v 5.500 12.500 -8.500
v 5.500 12.500 -7.500
v 5.500 11.000 -7.500
v 5.500 11.000 -8.500
v 5.500 11.000 -8.000
v 5.500 10.500 -7.500
v 5.500 10.500 -8.000
v 5.500 10.500 -6.500
v 5.500 11.500 -7.500
v 5.500 11.500 -6.500
v 5.500 13.500 -6.500
v 5.500 13.500 -7.500
v 5.500 14.500 -7.500
v 5.500 14.500 -6.500
v 5.500 15.500 -6.500
v 5.500 15.500 -7.500
v 5.500 16.500 -7.500
v 5.500 16.500 -6.500
v 5.500 18.500 -6.500
v 5.500 18.500 -7.500
v 5.500 19.500 -7.500
v 5.500 19.500 -6.500
v 5.500 10.500 -0.500
v 5.500 10.500 -1.500
v 5.500 11.500 -1.500
v 5.500 13.500 -0.500
v 5.500 13.500 -1.500
v 5.500 14.500 -1.500
v 5.500 14.500 -0.500
v 5.500 15.500 -0.500
v 5.500 15.500 -1.500
v 5.500 16.500 -1.500
v 5.500 18.500 -0.500
v 5.500 18.500 -1.500
v 5.500 19.500 -1.500
v 5.500 19.500 -0.500
v 5.500 20.500 -0.500
v 5.500 20.500 -1.500
v 5.500 21.500 -1.500
v 5.500 21.500 -0.500
v -0.500 21.500 -15.500
v 4.500 21.500 -15.500
v 5.500 21.500 -15.500
v 10.500 21.500 -15.500
v 11.500 21.500 -15.500
v 10.500 21.500 -16.500
v 15.500 21.500 -15.500
v 15.500 21.500 -16.500
v -0.500 21.500 -0.500
v -0.500 21.500 -1.500
v 10.500 21.500 -0.500
v 15.500 21.500 -0.500
v 15.500 21.500 -1.500
v 10.500 21.500 -1.500
v 3.500 21.500 -15.500
v 3.500 22.000 -15.500
v 3.500 11.000 -15.500
v 3.500 10.500 -15.500
v 3.500 16.000 -13.500
v 3.500 16.000 -12.500
v 3.500 15.000 -12.500
v 3.500 15.000 -13.500
v 3.500 15.000 -13.000
v 3.500 14.500 -12.500
v 3.500 14.500 -13.000
v 3.500 16.000 -13.000
v 3.500 16.500 -13.500
v 3.500 16.500 -13.000
v 3.500 15.000 -11.500
v 3.500 14.000 -11.500
v 3.500 14.000 -12.500
v 3.500 14.000 -12.000
v 3.500 13.500 -11.500
v 3.500 13.500 -12.000
v 3.500 15.000 -12.000
v 3.500 15.500 -12.500
v 3.500 15.500 -12.000
v 3.500 14.000 -10.500
v 3.500 13.000 -10.500
v 3.500 13.000 -11.500
v 3.500 13.000 -11.000
v 3.500 12.500 -10.500
v 3.500 12.500 -11.000
v 3.500 14.000 -11.000
v 3.500 14.500 -11.500
v 3.500 14.500 -11.000
v 3.500 13.000 -9.500
v 3.500 12.000 -9.500
v 3.500 12.000 -10.500
v 3.500 12.000 -10.000
v 3.500 11.500 -9.500
v 3.500 11.500 -10.000
v 3.500 13.000 -10.000
v 3.500 13.500 -10.500
v 3.500 13.500 -10.000
v 3.500 12.000 -8.500
v 3.500 11.000 -8.500
v 3.500 11.000 -9.500
v 3.500 11.000 -9.000
v 3.500 10.500 -8.500
v 3.500 10.500 -9.000
v 3.500 12.000 -9.000
v 3.500 12.500 -9.500
v 3.500 12.500 -9.000
v 3.500 16.500 -7.500
v 3.500 16.500 -6.500
v 3.500 16.000 -6.500
v 3.500 16.000 -7.500
v 3.500 16.000 -7.000
v 3.500 15.500 -6.500
v 3.500 15.500 -7.000
v 3.500 11.500 -0.500
v 3.500 11.000 -1.500
v 3.500 11.000 -0.500
v 3.500 10.500 -1.500
v 3.500 16.500 -0.500
v 3.500 16.000 -1.500
v 3.500 16.000 -0.500
v 3.500 15.500 -1.500
v 4.500 13.000 -9.500
v -0.500 13.000 -9.500
v 4.500 11.500 -9.500
v 4.500 12.500 -9.500
v 5.500 12.500 -9.500
v 4.500 14.000 -9.500
v -0.500 12.500 -9.500
v 4.500 11.000 -9.500
v 4.500 12.000 -10.000
v 4.500 11.500 -10.000
v -0.500 13.000 -10.000
v 4.500 13.000 -10.000
v 4.500 13.500 -10.000
v -0.500 13.500 -10.000
v 4.500 14.000 -10.000
v 4.500 14.500 -10.000
v 1.875 11.500 -15.125
v 1.875 11.500 -14.875
v 1.875 12.500 -14.875
v 1.875 12.500 -15.125
v 1.875 16.500 -7.125
v 1.875 16.500 -6.875
v 1.875 17.500 -6.875
v 1.875 17.500 -7.125
v 1.500 21.500 -15.500
v 1.500 21.500 -16.500
v 1.500 22.000 -16.500
v 1.500 22.000 -15.500
v 1.500 11.000 -15.000
v 1.500 10.500 -15.000
v 1.500 10.500 -15.500
v 1.500 16.000 -13.500
v 1.500 15.000 -12.500
v 1.500 14.500 -13.000
v 1.500 16.500 -13.500
v 1.500 14.000 -11.500
v 1.500 13.500 -12.000
v 1.500 13.000 -10.500
v 1.500 12.500 -11.000
v 1.500 12.000 -9.500
v 1.500 11.500 -10.000
v 1.500 11.000 -8.500
v 1.500 10.500 -8.500
v 1.500 10.500 -9.000
v 1.500 16.000 -6.500
v 1.500 15.500 -6.500
v 1.500 15.500 -7.000
v 1.500 11.000 -1.000
v 1.500 10.500 -1.000
v 1.500 10.500 -1.500
v 1.500 16.000 -1.000
v 1.500 15.500 -1.000
v 1.500 15.500 -1.500
v 4.500 14.000 -12.000
v 4.500 13.500 -12.000
v -0.500 15.000 -12.000
v 4.500 15.000 -12.000
v 4.500 15.500 -12.000
v -0.500 15.500 -12.000
v 4.500 16.000 -12.000
v 4.500 16.500 -12.000
v 4.500 11.000 -9.000
v 4.500 10.500 -9.000
v -0.500 12.000 -9.000
v 4.500 12.000 -9.000
v 4.500 12.500 -9.000
v -0.500 12.500 -9.000
v 4.500 13.000 -9.000
v 4.500 13.500 -9.000
v 6.500 15.500 -5.500
v 9.500 15.500 -5.500
v 9.500 16.500 -5.500
v 6.500 16.500 -5.500
v -0.500 16.500 -7.500
v 4.500 16.500 -7.500
v 4.500 16.000 -7.500
v -0.500 16.000 -7.500
v 4.500 10.500 -7.500
v 4.500 11.500 -7.500
v 4.500 13.500 -7.500
v 4.500 14.500 -7.500
v 4.500 15.500 -7.500
v 10.500 16.500 -7.500
v 4.500 17.500 -7.500
v 10.500 17.500 -7.500
v 4.500 18.500 -7.500
v 4.500 19.500 -7.500
v 6.500 11.500 -7.500
v 6.500 11.000 -7.500
v 6.000 11.000 -7.500
v 6.000 10.500 -7.500
v 10.500 11.500 -7.500
v 10.500 12.500 -7.500
v 6.500 16.500 -7.500
v 6.500 16.000 -7.500
v 5.500 16.000 -7.500
v 6.000 16.000 -7.500
v 6.000 15.500 -7.500
v 9.500 11.500 -7.500
v 10.500 11.000 -7.500
v 9.500 11.000 -7.500
v 10.000 11.000 -7.500
v 10.500 10.500 -7.500
v 10.000 10.500 -7.500
v 9.500 16.500 -7.500
v 10.500 16.000 -7.500
v 9.500 16.000 -7.500
v 10.000 16.000 -7.500
v 10.500 15.500 -7.500
v 10.000 15.500 -7.500
v 11.500 10.500 -7.500
v 11.500 11.500 -7.500
v 11.500 13.500 -7.500
v 10.500 13.500 -7.500
v 10.500 14.500 -7.500
v 11.500 14.500 -7.500
v 11.500 15.500 -7.500
v 11.500 16.500 -7.500
v 11.500 18.500 -7.500
v 10.500 18.500 -7.500
v 10.500 19.500 -7.500
v 11.500 19.500 -7.500
v -0.500 10.500 -1.500
v 2.500 10.500 -1.500
v -0.500 11.500 -1.500
v -0.500 15.500 -1.500
v 4.500 15.500 -1.500
v 4.500 16.500 -1.500
v -0.500 16.500 -1.500
v 4.500 10.500 -1.500
v 4.500 11.500 -1.500
v 9.500 10.500 -1.500
v 9.500 11.500 -1.500
v 10.500 15.500 -1.500
v 10.500 16.500 -1.500
v 10.500 10.500 -1.500
v 10.500 11.500 -1.500
v 11.500 15.500 -1.500
v 13.500 15.500 -1.500
v 13.500 16.500 -1.500
v 11.500 16.500 -1.500
v 15.500 15.500 -1.500
v 15.500 16.500 -1.500
v -0.500 20.500 -1.500
v 11.500 11.500 -1.500
v 4.500 12.500 -1.500
v 11.500 12.500 -1.500
v 4.500 13.500 -1.500
v 4.500 14.500 -1.500
v 4.500 17.500 -1.500
v 11.500 17.500 -1.500
v 4.500 18.500 -1.500
v 4.500 19.500 -1.500
v 11.500 13.500 -1.500
v 10.500 13.500 -1.500
v 10.500 14.500 -1.500
v 11.500 14.500 -1.500
v 11.500 18.500 -1.500
v 10.500 18.500 -1.500
v 10.500 19.500 -1.500
v 11.500 19.500 -1.500
v 15.500 20.500 -1.500
v 10.500 20.500 -1.500
v -0.500 16.000 -7.000
v 4.500 16.000 -7.000
v 4.500 15.500 -7.000
v -0.500 15.500 -7.000
v 0.125 16.500 -6.875
v 0.125 17.500 -6.875
v 0.875 16.500 -6.875
v 1.125 16.500 -6.875
v 1.125 17.500 -6.875
v 0.875 17.500 -6.875
v 2.125 16.500 -6.875
v 2.125 17.500 -6.875
v 3.875 16.500 -6.875
v 3.875 17.500 -6.875
v 4.875 -0.500 -6.875
v 4.875 10.500 -6.875
v 4.875 12.500 -6.875
v 4.875 13.500 -6.875
v 4.875 14.500 -6.875
v 4.875 15.500 -6.875
v 4.875 17.500 -6.875
v 4.875 18.500 -6.875
v 11.125 -0.500 -6.875
v 11.125 10.500 -6.875
v 11.125 12.500 -6.875
v 11.125 13.500 -6.875
v 11.125 14.500 -6.875
v 11.125 15.500 -6.875
v 11.125 17.500 -6.875
v 11.125 18.500 -6.875
v 9.500 11.500 -15.500
v 9.500 11.000 -15.500
v 9.500 16.500 -15.500
v 9.500 16.000 -15.500
v 9.500 11.500 -6.500
v 9.500 11.000 -6.500
v 9.500 16.500 -6.500
v 9.500 16.000 -6.500
v 9.500 15.500 -2.500
v 9.500 16.500 -2.500
v 9.500 11.000 -1.500
v 9.500 16.500 -1.500
v 9.500 16.000 -1.500
v 0.125 16.500 -7.125
v 0.125 17.500 -7.125
v 1.125 16.500 -7.125
v 0.875 16.500 -7.125
v 0.875 17.500 -7.125
v 1.125 17.500 -7.125
v 2.125 16.500 -7.125
v 2.125 17.500 -7.125
v 3.875 16.500 -7.125
v 3.875 17.500 -7.125
v 4.875 -0.500 -7.125
v 4.875 10.500 -7.125
v 4.875 12.500 -7.125
v 4.875 13.500 -7.125
v 4.875 14.500 -7.125
v 4.875 15.500 -7.125
v 4.875 17.500 -7.125
v 4.875 18.500 -7.125
v 11.125 -0.500 -7.125
v 11.125 10.500 -7.125
v 11.125 12.500 -7.125
v 11.125 13.500 -7.125
v 11.125 14.500 -7.125
v 11.125 15.500 -7.125
v 11.125 17.500 -7.125
v 11.125 18.500 -7.125
v 4.875 -0.500 -0.875
v 4.875 10.500 -0.875
v 4.875 12.500 -0.875
v 4.875 13.500 -0.875
v 4.875 14.500 -0.875
v 4.875 15.500 -0.875
v 4.875 17.500 -0.875
v 4.875 18.500 -0.875
v 4.875 19.500 -0.875
v 4.875 20.500 -0.875
v 11.125 -0.500 -0.875
v 11.125 10.500 -0.875
v 11.125 12.500 -0.875
v 11.125 13.500 -0.875
v 11.125 14.500 -0.875
v 11.125 15.500 -0.875
v 11.125 17.500 -0.875
v 11.125 18.500 -0.875
v 11.125 19.500 -0.875
v 11.125 20.500 -0.875
v 2.125 11.500 -14.875
v 2.125 11.500 -15.125
v 2.125 12.500 -15.125
v 2.125 12.500 -14.875
v 4.875 -0.500 -15.125
v 4.875 -0.500 -14.875
v 4.875 10.500 -14.875
v 4.875 10.500 -15.125
v 4.875 12.500 -15.125
v 4.875 12.500 -14.875
v 4.875 13.500 -14.875
v 4.875 13.500 -15.125
v 4.875 14.500 -15.125
v 4.875 14.500 -14.875
v 4.875 15.500 -14.875
v 4.875 15.500 -15.125
v 4.875 17.500 -15.125
v 4.875 17.500 -14.875
v 4.875 18.500 -14.875
v 4.875 18.500 -15.125
v 4.875 19.500 -15.125
v 4.875 19.500 -14.875
v 4.875 20.500 -14.875
v 4.875 20.500 -15.125
v 4.875 -0.500 -1.125
v 4.875 10.500 -1.125
v 4.875 12.500 -1.125
v 4.875 13.500 -1.125
v 4.875 14.500 -1.125
v 4.875 15.500 -1.125
v 4.875 17.500 -1.125
v 4.875 18.500 -1.125
v 4.875 19.500 -1.125
v 4.875 20.500 -1.125
v 11.125 -0.500 -14.875
v 11.125 -0.500 -15.125
v 11.125 -0.500 -1.125
v 1.125 11.500 -14.875
v 1.125 11.500 -15.125
v 1.125 12.500 -15.125
v 1.125 12.500 -14.875
v 4.500 14.500 -15.500
v 11.500 14.500 -15.500
v 10.500 14.500 -15.500
v 4.500 14.500 -13.000
v 4.500 14.500 -11.000
v -0.500 14.500 -11.000
v 4.500 14.500 -11.500
v -0.500 14.500 -11.500
v 5.500 14.500 -11.500
v 4.500 14.500 -6.500
v 10.500 14.500 -6.500
v 11.500 14.500 -6.500
v 4.500 14.500 -0.500
v 10.500 14.500 -0.500
v 11.500 14.500 -0.500
v -0.500 16.500 -15.500
v 3.500 16.500 -15.500
v 3.500 16.500 -16.500
v -0.500 16.500 -16.500
v 4.500 16.500 -15.500
v 4.500 16.500 -16.500
v 5.500 16.500 -16.500
v 10.500 16.500 -15.500
v 10.500 16.500 -16.500
v 11.500 16.500 -15.500
v 11.500 16.500 -16.500
v 12.500 16.500 -15.500
v 12.500 16.500 -16.500
v 15.500 16.500 -15.500
v 15.500 16.500 -16.500
v -0.500 16.500 -14.500
v 15.500 16.500 -14.500
v -0.500 16.500 -13.500
v 1.500 16.500 -14.500
v 2.500 16.500 -13.500
v 2.500 16.500 -14.500
v 3.500 16.500 -14.500
v 4.500 16.500 -13.500
v 5.500 16.500 -13.500
v 11.500 16.500 -12.500
v 12.500 16.500 -12.500
v 12.500 16.500 -14.500
v 13.500 16.500 -12.500
v 13.500 16.500 -14.500
v 13.500 16.500 -13.500
v 15.500 16.500 -13.500
v 4.500 16.500 -13.000
v -0.500 16.500 -13.500
v -0.500 16.500 -13.000
v 13.500 16.500 -10.500
v 14.500 16.500 -10.500
v 14.500 16.500 -13.500
v 14.500 16.500 -9.500
v 15.500 16.500 -9.500
v 11.500 16.500 -11.500
v 13.500 16.500 -11.500
v 11.500 16.500 -10.500
v 12.500 16.500 -10.500
v 12.500 16.500 -11.500
v 11.500 16.500 -9.500
v 11.500 16.500 -8.500
v 12.500 16.500 -8.500
v 12.500 16.500 -9.500
v 15.500 16.500 -8.500
v 13.500 16.500 -7.500
v 13.500 16.500 -8.500
v 14.500 16.500 -7.500
v 14.500 16.500 -8.500
v 15.500 16.500 -7.500
v 4.500 16.500 -6.500
v -0.500 16.500 -6.500
v 10.500 16.500 -6.500
v 11.500 16.500 -6.500
v 15.500 16.500 -6.500
v 5.500 16.500 -5.500
v 10.500 16.500 -5.500
v 11.500 16.500 -5.500
v 12.500 16.500 -5.500
v 12.500 16.500 -6.500
v 15.500 16.500 -5.500
v 5.500 16.500 -2.500
v 6.500 16.500 -2.500
v 10.500 16.500 -2.500
v 11.500 16.500 -4.500
v 12.500 16.500 -4.500
v 13.500 16.500 -4.500
v 13.500 16.500 -5.500
v 15.500 16.500 -4.500
v 11.500 16.500 -3.500
v 13.500 16.500 -3.500
v 15.500 16.500 -3.500
v 11.500 16.500 -2.500
v 12.500 16.500 -2.500
v 12.500 16.500 -3.500
v 15.500 16.500 -2.500
v 13.500 16.500 -2.500
v -0.500 16.500 -0.500
v 4.500 16.500 -0.500
v 10.500 16.500 -0.500
v 11.500 16.500 -0.500
v 15.500 16.500 -0.500
v 11.500 22.000 -15.500
v 11.500 11.500 -6.500
v 11.500 11.500 -15.500
v 11.500 12.500 -15.500
v 11.500 12.500 -6.500
v 11.500 13.500 -15.500
v 11.500 17.500 -15.500
v 11.500 17.500 -6.500
v 11.500 18.500 -15.500
v 11.500 19.500 -15.500
v 11.500 10.500 -12.500
v 11.500 11.500 -12.500
v 11.500 15.500 -12.500
v 11.500 10.500 -11.500
v 11.500 11.500 -11.500
v 11.500 15.500 -11.500
v 11.500 10.500 -9.500
v 11.500 11.500 -9.500
v 11.500 15.500 -9.500
v 11.500 13.500 -6.500
v 11.500 18.500 -6.500
v 11.500 19.500 -6.500
v 11.500 11.500 -0.500
v 11.500 12.500 -0.500
v 11.500 13.500 -0.500
v 11.500 15.500 -0.500
v 11.500 17.500 -0.500
v 11.500 18.500 -0.500
v 11.500 19.500 -0.500
v 4.500 18.500 -15.500
v 10.500 18.500 -15.500
v 4.500 18.500 -6.500
v 10.500 18.500 -6.500
v 4.500 18.500 -0.500
v 10.500 18.500 -0.500
v 3.875 11.500 -15.125
v 3.875 11.500 -14.875
v 3.875 12.500 -14.875
v 3.875 12.500 -15.125
v 4.500 12.000 -9.500
v 4.500 12.000 -8.500
v -0.500 12.000 -9.500
v -0.500 12.000 -8.500
v 0.500 10.500 -15.500
v -0.500 10.500 -15.500
v -0.500 10.500 -16.500
v 0.500 10.500 -16.500
v 1.500 10.500 -16.500
v 3.500 10.500 -16.500
v 4.500 10.500 -15.500
v 4.500 10.500 -16.500
v 5.500 10.500 -16.500
v 6.500 10.500 -15.500
v 6.500 10.500 -16.500
v 8.500 10.500 -15.500
v 8.500 10.500 -16.500
v 9.500 10.500 -15.500
v 9.500 10.500 -16.500
v 10.500 10.500 -15.500
v 10.500 10.500 -16.500
v 11.500 10.500 -15.500
v 11.500 10.500 -16.500
v 15.500 10.500 -15.500
v 15.500 10.500 -16.500
v -0.500 10.500 -15.000
v 4.500 10.500 -15.000
v 6.000 10.500 -15.500
v 10.000 10.500 -15.500
v 15.500 10.500 -14.500
v 12.500 10.500 -12.500
v 12.500 10.500 -14.500
v 13.500 10.500 -12.500
v 13.500 10.500 -14.500
v 15.500 10.500 -13.500
v 13.500 10.500 -13.500
v 14.500 10.500 -10.500
v 13.500 10.500 -10.500
v 14.500 10.500 -13.500
v 15.500 10.500 -9.500
v 14.500 10.500 -9.500
v 13.500 10.500 -11.500
v 12.500 10.500 -10.500
v 11.500 10.500 -10.500
v 12.500 10.500 -11.500
v 4.500 10.500 -8.500
v 12.500 10.500 -8.500
v 11.500 10.500 -8.500
v 12.500 10.500 -9.500
v 15.500 10.500 -8.500
v 0.500 10.500 -7.500
v -0.500 10.500 -7.500
v -0.500 10.500 -8.500
v 0.500 10.500 -8.500
v 1.500 10.500 -7.500
v 3.500 10.500 -7.500
v 4.500 10.500 -8.000
v 11.500 10.500 -8.000
v 10.500 10.500 -8.000
v 13.500 10.500 -7.500
v 13.500 10.500 -8.500
v 14.500 10.500 -7.500
v 14.500 10.500 -8.500
v 15.500 10.500 -7.500
v -0.500 10.500 -6.500
v 6.000 10.500 -6.500
v 10.500 10.500 -6.500
v 10.000 10.500 -6.500
v 15.500 10.500 -6.500
v 0.500 10.500 -5.500
v -0.500 10.500 -5.500
v 0.500 10.500 -6.500
v 2.500 10.500 -5.500
v 2.500 10.500 -6.500
v 4.500 10.500 -5.500
v 4.500 10.500 -6.500
v 4.500 10.500 -0.500
v 6.500 10.500 -5.500
v 5.500 10.500 -5.500
v 6.500 10.500 -6.500
v 7.500 10.500 -5.500
v 7.500 10.500 -6.500
v 9.500 10.500 -5.500
v 9.500 10.500 -6.500
v 10.500 10.500 -5.500
v 11.500 10.500 -1.500
v 11.500 10.500 -6.500
v 13.500 10.500 -5.500
v 11.500 10.500 -5.500
v 13.500 10.500 -6.500
v 14.500 10.500 -4.500
v 13.500 10.500 -4.500
v 14.500 10.500 -6.500
v 15.500 10.500 -4.500
v 2.500 10.500 -4.500
v -0.500 10.500 -4.500
v 3.500 10.500 -4.500
v 3.500 10.500 -5.500
v 4.500 10.500 -4.500
v 6.500 10.500 -3.500
v 5.500 10.500 -3.500
v 7.500 10.500 -3.500
v 8.500 10.500 -4.500
v 7.500 10.500 -4.500
v 8.500 10.500 -5.500
v 10.500 10.500 -4.500
v 12.500 10.500 -1.500
v 12.500 10.500 -5.500
v 12.500 10.500 -4.500
v 4.500 10.500 -3.500
v -0.500 10.500 -3.500
v 9.500 10.500 -3.500
v 9.500 10.500 -4.500
v 10.500 10.500 -3.500
v 14.500 10.500 -3.500
v 12.500 10.500 -3.500
v 15.500 10.500 -3.500
v 2.500 10.500 -2.500
v -0.500 10.500 -2.500
v 2.500 10.500 -3.500
v 4.500 10.500 -2.500
v 6.500 10.500 -2.500
v 5.500 10.500 -2.500
v 7.500 10.500 -2.500
v 10.500 10.500 -2.500
v 13.500 10.500 -1.500
v 13.500 10.500 -3.500
v 15.500 10.500 -1.500
v 9.500 10.500 -2.500
v 6.000 10.500 -0.500
v 6.000 10.500 -1.500
v 10.000 10.500 -1.500
v 15.500 10.500 -0.500
v 13.500 21.500 -15.500
v 13.500 21.500 -16.500
v 13.500 22.000 -16.500
v 13.500 22.000 -15.500
v 13.500 16.500 -0.500
v 13.500 16.000 -0.500
v 13.500 16.000 -1.500
v 13.500 16.000 -1.000
v 13.500 15.500 -1.000
v 13.500 16.500 -0.500
v 13.500 16.000 -0.500
v 4.500 14.000 -11.500
v -0.500 14.000 -11.500
v 0.125 12.500 -14.875
v 0.125 12.500 -15.125
v 0.875 12.500 -14.875
v 0.875 12.500 -15.125
v 11.500 12.500 -14.500
v 4.500 12.500 -15.500
v 11.500 12.500 -7.500
v 4.500 12.500 -11.000
v -0.500 12.500 -9.500
v 4.500 12.500 -7.500
v 4.500 12.500 -6.500
v 4.500 12.500 -0.500
v 15.500 22.000 -16.500
v 15.500 22.000 -15.500
v 15.500 16.000 -0.500
v 15.500 16.000 -1.500
v 5.500 16.000 -15.500
v 6.500 16.000 -15.500
v 10.500 16.000 -15.500
v 4.500 16.000 -13.500
v 4.500 16.000 -14.500
v 10.500 16.000 -13.500
v 11.500 16.000 -14.500
v 11.500 16.000 -13.500
v -0.500 16.000 -13.500
v 4.500 16.000 -11.500
v 11.500 16.000 -8.500
v 11.500 16.000 -7.500
v 10.500 16.000 -8.500
v 4.500 16.000 -6.500
v -0.500 16.000 -6.500
v 6.500 16.000 -6.500
v 5.500 16.000 -6.500
v 10.500 16.000 -6.500
v -0.500 16.000 -0.500
v -0.500 16.000 -1.500
v 4.500 16.000 -1.500
v 4.500 16.000 -0.500
v 5.500 16.000 -1.500
v 6.500 16.000 -1.500
v 10.500 16.000 -1.500
v 11.500 16.000 -0.500
v 11.500 16.000 -1.500
v 11.125 10.500 -15.125
v 11.125 10.500 -14.875
v 11.125 12.500 -14.875
v 11.125 12.500 -15.125
v 11.125 13.500 -15.125
v 11.125 13.500 -14.875
v 11.125 14.500 -14.875
v 11.125 14.500 -15.125
v 11.125 15.500 -15.125
v 11.125 15.500 -14.875
v 11.125 17.500 -14.875
v 11.125 17.500 -15.125
v 11.125 18.500 -15.125
v 11.125 18.500 -14.875
v 11.125 19.500 -14.875
v 11.125 19.500 -15.125
v 11.125 20.500 -15.125
v 11.125 20.500 -14.875
v 11.125 10.500 -1.125
v 11.125 12.500 -1.125
v 11.125 13.500 -1.125
v 11.125 14.500 -1.125
v 11.125 15.500 -1.125
v 11.125 17.500 -1.125
v 11.125 18.500 -1.125
v 11.125 19.500 -1.125
v 11.125 20.500 -1.125
v 4.875 4.500 -14.875
v 5.125 4.500 -14.875
v 5.125 4.500 -15.125
v 4.875 4.500 -15.125
v 10.875 4.500 -14.875
v 11.125 4.500 -14.875
v 11.125 4.500 -15.125
v 10.875 4.500 -15.125
v 4.875 4.500 -6.875
v 5.125 4.500 -6.875
v 5.125 4.500 -7.125
v 4.875 4.500 -7.125
v 10.875 4.500 -6.875
v 11.125 4.500 -6.875
v 11.125 4.500 -7.125
v 10.875 4.500 -7.125
v 4.875 4.500 -0.875
v 5.125 4.500 -0.875
v 5.125 4.500 -1.125
v 4.875 4.500 -1.125
v 10.875 4.500 -0.875
v 11.125 4.500 -0.875
v 11.125 4.500 -1.125
v 10.875 4.500 -1.125
v 4.875 6.500 -14.875
v 5.125 6.500 -14.875
v 5.125 6.500 -15.125
v 4.875 6.500 -15.125
v 10.875 6.500 -14.875
v 11.125 6.500 -14.875
v 11.125 6.500 -15.125
v 10.875 6.500 -15.125
v 4.875 6.500 -6.875
v 5.125 6.500 -6.875
v 5.125 6.500 -7.125
v 4.875 6.500 -7.125
v 10.875 6.500 -6.875
v 11.125 6.500 -6.875
v 11.125 6.500 -7.125
v 10.875 6.500 -7.125
v 4.875 6.500 -0.875
v 5.125 6.500 -0.875
v 5.125 6.500 -1.125
v 4.875 6.500 -1.125
v 10.875 6.500 -0.875
v 11.125 6.500 -0.875
v 11.125 6.500 -1.125
v 10.875 6.500 -1.125
v 4.875 0.500 -14.875
v 5.125 0.500 -14.875
v 5.125 0.500 -15.125
v 4.875 0.500 -15.125
v 10.875 0.500 -14.875
v 11.125 0.500 -14.875
v 11.125 0.500 -15.125
v 10.875 0.500 -15.125
v 4.875 0.500 -6.875
v 5.125 0.500 -6.875
v 5.125 0.500 -7.125
v 4.875 0.500 -7.125
v 10.875 0.500 -6.875
v 11.125 0.500 -6.875
v 11.125 0.500 -7.125
v 10.875 0.500 -7.125
v 4.875 0.500 -0.875
v 5.125 0.500 -0.875
v 5.125 0.500 -1.125
v 4.875 0.500 -1.125
v 10.875 0.500 -0.875
v 11.125 0.500 -0.875
v 11.125 0.500 -1.125
v 10.875 0.500 -1.125
v 4.875 2.500 -14.875
v 5.125 2.500 -14.875
v 5.125 2.500 -15.125
v 4.875 2.500 -15.125
v 10.875 2.500 -14.875
v 11.125 2.500 -14.875
v 11.125 2.500 -15.125
v 10.875 2.500 -15.125
v 4.875 2.500 -6.875
v 5.125 2.500 -6.875
v 5.125 2.500 -7.125
v 4.875 2.500 -7.125
v 10.875 2.500 -6.875
v 11.125 2.500 -6.875
v 11.125 2.500 -7.125
v 10.875 2.500 -7.125
v 4.875 2.500 -0.875
v 5.125 2.500 -0.875
v 5.125 2.500 -1.125
v 4.875 2.500 -1.125
v 10.875 2.500 -0.875
v 11.125 2.500 -0.875
v 11.125 2.500 -1.125
v 10.875 2.500 -1.125
v 0.500 21.500 -15.500
v 0.500 22.000 -15.500
v 0.500 11.000 -15.000
v 0.500 11.000 -1.000
v 0.500 10.500 -1.500
v 0.500 16.000 -1.000
v 0.500 15.500 -1.500
v 4.875 8.500 -14.875
v 5.125 8.500 -14.875
v 5.125 8.500 -15.125
v 4.875 8.500 -15.125
v 10.875 8.500 -14.875
v 11.125 8.500 -14.875
v 11.125 8.500 -15.125
v 10.875 8.500 -15.125
v 4.875 8.500 -6.875
v 5.125 8.500 -6.875
v 5.125 8.500 -7.125
v 4.875 8.500 -7.125
v 10.875 8.500 -6.875
v 11.125 8.500 -6.875
v 11.125 8.500 -7.125
v 10.875 8.500 -7.125
v 4.875 8.500 -0.875
v 5.125 8.500 -0.875
v 5.125 8.500 -1.125
v 4.875 8.500 -1.125
v 10.875 8.500 -0.875
v 11.125 8.500 -0.875
v 11.125 8.500 -1.125
v 10.875 8.500 -1.125
v -0.500 15.500 -13.500
v 2.500 15.500 -13.500
v 3.500 15.500 -13.500
v 4.500 15.500 -13.500
v 4.500 17.500 -13.500
v 11.500 11.500 -13.500
v 10.500 11.500 -13.500
v 10.500 11.000 -13.500
v 11.500 11.000 -13.500
v 11.500 16.500 -13.500
v 10.500 16.500 -13.500
v 4.500 15.000 -13.500
v -0.500 11.500 -15.500
v 4.500 22.000 -15.500
v -0.500 22.000 -15.500
v 4.500 11.500 -15.500
v 6.500 11.500 -15.500
v 10.500 15.500 -15.500
v 8.500 11.500 -15.500
v 10.500 11.500 -15.500
v 4.500 13.500 -15.500
v 4.500 17.500 -15.500
v 4.500 19.500 -15.500
v 10.500 13.500 -15.500
v 10.500 19.500 -15.500
v 0.125 11.500 -14.875
v 0.875 11.500 -14.875
v 4.500 11.000 -15.000
v -0.500 11.000 -15.000
v 6.500 11.000 -15.500
v 6.500 16.500 -15.500
v 6.500 11.500 -6.500
v 6.500 11.000 -6.500
v 6.500 16.500 -6.500
v 6.500 15.500 -2.500
v 6.500 11.500 -1.500
v 6.500 11.000 -1.500
v 6.500 16.500 -1.500
v 4.500 15.000 -11.500
v -0.500 15.000 -11.500
v 4.500 13.500 -11.500
v -0.500 14.500 -11.500
v 4.500 13.000 -11.500
v 4.500 15.000 -12.500
v 4.500 15.000 -13.000
v 4.500 17.000 -13.500
v 4.500 17.000 -13.000
v 4.500 17.500 -13.000
v 4.500 16.500 -12.500
v 4.500 13.000 -10.500
v 4.500 13.000 -11.000
v 4.500 15.000 -11.000
v 4.500 15.500 -11.000
v 4.500 15.500 -11.500
v 4.500 14.500 -10.500
v 4.500 11.500 -8.500
v 4.500 11.000 -8.500
v 4.500 13.000 -8.500
v 4.500 13.500 -9.500
v 4.500 11.500 -6.500
v 4.500 12.500 -8.500
v 4.500 13.500 -6.500
v 4.500 15.500 -6.500
v 4.500 17.500 -6.500
v 4.500 19.500 -6.500
v 4.500 13.500 -0.500
v 4.500 15.500 -0.500
v 4.500 17.500 -0.500
v 4.500 19.500 -0.500
v -0.500 14.000 -11.000
v 4.500 14.000 -11.000
v -0.500 11.500 -8.500
v 0.500 11.500 -8.500
v 3.500 11.500 -8.500
v 10.500 11.500 -8.500
v 11.500 11.500 -8.500
v 11.500 11.000 -8.500
v 10.500 11.000 -8.500
v 10.500 16.500 -8.500
v 4.500 20.500 -15.500
v -0.500 20.500 -15.500
v -0.500 20.500 -16.500
v 4.500 20.500 -16.500
v 5.500 20.500 -15.500
v 11.500 20.500 -15.500
v 10.500 20.500 -15.500
v 10.500 20.500 -16.500
v 11.500 20.500 -16.500
v 15.500 20.500 -15.500
v 15.500 20.500 -16.500
v -0.500 20.500 -0.500
v 15.500 20.500 -0.500
v 10.500 20.500 -0.500
v 2.500 21.500 -15.500
v 2.500 21.500 -16.500
v 2.500 22.000 -16.500
v 2.500 22.000 -15.500
v 2.500 11.000 -15.500
v 2.500 10.500 -15.500
v 2.500 16.000 -13.500
v 2.500 16.000 -12.500
v 2.500 15.000 -12.500
v 2.500 15.000 -13.500
v 2.500 15.000 -13.000
v 2.500 14.500 -12.500
v 2.500 14.500 -13.000
v 2.500 16.000 -13.000
v 2.500 16.500 -13.000
v 2.500 15.000 -11.500
v 2.500 14.000 -11.500
v 2.500 14.000 -12.500
v 2.500 14.000 -12.000
v 2.500 13.500 -11.500
v 2.500 13.500 -12.000
v 2.500 15.000 -12.000
v 2.500 15.500 -12.500
v 2.500 15.500 -12.000
v 2.500 14.000 -10.500
v 2.500 13.000 -10.500
v 2.500 13.000 -11.500
v 2.500 13.000 -11.000
v 2.500 12.500 -10.500
v 2.500 12.500 -11.000
v 2.500 14.000 -11.000
v 2.500 14.500 -11.500
v 2.500 14.500 -11.000
v 2.500 13.000 -9.500
v 2.500 12.000 -9.500
v 2.500 12.000 -10.500
v 2.500 12.000 -10.000
v 2.500 11.500 -9.500
v 2.500 11.500 -10.000
v 2.500 13.000 -10.000
v 2.500 13.500 -10.500
v 2.500 13.500 -10.000
v 2.500 12.000 -8.500
v 2.500 11.000 -8.500
v 2.500 11.000 -9.500
v 2.500 11.000 -9.000
v 2.500 10.500 -8.500
v 2.500 10.500 -9.000
v 2.500 12.000 -9.000
v 2.500 12.500 -9.500
v 2.500 12.500 -9.000
v 2.500 16.500 -7.500
v 2.500 16.500 -6.500
v 2.500 16.000 -6.500
v 2.500 16.000 -7.500
v 2.500 16.000 -7.000
v 2.500 15.500 -6.500
v 2.500 15.500 -7.000
v 2.500 11.500 -0.500
v 2.500 11.000 -1.500
v 2.500 11.000 -0.500
v 2.500 16.500 -0.500
v 2.500 16.000 -1.500
v 2.500 16.000 -0.500
v 2.500 15.500 -1.500
v -0.500 16.000 -13.000
v 4.500 16.000 -13.000
v 0.125 11.500 -15.125
v 6.000 11.000 -15.500
v 6.000 16.000 -15.500
v 6.000 15.500 -15.500
v 6.000 11.000 -6.500
v 6.000 16.000 -6.500
v 6.000 15.500 -6.500
v 6.000 11.000 -1.500
v 6.000 11.000 -0.500
v 6.000 16.000 -1.500
v 6.000 16.000 -0.500
v 6.000 15.500 -0.500
v 6.000 15.500 -1.500
v 0.875 11.500 -15.125
v 10.500 13.500 -6.500
v 10.500 19.500 -6.500
v -0.500 15.500 -6.500
v 10.500 15.500 -6.500
v 7.500 11.500 -6.500
v 10.500 11.500 -6.500
v 4.500 11.500 -0.500
v 4.500 16.500 -0.500
v 11.500 16.500 -0.500
v 11.500 10.500 -0.500
v 10.500 11.500 -0.500
v 10.500 13.500 -0.500
v 10.500 19.500 -0.500
v 4.500 11.000 -8.000
v 10.500 11.000 -8.000
v 11.500 11.000 -8.000
v 10.500 16.000 -8.000
v 11.500 16.000 -8.000
v 11.500 15.500 -8.000
v 10.500 15.500 -8.000
v -0.500 13.500 -10.500
v 10.500 12.500 -13.500
v 10.500 17.500 -13.500
v 10.500 12.500 -8.500
v 10.500 17.500 -8.500
v 1.500 11.000 -15.000
v 1.500 10.500 -15.500
v 1.500 10.500 -15.000
v 1.500 11.000 -1.000
v 1.500 10.500 -1.500
v 1.500 10.500 -1.000
v 1.500 16.000 -1.000
v 1.500 15.500 -1.500
v 1.500 15.500 -1.000
v 3.500 15.500 -15.500
v -0.500 15.500 -15.500
v -0.500 15.500 -16.500
v 3.500 15.500 -16.500
v 4.500 15.500 -15.500
v 4.500 15.500 -16.500
v 5.500 15.500 -16.500
v 10.500 15.500 -16.500
v 11.500 15.500 -15.500
v 11.500 15.500 -16.500
v 12.500 15.500 -15.500
v 12.500 15.500 -16.500
v 15.500 15.500 -15.500
v 15.500 15.500 -16.500
v -0.500 15.500 -14.500
v 10.000 15.500 -15.500
v 15.500 15.500 -14.500
v 1.500 15.500 -14.500
v 2.500 15.500 -14.500
v 3.500 15.500 -14.500
v 12.500 15.500 -12.500
v 12.500 15.500 -14.500
v 13.500 15.500 -12.500
v 13.500 15.500 -14.500
v 15.500 15.500 -13.500
v 13.500 15.500 -13.500
v -0.500 15.500 -12.500
v 14.500 15.500 -10.500
v 13.500 15.500 -10.500
v 14.500 15.500 -13.500
v 15.500 15.500 -9.500
v 14.500 15.500 -9.500
v 13.500 15.500 -11.500
v 12.500 15.500 -10.500
v 11.500 15.500 -10.500
v 12.500 15.500 -11.500
v 12.500 15.500 -8.500
v 11.500 15.500 -8.500
v 12.500 15.500 -9.500
v 15.500 15.500 -8.500
v 13.500 15.500 -7.500
v 13.500 15.500 -8.500
v 14.500 15.500 -7.500
v 14.500 15.500 -8.500
v 15.500 15.500 -7.500
v -0.500 15.500 -6.500
v 10.000 15.500 -6.500
v 15.500 15.500 -6.500
v 10.500 15.500 -5.500
v 5.500 15.500 -5.500
v 11.500 15.500 -6.500
v 12.500 15.500 -5.500
v 11.500 15.500 -5.500
v 12.500 15.500 -6.500
v 15.500 15.500 -5.500
v 5.500 15.500 -2.500
v 10.500 15.500 -2.500
v 12.500 15.500 -4.500
v 11.500 15.500 -4.500
v 13.500 15.500 -4.500
v 13.500 15.500 -5.500
v 15.500 15.500 -4.500
v 13.500 15.500 -3.500
v 11.500 15.500 -3.500
v 15.500 15.500 -3.500
v 12.500 15.500 -2.500
v 11.500 15.500 -2.500
v 12.500 15.500 -3.500
v 15.500 15.500 -2.500
v 13.500 15.500 -2.500
v 10.000 15.500 -1.500
v 4.500 17.500 -14.500
v 11.500 17.500 -14.500
v 11.500 17.500 -7.500
v 10.000 11.000 -15.500
v 10.000 16.000 -15.500
v 10.000 11.000 -6.500
v 10.000 16.000 -6.500
v 10.000 11.000 -1.500
v 10.000 16.000 -1.500
v -0.500 11.500 -16.500
v -0.500 11.500 -7.500
v -0.500 11.500 -3.500
v -0.500 11.500 -6.500
v -0.500 11.500 -2.500
v -0.500 11.000 -15.500
v 4.500 11.000 -15.500
v 5.500 11.000 -15.500
v 10.500 11.000 -15.500
v 11.500 11.000 -14.500
v 4.500 11.000 -7.500
v 11.500 11.000 -7.500
v 5.500 11.000 -6.500
v 10.500 11.000 -6.500
v -0.500 11.000 -0.500
v -0.500 11.000 -1.500
v 4.500 11.000 -1.500
v 4.500 11.000 -0.500
v 5.500 11.000 -1.500
v 10.500 11.000 -1.500
v -0.500 13.000 -10.500
v 12.500 21.500 -15.500
v 12.500 22.000 -15.500
v 12.500 16.500 -1.500
v 12.500 16.500 -0.500
v 12.500 16.000 -0.500
v 12.500 16.000 -1.500
v 12.500 16.000 -1.000
v 12.500 15.500 -1.000
v 12.500 15.500 -1.500
v 12.500 16.500 -0.500
v 12.500 16.000 -0.500
v -0.500 15.000 -12.500
v 14.500 21.500 -15.500
v 14.500 21.500 -16.500
v 14.500 22.000 -16.500
v 14.500 22.000 -15.500
v 14.500 16.500 -1.500
v 14.500 16.500 -0.500
v 14.500 16.000 -0.500
v 14.500 16.000 -1.500
v 14.500 16.000 -1.000
v 14.500 15.500 -1.000
v 14.500 15.500 -1.500
v 14.500 16.500 -0.500
v 14.500 16.000 -0.500
v 0.500 11.500 -16.500
v 1.500 11.500 -16.500
v 3.500 11.500 -16.500
v 4.500 11.500 -16.500
v 5.500 11.500 -16.500
v 6.500 11.500 -16.500
v 8.500 11.500 -16.500
v 9.500 11.500 -16.500
v 10.500 11.500 -16.500
v 11.500 11.500 -16.500
v 15.500 11.500 -15.500
v 15.500 11.500 -16.500
v 15.500 11.500 -14.500
v 12.500 11.500 -12.500
v 12.500 11.500 -14.500
v 13.500 11.500 -12.500
v 13.500 11.500 -14.500
v 13.500 11.500 -13.500
v 15.500 11.500 -13.500
v 13.500 11.500 -10.500
v 14.500 11.500 -10.500
v 14.500 11.500 -13.500
v 14.500 11.500 -9.500
v 15.500 11.500 -9.500
v 13.500 11.500 -11.500
v 11.500 11.500 -10.500
v 12.500 11.500 -10.500
v 12.500 11.500 -11.500
v 12.500 11.500 -8.500
v 12.500 11.500 -9.500
v 15.500 11.500 -8.500
v 0.500 11.500 -7.500
v 1.500 11.500 -7.500
v 3.500 11.500 -7.500
v 13.500 11.500 -7.500
v 13.500 11.500 -8.500
v 14.500 11.500 -7.500
v 14.500 11.500 -8.500
v 15.500 11.500 -7.500
v 15.500 11.500 -6.500
v -0.500 11.500 -5.500
v 0.500 11.500 -5.500
v 0.500 11.500 -6.500
v 2.500 11.500 -5.500
v 2.500 11.500 -6.500
v 4.500 11.500 -5.500
v 5.500 11.500 -5.500
v 6.500 11.500 -5.500
v 7.500 11.500 -5.500
v 9.500 11.500 -5.500
v 10.500 11.500 -5.500
v 11.500 11.500 -5.500
v 13.500 11.500 -5.500
v 13.500 11.500 -6.500
v 13.500 11.500 -4.500
v 14.500 11.500 -4.500
v 14.500 11.500 -6.500
v 15.500 11.500 -4.500
v -0.500 11.500 -4.500
v 2.500 11.500 -4.500
v 3.500 11.500 -4.500
v 3.500 11.500 -5.500
v 4.500 11.500 -4.500
v 5.500 11.500 -3.500
v 6.500 11.500 -3.500
v 7.500 11.500 -3.500
v 7.500 11.500 -4.500
v 8.500 11.500 -4.500
v 8.500 11.500 -5.500
v 10.500 11.500 -4.500
v 12.500 11.500 -1.500
v 12.500 11.500 -5.500
v 12.500 11.500 -4.500
v 4.500 11.500 -3.500
v 9.500 11.500 -3.500
v 9.500 11.500 -4.500
v 10.500 11.500 -3.500
v 12.500 11.500 -3.500
v 14.500 11.500 -3.500
v 15.500 11.500 -3.500
v 2.500 11.500 -2.500
v 2.500 11.500 -3.500
v 4.500 11.500 -2.500
v 5.500 11.500 -2.500
v 6.500 11.500 -2.500
v 7.500 11.500 -2.500
v 10.500 11.500 -2.500
v 13.500 11.500 -1.500
v 13.500 11.500 -3.500
v 15.500 11.500 -1.500
v 9.500 11.500 -2.500
v -0.500 11.500 -0.500
v 4.500 11.500 -0.500
v 15.500 11.500 -0.500
v -1.125 5.500 -20.875
v -0.875 5.500 -20.875
v -0.875 5.500 -21.125
v -1.125 5.500 -21.125
v -1.125 4.500 -20.875
v -0.875 4.500 -20.875
v -0.875 4.500 -21.125
v -1.125 4.500 -21.125
v -1.125 7.500 -20.875
v -0.875 7.500 -20.875
v -0.875 7.500 -21.125
v -1.125 7.500 -21.125
v -1.125 6.500 -20.875
v -0.875 6.500 -20.875
v -0.875 6.500 -21.125
v -1.125 6.500 -21.125
v -1.125 11.500 -18.875
v -0.875 11.500 -18.875
v -0.875 12.500 -18.875
v -1.125 12.500 -18.875
v -1.125 16.500 -18.875
v -0.875 16.500 -18.875
v -0.875 17.500 -18.875
v -1.125 17.500 -18.875
v -1.125 1.500 -20.875
v -0.875 1.500 -20.875
v -0.875 1.500 -21.125
v -1.125 1.500 -21.125
v -1.125 0.500 -20.875
v -0.875 0.500 -20.875
v -0.875 0.500 -21.125
v -1.125 0.500 -21.125
v -1.125 3.500 -20.875
v -0.875 3.500 -20.875
v -0.875 3.500 -21.125
v -1.125 3.500 -21.125
v -1.125 2.500 -20.875
v -0.875 2.500 -20.875
v -0.875 2.500 -21.125
v -1.125 2.500 -21.125
v -0.500 11.500 -18.500
v -1.500 11.500 -18.500
v -1.500 11.000 -18.500
v -0.500 11.000 -18.500
v -1.000 11.000 -18.500
v -1.000 10.500 -18.500
v -0.500 10.500 -18.500
v -0.500 11.500 -17.500
v -1.500 11.500 -17.500
v -1.500 11.000 -17.500
v -0.500 11.000 -17.500
v -1.000 11.000 -17.500
v -1.000 10.500 -17.500
v -0.500 10.500 -17.500
v -0.500 11.500 -19.500
v -1.500 11.500 -19.500
v -1.500 11.000 -19.500
v -0.500 11.000 -19.500
v -1.000 11.000 -19.500
v -1.000 10.500 -19.500
v -0.500 10.500 -19.500
v -1.125 9.500 -20.875
v -0.875 9.500 -20.875
v -0.875 9.500 -21.125
v -1.125 9.500 -21.125
v -1.125 8.500 -20.875
v -0.875 8.500 -20.875
v -0.875 8.500 -21.125
v -1.125 8.500 -21.125
v -0.500 11.500 -16.500
v -1.500 11.500 -16.500
v -1.500 11.000 -16.500
v -0.500 11.000 -16.500
v -1.000 11.000 -16.500
v -1.000 10.500 -16.500
v -0.500 10.500 -16.500
v -0.875 11.500 -20.125
v -1.125 11.500 -20.125
v -1.125 12.500 -20.125
v -0.875 12.500 -20.125
v -0.875 16.500 -20.125
v -1.125 16.500 -20.125
v -1.125 17.500 -20.125
v -0.875 17.500 -20.125
v -1.125 11.500 -17.875
v -0.875 11.500 -17.875
v -0.875 12.500 -17.875
v -1.125 12.500 -17.875
v -1.125 16.500 -17.875
v -0.875 16.500 -17.875
v -0.875 17.500 -17.875
v -1.125 17.500 -17.875
v -1.500 21.500 -16.500
v -0.500 21.500 -16.500
v -0.500 21.500 -21.500
v -1.500 21.500 -21.500
v -0.500 20.500 -16.500
v -1.500 20.500 -16.500
v -1.500 20.500 -21.500
v -0.500 20.500 -21.500
v -0.875 11.500 -19.125
v -1.125 11.500 -19.125
v -1.125 12.500 -19.125
v -0.875 12.500 -19.125
v -0.875 16.500 -19.125
v -1.125 16.500 -19.125
v -1.125 17.500 -19.125
v -0.875 17.500 -19.125
v -0.875 -0.500 -20.875
v -0.875 -0.500 -21.125
v -0.875 10.500 -21.125
v -0.875 10.500 -20.875
v -0.875 12.500 -20.875
v -0.875 12.500 -21.125
v -0.875 13.500 -21.125
v -0.875 13.500 -20.875
v -0.875 14.500 -20.875
v -0.875 14.500 -21.125
v -0.875 15.500 -21.125
v -0.875 15.500 -20.875
v -0.875 17.500 -20.875
v -0.875 17.500 -21.125
v -0.875 18.500 -21.125
v -0.875 18.500 -20.875
v -0.875 19.500 -20.875
v -0.875 19.500 -21.125
v -0.875 20.500 -21.125
v -0.875 20.500 -20.875
v -0.875 11.500 -19.875
v -0.875 12.500 -19.875
v -0.875 16.500 -19.875
v -0.875 17.500 -19.875
v -0.875 11.500 -18.125
v -0.875 12.500 -18.125
v -0.875 16.500 -18.125
v -0.875 17.500 -18.125
v -0.875 11.500 -16.875
v -0.875 11.500 -17.125
v -0.875 12.500 -17.125
v -0.875 12.500 -16.875
v -0.875 16.500 -16.875
v -0.875 16.500 -17.125
v -0.875 17.500 -17.125
v -0.875 17.500 -16.875
v -1.125 11.500 -18.125
v -1.125 12.500 -18.125
v -1.125 16.500 -18.125
v -1.125 17.500 -18.125
v -1.125 -0.500 -20.875
v -1.125 -0.500 -21.125
v -1.500 14.500 -20.500
v -0.500 14.500 -20.500
v -0.500 14.500 -21.500
v -1.500 14.500 -21.500
v -0.500 13.500 -20.500
v -1.500 13.500 -20.500
v -1.500 13.500 -21.500
v -0.500 13.500 -21.500
v -1.500 16.500 -16.500
v -0.500 16.500 -16.500
v -0.500 16.500 -20.500
v -1.500 16.500 -20.500
v -1.125 10.500 -21.125
v -1.125 12.500 -21.125
v -1.125 13.500 -21.125
v -1.125 14.500 -21.125
v -1.125 15.500 -21.125
v -1.125 17.500 -21.125
v -1.125 18.500 -21.125
v -1.125 19.500 -21.125
v -1.125 20.500 -21.125
v -0.500 15.500 -16.500
v -1.500 15.500 -16.500
v -1.500 15.500 -21.500
v -0.500 15.500 -21.500
v -0.500 18.500 -20.500
v -1.500 18.500 -20.500
v -1.500 18.500 -21.500
v -0.500 18.500 -21.500
v -1.000 11.000 -20.500
v -1.000 10.500 -20.500
v -1.500 17.500 -20.500
v -0.500 17.500 -20.500
v -0.500 17.500 -21.500
v -1.500 17.500 -21.500
v -1.125 17.500 -19.875
v -1.125 17.500 -16.875
v -1.125 17.500 -17.125
v -1.125 11.500 -16.875
v -1.125 12.500 -16.875
v -1.125 16.500 -16.875
v -1.500 19.500 -20.500
v -0.500 19.500 -20.500
v -0.500 19.500 -21.500
v -1.500 19.500 -21.500
v -0.500 10.500 -21.500
v -1.500 10.500 -21.500
v -1.500 12.500 -21.500
v -0.500 12.500 -21.500
v -0.500 10.500 -20.500
v -0.500 12.500 -20.500
v -0.500 16.500 -21.500
v -1.500 11.000 -20.500
v -0.500 11.000 -20.500
v -1.500 10.500 -20.500
v -1.500 12.500 -20.500
v -1.500 15.500 -20.500
v -1.500 11.500 -20.500
v -1.125 10.500 -20.875
v -1.125 12.500 -20.875
v -1.125 13.500 -20.875
v -1.125 14.500 -20.875
v -1.125 15.500 -20.875
v -1.125 17.500 -20.875
v -1.125 18.500 -20.875
v -1.125 19.500 -20.875
v -1.125 20.500 -20.875
v -1.125 11.500 -19.875
v -1.125 12.500 -19.875
v -1.125 16.500 -19.875
v -1.125 11.500 -17.125
v -1.125 12.500 -17.125
v -1.125 16.500 -17.125
v -0.500 11.500 -20.500
v -1.500 16.500 -13.500
v -1.500 16.500 -14.500
v -1.500 16.000 -14.500
v -1.500 16.000 -13.500
v -1.500 16.000 -14.000
v -1.500 15.500 -14.000
v -1.500 15.500 -13.500
v -1.500 15.500 -12.500
v -1.500 15.500 -13.500
v -1.500 15.000 -13.500
v -1.500 15.000 -12.500
v -0.500 15.500 -13.500
v -0.500 15.500 -12.500
v -0.500 15.000 -12.500
v -0.500 15.000 -13.500
v -1.500 15.000 -13.000
v -1.500 14.500 -13.000
v -1.500 14.500 -12.500
v -0.500 15.000 -13.000
v -0.500 14.500 -12.500
v -0.500 14.500 -13.000
v -1.500 16.500 -13.500
v -1.500 16.500 -12.500
v -1.500 17.000 -12.500
v -1.500 17.000 -13.500
v -0.500 16.500 -12.500
v -0.500 16.500 -13.500
v -0.500 17.000 -13.500
v -0.500 17.000 -12.500
v -1.500 17.000 -13.000
v -1.500 17.500 -13.000
v -1.500 17.500 -13.500
v -0.500 17.000 -13.000
v -0.500 17.500 -13.500
v -0.500 17.500 -13.000
v -1.500 14.500 -11.500
v -1.500 14.500 -12.500
v -1.500 14.000 -12.500
v -1.500 14.000 -11.500
v -0.500 14.500 -12.500
v -0.500 14.500 -11.500
v -0.500 14.000 -11.500
v -0.500 14.000 -12.500
v -1.500 14.000 -12.000
v -1.500 13.500 -12.000
v -1.500 13.500 -11.500
v -0.500 14.000 -12.000
v -0.500 13.500 -11.500
v -0.500 13.500 -12.000
v -1.500 15.500 -12.500
v -1.500 15.500 -11.500
v -1.500 16.000 -11.500
v -1.500 16.000 -12.500
v -0.500 15.500 -11.500
v -0.500 15.500 -12.500
v -0.500 16.000 -12.500
v -0.500 16.000 -11.500
v -1.500 16.000 -12.000
v -1.500 16.500 -12.000
v -1.500 16.500 -12.500
v -0.500 16.000 -12.000
v -0.500 16.500 -12.500
v -0.500 16.500 -12.000
v -1.500 13.500 -10.500
v -1.500 13.500 -11.500
v -1.500 13.000 -11.500
v -1.500 13.000 -10.500
v -0.500 13.500 -11.500
v -0.500 13.500 -10.500
v -0.500 13.000 -10.500
v -0.500 13.000 -11.500
v -1.500 13.000 -11.000
v -1.500 12.500 -11.000
v -1.500 12.500 -10.500
v -0.500 13.000 -11.000
v -0.500 12.500 -10.500
v -0.500 12.500 -11.000
v -1.500 14.500 -11.500
v -1.500 14.500 -10.500
v -1.500 15.000 -10.500
v -1.500 15.000 -11.500
v -0.500 14.500 -10.500
v -0.500 14.500 -11.500
v -0.500 15.000 -11.500
v -0.500 15.000 -10.500
v -1.500 15.000 -11.000
v -1.500 15.500 -11.000
v -1.500 15.500 -11.500
v -0.500 15.000 -11.000
v -0.500 15.500 -11.500
v -0.500 15.500 -11.000
v -1.500 12.500 -9.500
v -1.500 12.500 -10.500
v -1.500 12.000 -10.500
v -1.500 12.000 -9.500
v -0.500 12.500 -10.500
v -0.500 12.500 -9.500
v -0.500 12.000 -9.500
v -0.500 12.000 -10.500
v -1.500 12.000 -10.000
v -1.500 11.500 -10.000
v -1.500 11.500 -9.500
v -0.500 12.000 -10.000
v -0.500 11.500 -9.500
v -0.500 11.500 -10.000
v -1.500 13.500 -10.500
v -1.500 13.500 -9.500
v -1.500 14.000 -9.500
v -1.500 14.000 -10.500
v -0.500 13.500 -9.500
v -0.500 13.500 -10.500
v -0.500 14.000 -10.500
v -0.500 14.000 -9.500
v -1.500 14.000 -10.000
v -1.500 14.500 -10.000
v -1.500 14.500 -10.500
v -0.500 14.000 -10.000
v -0.500 14.500 -10.500
v -0.500 14.500 -10.000
v -1.500 12.500 -9.500
v -1.500 12.500 -8.500
v -1.500 13.000 -8.500
v -1.500 13.000 -9.500
v -0.500 12.500 -8.500
v -0.500 12.500 -9.500
v -0.500 13.000 -9.500
v -0.500 13.000 -8.500
v -1.500 13.000 -9.000
v -1.500 13.500 -9.000
v -1.500 13.500 -9.500
v -0.500 13.000 -9.000
v -0.500 13.500 -9.500
v -0.500 13.500 -9.000
v -1.125 5.500 -14.875
v -0.875 5.500 -14.875
v -0.875 5.500 -15.125
v -1.125 5.500 -15.125
v -1.125 5.500 -6.875
v -0.875 5.500 -6.875
v -0.875 5.500 -7.125
v -1.125 5.500 -7.125
v -1.125 5.500 -0.875
v -0.875 5.500 -0.875
v -0.875 5.500 -1.125
v -1.125 5.500 -1.125
v -1.125 7.500 -14.875
v -0.875 7.500 -14.875
v -0.875 7.500 -15.125
v -1.125 7.500 -15.125
v -1.125 7.500 -6.875
v -0.875 7.500 -6.875
v -0.875 7.500 -7.125
v -1.125 7.500 -7.125
v -1.125 7.500 -0.875
v -0.875 7.500 -0.875
v -0.875 7.500 -1.125
v -1.125 7.500 -1.125
v -1.125 1.500 -14.875
v -0.875 1.500 -14.875
v -0.875 1.500 -15.125
v -1.125 1.500 -15.125
v -1.125 1.500 -6.875
v -0.875 1.500 -6.875
v -0.875 1.500 -7.125
v -1.125 1.500 -7.125
v -1.125 1.500 -0.875
v -0.875 1.500 -0.875
v -0.875 1.500 -1.125
v -1.125 1.500 -1.125
v -1.125 3.500 -14.875
v -0.875 3.500 -14.875
v -0.875 3.500 -15.125
v -1.125 3.500 -15.125
v -1.125 3.500 -6.875
v -0.875 3.500 -6.875
v -0.875 3.500 -7.125
v -1.125 3.500 -7.125
v -1.125 3.500 -0.875
v -0.875 3.500 -0.875
v -0.875 3.500 -1.125
v -1.125 3.500 -1.125
v -1.125 9.500 -14.875
v -0.875 9.500 -14.875
v -0.875 9.500 -15.125
v -1.125 9.500 -15.125
v -1.125 9.500 -6.875
v -0.875 9.500 -6.875
v -0.875 9.500 -7.125
v -1.125 9.500 -7.125
v -1.125 9.500 -0.875
v -0.875 9.500 -0.875
v -0.875 9.500 -1.125
v -1.125 9.500 -1.125
v -1.500 10.500 -14.500
v -0.500 10.500 -14.500
v -0.500 12.500 -14.500
v -1.500 12.500 -14.500
v -1.500 13.500 -14.500
v -0.500 13.500 -14.500
v -0.500 14.500 -14.500
v -1.500 14.500 -14.500
v -1.500 15.500 -14.500
v -0.500 15.500 -14.500
v -0.500 16.500 -14.500
v -1.500 18.500 -14.500
v -0.500 18.500 -14.500
v -0.500 19.500 -14.500
v -1.500 19.500 -14.500
v -1.500 20.500 -14.500
v -0.500 20.500 -14.500
v -0.500 21.500 -14.500
v -1.500 21.500 -14.500
v -1.500 11.500 -16.500
v -0.500 11.500 -16.500
v -0.500 11.000 -16.500
v -1.500 11.000 -16.500
v -1.000 11.000 -16.500
v -0.500 10.500 -16.500
v -1.000 10.500 -16.500
v -0.500 16.000 -14.000
v -0.500 15.500 -14.000
v -0.500 21.500 -16.500
v -1.500 21.500 -16.500
v -1.500 21.500 -0.500
v -0.500 21.500 -0.500
v -0.500 21.500 -1.500
v -1.500 21.500 -1.500
v -0.500 11.500 -9.500
v -1.500 11.500 -9.500
v -0.500 11.500 -5.500
v -1.500 11.500 -5.500
v -1.500 11.000 -5.500
v -0.500 11.000 -5.500
v -1.000 11.000 -5.500
v -1.000 10.500 -5.500
v -0.500 10.500 -5.500
v -0.500 16.500 -5.500
v -1.500 16.500 -5.500
v -1.500 16.000 -5.500
v -0.500 16.000 -5.500
v -1.000 16.000 -5.500
v -1.000 15.500 -5.500
v -0.500 15.500 -5.500
v -0.500 10.500 -7.500
v -1.500 10.500 -7.500
v -1.500 11.500 -7.500
v -0.500 11.500 -7.500
v -0.500 13.500 -7.500
v -1.500 13.500 -7.500
v -1.500 14.500 -7.500
v -0.500 14.500 -7.500
v -0.500 15.500 -7.500
v -1.500 15.500 -7.500
v -1.500 17.500 -7.500
v -0.500 17.500 -7.500
v -0.500 18.500 -7.500
v -1.500 18.500 -7.500
v -1.500 19.500 -7.500
v -0.500 19.500 -7.500
v -0.500 10.500 -1.500
v -1.500 10.500 -1.500
v -1.500 12.500 -1.500
v -0.500 12.500 -1.500
v -0.500 13.500 -1.500
v -1.500 13.500 -1.500
v -1.500 14.500 -1.500
v -0.500 14.500 -1.500
v -0.500 15.500 -1.500
v -1.500 15.500 -1.500
v -1.500 17.500 -1.500
v -0.500 17.500 -1.500
v -0.500 18.500 -1.500
v -1.500 18.500 -1.500
v -1.500 19.500 -1.500
v -0.500 19.500 -1.500
v -0.500 20.500 -1.500
v -1.500 20.500 -1.500
v -1.125 -0.500 -6.875
v -0.875 -0.500 -6.875
v -0.875 10.500 -6.875
v -1.125 10.500 -6.875
v -1.125 12.500 -6.875
v -0.875 12.500 -6.875
v -0.875 13.500 -6.875
v -1.125 13.500 -6.875
v -1.125 14.500 -6.875
v -0.875 14.500 -6.875
v -0.875 15.500 -6.875
v -1.125 15.500 -6.875
v -1.125 17.500 -6.875
v -0.875 17.500 -6.875
v -0.875 18.500 -6.875
v -1.125 18.500 -6.875
v -0.500 11.500 -3.500
v -1.500 11.500 -3.500
v -1.500 11.000 -3.500
v -0.500 11.000 -3.500
v -1.000 11.000 -3.500
v -1.000 10.500 -3.500
v -0.500 10.500 -3.500
v -0.500 16.500 -3.500
v -1.500 16.500 -3.500
v -1.500 16.000 -3.500
v -0.500 16.000 -3.500
v -1.000 16.000 -3.500
v -1.000 15.500 -3.500
v -0.500 15.500 -3.500
v -0.875 11.500 -15.875
v -0.875 11.500 -16.125
v -0.875 12.500 -16.125
v -0.875 12.500 -15.875
v -0.875 16.500 -15.875
v -0.875 16.500 -16.125
v -0.875 17.500 -16.125
v -0.875 17.500 -15.875
v -0.875 -0.500 -14.875
v -0.875 -0.500 -15.125
v -0.875 10.500 -15.125
v -0.875 10.500 -14.875
v -0.875 12.500 -14.875
v -0.875 12.500 -15.125
v -0.875 13.500 -15.125
v -0.875 13.500 -14.875
v -0.875 14.500 -14.875
v -0.875 14.500 -15.125
v -0.875 15.500 -15.125
v -0.875 15.500 -14.875
v -0.875 17.500 -14.875
v -0.875 17.500 -15.125
v -0.875 18.500 -15.125
v -0.875 18.500 -14.875
v -0.875 19.500 -14.875
v -0.875 19.500 -15.125
v -0.875 20.500 -15.125
v -0.875 20.500 -14.875
v -0.875 -0.500 -7.125
v -0.875 10.500 -7.125
v -0.875 12.500 -7.125
v -0.875 13.500 -7.125
v -0.875 14.500 -7.125
v -0.875 15.500 -7.125
v -0.875 17.500 -7.125
v -0.875 18.500 -7.125
v -0.875 11.500 -5.875
v -0.875 11.500 -6.125
v -0.875 12.500 -6.125
v -0.875 12.500 -5.875
v -0.875 16.500 -5.875
v -0.875 16.500 -6.125
v -0.875 17.500 -6.125
v -0.875 17.500 -5.875
v -0.875 11.500 -4.875
v -0.875 11.500 -5.125
v -0.875 12.500 -5.125
v -0.875 12.500 -4.875
v -0.875 16.500 -4.875
v -0.875 16.500 -5.125
v -0.875 17.500 -5.125
v -0.875 17.500 -4.875
v -0.875 11.500 -3.875
v -0.875 11.500 -4.125
v -0.875 12.500 -4.125
v -0.875 12.500 -3.875
v -0.875 16.500 -3.875
v -0.875 16.500 -4.125
v -0.875 17.500 -4.125
v -0.875 17.500 -3.875
v -0.875 11.500 -2.875
v -0.875 11.500 -3.125
v -0.875 12.500 -3.125
v -0.875 12.500 -2.875
v -0.875 16.500 -2.875
v -0.875 16.500 -3.125
v -0.875 17.500 -3.125
v -0.875 17.500 -2.875
v -0.875 11.500 -1.875
v -0.875 11.500 -2.125
v -0.875 12.500 -2.125
v -0.875 12.500 -1.875
v -0.875 16.500 -1.875
v -0.875 16.500 -2.125
v -0.875 17.500 -2.125
v -0.875 17.500 -1.875
v -0.875 -0.500 -0.875
v -0.875 -0.500 -1.125
v -0.875 10.500 -1.125
v -0.875 10.500 -0.875
v -0.875 12.500 -0.875
v -0.875 12.500 -1.125
v -0.875 13.500 -1.125
v -0.875 13.500 -0.875
v -0.875 14.500 -0.875
v -0.875 14.500 -1.125
v -0.875 15.500 -1.125
v -0.875 15.500 -0.875
v -0.875 17.500 -0.875
v -0.875 17.500 -1.125
v -0.875 18.500 -1.125
v -0.875 18.500 -0.875
v -0.875 19.500 -0.875
v -0.875 19.500 -1.125
v -0.875 20.500 -1.125
v -0.875 20.500 -0.875
v -1.125 -0.500 -7.125
v -1.125 10.500 -7.125
v -1.125 12.500 -7.125
v -1.125 13.500 -7.125
v -1.125 14.500 -7.125
v -1.125 15.500 -7.125
v -1.125 17.500 -7.125
v -1.125 18.500 -7.125
v -1.125 -0.500 -0.875
v -1.125 10.500 -0.875
v -1.125 12.500 -0.875
v -1.125 13.500 -0.875
v -1.125 14.500 -0.875
v -1.125 15.500 -0.875
v -1.125 17.500 -0.875
v -1.125 18.500 -0.875
v -1.125 19.500 -0.875
v -1.125 20.500 -0.875
v -1.125 -0.500 -14.875
v -1.125 -0.500 -15.125
v -1.125 -0.500 -1.125
v -0.500 14.500 -15.500
v -1.500 14.500 -15.500
v -1.500 14.500 -6.500
v -0.500 14.500 -6.500
v -1.500 14.500 -0.500
v -0.500 14.500 -0.500
v -1.500 16.500 -15.500
v -0.500 16.500 -15.500
v -0.500 16.500 -16.500
v -1.500 16.500 -16.500
v -0.500 16.500 -13.500
v -0.500 16.500 -6.500
v -1.500 16.500 -6.500
v -1.500 16.500 -1.500
v -0.500 16.500 -1.500
v -1.125 16.500 -5.875
v -1.125 16.500 -6.125
v -1.125 16.500 -4.875
v -1.125 16.500 -5.125
v -1.125 16.500 -3.875
v -1.125 16.500 -4.125
v -1.125 16.500 -2.875
v -1.125 16.500 -3.125
v -1.125 16.500 -1.875
v -1.125 16.500 -2.125
v -1.000 11.000 -15.500
v -1.000 10.500 -15.500
v -1.000 11.000 -1.500
v -1.000 11.000 -6.500
v -1.000 10.500 -6.500
v -1.000 10.500 -1.500
v -1.000 16.000 -1.500
v -1.000 16.000 -6.500
v -1.000 15.500 -6.500
v -1.000 15.500 -1.500
v -1.500 18.500 -15.500
v -0.500 18.500 -15.500
v -0.500 18.500 -6.500
v -1.500 18.500 -6.500
v -0.500 18.500 -0.500
v -1.500 18.500 -0.500
v -1.500 11.500 -15.500
v -1.500 11.000 -15.500
v -1.500 15.500 -16.500
v -1.500 15.500 -15.500
v -1.500 20.500 -16.500
v -1.500 10.500 -15.500
v -1.500 12.500 -15.500
v -1.500 13.500 -15.500
v -1.500 17.500 -14.500
v -1.500 17.500 -15.500
v -1.500 19.500 -15.500
v -1.500 17.500 -13.500
v -1.500 12.500 -7.500
v -1.500 10.500 -6.500
v -1.500 12.500 -6.500
v -1.500 13.500 -6.500
v -1.500 15.500 -6.500
v -1.500 17.500 -6.500
v -1.500 19.500 -6.500
v -1.500 11.500 -1.500
v -1.500 11.500 -6.500
v -1.500 11.000 -6.500
v -1.500 11.000 -1.500
v -1.500 16.000 -6.500
v -1.500 16.000 -1.500
v -1.500 10.500 -0.500
v -1.500 12.500 -0.500
v -1.500 13.500 -0.500
v -1.500 15.500 -0.500
v -1.500 17.500 -0.500
v -1.500 19.500 -0.500
v -1.500 20.500 -0.500
v -0.500 10.500 -15.500
v -0.500 10.500 -6.500
v -0.500 10.500 -1.500
v -0.500 10.500 -0.500
v -1.125 12.500 -15.875
v -1.125 12.500 -16.125
v -0.500 12.500 -15.500
v -0.500 12.500 -6.500
v -1.125 12.500 -5.875
v -1.125 12.500 -6.125
v -1.125 12.500 -4.875
v -1.125 12.500 -5.125
v -1.125 12.500 -3.875
v -1.125 12.500 -4.125
v -1.125 12.500 -2.875
v -1.125 12.500 -3.125
v -1.125 12.500 -1.875
v -1.125 12.500 -2.125
v -0.500 12.500 -0.500
v -0.500 16.000 -14.500
v -0.500 16.000 -13.500
v -0.500 16.000 -6.500
v -0.500 16.000 -1.500
v -1.125 11.500 -15.875
v -1.125 16.500 -15.875
v -1.125 17.500 -15.875
v -1.125 11.500 -6.125
v -1.125 17.500 -6.125
v -1.125 4.500 -14.875
v -0.875 4.500 -14.875
v -0.875 4.500 -15.125
v -1.125 4.500 -15.125
v -1.125 4.500 -6.875
v -0.875 4.500 -6.875
v -0.875 4.500 -7.125
v -1.125 4.500 -7.125
v -1.125 4.500 -0.875
v -0.875 4.500 -0.875
v -0.875 4.500 -1.125
v -1.125 4.500 -1.125
v -1.125 11.500 -2.875
v -1.125 17.500 -2.875
v -1.125 6.500 -14.875
v -0.875 6.500 -14.875
v -0.875 6.500 -15.125
v -1.125 6.500 -15.125
v -1.125 6.500 -6.875
v -0.875 6.500 -6.875
v -0.875 6.500 -7.125
v -1.125 6.500 -7.125
v -1.125 6.500 -0.875
v -0.875 6.500 -0.875
v -0.875 6.500 -1.125
v -1.125 6.500 -1.125
v -1.125 0.500 -14.875
v -0.875 0.500 -14.875
v -0.875 0.500 -15.125
v -1.125 0.500 -15.125
v -1.125 0.500 -6.875
v -0.875 0.500 -6.875
v -0.875 0.500 -7.125
v -1.125 0.500 -7.125
v -1.125 0.500 -0.875
v -0.875 0.500 -0.875
v -0.875 0.500 -1.125
v -1.125 0.500 -1.125
v -1.125 2.500 -14.875
v -0.875 2.500 -14.875
v -0.875 2.500 -15.125
v -1.125 2.500 -15.125
v -1.125 2.500 -6.875
v -0.875 2.500 -6.875
v -0.875 2.500 -7.125
v -1.125 2.500 -7.125
v -1.125 2.500 -0.875
v -0.875 2.500 -0.875
v -0.875 2.500 -1.125
v -1.125 2.500 -1.125
v -1.125 11.500 -16.125
v -1.125 16.500 -16.125
v -1.125 17.500 -16.125
v -1.125 11.500 -3.875
v -1.125 17.500 -3.875
v -1.125 8.500 -14.875
v -0.875 8.500 -14.875
v -0.875 8.500 -15.125
v -1.125 8.500 -15.125
v -1.125 8.500 -6.875
v -0.875 8.500 -6.875
v -0.875 8.500 -7.125
v -1.125 8.500 -7.125
v -1.125 8.500 -0.875
v -0.875 8.500 -0.875
v -0.875 8.500 -1.125
v -1.125 8.500 -1.125
v -0.500 17.500 -13.500
v -1.125 10.500 -14.875
v -1.125 12.500 -14.875
v -1.125 13.500 -14.875
v -1.125 14.500 -14.875
v -1.125 15.500 -14.875
v -1.125 17.500 -14.875
v -1.125 18.500 -14.875
v -1.125 19.500 -14.875
v -1.125 20.500 -14.875
v -0.500 13.500 -15.500
v -0.500 17.500 -15.500
v -0.500 19.500 -15.500
v -1.125 11.500 -5.125
v -1.125 17.500 -5.125
v -1.125 11.500 -1.875
v -1.125 17.500 -1.875
v -0.500 20.500 -16.500
v -0.500 20.500 -0.500
v -0.500 11.500 -4.500
v -1.500 11.500 -4.500
v -1.500 11.000 -4.500
v -0.500 11.000 -4.500
v -1.000 11.000 -4.500
v -1.000 10.500 -4.500
v -0.500 10.500 -4.500
v -0.500 16.500 -4.500
v -1.500 16.500 -4.500
v -1.500 16.000 -4.500
v -0.500 16.000 -4.500
v -1.000 16.000 -4.500
v -1.000 15.500 -4.500
v -0.500 15.500 -4.500
v -1.125 10.500 -15.125
v -1.125 12.500 -15.125
v -1.125 13.500 -15.125
v -1.125 14.500 -15.125
v -1.125 15.500 -15.125
v -1.125 17.500 -15.125
v -1.125 18.500 -15.125
v -1.125 19.500 -15.125
v -1.125 20.500 -15.125
v -0.500 13.500 -6.500
v -0.500 15.500 -6.500
v -0.500 17.500 -6.500
v -0.500 19.500 -6.500
v -0.500 13.500 -0.500
v -0.500 15.500 -0.500
v -0.500 17.500 -0.500
v -0.500 19.500 -0.500
v -1.125 11.500 -4.125
v -1.125 17.500 -4.125
v -0.500 11.500 -2.500
v -1.500 11.500 -2.500
v -1.500 11.000 -2.500
v -0.500 11.000 -2.500
v -1.000 11.000 -2.500
v -1.000 10.500 -2.500
v -0.500 10.500 -2.500
v -0.500 16.500 -2.500
v -1.500 16.500 -2.500
v -1.500 16.000 -2.500
v -0.500 16.000 -2.500
v -1.000 16.000 -2.500
v -1.000 15.500 -2.500
v -0.500 15.500 -2.500
v -1.125 11.500 -2.125
v -1.125 17.500 -2.125
v -0.500 15.500 -16.500
v -0.500 15.500 -13.500
v -0.500 15.500 -1.500
v -0.500 17.500 -14.500
v -1.125 17.500 -5.875
v -1.125 17.500 -4.875
v -1.125 17.500 -3.125
v -1.125 11.500 -5.875
v -1.125 11.500 -3.125
v -0.500 11.000 -15.500
v -0.500 11.000 -6.500
v -0.500 11.000 -1.500
v -0.500 11.500 -6.500
v -1.125 11.500 -4.875
v -1.125 10.500 -1.125
v -1.125 12.500 -1.125
v -1.125 13.500 -1.125
v -1.125 14.500 -1.125
v -1.125 15.500 -1.125
v -1.125 17.500 -1.125
v -1.125 18.500 -1.125
v -1.125 19.500 -1.125
v -1.125 20.500 -1.125
v -0.500 11.500 -15.500
v -0.500 11.500 -1.500
v -1.500 12.500 16.500
v -1.500 12.500 15.500
v -1.500 12.000 15.500
v -1.500 12.000 16.500
v -0.500 12.500 15.500
v -0.500 12.500 16.500
v -0.500 12.000 16.500
v -0.500 12.000 15.500
v -1.500 12.000 16.000
v -1.500 11.500 16.000
v -1.500 11.500 16.500
v -0.500 12.000 16.000
v -0.500 11.500 16.500
v -0.500 11.500 16.000
v -1.500 13.500 15.500
v -1.500 13.500 16.500
v -1.500 14.000 16.500
v -1.500 14.000 15.500
v -0.500 13.500 16.500
v -0.500 13.500 15.500
v -0.500 14.000 15.500
v -0.500 14.000 16.500
v -1.500 14.000 16.000
v -1.500 14.500 16.000
v -1.500 14.500 15.500
v -0.500 14.000 16.000
v -0.500 14.500 15.500
v -0.500 14.500 16.000
v -1.500 12.500 16.500
v -1.500 12.500 17.500
v -1.500 13.000 17.500
v -1.500 13.000 16.500
v -0.500 12.500 17.500
v -0.500 12.500 16.500
v -0.500 13.000 16.500
v -0.500 13.000 17.500
v -1.500 13.000 17.000
v -1.500 13.500 17.000
v -1.500 13.500 16.500
v -0.500 13.000 17.000
v -0.500 13.500 16.500
v -0.500 13.500 17.000
v -1.500 11.500 18.500
v -1.500 11.500 17.500
v -1.500 11.000 17.500
v -1.500 11.000 18.500
v -1.500 11.000 18.000
v -1.500 10.500 18.000
v -1.500 10.500 18.500
v -1.125 5.500 19.125
v -0.875 5.500 19.125
v -0.875 5.500 18.875
v -1.125 5.500 18.875
v -1.125 5.500 25.125
v -0.875 5.500 25.125
v -0.875 5.500 24.875
v -1.125 5.500 24.875
v -1.125 11.500 21.125
v -0.875 11.500 21.125
v -0.875 12.500 21.125
v -1.125 12.500 21.125
v -1.125 16.500 21.125
v -0.875 16.500 21.125
v -0.875 17.500 21.125
v -1.125 17.500 21.125
v -1.125 7.500 19.125
v -0.875 7.500 19.125
v -0.875 7.500 18.875
v -1.125 7.500 18.875
v -1.125 7.500 25.125
v -0.875 7.500 25.125
v -0.875 7.500 24.875
v -1.125 7.500 24.875
v -1.125 1.500 19.125
v -0.875 1.500 19.125
v -0.875 1.500 18.875
v -1.125 1.500 18.875
v -1.125 1.500 25.125
v -0.875 1.500 25.125
v -0.875 1.500 24.875
v -1.125 1.500 24.875
v -1.125 3.500 19.125
v -0.875 3.500 19.125
v -0.875 3.500 18.875
v -1.125 3.500 18.875
v -1.125 3.500 25.125
v -0.875 3.500 25.125
v -0.875 3.500 24.875
v -1.125 3.500 24.875
v -1.125 9.500 19.125
v -0.875 9.500 19.125
v -0.875 9.500 18.875
v -1.125 9.500 18.875
v -1.125 9.500 25.125
v -0.875 9.500 25.125
v -0.875 9.500 24.875
v -1.125 9.500 24.875
v -0.875 11.500 19.875
v -1.125 11.500 19.875
v -1.125 12.500 19.875
v -0.875 12.500 19.875
v -0.875 16.500 19.875
v -1.125 16.500 19.875
v -1.125 17.500 19.875
v -0.875 17.500 19.875
v -0.875 11.500 20.875
v -1.125 11.500 20.875
v -1.125 12.500 20.875
v -0.875 12.500 20.875
v -0.875 16.500 20.875
v -1.125 16.500 20.875
v -1.125 17.500 20.875
v -0.875 17.500 20.875
v -1.500 21.500 25.500
v -0.500 21.500 25.500
v -0.500 21.500 18.500
v -1.500 21.500 18.500
v -1.125 11.500 22.125
v -0.875 11.500 22.125
v -0.875 12.500 22.125
v -1.125 12.500 22.125
v -1.125 16.500 22.125
v -0.875 16.500 22.125
v -0.875 17.500 22.125
v -1.125 17.500 22.125
v -1.500 10.500 19.500
v -0.500 10.500 19.500
v -0.500 12.500 19.500
v -1.500 12.500 19.500
v -1.500 13.500 19.500
v -0.500 13.500 19.500
v -0.500 14.500 19.500
v -1.500 14.500 19.500
v -1.500 16.500 19.500
v -0.500 16.500 19.500
v -0.500 17.500 19.500
v -1.500 17.500 19.500
v -1.500 18.500 19.500
v -0.500 18.500 19.500
v -0.500 19.500 19.500
v -1.500 19.500 19.500
v -0.500 11.500 17.500
v -0.500 11.000 17.500
v -1.500 13.500 15.500
v -0.500 13.500 15.500
v -0.875 -0.500 19.125
v -0.875 -0.500 18.875
v -0.875 10.500 18.875
v -0.875 10.500 19.125
v -0.875 12.500 19.125
v -0.875 12.500 18.875
v -0.875 13.500 18.875
v -0.875 13.500 19.125
v -0.875 14.500 19.125
v -0.875 14.500 18.875
v -0.875 15.500 18.875
v -0.875 15.500 19.125
v -0.875 17.500 19.125
v -0.875 17.500 18.875
v -0.875 18.500 18.875
v -0.875 18.500 19.125
v -0.875 19.500 19.125
v -0.875 19.500 18.875
v -0.875 20.500 18.875
v -0.875 20.500 19.125
v -0.875 11.500 20.125
v -0.875 12.500 20.125
v -0.875 16.500 20.125
v -0.875 17.500 20.125
v -0.875 11.500 21.875
v -0.875 12.500 21.875
v -0.875 16.500 21.875
v -0.875 17.500 21.875
v -0.875 11.500 23.125
v -0.875 11.500 22.875
v -0.875 12.500 22.875
v -0.875 12.500 23.125
v -0.875 16.500 23.125
v -0.875 16.500 22.875
v -0.875 17.500 22.875
v -0.875 17.500 23.125
v -0.875 11.500 24.125
v -0.875 11.500 23.875
v -0.875 12.500 23.875
v -0.875 12.500 24.125
v -0.875 16.500 24.125
v -0.875 16.500 23.875
v -0.875 17.500 23.875
v -0.875 17.500 24.125
v -0.875 -0.500 25.125
v -0.875 -0.500 24.875
v -0.875 10.500 24.875
v -0.875 10.500 25.125
v -0.875 12.500 25.125
v -0.875 12.500 24.875
v -0.875 13.500 24.875
v -0.875 13.500 25.125
v -0.875 14.500 25.125
v -0.875 14.500 24.875
v -0.875 15.500 24.875
v -0.875 15.500 25.125
v -0.875 17.500 25.125
v -0.875 17.500 24.875
v -0.875 18.500 24.875
v -0.875 18.500 25.125
v -0.875 19.500 25.125
v -0.875 19.500 24.875
v -0.875 20.500 24.875
v -0.875 20.500 25.125
v -0.500 11.500 23.500
v -1.500 11.500 23.500
v -1.500 11.000 23.500
v -0.500 11.000 23.500
v -1.000 11.000 23.500
v -1.000 10.500 23.500
v -0.500 10.500 23.500
v -0.500 11.500 21.500
v -1.500 11.500 21.500
v -1.500 11.000 21.500
v -0.500 11.000 21.500
v -1.000 11.000 21.500
v -1.000 10.500 21.500
v -0.500 10.500 21.500
v -1.125 -0.500 19.125
v -1.125 -0.500 18.875
v -1.125 -0.500 25.125
v -1.125 -0.500 24.875
v -0.500 14.500 18.500
v -1.500 14.500 18.500
v -1.500 14.500 25.500
v -0.500 14.500 25.500
v -0.500 14.500 24.500
v -1.500 14.500 24.500
v -1.500 16.500 24.500
v -0.500 16.500 24.500
v -1.125 11.500 23.125
v -1.125 12.500 23.125
v -1.125 16.500 23.125
v -1.125 17.500 23.125
v -1.500 18.500 18.500
v -0.500 18.500 18.500
v -0.500 18.500 25.500
v -1.500 18.500 25.500
v -1.500 18.500 24.500
v -0.500 18.500 24.500
v -1.000 11.000 24.500
v -1.000 11.000 19.500
v -1.000 10.500 19.500
v -1.000 10.500 24.500
v -1.500 11.500 16.500
v -1.500 12.500 18.500
v -1.500 10.500 18.500
v -1.500 13.500 18.500
v -1.500 15.500 18.500
v -1.500 15.500 19.500
v -1.500 17.500 18.500
v -1.500 19.500 18.500
v -1.500 20.500 18.500
v -1.500 20.500 25.500
v -1.500 11.500 24.500
v -1.500 11.500 19.500
v -1.500 11.000 19.500
v -1.500 11.000 24.500
v -1.500 15.500 24.500
v -1.500 10.500 24.500
v -1.500 10.500 25.500
v -1.500 12.500 25.500
v -1.500 12.500 24.500
v -1.500 13.500 24.500
v -1.500 13.500 25.500
v -1.500 15.500 25.500
v -1.500 17.500 25.500
v -1.500 17.500 24.500
v -1.500 19.500 25.500
v -1.500 19.500 24.500
v -1.125 10.500 19.125
v -1.125 12.500 19.125
v -1.125 13.500 19.125
v -1.125 14.500 19.125
v -1.125 15.500 19.125
v -1.125 17.500 19.125
v -1.125 18.500 19.125
v -1.125 19.500 19.125
v -1.125 20.500 19.125
v -0.500 10.500 18.000
v -0.500 10.500 18.500
v -0.500 10.500 18.500
v -0.500 10.500 24.500
v -0.500 10.500 25.500
v -1.125 12.500 20.125
v -1.125 12.500 21.875
v -1.125 12.500 22.875
v -1.125 12.500 24.125
v -1.125 12.500 23.875
v -0.500 12.500 25.500
v -0.500 12.500 24.500
v -1.125 11.500 24.125
v -1.125 16.500 24.125
v -1.125 17.500 24.125
v -0.500 13.500 25.500
v -0.500 15.500 25.500
v -0.500 17.500 25.500
v -0.500 19.500 25.500
v -0.500 20.500 25.500
v -0.500 11.000 18.000
v -1.125 4.500 19.125
v -0.875 4.500 19.125
v -0.875 4.500 18.875
v -1.125 4.500 18.875
v -1.125 4.500 25.125
v -0.875 4.500 25.125
v -0.875 4.500 24.875
v -1.125 4.500 24.875
v -1.125 6.500 19.125
v -0.875 6.500 19.125
v -0.875 6.500 18.875
v -1.125 6.500 18.875
v -1.125 6.500 25.125
v -0.875 6.500 25.125
v -0.875 6.500 24.875
v -1.125 6.500 24.875
v -1.125 0.500 19.125
v -0.875 0.500 19.125
v -0.875 0.500 18.875
v -1.125 0.500 18.875
v -1.125 0.500 25.125
v -0.875 0.500 25.125
v -0.875 0.500 24.875
v -1.125 0.500 24.875
v -1.125 10.500 24.875
v -1.125 12.500 24.875
v -1.125 13.500 24.875
v -1.125 14.500 24.875
v -1.125 15.500 24.875
v -1.125 17.500 24.875
v -1.125 18.500 24.875
v -1.125 19.500 24.875
v -1.125 20.500 24.875
v -1.125 2.500 19.125
v -0.875 2.500 19.125
v -0.875 2.500 18.875
v -1.125 2.500 18.875
v -1.125 2.500 25.125
v -0.875 2.500 25.125
v -0.875 2.500 24.875
v -1.125 2.500 24.875
v -1.125 11.500 23.875
v -1.125 16.500 23.875
v -1.125 17.500 23.875
v -1.125 10.500 25.125
v -1.125 12.500 25.125
v -1.125 13.500 25.125
v -1.125 14.500 25.125
v -1.125 15.500 25.125
v -1.125 17.500 25.125
v -1.125 18.500 25.125
v -1.125 19.500 25.125
v -1.125 20.500 25.125
v -1.125 8.500 19.125
v -0.875 8.500 19.125
v -0.875 8.500 18.875
v -1.125 8.500 18.875
v -1.125 8.500 25.125
v -0.875 8.500 25.125
v -0.875 8.500 24.875
v -1.125 8.500 24.875
v -0.500 20.500 18.500
v -0.500 11.500 18.500
v -0.500 13.500 18.500
v -0.500 15.500 18.500
v -0.500 17.500 18.500
v -0.500 19.500 18.500
v -0.500 11.500 16.500
v -0.500 13.500 24.500
v -0.500 17.500 24.500
v -0.500 19.500 24.500
v -0.500 11.500 22.500
v -1.500 11.500 22.500
v -1.500 11.000 22.500
v -0.500 11.000 22.500
v -1.000 11.000 22.500
v -1.000 10.500 22.500
v -0.500 10.500 22.500
v -0.500 11.500 20.500
v -1.500 11.500 20.500
v -1.500 11.000 20.500
v -0.500 11.000 20.500
v -1.000 11.000 20.500
v -1.000 10.500 20.500
v -0.500 10.500 20.500
v -1.125 11.500 21.875
v -1.125 16.500 21.875
v -1.125 17.500 21.875
v -1.125 10.500 18.875
v -1.125 12.500 18.875
v -1.125 13.500 18.875
v -1.125 14.500 18.875
v -1.125 15.500 18.875
v -1.125 17.500 18.875
v -1.125 18.500 18.875
v -1.125 19.500 18.875
v -1.125 20.500 18.875
v -1.125 17.500 20.125
v -1.125 17.500 22.875
v -0.500 11.500 19.500
v -0.500 16.500 18.500
v -0.500 16.500 25.500
v -0.500 11.000 18.500
v -0.500 11.000 19.500
v -0.500 11.000 24.500
v -1.125 11.500 20.125
v -1.125 16.500 20.125
v -1.125 11.500 22.875
v -1.125 16.500 22.875
v -0.500 11.500 24.500
v -0.500 11.500 0.500
v -1.500 11.500 0.500
v -1.500 11.000 0.500
v -0.500 11.000 0.500
v -0.500 16.500 0.500
v -1.500 16.500 0.500
v -1.500 16.000 0.500
v -0.500 16.000 0.500
v -0.500 11.000 1.500
v -1.000 11.000 1.500
v -1.000 10.500 1.500
v -0.500 10.500 1.500
v -1.000 11.000 0.500
v -0.500 10.500 0.500
v -1.000 10.500 0.500
v -0.500 16.000 1.500
v -1.000 16.000 1.500
v -1.000 15.500 1.500
v -0.500 15.500 1.500
v -1.000 16.000 0.500
v -0.500 15.500 0.500
v -1.000 15.500 0.500
v -1.500 16.500 12.500
v -1.500 16.500 11.500
v -1.500 16.000 11.500
v -1.500 16.000 12.500
v -1.500 16.000 12.000
v -1.500 15.500 12.000
v -1.500 15.500 12.500
v -1.500 15.500 13.500
v -1.500 15.500 12.500
v -1.500 15.000 12.500
v -1.500 15.000 13.500
v -0.500 15.500 12.500
v -0.500 15.500 13.500
v -0.500 15.000 13.500
v -0.500 15.000 12.500
v -1.500 15.000 13.000
v -1.500 14.500 13.000
v -1.500 14.500 13.500
v -0.500 15.000 13.000
v -0.500 14.500 13.500
v -0.500 14.500 13.000
v -1.500 16.500 12.500
v -1.500 16.500 13.500
v -1.500 17.000 13.500
v -1.500 17.000 12.500
v -0.500 16.500 13.500
v -0.500 16.500 12.500
v -0.500 17.000 12.500
v -0.500 17.000 13.500
v -1.500 17.000 13.000
v -1.500 17.500 13.000
v -1.500 17.500 12.500
v -0.500 17.000 13.000
v -0.500 17.500 12.500
v -0.500 17.500 13.000
v -1.500 14.500 14.500
v -1.500 14.500 13.500
v -1.500 14.000 13.500
v -1.500 14.000 14.500
v -0.500 14.500 13.500
v -0.500 14.500 14.500
v -0.500 14.000 14.500
v -0.500 14.000 13.500
v -1.500 14.000 14.000
v -1.500 13.500 14.000
v -1.500 13.500 14.500
v -0.500 14.000 14.000
v -0.500 13.500 14.500
v -0.500 13.500 14.000
v -1.500 15.500 13.500
v -1.500 15.500 14.500
v -1.500 16.000 14.500
v -1.500 16.000 13.500
v -0.500 15.500 14.500
v -0.500 15.500 13.500
v -0.500 16.000 13.500
v -0.500 16.000 14.500
v -1.500 16.000 14.000
v -1.500 16.500 14.000
v -1.500 16.500 13.500
v -0.500 16.000 14.000
v -0.500 16.500 13.500
v -0.500 16.500 14.000
v -1.500 13.500 15.500
v -1.500 13.500 14.500
v -1.500 13.000 14.500
v -1.500 13.000 15.500
v -0.500 13.500 14.500
v -0.500 13.500 15.500
v -0.500 13.000 15.500
v -0.500 13.000 14.500
v -1.500 13.000 15.000
v -1.500 12.500 15.000
v -1.500 12.500 15.500
v -0.500 13.000 15.000
v -0.500 12.500 15.500
v -0.500 12.500 15.000
v -1.500 14.500 14.500
v -1.500 14.500 15.500
v -1.500 15.000 15.500
v -1.500 15.000 14.500
v -0.500 14.500 15.500
v -0.500 14.500 14.500
v -0.500 15.000 14.500
v -0.500 15.000 15.500
v -1.500 15.000 15.000
v -1.500 15.500 15.000
v -1.500 15.500 14.500
v -0.500 15.000 15.000
v -0.500 15.500 14.500
v -0.500 15.500 15.000
v -1.125 5.500 5.125
v -0.875 5.500 5.125
v -0.875 5.500 4.875
v -1.125 5.500 4.875
v -1.125 5.500 11.125
v -0.875 5.500 11.125
v -0.875 5.500 10.875
v -1.125 5.500 10.875
v -1.125 7.500 5.125
v -0.875 7.500 5.125
v -0.875 7.500 4.875
v -1.125 7.500 4.875
v -1.125 7.500 11.125
v -0.875 7.500 11.125
v -0.875 7.500 10.875
v -1.125 7.500 10.875
v -0.875 11.500 6.875
v -1.125 11.500 6.875
v -1.125 12.500 6.875
v -0.875 12.500 6.875
v -0.875 16.500 6.875
v -1.125 16.500 6.875
v -1.125 17.500 6.875
v -0.875 17.500 6.875
v -1.500 10.500 11.500
v -0.500 10.500 11.500
v -0.500 12.500 11.500
v -1.500 12.500 11.500
v -1.500 13.500 11.500
v -0.500 13.500 11.500
v -0.500 14.500 11.500
v -1.500 14.500 11.500
v -1.500 15.500 11.500
v -0.500 15.500 11.500
v -0.500 16.500 11.500
v -1.500 18.500 11.500
v -0.500 18.500 11.500
v -0.500 19.500 11.500
v -1.500 19.500 11.500
v -1.125 1.500 5.125
v -0.875 1.500 5.125
v -0.875 1.500 4.875
v -1.125 1.500 4.875
v -1.125 1.500 11.125
v -0.875 1.500 11.125
v -0.875 1.500 10.875
v -1.125 1.500 10.875
v -0.875 -0.500 10.875
v -1.125 -0.500 10.875
v -1.125 10.500 10.875
v -0.875 10.500 10.875
v -0.875 12.500 10.875
v -1.125 12.500 10.875
v -1.125 13.500 10.875
v -0.875 13.500 10.875
v -0.875 14.500 10.875
v -1.125 14.500 10.875
v -1.125 15.500 10.875
v -0.875 15.500 10.875
v -0.875 17.500 10.875
v -1.125 17.500 10.875
v -1.125 18.500 10.875
v -0.875 18.500 10.875
v -1.125 3.500 5.125
v -0.875 3.500 5.125
v -0.875 3.500 4.875
v -1.125 3.500 4.875
v -1.125 3.500 11.125
v -0.875 3.500 11.125
v -0.875 3.500 10.875
v -1.125 3.500 10.875
v -1.125 9.500 5.125
v -0.875 9.500 5.125
v -0.875 9.500 4.875
v -1.125 9.500 4.875
v -1.125 9.500 11.125
v -0.875 9.500 11.125
v -0.875 9.500 10.875
v -1.125 9.500 10.875
v -1.125 11.500 8.125
v -0.875 11.500 8.125
v -0.875 12.500 8.125
v -1.125 12.500 8.125
v -1.125 16.500 8.125
v -0.875 16.500 8.125
v -0.875 17.500 8.125
v -1.125 17.500 8.125
v -1.500 21.500 5.500
v -0.500 21.500 5.500
v -0.500 21.500 -0.500
v -1.500 21.500 -0.500
v -0.875 11.500 -0.125
v -1.125 11.500 -0.125
v -1.125 12.500 -0.125
v -0.875 12.500 -0.125
v -0.875 16.500 -0.125
v -1.125 16.500 -0.125
v -1.125 17.500 -0.125
v -0.875 17.500 -0.125
v -0.875 11.500 5.875
v -1.125 11.500 5.875
v -1.125 12.500 5.875
v -0.875 12.500 5.875
v -0.875 16.500 5.875
v -1.125 16.500 5.875
v -1.125 17.500 5.875
v -0.875 17.500 5.875
v -1.125 11.500 7.125
v -0.875 11.500 7.125
v -0.875 12.500 7.125
v -1.125 12.500 7.125
v -1.125 16.500 7.125
v -0.875 16.500 7.125
v -0.875 17.500 7.125
v -1.125 17.500 7.125
v -0.875 11.500 0.125
v -0.875 12.500 0.125
v -0.875 16.500 0.125
v -0.875 17.500 0.125
v -0.875 11.500 1.125
v -0.875 11.500 0.875
v -0.875 12.500 0.875
v -0.875 12.500 1.125
v -0.875 16.500 1.125
v -0.875 16.500 0.875
v -0.875 17.500 0.875
v -0.875 17.500 1.125
v -0.875 11.500 2.125
v -0.875 11.500 1.875
v -0.875 12.500 1.875
v -0.875 12.500 2.125
v -0.875 16.500 2.125
v -0.875 16.500 1.875
v -0.875 17.500 1.875
v -0.875 17.500 2.125
v -0.875 11.500 3.125
v -0.875 11.500 2.875
v -0.875 12.500 2.875
v -0.875 12.500 3.125
v -0.875 16.500 3.125
v -0.875 16.500 2.875
v -0.875 17.500 2.875
v -0.875 17.500 3.125
v -0.875 11.500 4.125
v -0.875 11.500 3.875
v -0.875 12.500 3.875
v -0.875 12.500 4.125
v -0.875 16.500 4.125
v -0.875 16.500 3.875
v -0.875 17.500 3.875
v -0.875 17.500 4.125
v -0.875 -0.500 5.125
v -0.875 -0.500 4.875
v -0.875 10.500 4.875
v -0.875 10.500 5.125
v -0.875 12.500 5.125
v -0.875 12.500 4.875
v -0.875 13.500 4.875
v -0.875 13.500 5.125
v -0.875 14.500 5.125
v -0.875 14.500 4.875
v -0.875 15.500 4.875
v -0.875 15.500 5.125
v -0.875 17.500 5.125
v -0.875 17.500 4.875
v -0.875 18.500 4.875
v -0.875 18.500 5.125
v -0.875 19.500 5.125
v -0.875 19.500 4.875
v -0.875 20.500 4.875
v -0.875 20.500 5.125
v -0.875 11.500 6.125
v -0.875 12.500 6.125
v -0.875 16.500 6.125
v -0.875 17.500 6.125
v -0.875 11.500 7.875
v -0.875 12.500 7.875
v -0.875 16.500 7.875
v -0.875 17.500 7.875
v -0.875 11.500 9.125
v -0.875 11.500 8.875
v -0.875 12.500 8.875
v -0.875 12.500 9.125
v -0.875 16.500 9.125
v -0.875 16.500 8.875
v -0.875 17.500 8.875
v -0.875 17.500 9.125
v -0.875 11.500 10.125
v -0.875 11.500 9.875
v -0.875 12.500 9.875
v -0.875 12.500 10.125
v -0.875 16.500 10.125
v -0.875 16.500 9.875
v -0.875 17.500 9.875
v -0.875 17.500 10.125
v -0.875 -0.500 11.125
v -0.875 10.500 11.125
v -0.875 12.500 11.125
v -0.875 13.500 11.125
v -0.875 14.500 11.125
v -0.875 15.500 11.125
v -0.875 17.500 11.125
v -0.875 18.500 11.125
v -1.125 11.500 10.125
v -1.125 12.500 10.125
v -1.125 16.500 10.125
v -1.125 17.500 10.125
v -1.125 -0.500 5.125
v -1.125 -0.500 4.875
v -1.125 -0.500 11.125
v -1.500 14.500 5.500
v -0.500 14.500 5.500
v -0.500 14.500 4.500
v -1.500 14.500 4.500
v -0.500 14.500 10.500
v -1.500 14.500 10.500
v -0.500 16.500 -0.500
v -1.500 16.500 -0.500
v -1.500 16.500 4.500
v -0.500 16.500 4.500
v -1.125 16.500 0.125
v -1.125 16.500 1.125
v -1.125 16.500 0.875
v -1.125 16.500 2.125
v -1.125 16.500 1.875
v -1.125 16.500 3.125
v -1.125 16.500 2.875
v -1.125 16.500 4.125
v -1.125 16.500 3.875
v -0.500 16.500 5.500
v -1.500 16.500 5.500
v -1.500 16.500 10.500
v -0.500 16.500 10.500
v -1.125 16.500 6.125
v -1.125 16.500 7.875
v -1.125 16.500 9.125
v -1.125 16.500 8.875
v -1.125 16.500 9.875
v -0.500 16.500 12.500
v -1.000 11.000 4.500
v -1.000 11.000 -0.500
v -1.000 10.500 -0.500
v -1.000 10.500 4.500
v -1.000 16.000 4.500
v -1.000 16.000 -0.500
v -1.000 15.500 -0.500
v -1.000 15.500 4.500
v -1.000 11.000 10.500
v -1.000 11.000 5.500
v -1.000 10.500 5.500
v -1.000 10.500 10.500
v -1.000 16.000 10.500
v -1.000 16.000 5.500
v -1.000 15.500 5.500
v -1.000 15.500 10.500
v -0.500 18.500 5.500
v -1.500 18.500 5.500
v -1.500 18.500 4.500
v -0.500 18.500 4.500
v -1.500 18.500 10.500
v -0.500 18.500 10.500
v -1.125 11.500 6.125
v -1.125 12.500 6.125
v -1.125 17.500 6.125
v -1.125 11.500 8.875
v -1.125 12.500 8.875
v -1.125 17.500 8.875
v -0.500 11.500 2.500
v -1.500 11.500 2.500
v -1.500 11.000 2.500
v -0.500 11.000 2.500
v -1.000 11.000 2.500
v -1.000 10.500 2.500
v -0.500 10.500 2.500
v -0.500 16.500 2.500
v -1.500 16.500 2.500
v -1.500 16.000 2.500
v -0.500 16.000 2.500
v -1.000 16.000 2.500
v -1.000 15.500 2.500
v -0.500 15.500 2.500
v -1.500 11.500 4.500
v -1.500 11.500 -0.500
v -1.500 11.000 -0.500
v -1.500 11.000 4.500
v -1.500 16.000 -0.500
v -1.500 16.000 4.500
v -1.500 20.500 -0.500
v -1.500 20.500 5.500
v -1.500 10.500 4.500
v -1.500 10.500 5.500
v -1.500 12.500 5.500
v -1.500 12.500 4.500
v -1.500 13.500 4.500
v -1.500 13.500 5.500
v -1.500 15.500 4.500
v -1.500 15.500 5.500
v -1.500 17.500 5.500
v -1.500 17.500 4.500
v -1.500 19.500 5.500
v -1.500 19.500 4.500
v -1.500 11.500 10.500
v -1.500 11.500 5.500
v -1.500 11.000 5.500
v -1.500 11.000 10.500
v -1.500 16.000 5.500
v -1.500 16.000 10.500
v -1.500 10.500 10.500
v -1.500 12.500 10.500
v -1.500 13.500 10.500
v -1.500 15.500 10.500
v -1.500 17.500 11.500
v -1.500 17.500 10.500
v -1.500 19.500 10.500
v -1.500 17.500 12.500
v -1.125 11.500 7.875
v -1.125 12.500 7.875
v -1.125 17.500 7.875
v -1.000 10.500 0.500
v -0.500 10.500 0.500
v -1.000 15.500 0.500
v -0.500 15.500 0.500
v -1.500 11.500 0.500
v -0.500 11.500 0.500
v -1.500 16.500 0.500
v -0.500 16.500 0.500
v -0.500 10.500 -0.500
v -0.500 10.500 4.500
v -0.500 10.500 5.500
v -0.500 10.500 10.500
v -0.500 11.500 6.500
v -1.500 11.500 6.500
v -1.500 11.000 6.500
v -0.500 11.000 6.500
v -1.000 11.000 6.500
v -1.000 10.500 6.500
v -0.500 10.500 6.500
v -0.500 16.500 6.500
v -1.500 16.500 6.500
v -1.500 16.000 6.500
v -0.500 16.000 6.500
v -1.000 16.000 6.500
v -1.000 15.500 6.500
v -0.500 15.500 6.500
v -1.125 12.500 0.125
v -1.125 12.500 1.125
v -1.125 12.500 0.875
v -1.125 12.500 2.125
v -1.125 12.500 1.875
v -1.125 12.500 3.125
v -1.125 12.500 2.875
v -1.125 12.500 4.125
v -1.125 12.500 3.875
v -0.500 12.500 5.500
v -0.500 12.500 4.500
v -1.125 12.500 9.125
v -1.125 12.500 9.875
v -0.500 12.500 10.500
v -0.500 13.500 4.500
v -0.500 15.500 4.500
v -0.500 17.500 4.500
v -0.500 19.500 4.500
v -0.500 16.000 -0.500
v -0.500 16.000 4.500
v -0.500 16.000 5.500
v -0.500 16.000 10.500
v -0.500 16.000 11.500
v -0.500 16.000 12.500
v -1.125 10.500 5.125
v -1.125 12.500 5.125
v -1.125 13.500 5.125
v -1.125 14.500 5.125
v -1.125 15.500 5.125
v -1.125 17.500 5.125
v -1.125 18.500 5.125
v -1.125 19.500 5.125
v -1.125 20.500 5.125
v -0.500 11.500 8.500
v -1.500 11.500 8.500
v -1.500 11.000 8.500
v -0.500 11.000 8.500
v -1.000 11.000 8.500
v -1.000 10.500 8.500
v -0.500 10.500 8.500
v -0.500 16.500 8.500
v -1.500 16.500 8.500
v -1.500 16.000 8.500
v -0.500 16.000 8.500
v -1.000 16.000 8.500
v -1.000 15.500 8.500
v -0.500 15.500 8.500
v -1.125 10.500 11.125
v -1.125 12.500 11.125
v -1.125 13.500 11.125
v -1.125 14.500 11.125
v -1.125 15.500 11.125
v -1.125 17.500 11.125
v -1.125 18.500 11.125
v -0.500 17.500 12.500
v -1.125 4.500 5.125
v -0.875 4.500 5.125
v -0.875 4.500 4.875
v -1.125 4.500 4.875
v -1.125 4.500 11.125
v -0.875 4.500 11.125
v -0.875 4.500 10.875
v -1.125 4.500 10.875
v -0.500 13.500 10.500
v -0.500 15.500 10.500
v -0.500 17.500 10.500
v -0.500 19.500 10.500
v -1.125 11.500 3.125
v -1.125 17.500 3.125
v -1.125 6.500 5.125
v -0.875 6.500 5.125
v -0.875 6.500 4.875
v -1.125 6.500 4.875
v -1.125 6.500 11.125
v -0.875 6.500 11.125
v -0.875 6.500 10.875
v -1.125 6.500 10.875
v -1.125 0.500 5.125
v -0.875 0.500 5.125
v -0.875 0.500 4.875
v -1.125 0.500 4.875
v -1.125 0.500 11.125
v -0.875 0.500 11.125
v -0.875 0.500 10.875
v -1.125 0.500 10.875
v -1.125 11.500 1.875
v -1.125 17.500 1.875
v -1.125 2.500 5.125
v -0.875 2.500 5.125
v -0.875 2.500 4.875
v -1.125 2.500 4.875
v -1.125 2.500 11.125
v -0.875 2.500 11.125
v -0.875 2.500 10.875
v -1.125 2.500 10.875
v -0.500 16.000 12.000
v -0.500 15.500 12.000
v -1.125 11.500 4.125
v -1.125 17.500 4.125
v -1.125 8.500 5.125
v -0.875 8.500 5.125
v -0.875 8.500 4.875
v -1.125 8.500 4.875
v -1.125 8.500 11.125
v -0.875 8.500 11.125
v -0.875 8.500 10.875
v -1.125 8.500 10.875
v -1.125 11.500 2.125
v -1.125 17.500 2.125
v -1.125 11.500 0.875
v -1.125 17.500 0.875
v -0.500 20.500 5.500
v -0.500 20.500 -0.500
v -1.125 11.500 9.875
v -1.125 17.500 9.875
v -1.125 11.500 1.125
v -1.125 17.500 1.125
v -1.125 11.500 3.875
v -1.125 17.500 3.875
v -1.125 10.500 4.875
v -1.125 12.500 4.875
v -1.125 13.500 4.875
v -1.125 14.500 4.875
v -1.125 15.500 4.875
v -1.125 17.500 4.875
v -1.125 18.500 4.875
v -1.125 19.500 4.875
v -1.125 20.500 4.875
v -0.500 13.500 5.500
v -0.500 15.500 -0.500
v -0.500 15.500 5.500
v -0.500 15.500 12.500
v -1.125 17.500 0.125
v -1.125 17.500 2.875
v -0.500 17.500 5.500
v -1.125 17.500 9.125
v -0.500 17.500 11.500
v -0.500 19.500 5.500
v -0.500 11.000 -0.500
v -0.500 11.000 4.500
v -0.500 11.000 5.500
v -0.500 11.000 10.500
v -0.500 11.500 1.500
v -1.500 11.500 1.500
v -1.500 11.000 1.500
v -0.500 16.500 1.500
v -1.500 16.500 1.500
v -1.500 16.000 1.500
v -1.125 11.500 0.125
v -1.125 11.500 2.875
v -1.125 11.500 9.125
v -0.500 11.500 -0.500
v -0.500 11.500 4.500
v -0.500 11.500 5.500
v -0.500 11.500 10.500
v -0.500 11.500 3.500
v -1.500 11.500 3.500
v -1.500 11.000 3.500
v -0.500 11.000 3.500
v -1.000 11.000 3.500
v -1.000 10.500 3.500
v -0.500 10.500 3.500
v -0.500 16.500 3.500
v -1.500 16.500 3.500
v -1.500 16.000 3.500
v -0.500 16.000 3.500
v -1.000 16.000 3.500
v -1.000 15.500 3.500
v -0.500 15.500 3.500
v -0.500 11.500 9.500
v -1.500 11.500 9.500
v -1.500 11.000 9.500
v -0.500 11.000 9.500
v -1.000 11.000 9.500
v -1.000 10.500 9.500
v -0.500 10.500 9.500
v -0.500 16.500 9.500
v -1.500 16.500 9.500
v -1.500 16.000 9.500
v -0.500 16.000 9.500
v -1.000 16.000 9.500
v -1.000 15.500 9.500
v -0.500 15.500 9.500
v -0.500 11.500 7.500
v -1.500 11.500 7.500
v -1.500 11.000 7.500
v -0.500 11.000 7.500
v -1.000 11.000 7.500
v -1.000 10.500 7.500
v -0.500 10.500 7.500
v -0.500 16.500 7.500
v -1.500 16.500 7.500
v -1.500 16.000 7.500
v -0.500 16.000 7.500
v -1.000 16.000 7.500
v -1.000 15.500 7.500
v -0.500 15.500 7.500

usemtl minecraft_block-chiseled_quartz_block

f 255/13 256/11 257/5 258/6
f 259/13 261/11 262/5 260/6
f 304/13 305/11 306/5 307/6
f 436/13 23/11 17/5 425/6
f 437/13 289/11 283/5 438/6
f 439/13 255/11 258/5 440/6
f 447/13 475/11 529/5 448/6
f 460/13 458/11 598/5 599/6
f 475/13 304/11 307/5 529/6
f 302/13 477/11 531/5 298/6
f 55/13 456/11 595/5 56/6
f 63/13 721/11 344/5 343/6
f 478/13 463/11 518/5 284/6
f 295/13 527/11 349/5 291/6
f 1093/13 788/11 782/5 1086/6
f 1094/13 1096/11 1097/5 1095/6
f 1098/13 1100/11 1101/5 1099/6
f 1100/13 1113/11 1114/5 1101/6
f 1081/13 1115/11 1116/5 1075/6
f 1119/13 1120/11 1121/5 1122/6
f 1123/13 1124/11 1125/5 1126/6
f 1127/13 1131/11 1132/5 1128/6
f 1129/13 1133/11 1134/5 1130/6
f 1177/13 1071/11 1074/5 1178/6
f 1175/13 1176/11 1179/5 1180/6
f 1181/13 1182/11 1183/5 1184/6
f 1283/13 1284/11 789/5 1273/6
f 1285/13 802/11 796/5 1243/6
f 1286/13 1289/11 1161/5 1287/6
f 1288/13 1174/11 1168/5 1256/6
f 1290/13 1119/11 1122/5 1291/6
f 1292/13 1123/11 1126/5 1265/6
f 1072/13 1371/11 1448/5 1073/6
f 1374/13 1375/11 1459/5 1393/6
f 1394/13 1460/11 1258/5 1257/6
f 1349/13 1347/11 1506/5 1507/6
f 1354/13 1352/11 1513/5 1517/6
f 1518/13 1514/11 1237/5 1240/6
f 1371/13 1177/11 1178/5 1448/6
f 1166/13 1373/11 1449/5 1162/6
f 1375/13 1175/11 1180/5 1459/6
f 1460/13 1181/11 1184/5 1258/6
f 1959/13 1960/11 1951/5 1961/6
f 2073/13 2053/11 1754/5 2074/6
f 2355/13 2366/11 2741/5 2737/6
f 2376/13 2390/11 2743/5 2742/6
f 2408/104 2405/11 2769/5 2774/101
f 2775/104 2770/11 2773/5 2776/101
f 1960/13 2785/11 2550/5 1951/6
f 2786/13 2788/25 2109/26 2787/6
f 2398/13 2402/11 2797/5 2794/6
f 2795/13 2798/11 2799/5 2796/6
f 2342/34 1924/11 1926/5 3007/35
f 2329/34 2344/11 3010/5 3011/35
f 3012/34 3008/11 3009/5 3013/35
f 3023/34 2536/11 2539/5 3024/35
f 2304/13 2322/25 2655/26 3113/6
f 3115/13 2658/25 2659/26 3047/6
f 2406/13 2409/57 3126/58 3120/6
f 3122/13 3127/57 3110/58 3109/6
f 2390/13 2389/11 1767/5 2743/6
f 2065/13 2378/11 1779/5 1774/6
f 1944/13 2387/25 3366/26 1945/6
f 2386/13 2347/11 3367/5 2098/6
f 3369/13 2093/11 2096/5 3069/6
f 4099/13 4102/11 4103/5 4100/6
f 4319/13 4318/53 4446/50 4447/6
f 3991/13 4274/53 4448/50 3992/6
f 4449/13 4451/77 4109/78 4450/6
f 4527/34 4528/11 4529/5 4530/35
f 4260/13 4282/25 4682/26 4683/6
f 4294/13 4319/25 4447/26 4688/6
f 4685/13 4689/25 4690/26 4686/6
f 4691/13 4692/11 4693/5 4694/6
f 4338/13 4342/11 5013/5 5011/6
f 5012/13 5014/11 4993/5 4989/6
f 5058/13 4098/11 4101/5 4937/6
f 4692/13 5108/11 4974/5 4693/6
f 3688/13 5109/25 4885/26 4084/6
f 4073/34 4260/11 4683/5 3615/35
f 4873/85 5210/11 4932/5 4869/86
f 4264/13 4262/11 4571/5 4863/6
f 4268/34 3976/11 3978/5 5322/35
f 4255/34 4270/11 5323/5 5191/35
f 5192/34 5215/11 4938/5 4927/35
f 4707/13 5007/11 4929/5 4703/6
f 5093/13 5221/11 4944/5 4928/6
f 4102/85 4531/11 4532/5 4103/86
f 5719/13 5705/11 5700/5 5720/6
f 5722/13 5721/11 5677/5 5723/6
f 5895/13 5896/11 5889/5 5897/6
f 6087/34 6072/11 6403/5 6406/35
f 6073/13 6096/11 6407/5 6408/6
f 6034/34 6030/11 6656/5 6469/35
f 6471/34 6657/11 6660/5 6472/35
f 6111/13 6108/11 6674/5 6676/6
f 5896/13 6720/11 6721/5 5889/6
f 6722/13 6724/25 5502/26 6723/6
f 5705/13 6494/11 6495/5 5700/6
f 6058/13 5871/11 5873/5 6941/6
f 6063/34 6060/11 6944/5 5478/35
f 6067/13 6049/11 6938/5 6433/6
f 6071/13 6069/11 6946/5 6841/6
f 6109/13 6112/11 7147/5 7148/6
f 7149/13 7150/11 7026/5 7022/6
f 5884/13 6091/57 5491/58 5885/6
f 6098/13 5699/25 5693/26 7332/6
f 6100/13 6073/25 6408/26 7301/6
f 7766/13 7767/77 7768/78 7769/6
f 8055/13 8366/53 8367/50 8056/6
f 8180/13 8182/25 8368/26 8365/6
f 8183/13 8135/11 8369/5 7771/6
f 8370/13 8371/53 8372/50 8373/6
f 8150/13 8137/11 8563/5 8564/6
f 8371/65 8560/11 8565/5 8372/24
f 8151/85 8160/11 8566/5 8567/86
f 8207/13 8208/11 8574/5 8568/6
f 8209/34 8193/11 8896/5 8891/35
f 8901/34 8897/11 8900/5 8893/35
f 9299/13 7766/77 7769/78 9229/6
f 8200/13 8203/25 9358/26 9357/6
f 8205/13 8207/11 8568/5 9359/6
f 9508/85 9299/11 9229/5 9228/86
f 8889/13 9324/11 9220/5 9219/6
f 9419/65 8043/11 8045/5 9221/24
f 8132/104 8146/11 9568/5 9418/101
f 8560/65 9159/11 9222/5 8565/24
f 8137/85 7907/11 7903/5 8563/86
f 7767/85 9508/11 9228/5 7768/86
f 9747/13 9888/11 9968/5 9743/6
f 9893/13 9894/11 9991/5 9992/6
f 9886/13 9887/11 9919/5 9998/6
f 9995/13 9922/11 9841/5 9840/6
f 9895/13 9882/11 9878/5 9962/6
f 9888/13 9678/11 9674/5 9968/6
f 9889/13 9886/11 9998/5 9729/6
f 9740/13 9995/11 9840/5 9736/6
f 10360/13 10361/11 10464/5 10465/6
f 10366/13 10368/11 10469/5 10470/6
f 10471/13 10472/11 10325/5 10323/6
f 10362/13 10194/11 10190/5 10456/6
f 10358/13 10289/11 10285/5 10478/6
f 10369/13 10367/11 10372/5 10479/6
f 10480/13 10381/11 10324/5 10326/6
f 10215/13 10358/11 10478/5 10211/6
f 10669/13 10672/25 10673/26 10670/6
f 10682/13 10683/11 10684/5 10685/6
f 10991/13 10668/77 10671/78 10992/6
f 11007/13 11008/11 11009/5 11010/6
f 11011/13 11012/25 11013/26 11014/6
f 11015/13 11016/25 11017/26 11018/6
f 11019/13 11023/25 11024/26 11020/6
f 11026/13 10947/11 10941/5 11027/6
f 11030/13 11033/77 11034/78 11031/6
f 11035/13 11037/25 11038/26 11036/6
f 11211/13 11278/25 11573/26 11212/6
f 11217/13 11574/25 11575/26 11218/6
f 11280/13 11282/25 11579/26 11576/6
f 11705/13 11700/11 11706/5 11707/6
f 11349/34 11330/11 11716/5 11717/35
f 11718/34 11719/11 11708/5 11720/35
f 11037/34 11361/11 11721/5 11038/35
f 11325/65 11252/11 11254/5 11902/24
f 11905/85 11903/11 11904/5 10664/86
f 11330/65 11331/11 11889/5 11716/24
f 11923/13 11924/11 11925/5 11926/6
f 11297/34 11299/11 12054/5 12055/35
f 12056/34 12057/11 12058/5 12059/35
f 11315/13 11313/11 12060/5 12063/6
f 12064/13 12061/11 12062/5 12065/6
f 10894/13 11306/11 12647/5 12646/6
f 12661/34 12660/11 11808/5 12472/35
f 11700/13 12662/11 12263/5 11706/6
f 12805/13 10991/11 10992/5 12485/6
f 13077/13 13078/11 13079/5 13080/6
f 13075/13 13076/11 13081/5 13082/6
f 13083/13 13084/11 13085/5 13086/6
f 13087/13 13058/11 13052/5 13088/6
f 13345/13 13347/11 13348/5 13346/6
f 13355/13 13362/11 13363/5 13356/6
f 13359/13 13364/11 13365/5 13360/6
f 13076/13 13410/11 13519/5 13081/6
f 13084/13 13520/11 13521/5 13085/6
f 13472/13 13471/11 13845/5 13846/6
f 13490/13 13515/25 13849/26 13848/6
f 13867/34 13866/11 13678/5 13868/35
f 13860/13 13869/11 13246/5 13863/6
f 13453/13 13451/11 13873/5 13878/6
f 13879/13 13874/11 13877/5 13880/6
f 13447/13 13445/11 13884/5 13872/6
f 13875/13 13885/11 13886/5 13876/6
f 13078/13 13400/11 13992/5 13079/6
f 13409/13 13408/11 13059/5 14146/6
f 14147/13 13072/11 13066/5 14065/6
f 13439/13 13441/11 13351/5 14150/6
f 14151/13 14152/11 14081/5 14079/6
f 13446/13 13448/11 14169/5 14154/6
f 13248/13 14189/11 14091/5 13249/6
f 13064/13 13404/11 14310/5 13060/6
f 13406/13 13418/11 13710/5 14395/6
f 14189/13 13860/11 13863/5 14091/6
f 13195/34 13472/11 13846/5 12928/35
f 13457/34 13474/11 13723/5 14488/35
f 13467/104 13478/11 13680/5 14405/101
f 14714/13 14715/11 14716/5 14717/6
f 14851/13 14853/11 14854/5 14852/6
f 14874/13 14699/11 14693/5 14875/6
f 15243/13 14668/25 14671/26 15244/6
f 15060/13 15037/11 15346/5 15251/6
f 15069/13 15066/11 15348/5 15349/6
f 14982/13 14985/11 15561/5 14694/6
f 14705/13 15562/11 15563/5 14701/6
f 15002/13 14996/11 15374/5 15564/6
f 15565/13 15384/11 15380/5 15566/6
f 15022/104 15012/11 14847/5 15575/101
f 14952/104 15572/11 15574/5 15576/101
f 15632/34 15630/11 15631/5 15237/35
f 15625/13 15633/11 14663/5 15628/6
f 14715/13 14988/11 15893/5 14716/6
f 15013/13 15023/57 15974/58 15975/6
f 15976/13 15977/57 15825/58 15824/6
f 14712/13 14992/11 16040/5 14708/6
f 14994/13 15001/11 15387/5 16041/6
f 15881/13 15625/11 15628/5 15832/6
f 15048/13 14942/11 14945/5 16127/6
f 15031/34 15050/11 16128/5 16051/35
f 15056/13 14766/11 14762/5 16058/6
f 15037/13 15059/11 15744/5 15346/6
f 17191/13 17192/77 17193/78 17194/6
f 17244/13 17245/77 16500/78 17246/6
f 17247/13 17248/53 17249/50 17250/6
f 17026/13 17253/57 17254/58 17027/6
f 17033/13 17255/53 17256/50 17034/6
f 17259/13 17260/25 17261/26 17262/6
f 17192/13 17323/77 17324/78 17193/6
f 16797/13 17526/25 17527/26 16798/6
f 16803/13 17528/25 17454/26 16804/6
f 17529/13 17532/25 17533/26 17530/6
f 17531/13 17534/25 17474/26 17469/6
f 16287/13 17899/11 17449/5 17156/6
f 17900/13 17901/11 17452/5 17069/6
f 17559/13 17152/11 16235/5 16228/6
f 17060/13 17565/11 17913/5 16251/6
f 17568/13 17570/25 17916/26 17914/6
f 17572/13 17574/11 17917/5 17315/6
f 17932/85 17191/11 17194/5 17496/86
f 17901/13 16764/11 16767/5 17452/6
f 17608/13 17607/11 16416/5 17970/6
f 17102/34 17164/11 16442/5 17971/35
f 17960/65 18074/11 17485/5 17484/24
f 17634/13 17010/11 17012/5 17929/6
f 18075/65 17017/11 17020/5 17486/24
f 17638/34 17636/11 18076/5 17319/35
f 17323/85 17932/11 17496/5 17324/86
f 17607/13 17606/11 18187/5 16416/6
f 17619/13 17665/77 18188/78 18189/6
f 18074/13 17247/53 17250/50 17485/6
f 17673/13 17244/11 17246/5 18190/6

usemtl minecraft_block-chiseled_quartz_block_top

f 342/13 343/11 344/5 345/6
f 360/13 291/11 349/5 348/6
f 55/13 454/11 455/5 456/6
f 459/13 457/11 458/5 460/6
f 468/13 23/11 436/5 469/6
f 472/34 470/11 471/5 473/35
f 475/13 447/11 470/5 476/6
f 478/13 479/11 464/5 463/6
f 480/13 289/11 437/5 481/6
f 302/34 304/11 475/5 477/35
f 261/27 259/28 305/5 304/6
f 256/13 255/11 439/5 483/6
f 63/13 719/11 720/5 721/6
f 295/13 724/11 723/5 527/6
f 740/13 56/11 595/5 741/6
f 742/13 743/11 599/5 598/6
f 17/13 746/11 747/5 425/6
f 748/13 750/25 751/26 749/6
f 448/13 529/11 752/5 748/6
f 753/13 284/11 518/5 745/6
f 283/13 754/11 755/5 438/6
f 307/13 298/25 531/26 529/6
f 260/27 262/28 307/5 306/6
f 258/13 257/11 757/5 440/6
f 1236/13 1239/11 1240/5 1237/6
f 796/13 1249/11 1250/5 1243/6
f 1251/13 1253/25 1244/26 1252/6
f 1257/13 1258/11 1259/5 1251/6
f 1168/13 1262/11 1263/5 1256/6
f 1184/13 1264/11 1260/5 1258/6
f 1130/27 1134/28 1184/5 1183/6
f 1126/13 1125/11 1267/5 1265/6
f 1348/13 1346/11 1347/5 1349/6
f 1353/13 1351/11 1352/5 1354/6
f 1359/13 788/11 1093/5 1360/6
f 1363/34 1361/11 1362/5 1364/35
f 1366/13 1284/11 1283/5 1367/6
f 1370/34 1368/11 1369/5 1357/35
f 1371/13 1072/11 1361/5 1372/6
f 1375/13 1374/11 1368/5 1376/6
f 1378/13 1096/11 1094/5 1379/6
f 1166/34 1177/11 1371/5 1373/35
f 1380/13 1289/11 1286/5 1381/6
f 1382/13 1175/11 1375/5 1377/6
f 1115/27 1081/28 1071/5 1177/6
f 1131/27 1127/28 1176/5 1175/6
f 1113/13 1100/11 1098/5 1385/6
f 1120/13 1119/11 1290/5 1386/6
f 1614/13 1613/11 1514/5 1518/6
f 1617/13 802/11 1285/5 1618/6
f 1621/34 1619/11 1620/5 1616/35
f 1460/13 1394/11 1619/5 1622/6
f 1624/13 1174/11 1288/5 1625/6
f 1626/13 1181/11 1460/5 1623/6
f 1133/27 1129/28 1182/5 1181/6
f 1124/13 1123/11 1292/5 1628/6
f 1658/13 1659/11 1507/5 1506/6
f 1660/13 1661/11 1517/5 1513/6
f 782/13 1664/11 1665/5 1086/6
f 1666/13 1668/25 1669/26 1667/6
f 789/13 1670/11 1671/5 1273/6
f 1672/13 1674/25 1663/26 1673/6
f 1073/13 1448/11 1675/5 1666/6
f 1393/13 1459/11 1676/5 1672/6
f 1097/13 1678/11 1679/5 1095/6
f 1178/13 1162/25 1449/26 1448/6
f 1161/13 1680/11 1681/5 1287/6
f 1180/13 1682/11 1677/5 1459/6
f 1075/27 1116/28 1178/5 1074/6
f 1128/27 1132/28 1180/5 1179/6
f 1101/13 1114/11 1685/5 1099/6
f 1122/13 1121/11 1686/5 1291/6
f 2023/13 2024/53 2025/50 2016/6
f 2033/75 2034/76 2035/5 2023/6
f 2036/75 2037/76 2024/5 2038/6
f 2042/13 2026/53 2037/50 2033/6
f 2307/27 2308/28 2306/5 2309/6
f 2313/13 2314/11 2304/5 2315/6
f 2318/13 2316/11 2053/5 2073/6
f 2311/85 2322/11 2314/5 2307/86
f 2335/34 2332/11 2334/5 2336/35
f 2340/34 2341/11 1924/5 2342/35
f 2345/34 2343/11 2344/5 2329/35
f 2349/27 2350/28 2348/5 2351/6
f 2356/13 2357/11 2341/5 2358/6
f 2361/13 2359/11 2360/5 2345/6
f 2364/34 2362/11 2363/5 2352/35
f 2365/65 2366/11 2355/5 2354/24
f 2367/65 2368/11 2357/5 2361/24
f 2371/27 2369/28 2362/5 2372/6
f 2378/27 2065/28 2377/5 2379/6
f 2384/13 2381/11 2383/5 2385/6
f 2347/27 2386/28 2388/5 2367/6
f 2389/13 2390/11 2376/5 2391/6
f 2387/34 1944/11 2382/5 2384/35
f 2374/85 2346/11 2370/5 2371/86
f 2402/13 2398/11 2401/5 2403/6
f 2408/91 2409/92 2406/5 2405/6
f 2595/99 2596/30 2589/5 2597/24
f 3050/27 3051/28 3052/5 3049/6
f 2082/13 3056/11 3057/5 3047/6
f 2659/13 3053/77 3051/78 2082/6
f 3060/27 3061/28 3062/5 3058/6
f 3064/13 3066/77 3001/78 3065/6
f 3069/13 3070/25 3013/26 3009/6
f 3073/27 3074/28 3075/5 3002/6
f 3081/27 3082/107 3077/58 3061/6
f 3083/13 3084/77 3085/78 3073/6
f 3089/13 3090/25 3086/26 3088/6
f 3091/13 3092/25 3093/26 3080/6
f 3078/13 3094/25 3024/26 2539/6
f 3095/13 3071/11 3079/5 2095/6
f 3087/13 3096/11 3097/5 3089/6
f 1951/13 2550/11 3101/5 1961/6
f 2787/13 2109/25 3103/26 3102/6
f 2796/13 2799/11 3105/5 3104/6
f 3110/91 2776/92 2773/5 3109/6
f 3386/27 3387/28 3385/5 3388/6
f 3392/13 3393/11 3115/5 3394/6
f 3390/85 2658/11 3393/5 3386/86
f 3398/27 3399/28 3395/5 3400/6
f 3404/85 3401/11 3403/5 3405/86
f 3409/34 3369/11 3008/5 3012/35
f 3413/27 3414/28 3412/5 3415/6
f 3422/109 3420/28 3398/5 3417/101
f 3423/85 3424/11 3414/5 3425/86
f 3429/34 3430/11 3428/5 3426/35
f 3431/34 3432/11 3421/5 3433/35
f 3434/34 3418/11 2536/5 3023/35
f 3411/13 3435/11 2094/5 3419/6
f 3436/13 3427/11 3430/5 3437/6
f 2785/13 1960/11 1959/5 3440/6
f 2788/34 2786/11 3441/5 3442/35
f 2798/13 2795/11 3443/5 3444/6
f 2775/91 3127/92 3122/5 2770/6
f 3466/27 3467/28 3468/5 3465/6
f 2078/13 3472/11 3473/5 3113/6
f 3474/13 3475/11 2074/5 1754/6
f 2655/13 3469/77 3467/78 2078/6
f 3478/13 3480/25 3481/26 3479/6
f 3483/13 3484/25 3007/26 1926/6
f 3485/13 3486/25 3011/26 3010/6
f 3487/27 3488/28 3489/5 2998/6
f 3493/13 3494/11 3495/5 3483/6
f 3496/13 3498/11 3486/5 3497/6
f 3499/13 3501/25 3491/26 3500/6
f 2741/13 3502/53 3492/50 2737/6
f 3503/13 3504/53 3498/50 3493/6
f 3506/27 3507/28 3508/5 3499/6
f 1774/27 1779/28 3513/5 3512/6
f 3515/13 3517/11 3518/5 3516/6
f 2098/27 3367/28 3504/5 3519/6
f 2743/13 1767/11 3520/5 2742/6
f 1945/13 3366/25 3517/26 3514/6
f 3117/13 3509/77 3507/78 3505/6
f 2794/13 2797/11 3524/5 3523/6
f 3126/91 2774/92 2769/5 3120/6
f 4036/13 4037/53 4038/50 4039/6
f 4049/75 4050/76 4051/5 4036/6
f 4052/75 4053/76 4037/5 4054/6
f 4058/13 4040/53 4053/50 4049/6
f 4258/34 4259/11 4260/5 4073/35
f 4263/13 4261/11 4262/5 4264/6
f 4266/34 4267/11 3976/5 4268/35
f 4271/43 4272/28 4270/5 4255/35
f 4276/85 4277/11 4275/5 4278/86
f 4281/13 4282/11 4259/5 4283/6
f 4285/85 4284/11 4258/5 4265/86
f 4286/13 4287/11 4267/5 4288/6
f 4280/34 4292/11 4291/5 4276/35
f 4295/85 4293/11 4281/5 4296/86
f 4298/34 4299/11 4287/5 4300/35
f 4302/13 4289/11 4292/5 4303/6
f 4305/85 4306/11 4294/5 4307/86
f 4312/34 4309/11 4311/5 4301/35
f 4313/27 4273/28 4290/5 4289/6
f 4315/27 4314/28 4302/5 4316/6
f 4318/65 4319/11 4306/5 4308/24
f 4274/65 3991/11 4310/5 4312/24
f 4334/13 4331/11 4333/5 4335/6
f 4340/85 4337/11 4339/5 4336/86
f 4341/13 4342/11 4338/5 4337/6
f 4345/34 4343/11 4344/5 4340/35
f 4348/13 4346/11 4343/5 4349/6
f 4548/99 4549/30 4550/5 4551/24
f 4931/13 4933/77 4869/78 4932/6
f 4937/13 4939/25 4927/26 4938/6
f 4940/75 4941/76 4703/5 4929/6
f 4943/13 4945/11 4928/5 4944/6
f 4948/13 4934/25 4933/26 4947/6
f 4949/27 4530/28 4529/5 4936/6
f 4953/27 4954/28 4955/5 4948/6
f 4958/13 4960/11 4952/5 4959/6
f 4690/27 4961/28 4962/5 4686/6
f 4964/13 4966/11 4957/5 4965/6
f 4103/13 4967/11 4950/5 4100/6
f 4969/13 4970/25 4958/26 4941/6
f 4450/13 4109/77 4103/78 4532/6
f 4968/13 4972/77 4971/78 4969/6
f 4693/13 4974/11 4975/5 4694/6
f 4084/13 4885/25 4977/26 4976/6
f 4983/13 4985/11 4986/5 4984/6
f 4990/13 4992/77 4987/78 4991/6
f 4993/13 4994/11 4990/5 4989/6
f 4995/13 4997/25 4992/26 4996/6
f 4998/13 4999/11 5000/5 4995/6
f 5211/85 5208/11 5210/5 4873/86
f 5216/34 5058/11 5215/5 5192/35
f 5217/75 5218/76 5007/5 4707/6
f 5222/13 5219/11 5221/5 5093/6
f 5213/34 5225/11 5224/5 5211/35
f 4527/27 5226/28 5214/5 4528/6
f 5230/27 5231/28 5225/5 5232/6
f 5237/13 5235/11 5236/5 5228/6
f 5238/27 4689/28 4685/5 5239/6
f 5243/13 5241/11 5242/5 5233/6
f 5244/13 4102/11 4099/5 5227/6
f 5246/34 5247/11 5217/5 5235/35
f 4451/85 4449/11 4531/5 4102/86
f 5249/85 5245/11 5247/5 5248/86
f 5108/13 4692/11 4691/5 5252/6
f 5109/34 3688/11 5253/5 5254/35
f 5258/13 5255/11 5257/5 5259/6
f 5264/85 5262/11 5263/5 5260/86
f 5265/13 5014/11 5012/5 5262/6
f 5268/34 5266/11 5267/5 5264/35
f 5270/13 5269/11 5266/5 5271/6
f 5343/13 5344/25 3615/26 4683/6
f 5345/13 5346/11 4863/5 4571/6
f 5348/13 5349/25 5322/26 3978/6
f 5351/27 5352/55 5191/26 5323/6
f 5353/13 5354/77 5355/78 5005/6
f 4682/13 5358/11 5359/5 5343/6
f 5360/13 5361/77 5347/78 5344/6
f 5362/13 5363/11 5364/5 5348/6
f 5368/13 5356/25 5354/26 5367/6
f 5369/13 5370/77 5371/78 5358/6
f 5373/13 5374/25 5375/26 5362/6
f 5366/13 5377/11 5378/5 5368/6
f 5380/13 5381/77 5382/78 4688/6
f 5385/13 5387/25 5376/26 5386/6
f 4454/27 5388/28 5366/5 5365/6
f 5389/27 5390/28 5391/5 5377/6
f 4447/13 4446/53 5383/50 5380/6
f 3992/13 4448/53 5387/50 5384/6
f 5394/13 5396/11 5397/5 5395/6
f 5399/13 5401/77 5398/78 5400/6
f 5013/13 5402/11 5399/5 5011/6
f 5403/13 5405/25 5401/26 5404/6
f 5406/13 5407/11 5408/5 5403/6
f 5633/13 5634/53 5635/50 5632/6
f 5638/75 5639/76 5640/5 5633/6
f 5641/75 5642/76 5634/5 5643/6
f 5631/13 5636/53 5642/50 5638/6
f 6034/27 6035/28 6031/5 6030/6
f 6056/27 6057/28 5871/5 6058/6
f 6061/34 6062/11 6060/5 6063/35
f 6065/13 6066/11 6049/5 6067/6
f 6070/13 6068/11 6069/5 6071/6
f 6074/27 6075/28 6053/5 6052/6
f 6076/27 6077/28 6062/5 6078/6
f 5762/13 6081/11 6070/5 6072/6
f 6086/13 6084/11 6085/5 6079/6
f 6087/65 6088/11 6082/5 5762/24
f 6091/109 5884/28 6083/5 6084/101
f 6093/13 6094/11 6088/5 6095/6
f 6055/13 6097/11 6090/5 6089/6
f 5699/34 6098/11 6094/5 6099/35
f 6073/34 6100/11 6101/5 6096/35
f 6111/13 6112/11 6109/5 6108/6
f 6466/99 6463/30 6465/5 6467/24
f 6980/27 6472/28 6660/5 6977/6
f 6495/13 6981/11 5720/5 5700/6
f 6982/13 6983/11 5723/5 5677/6
f 6985/13 6986/11 6664/5 6984/6
f 6993/13 6994/57 6394/58 6992/6
f 6991/13 7000/11 7001/5 6993/6
f 7003/27 7004/28 6996/5 6995/6
f 7005/13 7006/25 7000/26 6990/6
f 7007/13 7009/11 7010/5 7008/6
f 7012/13 7013/77 7007/78 7005/6
f 7016/13 7018/25 7013/26 7017/6
f 7019/13 6411/11 7014/5 7020/6
f 5889/13 6721/11 7023/5 5897/6
f 6723/13 5502/25 7025/26 7024/6
f 7026/13 6681/11 6671/5 7022/6
f 6471/27 7347/28 7341/5 6657/6
f 7348/13 6494/11 5705/5 5719/6
f 7350/13 7349/11 5721/5 5722/6
f 7353/13 7354/11 7351/5 7355/6
f 7366/104 7367/11 7365/5 7368/101
f 7374/13 7363/11 7367/5 7375/6
f 7377/27 7378/28 7371/5 7370/6
f 7379/34 7380/11 7364/5 7374/35
f 7383/13 7381/11 7382/5 7384/6
f 7386/85 7387/11 7380/5 7381/86
f 7392/34 7390/11 7391/5 7386/35
f 7369/13 7393/11 7394/5 7388/6
f 6720/13 5896/11 5895/5 7396/6
f 6724/34 6722/11 7397/5 7398/35
f 6677/13 7150/11 7149/5 6675/6
f 7463/27 6469/28 6656/5 7461/6
f 7467/27 7468/28 6941/5 5873/6
f 7470/13 7471/25 5478/26 6944/6
f 7473/13 7474/11 6433/5 6938/6
f 7475/13 7476/11 6841/5 6946/6
f 7477/27 7478/28 7466/5 7465/6
f 7479/27 7480/28 7481/5 7470/6
f 7485/13 5758/11 6403/5 7476/6
f 7487/13 7489/11 7483/5 7488/6
f 7490/13 6406/53 5758/50 7484/6
f 5885/27 5491/107 7487/58 7486/6
f 7493/13 7494/11 7495/5 7490/6
f 7496/13 6668/11 7492/5 7491/6
f 7332/13 5693/25 7497/26 7493/6
f 7301/13 6408/25 6407/26 7498/6
f 7147/13 6676/11 6674/5 7148/6
f 7864/13 7865/53 7866/50 7862/6
f 7869/75 7870/76 7871/5 7864/6
f 7872/75 7873/76 7865/5 7874/6
f 7861/13 7867/53 7873/50 7869/6
f 8140/91 8141/92 8127/5 8142/6
f 8147/104 8144/11 8146/5 8132/101
f 8150/85 8148/11 7907/5 8137/86
f 8152/85 8153/11 8145/5 8154/86
f 8157/13 8155/11 8156/5 8147/6
f 8158/34 8159/11 8149/5 8148/35
f 8161/13 8162/11 8153/5 8163/6
f 8165/27 8166/28 8152/5 8155/6
f 8168/65 8169/11 8159/5 8160/24
f 8170/34 8171/11 8162/5 8172/35
f 8173/13 8174/11 8169/5 8175/6
f 8178/85 8176/11 8177/5 8168/86
f 8182/34 8180/11 8181/5 8166/35
f 8135/13 8183/11 8165/5 8167/6
f 8184/34 8134/11 8174/5 8176/35
f 8151/13 8185/11 8186/5 8178/6
f 8203/34 8200/11 8202/5 8204/35
f 8207/13 8205/11 8206/5 8208/6
f 8209/27 8210/28 8194/5 8193/6
f 8622/99 8618/30 8621/5 8623/24
f 9223/91 9224/92 9219/5 9220/6
f 9225/13 9226/53 9221/50 8045/6
f 8373/54 8372/116 8565/50 9222/6
f 9227/75 9228/76 9229/5 9225/6
f 7768/75 9230/76 9226/5 7769/6
f 8056/13 8367/53 9230/50 9227/6
f 9238/27 8893/28 8900/5 9237/6
f 9504/91 9505/92 9324/5 8889/6
f 9506/65 9507/11 8043/5 9419/24
f 8371/99 8370/30 9159/5 8560/24
f 9508/75 9509/76 9507/5 9299/6
f 9510/75 7767/76 7766/5 9506/6
f 8366/65 8055/11 9509/5 9510/24
f 8901/27 9515/28 9514/5 8897/6
f 9582/91 9583/92 8887/5 9581/6
f 9585/13 9586/57 9418/58 9568/6
f 9588/13 8564/77 8563/78 7903/6
f 9589/13 9590/77 9591/78 9584/6
f 9592/13 9594/11 9586/5 9593/6
f 9595/13 9596/25 9588/26 9587/6
f 9597/13 9598/11 9599/5 9589/6
f 9601/27 9602/28 9592/5 9590/6
f 9604/13 8327/53 8566/50 9595/6
f 9605/13 9606/25 9607/26 9597/6
f 9608/13 9609/11 9610/5 9604/6
f 9611/13 9613/77 8327/78 9612/6
f 8365/13 8368/25 9601/26 9615/6
f 7771/13 8369/11 9603/5 9602/6
f 8374/13 9616/25 9611/26 9608/6
f 9617/13 8567/11 9613/5 9618/6
f 9357/13 9358/25 9622/26 9621/6
f 9359/13 8568/11 8574/5 9623/6
f 9624/27 8891/28 8896/5 9620/6
f 9844/13 9736/11 9840/5 9841/6
f 9889/13 9890/11 9887/5 9886/6
f 9894/27 9893/28 9882/5 9895/6
f 9747/13 9896/11 9678/5 9888/6
f 9740/13 10019/11 9922/5 9995/6
f 10033/13 9729/11 9998/5 9919/6
f 9992/27 9991/28 9962/5 9878/6
f 10035/13 9743/11 9968/5 9674/6
f 10323/27 10325/28 10326/5 10324/6
f 10361/27 10360/28 10194/5 10362/6
f 10215/13 10363/11 10289/5 10358/6
f 10368/27 10366/28 10367/5 10369/6
f 10472/27 10471/28 10381/5 10480/6
f 10465/27 10464/28 10456/5 10190/6
f 10528/13 10211/11 10478/5 10285/6
f 10470/27 10469/28 10479/5 10372/6
f 10847/13 10849/53 10692/50 10689/6
f 11273/13 11274/11 11275/5 11276/6
f 11278/34 11211/11 11277/5 11279/35
f 11282/34 11280/11 11281/5 11283/35
f 11288/34 11286/11 11287/5 11289/35
f 11297/27 11298/28 11291/5 11299/6
f 11306/13 10894/11 11305/5 11307/6
f 11315/13 11316/11 11314/5 11313/6
f 11334/27 11335/28 11320/5 11336/6
f 11338/65 11339/11 11252/5 11325/24
f 10998/65 11340/11 11331/5 11330/24
f 11342/34 11343/11 11339/5 11344/35
f 11349/85 11346/11 11348/5 10998/86
f 11355/34 11352/11 11354/5 11345/35
f 11359/85 11356/11 11358/5 11360/86
f 11012/43 11011/28 11353/5 11362/35
f 11366/13 11363/11 11365/5 11355/6
f 11367/85 11368/11 11357/5 11369/86
f 11371/13 11370/11 11359/5 11361/6
f 11337/13 11372/11 11351/5 11350/6
f 11023/34 11019/11 11373/5 11366/35
f 10947/13 11026/11 11374/5 11375/6
f 11037/34 11035/11 11367/5 11371/35
f 11754/65 11750/11 11753/5 11755/24
f 12452/13 11588/11 12453/5 12454/6
f 11218/13 11575/25 10685/26 12455/6
f 11587/13 12458/77 12459/78 12457/6
f 12460/13 11598/11 12462/5 12461/6
f 12464/27 12059/28 12058/5 12463/6
f 12466/13 12065/11 12062/5 12465/6
f 12470/13 12471/25 12472/26 11808/6
f 12473/13 11707/11 11706/5 12263/6
f 10992/13 10671/77 10664/78 11904/6
f 12482/27 11720/28 11708/5 12481/6
f 12484/13 12485/11 10992/5 12477/6
f 12486/13 12487/11 12488/5 12479/6
f 12491/27 12492/28 12493/5 12490/6
f 11010/75 11009/76 12476/5 12475/6
f 10673/27 12496/28 12478/5 10670/6
f 12500/13 12498/25 12492/26 12499/6
f 11018/13 11017/25 11926/26 12495/6
f 11031/13 11034/77 12501/78 12500/6
f 12769/13 12770/11 12771/5 12772/6
f 11574/34 11217/11 12773/5 10682/35
f 12777/85 12775/11 12776/5 12778/86
f 12781/13 12779/11 12780/5 12782/6
f 12056/27 12785/28 12783/5 12057/6
f 12064/13 12787/11 12786/5 12061/6
f 12790/34 12789/11 12660/5 12661/35
f 11705/13 12791/11 12662/5 11700/6
f 10668/85 10991/11 11903/5 11905/86
f 11718/27 12803/28 12802/5 11719/6
f 12805/13 12806/11 12797/5 10991/6
f 12807/13 12808/11 12801/5 12809/6
f 12812/27 12813/28 12811/5 12814/6
f 11008/75 11007/76 12795/5 12794/6
f 12817/27 10672/28 10669/5 12798/6
f 12819/34 12821/11 12820/5 12812/35
f 11016/34 11015/11 12816/5 11923/35
f 11033/85 11030/11 12821/5 12822/86
f 12856/13 11583/11 12857/5 12858/6
f 11212/13 11573/25 12860/26 12859/6
f 11576/13 11579/25 12862/26 12861/6
f 12864/13 12866/25 12867/26 12865/6
f 12869/27 12055/28 12054/5 12868/6
f 12646/13 12647/11 12871/5 12870/6
f 12873/13 12063/11 12060/5 12872/6
f 12876/27 12877/28 11888/5 12875/6
f 12878/13 12879/53 11902/50 11254/6
f 12880/13 10994/53 11716/50 11889/6
f 12882/13 12883/25 12884/26 12878/6
f 12887/13 11717/77 10994/78 12888/6
f 12892/13 12894/25 12885/26 12893/6
f 12896/13 12898/77 12899/78 12897/6
f 11014/27 11013/55 12900/26 12891/6
f 12902/13 12904/11 12894/5 12903/6
f 12905/13 12906/77 12907/78 12895/6
f 12908/13 11917/11 11721/5 12898/6
f 12909/13 11043/11 12890/5 12889/6
f 11020/13 11024/25 12904/26 12910/6
f 11027/13 10941/11 12912/5 12911/6
f 11036/13 11038/25 11917/26 12906/6
f 13184/13 13185/53 13186/50 13177/6
f 13035/75 13036/76 13191/5 13184/6
f 13039/75 13042/76 13185/5 13192/6
f 13078/34 13058/11 13087/5 13400/35
f 13064/13 13401/11 13403/5 13404/6
f 13076/34 13408/11 13409/5 13410/35
f 13417/13 13415/11 13078/5 13077/6
f 13421/13 13419/11 13076/5 13075/6
f 13424/34 13422/11 13423/5 13417/35
f 13406/13 13425/11 13426/5 13418/6
f 13413/34 13427/11 13429/5 13421/35
f 13347/13 13345/11 13435/5 13436/6
f 13354/13 13441/11 13439/5 13442/6
f 13362/13 13355/11 13443/5 13444/6
f 13447/13 13448/11 13446/5 13445/6
f 13452/13 13449/11 13451/5 13453/6
f 13470/34 13471/11 13472/5 13195/35
f 13475/34 13473/11 13474/5 13457/35
f 13479/109 13476/28 13478/5 13467/101
f 13483/13 13484/11 13482/5 13485/6
f 13488/34 13486/11 13487/5 13469/35
f 13492/13 13489/11 13491/5 13475/6
f 13495/27 13496/28 13486/5 13497/6
f 13500/65 13501/11 13490/5 13492/24
f 13502/13 13503/11 13477/5 13476/6
f 13506/27 13507/28 13505/5 13508/6
f 13511/13 13512/11 13494/5 13513/6
f 13514/13 13515/11 13501/5 13516/6
f 13481/13 13517/11 13518/5 13509/6
f 13499/85 13480/11 13512/5 13495/86
f 13696/145 13697/92 13690/5 13698/24
f 13066/13 13085/25 13521/26 14065/6
f 14074/13 14075/11 13086/5 13085/6
f 14077/13 14069/25 14075/26 14078/6
f 14081/13 13361/11 14082/5 14079/6
f 13360/13 13365/11 14084/5 14083/6
f 13862/13 13876/11 13886/5 14085/6
f 13686/13 14090/25 13868/26 13678/6
f 13249/13 14091/11 13863/5 13246/6
f 14093/13 14094/11 13880/5 13877/6
f 14103/13 14104/11 14105/5 14096/6
f 14106/13 14108/25 14109/26 14107/6
f 14118/13 14120/11 14121/5 14119/6
f 14125/13 14126/77 14110/78 14106/6
f 14127/13 14122/77 14120/78 14117/6
f 14129/13 14131/11 14125/5 14130/6
f 14132/13 14134/25 14126/26 14133/6
f 14135/13 14136/11 14137/5 14127/6
f 14138/13 14140/25 14123/26 14139/6
f 14142/13 14143/11 14144/5 14132/6
f 13084/34 13072/11 14147/5 13520/35
f 14413/13 14412/11 13084/5 13083/6
f 14409/34 14414/11 14415/5 14413/35
f 13358/13 14152/11 14151/5 14417/6
f 13364/13 13359/11 14418/5 14419/6
f 13875/13 14167/11 13382/5 13885/6
f 14422/34 13683/11 13866/5 13867/35
f 14189/13 13248/11 13869/5 13860/6
f 14424/13 14423/11 13874/5 13879/6
f 14430/13 14431/11 14426/5 14432/6
f 14435/34 14433/11 14434/5 14436/35
f 14449/13 14446/11 14448/5 14450/6
f 14455/85 14453/11 14433/5 14437/86
f 14452/85 14456/11 14447/5 14449/86
f 14460/13 14457/11 14459/5 14453/6
f 14463/34 14461/11 14462/5 14455/35
f 14464/13 14465/11 14456/5 14466/6
f 14469/34 14467/11 14468/5 14451/35
f 14472/13 14470/11 14461/5 14473/6
f 13052/13 13079/25 13992/26 13088/6
f 14500/13 13060/11 14310/5 14501/6
f 13059/13 13081/25 13519/26 14146/6
f 14505/13 14506/11 13080/5 13079/6
f 14507/13 14508/11 13082/5 13081/6
f 14509/13 14511/25 14506/26 14510/6
f 14512/13 14395/11 13710/5 14513/6
f 14514/13 14502/25 14508/26 14515/6
f 13346/13 13348/11 14518/5 14517/6
f 13351/13 13357/11 14519/5 14150/6
f 13356/13 13363/11 14521/5 14520/6
f 14169/13 13872/11 13884/5 14154/6
f 14522/13 14523/11 13878/5 13873/6
f 13845/13 14526/25 12928/26 13846/6
f 14527/13 14528/25 14488/26 13723/6
f 14532/27 14533/107 14405/58 13680/6
f 14536/13 14537/11 14538/5 14172/6
f 14539/13 14541/25 14525/26 14540/6
f 14542/13 14544/11 14528/5 14543/6
f 14547/27 14548/28 14549/5 14539/6
f 14552/13 14553/53 14544/50 13848/6
f 14554/13 14555/11 14532/5 14531/6
f 14558/27 14559/28 14560/5 14557/6
f 14563/13 14564/11 14565/5 14545/6
f 13849/13 14566/11 14567/5 14552/6
f 14568/13 14534/11 14562/5 14569/6
f 14535/13 14550/77 14548/78 14563/6
f 14754/13 14755/53 14756/50 14753/6
f 14676/75 14677/76 14757/5 14754/6
f 14680/75 14683/76 14755/5 14758/6
f 14982/13 14983/11 14984/5 14985/6
f 14715/34 14699/11 14874/5 14988/35
f 14712/13 14989/11 14991/5 14992/6
f 15000/13 14998/11 14715/5 14714/6
f 15002/13 15003/11 14997/5 14996/6
f 15006/34 15004/11 15005/5 15000/35
f 14994/13 15007/11 15008/5 15001/6
f 14853/13 14851/11 15017/5 15018/6
f 15022/91 15023/92 15013/5 15012/6
f 15041/13 15042/11 15026/5 15043/6
f 15046/27 15047/28 14942/5 15048/6
f 15051/34 15052/11 15050/5 15031/35
f 15055/27 15053/28 14766/5 15056/6
f 15060/13 15057/11 15059/5 15037/6
f 15063/13 15049/11 15052/5 15064/6
f 15067/65 15068/11 15047/5 15065/24
f 15069/65 15070/11 15054/5 15066/24
f 15045/13 15071/11 15062/5 15061/6
f 15072/13 15044/11 15068/5 15073/6
f 15034/13 15074/11 15075/5 15067/6
f 15362/145 15359/92 15361/5 15363/24
f 15817/13 14701/11 15563/5 15818/6
f 15821/13 15566/11 15380/5 15819/6
f 15825/91 15576/92 15574/5 15824/6
f 15829/13 15830/25 15237/26 15631/6
f 15831/13 15832/11 15628/5 14663/6
f 15839/13 15245/11 15840/5 14937/6
f 15244/13 14671/25 15842/26 15841/6
f 15846/13 15848/25 15341/26 15847/6
f 15851/27 15852/107 15853/58 15845/6
f 15855/27 15837/28 15836/5 15835/6
f 15856/13 15849/11 15854/5 15852/6
f 14705/13 16076/11 16077/5 15562/6
f 15565/13 16079/11 16078/5 15384/6
f 14952/91 15977/92 15976/5 15572/6
f 16085/34 16084/11 15630/5 15632/35
f 15881/13 16086/11 15633/5 15625/6
f 15242/13 16094/11 16093/5 16095/6
f 14668/34 15243/11 16096/5 16097/35
f 16105/34 16102/11 16104/5 16106/35
f 16109/109 16110/28 16103/5 16111/101
f 16092/27 16113/28 16089/5 16088/6
f 16107/13 16114/11 16109/5 16112/6
f 16181/13 14694/11 15561/5 16182/6
f 14693/13 14716/25 15893/26 14875/6
f 16183/13 14708/11 16040/5 16184/6
f 16186/13 16187/11 14717/5 14716/6
f 16188/13 15564/11 15374/5 16185/6
f 16189/13 16191/25 16187/26 16190/6
f 16192/13 16041/11 15387/5 16193/6
f 14852/13 14854/11 16196/5 16195/6
f 15974/91 15575/92 14847/5 15975/6
f 16199/13 16200/11 15606/5 16198/6
f 16203/27 16204/28 16127/5 14945/6
f 16206/13 16207/25 16051/26 16128/6
f 16211/27 16212/28 16058/5 14762/6
f 16214/13 15251/11 15346/5 15744/6
f 16205/13 16217/11 16218/5 16206/6
f 16220/13 16221/53 16219/50 16203/6
f 16222/13 15349/53 15348/50 16210/6
f 16223/13 16201/11 16216/5 16215/6
f 16202/13 16224/11 16225/5 16220/6
f 16226/13 16208/11 16221/5 16227/6
f 17043/13 17044/53 16897/50 16894/6
f 17430/13 17431/57 17432/58 17433/6
f 17439/13 17441/11 17442/5 17440/6
f 17156/13 17449/11 17450/5 17448/6
f 17069/13 17452/11 16767/5 17451/6
f 17454/27 17455/28 17456/5 16804/6
f 17459/13 17460/25 17446/26 17458/6
f 17464/75 17465/76 17466/5 17459/6
f 17471/13 17472/11 17473/5 17469/6
f 17474/13 17467/77 17465/78 17471/6
f 17476/13 17478/77 17468/78 17477/6
f 17479/13 17481/11 17482/5 17480/6
f 17250/54 17249/116 17484/50 17485/6
f 17489/13 17490/53 17486/50 17020/6
f 17492/13 17494/77 17488/78 17493/6
f 17495/75 17496/76 17194/5 17489/6
f 17324/75 17497/76 17490/5 17193/6
f 17498/13 17499/11 17492/5 17491/6
f 17500/13 17502/25 17494/26 17501/6
f 17503/13 17504/25 17500/26 17498/6
f 17506/13 17507/11 17508/5 17503/6
f 17034/13 17256/53 17497/50 17495/6
f 17262/13 17261/25 17510/26 17506/6
f 17152/13 17559/11 17562/5 17563/6
f 17565/13 17060/11 17564/5 17566/6
f 17570/34 17568/11 17569/5 17571/35
f 17574/13 17572/11 17573/5 17575/6
f 17585/27 17526/28 16797/5 17586/6
f 17589/34 17590/11 17588/5 17584/35
f 17591/75 17592/76 17590/5 17593/6
f 17597/13 17598/11 17529/5 17599/6
f 17595/85 17532/11 17598/5 17591/86
f 17604/85 17601/11 17603/5 17594/86
f 17605/13 17606/11 17607/5 17608/6
f 17610/34 17609/11 17164/5 17102/35
f 17616/13 17614/11 17615/5 17617/6
f 17624/13 17625/11 17619/5 17626/6
f 17629/34 17627/11 17628/5 17630/35
f 17632/13 17633/11 17010/5 17634/6
f 17637/34 17635/11 17636/5 17638/35
f 17645/27 17646/28 17644/5 17647/6
f 17649/85 17650/11 17625/5 17627/86
f 17653/13 17651/11 17652/5 17629/6
f 17656/27 17654/28 17632/5 17635/6
f 17660/34 17657/11 17659/5 17639/35
f 17661/91 17640/92 17643/5 17662/6
f 17664/65 17665/11 17650/5 17653/24
f 17668/13 17666/11 17667/5 17660/6
f 17671/13 17669/11 17645/5 17648/6
f 17675/34 17672/11 17674/5 17664/35
f 17676/13 17677/11 17655/5 17654/6
f 17679/85 17678/11 17656/5 17668/86
f 17682/43 17680/28 17681/5 17671/35
f 17245/85 17244/11 17673/5 17672/86
f 17253/104 17026/11 17677/5 17683/101
f 17977/65 17978/11 17979/5 17980/24
f 18106/104 18107/11 18108/5 18109/101
f 18116/13 18114/11 18115/5 18117/6
f 17899/13 16287/11 18123/5 18124/6
f 17901/13 17900/11 18125/5 16764/6
f 18126/27 17528/28 16803/5 18127/6
f 18130/34 18131/11 18129/5 18122/35
f 18133/75 18134/76 18131/5 18135/6
f 18139/13 18140/11 17531/5 18141/6
f 18137/85 17534/11 18140/5 18133/86
f 18145/85 18142/11 18144/5 18136/86
f 18148/13 18146/11 18147/5 18149/6
f 17248/99 17247/30 18074/5 17960/24
f 18154/65 18155/11 17017/5 18075/24
f 18160/85 18157/11 18159/5 18153/86
f 17932/75 18161/76 18155/5 17191/6
f 18162/75 17323/76 17192/5 18154/6
f 18163/13 18164/11 18158/5 18157/6
f 18167/34 18165/11 18166/5 18160/35
f 18168/34 18169/11 18164/5 18165/35
f 18171/13 18172/11 18169/5 18173/6
f 17255/65 17033/11 18161/5 18162/24
f 17260/34 17259/11 18172/5 18175/35
f 16228/13 16235/11 18233/5 18232/6
f 16251/13 17913/11 18235/5 18234/6
f 17914/13 17916/25 18238/26 18237/6
f 17315/13 17917/11 18240/5 18239/6
f 17527/27 18245/28 18246/5 16798/6
f 18249/13 18250/25 18244/26 18248/6
f 18251/75 18252/76 18253/5 18249/6
f 18257/13 18258/11 18259/5 17530/6
f 17533/13 18254/77 18252/78 18257/6
f 18260/13 18262/77 18255/78 18261/6
f 18187/13 18263/11 17970/5 16416/6
f 18264/13 18265/25 17971/26 16442/6
f 18266/13 18268/11 18269/5 18267/6
f 18272/13 18273/11 18274/5 18189/6
f 18275/13 18277/25 17957/26 18276/6
f 18278/13 18279/11 17929/5 17012/6
f 18280/13 18281/25 17319/26 18076/6
f 18286/27 18287/28 18288/5 18285/6
f 18290/13 18291/77 18275/78 18272/6
f 18292/13 18294/11 18277/5 18293/6
f 18296/27 18297/28 18280/5 18279/6
f 18299/13 18301/25 18282/26 18300/6
f 17266/91 18302/92 18303/5 18283/6
f 18188/13 18305/53 18294/50 18290/6
f 18306/13 18308/11 18301/5 18307/6
f 18310/13 18311/11 18289/5 18287/6
f 18312/13 18314/25 18305/26 18313/6
f 18315/13 18316/11 18296/5 18295/6
f 18317/13 18318/77 18308/78 18297/6
f 18319/27 18321/55 18311/26 18320/6
f 17246/13 16500/77 18312/78 18190/6
f 17027/13 17254/57 18322/58 18315/6

usemtl minecraft_block-red_wool

f 58/13 59/11 60/5 61/6
f 66/13 67/11 68/5 69/6
f 74/13 75/11 76/5 77/6
f 221/13 74/11 77/5 222/6
f 231/13 232/11 233/5 234/6
f 267/13 268/11 269/5 270/6
f 274/13 275/11 276/5 277/6
f 232/13 279/11 280/5 233/6
f 328/13 329/11 61/5 60/6
f 330/13 222/11 77/5 76/6
f 331/13 332/11 270/5 269/6
f 333/13 234/11 233/5 280/6
f 386/13 387/11 67/5 66/6
f 388/13 389/11 275/5 274/6
f 430/13 58/11 61/5 329/6
f 386/13 66/11 69/5 433/6
f 443/13 267/11 270/5 332/6
f 388/13 274/11 277/5 446/6
f 557/13 430/11 329/5 328/6
f 387/13 386/11 433/5 560/6
f 561/13 221/11 222/5 330/6
f 75/13 561/11 330/5 76/6
f 279/13 644/11 333/5 280/6
f 687/13 443/11 332/5 331/6
f 389/13 388/11 446/5 690/6
f 644/13 231/11 234/5 333/6
f 430/13 557/11 59/5 58/6
f 221/13 561/11 75/5 74/6
f 443/13 687/11 268/5 267/6
f 231/13 644/11 279/5 232/6
f 560/13 433/11 69/5 68/6
f 690/13 446/11 277/5 276/6
f 59/13 557/11 328/5 60/6
f 67/13 387/11 560/5 68/6
f 268/13 687/11 331/5 269/6
f 275/13 389/11 690/5 276/6
f 823/13 824/11 825/5 826/6
f 831/13 832/11 833/5 834/6
f 839/13 840/11 841/5 842/6
f 1091/13 823/11 826/5 1092/6
f 1105/13 1106/11 1107/5 1108/6
f 1106/13 1141/11 1142/5 1107/6
f 1145/13 1146/11 1147/5 1148/6
f 1152/13 1153/11 1154/5 1155/6
f 1227/13 1092/11 826/5 825/6
f 1228/13 1229/11 834/5 833/6
f 1230/13 1108/11 1107/5 1142/6
f 1231/13 1232/11 1148/5 1147/6
f 1279/13 831/11 834/5 1229/6
f 1281/13 839/11 842/5 1282/6
f 1295/13 1145/11 1148/5 1232/6
f 1298/13 1152/11 1155/5 1299/6
f 1281/13 1302/11 840/5 839/6
f 1298/13 1303/11 1153/5 1152/6
f 1482/13 1091/11 1092/5 1227/6
f 1483/13 1279/11 1229/5 1228/6
f 1302/13 1281/11 1282/5 1486/6
f 824/13 1482/11 1227/5 825/6
f 1141/13 1585/11 1230/5 1142/6
f 1585/13 1105/11 1108/5 1230/6
f 1590/13 1295/11 1232/5 1231/6
f 1303/13 1298/11 1299/5 1593/6
f 1091/13 1482/11 824/5 823/6
f 1279/13 1483/11 832/5 831/6
f 1105/13 1585/11 1141/5 1106/6
f 1295/13 1590/11 1146/5 1145/6
f 832/13 1483/11 1228/5 833/6
f 840/13 1302/11 1486/5 841/6
f 1146/13 1590/11 1231/5 1147/6
f 1153/13 1303/11 1593/5 1154/6
f 1486/13 1282/11 842/5 841/6
f 1593/13 1299/11 1155/5 1154/6
f 1927/13 1928/11 1929/5 1930/6
f 1935/13 1936/11 1937/5 1938/6
f 1947/13 1948/11 1949/5 1950/6
f 1955/13 1956/11 1957/5 1958/6
f 2233/13 1930/11 1929/5 2234/6
f 2235/13 2236/11 2237/5 2238/6
f 2239/13 1950/11 1949/5 2240/6
f 2241/13 2242/11 2243/5 2244/6
f 1935/13 2257/11 2258/5 1936/6
f 2259/13 2260/11 2261/5 2262/6
f 1955/13 2263/11 2264/5 1956/6
f 2265/13 2266/11 2267/5 2268/6
f 2454/13 1947/11 1950/5 2239/6
f 2263/13 1955/11 1958/5 2455/6
f 2463/13 2464/11 2242/5 2241/6
f 2266/13 2265/11 2469/5 2470/6
f 1928/13 2640/11 2234/5 1929/6
f 1936/13 2258/11 2645/5 1937/6
f 2656/13 2657/11 2238/5 2237/6
f 2262/13 2261/11 2660/5 2661/6
f 1927/13 2687/11 2640/5 1928/6
f 2688/13 2689/11 2657/5 2656/6
f 1947/13 2454/11 2690/5 1948/6
f 2464/13 2463/11 2691/5 2692/6
f 2687/13 1927/11 1930/5 2233/6
f 2257/13 1935/11 1938/5 3003/6
f 2689/13 2688/11 2236/5 2235/6
f 2260/13 2259/11 3004/5 3005/6
f 2688/13 2656/11 2237/5 2236/6
f 2259/13 2262/11 2661/5 3004/6
f 2464/13 2692/11 2243/5 2242/6
f 2265/13 2268/11 3119/5 2469/6
f 2640/13 2687/11 2233/5 2234/6
f 2258/13 2257/11 3003/5 2645/6
f 2690/13 2454/11 2239/5 2240/6
f 2264/13 2263/11 2455/5 3329/6
f 3346/13 3348/11 3349/5 3347/6
f 3352/13 3354/11 3355/5 3353/6
f 1948/13 2690/11 2240/5 1949/6
f 1956/13 2264/11 3329/5 1957/6
f 2692/13 2691/11 2244/5 2243/6
f 2268/13 2267/11 3368/5 3119/6
f 2657/13 2689/11 2235/5 2238/6
f 2261/13 2260/11 3005/5 2660/6
f 2691/13 2463/11 2241/5 2244/6
f 2267/13 2266/11 2470/5 3368/6
f 3003/13 1938/11 1937/5 2645/6
f 3005/13 3004/11 2661/5 2660/6
f 2455/13 1958/11 1957/5 3329/6
f 2470/13 2469/11 3119/5 3368/6
f 3994/13 3995/11 3996/5 3997/6
f 4002/13 4003/11 4004/5 4005/6
f 4188/13 3997/11 3996/5 4189/6
f 4190/13 4191/11 4192/5 4193/6
f 4002/13 4207/11 4208/5 4003/6
f 4209/13 4210/11 4211/5 4212/6
f 3995/13 4457/11 4189/5 3996/6
f 4003/13 4208/11 4462/5 4004/6
f 4463/13 4464/11 4193/5 4192/6
f 4212/13 4211/11 4465/5 4466/6
f 3994/13 4651/11 4457/5 3995/6
f 4652/13 4653/11 4464/5 4463/6
f 4651/13 3994/11 3997/5 4188/6
f 4207/13 4002/11 4005/5 4783/6
f 4653/13 4652/11 4191/5 4190/6
f 4210/13 4209/11 4795/5 4796/6
f 4652/13 4463/11 4192/5 4191/6
f 4209/13 4212/11 4466/5 4795/6
f 4457/13 4651/11 4188/5 4189/6
f 4208/13 4207/11 4783/5 4462/6
f 4464/13 4653/11 4190/5 4193/6
f 4211/13 4210/11 4796/5 4465/6
f 4783/13 4005/11 4004/5 4462/6
f 4796/13 4795/11 4466/5 4465/6
f 5582/13 5583/11 5584/5 5585/6
f 5589/13 5590/11 5591/5 5592/6
f 5608/13 5609/11 5610/5 5611/6
f 5615/13 5616/11 5617/5 5618/6
f 5787/13 5788/11 5789/5 5790/6
f 5791/13 5792/11 5793/5 5794/6
f 5795/13 5585/11 5584/5 5796/6
f 5797/13 5798/11 5799/5 5800/6
f 5801/13 5802/11 5803/5 5804/6
f 5805/13 5611/11 5610/5 5806/6
f 5835/13 5836/11 5837/5 5838/6
f 5839/13 5840/11 5841/5 5842/6
f 5589/13 5843/11 5844/5 5590/6
f 5845/13 5846/11 5847/5 5848/6
f 5849/13 5850/11 5851/5 5852/6
f 5615/13 5853/11 5854/5 5616/6
f 5874/13 5875/11 5789/5 5788/6
f 5835/13 5838/11 5879/5 5880/6
f 5887/13 5888/11 5799/5 5798/6
f 5845/13 5848/11 5893/5 5894/6
f 6158/13 5887/11 5798/5 5797/6
f 5846/13 5845/11 5894/5 6161/6
f 6169/13 6170/11 5802/5 5801/6
f 5850/13 5849/11 6174/5 6175/6
f 6181/13 5608/11 5611/5 5805/6
f 5853/13 5615/11 5618/5 6184/6
f 6398/13 6399/11 5795/5 5796/6
f 5844/13 5843/11 6400/5 6401/6
f 6410/13 6181/11 5805/5 5806/6
f 5854/13 5853/11 6184/5 6413/6
f 5875/13 6470/11 5790/5 5789/6
f 5838/13 5837/11 6473/5 5879/6
f 6492/13 6493/11 5794/5 5793/6
f 5842/13 5841/11 6496/5 6497/6
f 5583/13 6398/11 5796/5 5584/6
f 5590/13 5844/11 6401/5 5591/6
f 5874/13 6569/11 6470/5 5875/6
f 6570/13 6571/11 6493/5 6492/6
f 5582/13 6399/11 6398/5 5583/6
f 5887/13 6158/11 6572/5 5888/6
f 6170/13 6169/11 6573/5 6574/6
f 5608/13 6181/11 6410/5 5609/6
f 6470/13 6569/11 5787/5 5790/6
f 5837/13 5836/11 6665/5 6473/6
f 6572/13 6158/11 5797/5 5800/6
f 5847/13 5846/11 6161/5 6673/6
f 6570/13 6492/11 5793/5 5792/6
f 5839/13 5842/11 6497/5 6871/6
f 6170/13 6574/11 5803/5 5802/6
f 5849/13 5852/11 6878/5 6174/6
f 6569/13 5874/11 5788/5 5787/6
f 5836/13 5835/11 5880/5 6665/6
f 6571/13 6570/11 5792/5 5791/6
f 5840/13 5839/11 6871/5 6939/6
f 6399/13 5582/11 5585/5 5795/6
f 5843/13 5589/11 5592/5 6400/6
f 6493/13 6571/11 5791/5 5794/6
f 5841/13 5840/11 6939/5 6496/6
f 6573/13 6169/11 5801/5 5804/6
f 5851/13 5850/11 6175/5 7238/6
f 7310/13 7312/11 7313/5 7311/6
f 5888/13 6572/11 5800/5 5799/6
f 5848/13 5847/11 6673/5 5893/6
f 6574/13 6573/11 5804/5 5803/6
f 5852/13 5851/11 7238/5 6878/6
f 5609/13 6410/11 5806/5 5610/6
f 5616/13 5854/11 6413/5 5617/6
f 6665/13 5880/11 5879/5 6473/6
f 6939/13 6871/11 6497/5 6496/6
f 6400/13 5592/11 5591/5 6401/6
f 6161/13 5894/11 5893/5 6673/6
f 6175/13 6174/11 6878/5 7238/6
f 6184/13 5618/11 5617/5 6413/6
f 7818/13 7819/11 7820/5 7821/6
f 7826/13 7827/11 7828/5 7829/6
f 7987/13 7988/11 7989/5 7990/6
f 7991/13 7992/11 7993/5 7994/6
f 7995/13 7821/11 7820/5 7996/6
f 8018/13 8019/11 8020/5 8021/6
f 8022/13 8023/11 8024/5 8025/6
f 7826/13 8026/11 8027/5 7827/6
f 8052/13 8053/11 7989/5 7988/6
f 8018/13 8021/11 8058/5 8059/6
f 8053/13 8378/11 7990/5 7989/6
f 8021/13 8020/11 8382/5 8058/6
f 8383/13 8384/11 7994/5 7993/6
f 8025/13 8024/11 8385/5 8386/6
f 7819/13 8388/11 7996/5 7820/6
f 7827/13 8027/11 8390/5 7828/6
f 8388/13 8570/11 7995/5 7996/6
f 8027/13 8026/11 8573/5 8390/6
f 8052/13 8786/11 8378/5 8053/6
f 8787/13 8788/11 8384/5 8383/6
f 7818/13 8570/11 8388/5 7819/6
f 8378/13 8786/11 7987/5 7990/6
f 8020/13 8019/11 8894/5 8382/6
f 8786/13 8052/11 7988/5 7987/6
f 8019/13 8018/11 8059/5 8894/6
f 8788/13 8787/11 7992/5 7991/6
f 8023/13 8022/11 9036/5 9037/6
f 8570/13 7818/11 7821/5 7995/6
f 8026/13 7826/11 7829/5 8573/6
f 8787/13 8383/11 7993/5 7992/6
f 8022/13 8025/11 8386/5 9036/6
f 8384/13 8788/11 7991/5 7994/6
f 8024/13 8023/11 9037/5 8385/6
f 8894/13 8059/11 8058/5 8382/6
f 9037/13 9036/11 8386/5 8385/6
f 8573/13 7829/11 7828/5 8390/6
f 19364/13 19365/11 19366/5 19367/6
f 19372/13 19373/11 19374/5 19375/6
f 19367/13 19366/11 19462/5 19463/6
f 19464/13 19465/11 19466/5 19467/6
f 19373/13 19372/11 19474/5 19475/6
f 19476/13 19477/11 19478/5 19479/6
f 19487/13 19364/11 19367/5 19463/6
f 19474/13 19372/11 19375/5 19491/6
f 19503/13 19504/11 19464/5 19467/6
f 19478/13 19477/11 19508/5 19509/6
f 19504/13 19534/11 19465/5 19464/6
f 19477/13 19476/11 19537/5 19508/6
f 19603/13 19487/11 19463/5 19462/6
f 19475/13 19474/11 19491/5 19606/6
f 19608/13 19503/11 19467/5 19466/6
f 19479/13 19478/11 19509/5 19610/6
f 19365/13 19364/11 19487/5 19603/6
f 19534/13 19504/11 19503/5 19608/6
f 19375/13 19374/11 19606/5 19491/6
f 19508/13 19537/11 19610/5 19509/6
f 19365/13 19603/11 19462/5 19366/6
f 19373/13 19475/11 19606/5 19374/6
f 19534/13 19608/11 19466/5 19465/6
f 19476/13 19479/11 19610/5 19537/6
f 19791/13 19792/11 19793/5 19794/6
f 19798/13 19799/11 19800/5 19801/6
f 19794/13 19793/11 19977/5 19978/6
f 19799/13 19798/11 20022/5 20023/6
f 20072/13 19791/11 19794/5 19978/6
f 20022/13 19798/11 19801/5 20076/6
f 20170/13 20072/11 19978/5 19977/6
f 20023/13 20022/11 20076/5 20173/6
f 19792/13 19791/11 20072/5 20170/6
f 19801/13 19800/11 20173/5 20076/6
f 19792/13 20170/11 19977/5 19793/6
f 19799/13 20023/11 20173/5 19800/6

usemtl minecraft_block-blue_wool

f 9700/13 9701/11 9702/5 9703/6
f 9708/13 9709/11 9710/5 9711/6
f 9720/13 9721/11 9722/5 9723/6
f 9751/13 9720/11 9723/5 9752/6
f 9837/13 9838/11 9703/5 9702/6
f 9839/13 9752/11 9723/5 9722/6
f 9864/13 9865/11 9709/5 9708/6
f 9868/13 9700/11 9703/5 9838/6
f 9864/13 9708/11 9711/5 9871/6
f 9721/13 9967/11 9839/5 9722/6
f 9994/13 9868/11 9838/5 9837/6
f 9865/13 9864/11 9871/5 9997/6
f 9967/13 9751/11 9752/5 9839/6
f 9868/13 9994/11 9701/5 9700/6
f 9751/13 9967/11 9721/5 9720/6
f 9997/13 9871/11 9711/5 9710/6
f 9701/13 9994/11 9837/5 9702/6
f 9709/13 9865/11 9997/5 9710/6
f 10149/13 10150/11 10151/5 10152/6
f 10161/13 10162/11 10163/5 10164/6
f 10169/13 10170/11 10171/5 10172/6
f 10198/13 10149/11 10152/5 10199/6
f 10310/13 10199/11 10152/5 10151/6
f 10311/13 10312/11 10164/5 10163/6
f 10333/13 10161/11 10164/5 10312/6
f 10336/13 10169/11 10172/5 10337/6
f 10336/13 10342/11 10170/5 10169/6
f 10473/13 10198/11 10199/5 10310/6
f 10474/13 10333/11 10312/5 10311/6
f 10342/13 10336/11 10337/5 10477/6
f 10150/13 10473/11 10310/5 10151/6
f 10198/13 10473/11 10150/5 10149/6
f 10333/13 10474/11 10162/5 10161/6
f 10162/13 10474/11 10311/5 10163/6
f 10170/13 10342/11 10477/5 10171/6
f 10477/13 10337/11 10172/5 10171/6
f 10717/13 10718/11 10719/5 10720/6
f 10724/13 10725/11 10726/5 10727/6
f 10789/13 10790/11 10791/5 10792/6
f 10796/13 10797/11 10798/5 10799/6
f 11145/13 11146/11 11147/5 11148/6
f 11149/13 11150/11 11151/5 11152/6
f 11153/13 10720/11 10719/5 11154/6
f 11162/13 11163/11 11164/5 11165/6
f 11166/13 11167/11 11168/5 11169/6
f 11170/13 10792/11 10791/5 11171/6
f 11183/13 11184/11 11185/5 11186/6
f 11187/13 11188/11 11189/5 11190/6
f 10724/13 11191/11 11192/5 10725/6
f 11193/13 11194/11 11195/5 11196/6
f 11197/13 11198/11 11199/5 11200/6
f 10796/13 11201/11 11202/5 10797/6
f 11214/13 11215/11 11147/5 11146/6
f 11183/13 11186/11 11220/5 11221/6
f 11255/13 11256/11 11164/5 11163/6
f 11193/13 11196/11 11260/5 11261/6
f 11215/13 11586/11 11148/5 11147/6
f 11186/13 11185/11 11591/5 11220/6
f 11592/13 11593/11 11152/5 11151/6
f 11190/13 11189/11 11594/5 11595/6
f 10718/13 11597/11 11154/5 10719/6
f 10725/13 11192/11 11600/5 10726/6
f 11597/13 11668/11 11153/5 11154/6
f 11192/13 11191/11 11671/5 11600/6
f 11712/13 11713/11 11170/5 11171/6
f 11202/13 11201/11 11714/5 11715/6
f 11892/13 11255/11 11163/5 11162/6
f 11194/13 11193/11 11261/5 11897/6
f 11898/13 11899/11 11167/5 11166/6
f 11198/13 11197/11 11900/5 11901/6
f 11713/13 10789/11 10792/5 11170/6
f 11201/13 10796/11 10799/5 11714/6
f 11214/13 11963/11 11586/5 11215/6
f 11964/13 11965/11 11593/5 11592/6
f 10717/13 11668/11 11597/5 10718/6
f 11255/13 11892/11 11972/5 11256/6
f 11899/13 11898/11 11973/5 11974/6
f 10789/13 11713/11 11712/5 10790/6
f 11586/13 11963/11 11145/5 11148/6
f 11185/13 11184/11 12053/5 11591/6
f 11972/13 11892/11 11162/5 11165/6
f 11195/13 11194/11 11897/5 12069/6
f 11963/13 11214/11 11146/5 11145/6
f 11184/13 11183/11 11221/5 12053/6
f 11965/13 11964/11 11150/5 11149/6
f 11188/13 11187/11 12177/5 12178/6
f 11668/13 10717/11 10720/5 11153/6
f 11191/13 10724/11 10727/5 11671/6
f 11964/13 11592/11 11151/5 11150/6
f 11187/13 11190/11 11595/5 12177/6
f 11899/13 11974/11 11168/5 11167/6
f 11197/13 11200/11 12317/5 11900/6
f 11256/13 11972/11 11165/5 11164/6
f 11196/13 11195/11 12069/5 11260/6
f 11974/13 11973/11 11169/5 11168/6
f 11200/13 11199/11 12393/5 12317/6
f 10790/13 11712/11 11171/5 10791/6
f 10797/13 11202/11 11715/5 10798/6
f 11593/13 11965/11 11149/5 11152/6
f 11189/13 11188/11 12178/5 11594/6
f 11973/13 11898/11 11166/5 11169/6
f 11199/13 11198/11 11901/5 12393/6
f 12053/13 11221/11 11220/5 11591/6
f 12178/13 12177/11 11595/5 11594/6
f 11671/13 10727/11 10726/5 11600/6
f 11897/13 11261/11 11260/5 12069/6
f 11901/13 11900/11 12317/5 12393/6
f 11714/13 10799/11 10798/5 11715/6
f 13094/13 13095/11 13096/5 13097/6
f 13163/13 13164/11 13165/5 13166/6
f 13169/13 13170/11 13171/5 13172/6
f 13307/13 13097/11 13096/5 13308/6
f 13309/13 13310/11 13311/5 13312/6
f 13327/13 13166/11 13165/5 13328/6
f 13329/13 13330/11 13331/5 13332/6
f 13333/13 13334/11 13335/5 13336/6
f 13169/13 13337/11 13338/5 13170/6
f 13339/13 13340/11 13341/5 13342/6
f 13094/13 13738/11 13739/5 13095/6
f 13740/13 13741/11 13742/5 13743/6
f 13163/13 13755/11 13756/5 13164/6
f 13757/13 13758/11 13759/5 13760/6
f 13095/13 13739/11 13308/5 13096/6
f 13743/13 13742/11 13312/5 13311/6
f 13336/13 13335/11 14060/5 14061/6
f 13740/13 13743/11 13311/5 13310/6
f 13333/13 13336/11 14061/5 14149/6
f 13757/13 13760/11 13331/5 13330/6
f 13339/13 13342/11 14175/5 14176/6
f 13164/13 13756/11 13328/5 13165/6
f 13170/13 13338/11 14196/5 13171/6
f 13760/13 13759/11 13332/5 13331/6
f 13342/13 13341/11 14201/5 14175/6
f 13739/13 13738/11 13307/5 13308/6
f 13756/13 13755/11 13327/5 13328/6
f 13338/13 13337/11 14374/5 14196/6
f 14380/13 14382/11 14383/5 14381/6
f 14386/13 14388/11 14389/5 14387/6
f 13738/13 13094/11 13097/5 13307/6
f 13741/13 13740/11 13310/5 13309/6
f 13334/13 13333/11 14149/5 14394/6
f 13742/13 13741/11 13309/5 13312/6
f 13335/13 13334/11 14394/5 14060/6
f 13759/13 13758/11 13329/5 13332/6
f 13341/13 13340/11 14407/5 14201/6
f 14394/13 14149/11 14061/5 14060/6
f 14374/13 13172/11 13171/5 14196/6
f 14407/13 14176/11 14175/5 14201/6
f 13755/13 13163/11 13166/5 13327/6
f 13337/13 13169/11 13172/5 14374/6
f 13758/13 13757/11 13330/5 13329/6
f 13340/13 13339/11 14176/5 14407/6
f 14722/13 14723/11 14724/5 14725/6
f 14730/13 14731/11 14732/5 14733/6
f 14780/13 14781/11 14782/5 14783/6
f 14784/13 14785/11 14786/5 14787/6
f 14806/13 14807/11 14808/5 14809/6
f 14810/13 14811/11 14812/5 14813/6
f 14814/13 14725/11 14724/5 14815/6
f 14824/13 14825/11 14826/5 14827/6
f 14828/13 14829/11 14830/5 14831/6
f 14832/13 14833/11 14834/5 14835/6
f 14730/13 14836/11 14837/5 14731/6
f 14879/13 14880/11 14782/5 14781/6
f 14824/13 14827/11 14885/5 14886/6
f 14946/13 14947/11 14808/5 14807/6
f 14828/13 14831/11 14948/5 14949/6
f 15338/13 15339/11 14814/5 14815/6
f 14837/13 14836/11 15344/5 15345/6
f 14879/13 15422/11 15423/5 14880/6
f 15424/13 15425/11 15426/5 15427/6
f 14946/13 15439/11 15440/5 14947/6
f 15441/13 15442/11 15443/5 15444/6
f 14722/13 15339/11 15338/5 14723/6
f 15423/13 15422/11 14780/5 14783/6
f 14826/13 14825/11 15569/5 15570/6
f 15440/13 15439/11 14806/5 14809/6
f 14830/13 14829/11 15609/5 15610/6
f 15424/13 15427/11 14786/5 14785/6
f 15441/13 15444/11 14812/5 14811/6
f 14832/13 14835/11 15792/5 15793/6
f 14880/13 15423/11 14783/5 14782/6
f 14827/13 14826/11 15570/5 14885/6
f 15427/13 15426/11 14787/5 14786/6
f 14947/13 15440/11 14809/5 14808/6
f 14831/13 14830/11 15610/5 14948/6
f 15444/13 15443/11 14813/5 14812/6
f 14835/13 14834/11 15883/5 15792/6
f 14723/13 15338/11 14815/5 14724/6
f 14731/13 14837/11 15345/5 14732/6
f 15426/13 15425/11 14784/5 14787/6
f 15443/13 15442/11 14810/5 14813/6
f 14834/13 14833/11 16052/5 15883/6
f 16070/13 16072/11 16073/5 16071/6
f 15422/13 14879/11 14781/5 14780/6
f 14825/13 14824/11 14886/5 15569/6
f 15425/13 15424/11 14785/5 14784/6
f 15569/13 14886/11 14885/5 15570/6
f 15609/13 14949/11 14948/5 15610/6
f 16052/13 15793/11 15792/5 15883/6
f 15344/13 14733/11 14732/5 15345/6
f 15439/13 14946/11 14807/5 14806/6
f 14829/13 14828/11 14949/5 15609/6
f 15442/13 15441/11 14811/5 14810/6
f 14833/13 14832/11 15793/5 16052/6
f 15339/13 14722/11 14725/5 14814/6
f 14836/13 14730/11 14733/5 15344/6
f 16760/13 16761/11 16762/5 16763/6
f 16768/13 16769/11 16770/5 16771/6
f 16799/13 16800/11 16801/5 16802/6
f 16805/13 16806/11 16807/5 16808/6
f 16761/13 16953/11 16954/5 16762/6
f 16769/13 16957/11 16958/5 16770/6
f 17013/13 17014/11 17015/5 17016/6
f 17021/13 17022/11 17023/5 17024/6
f 17014/13 17201/11 17202/5 17015/6
f 17022/13 17207/11 17208/5 17023/6
f 17234/13 17235/11 17236/5 17237/6
f 17240/13 17241/11 17242/5 17243/6
f 16763/13 16762/11 16954/5 17415/6
f 16802/13 16801/11 17416/5 17417/6
f 17424/13 17016/11 17015/5 17202/6
f 17425/13 17426/11 17237/5 17236/6
f 16800/13 17521/11 17416/5 16801/6
f 16806/13 17524/11 17525/5 16807/6
f 17535/13 17234/11 17237/5 17426/6
f 17536/13 17240/11 17243/5 17537/6
f 16769/13 16768/11 17545/5 16957/6
f 16806/13 16805/11 17546/5 17524/6
f 17021/13 17547/11 17207/5 17022/6
f 17536/13 17548/11 17241/5 17240/6
f 16953/13 17918/11 17415/5 16954/6
f 16957/13 17545/11 17920/5 16958/6
f 17521/13 17921/11 17417/5 17416/6
f 17524/13 17546/11 17922/5 17525/6
f 17918/13 16760/11 16763/5 17415/6
f 17545/13 16768/11 16771/5 17920/6
f 17201/13 17959/11 17424/5 17202/6
f 17207/13 17547/11 17962/5 17208/6
f 17959/13 17013/11 17016/5 17424/6
f 17547/13 17021/11 17024/5 17962/6
f 18072/13 17535/11 17426/5 17425/6
f 17548/13 17536/11 17537/5 18073/6
f 16761/13 16760/11 17918/5 16953/6
f 16800/13 16799/11 17921/5 17521/6
f 17013/13 17959/11 17201/5 17014/6
f 17535/13 18072/11 17235/5 17234/6
f 17921/13 16799/11 16802/5 17417/6
f 17546/13 16805/11 16808/5 17922/6
f 17235/13 18072/11 17425/5 17236/6
f 17241/13 17548/11 18073/5 17242/6
f 16771/13 16770/11 16958/5 17920/6
f 16808/13 16807/11 17525/5 17922/6
f 17962/13 17024/11 17023/5 17208/6
f 18073/13 17537/11 17243/5 17242/6
f 18476/13 18477/11 18478/5 18479/6
f 18480/13 18481/11 18482/5 18483/6
f 18501/13 18502/11 18503/5 18504/6
f 18517/13 18518/11 18519/5 18520/6
f 18483/13 18482/11 18479/5 18478/6
f 18504/13 18503/11 18520/5 18519/6
f 18480/13 18483/11 18478/5 18477/6
f 18501/13 18504/11 18519/5 18518/6
f 18481/13 18480/11 18477/5 18476/6
f 18502/13 18501/11 18518/5 18517/6
f 18482/13 18481/11 18476/5 18479/6
f 18503/13 18502/11 18517/5 18520/6
f 18747/13 18748/11 18749/5 18750/6
f 18754/13 18755/11 18756/5 18757/6
f 18797/13 18798/11 18799/5 18800/6
f 18805/13 18806/11 18807/5 18808/6
f 18750/13 18749/11 18974/5 18975/6
f 18976/13 18977/11 18800/5 18799/6
f 18755/13 18754/11 19009/5 19010/6
f 19011/13 19012/11 18806/5 18805/6
f 19022/13 18747/11 18750/5 18975/6
f 19009/13 18754/11 18757/5 19025/6
f 18798/13 19030/11 18976/5 18799/6
f 18806/13 19012/11 19033/5 18807/6
f 19152/13 19022/11 18975/5 18974/6
f 19010/13 19009/11 19025/5 19154/6
f 19030/13 19184/11 18977/5 18976/6
f 19012/13 19011/11 19187/5 19033/6
f 18748/13 18747/11 19022/5 19152/6
f 19184/13 19030/11 18798/5 18797/6
f 18757/13 18756/11 19154/5 19025/6
f 19033/13 19187/11 18808/5 18807/6
f 18748/13 19152/11 18974/5 18749/6
f 18755/13 19010/11 19154/5 18756/6
f 19184/13 18797/11 18800/5 18977/6
f 19011/13 18805/11 18808/5 19187/6

usemtl minecraft_block-nether_bricks

f 1/1 2/2 3/3 4/4
f 2/3 1/4 4/1 3/2
f 5/1 6/2 7/3 8/4
f 6/3 5/4 8/1 7/2
f 9/1 10/2 11/3 12/4
f 10/3 9/4 12/1 11/2
f 13/1 14/2 15/3 16/4
f 14/3 13/4 16/1 15/2
f 17/5 18/6 19/7 20/8
f 20/8 21/9 22/10 23/11
f 24/5 25/6 26/7 27/8
f 28/9 26/7 29/12 30/10
f 31/5 32/6 33/7 34/8
f 35/9 33/7 36/12 37/10
f 18/5 17/6 20/7 19/8
f 21/9 20/7 23/12 22/10
f 25/5 24/6 27/7 26/8
f 26/8 28/9 30/10 29/11
f 32/5 31/6 34/7 33/8
f 33/8 35/9 37/10 36/11
f 38/1 39/2 40/3 41/4
f 39/3 38/4 41/1 40/2
f 42/1 43/2 44/3 45/4
f 43/3 42/4 45/1 44/2
f 46/1 47/2 48/3 49/4
f 47/3 46/4 49/1 48/2
f 50/1 51/2 52/3 53/4
f 51/3 50/4 53/1 52/2
f 54/13 55/11 56/5 57/6
f 62/13 63/11 64/14 65/15
f 70/13 71/11 72/5 73/6
f 78/16 79/17 80/18 81/19
f 82/16 83/17 84/18 85/19
f 86/16 87/17 88/20 89/21
f 90/16 91/17 92/18 93/19
f 94/16 95/17 96/18 97/19
f 98/16 99/17 100/18 101/19
f 102/16 103/17 104/18 105/19
f 106/16 107/17 108/18 109/19
f 110/16 111/17 112/18 113/19
f 114/16 115/17 116/18 117/19
f 118/16 119/17 120/18 121/19
f 122/16 123/17 124/20 125/21
f 126/16 127/17 128/18 129/19
f 130/1 131/2 132/3 133/4
f 131/3 130/4 133/1 132/2
f 134/1 135/2 136/3 137/4
f 135/3 134/4 137/1 136/2
f 138/1 139/2 140/3 141/4
f 139/3 138/4 141/1 140/2
f 142/1 143/2 144/3 145/4
f 143/3 142/4 145/1 144/2
f 115/16 146/17 147/18 116/19
f 148/1 149/2 150/3 151/4
f 149/3 148/4 151/1 150/2
f 152/1 153/2 154/3 155/4
f 153/3 152/4 155/1 154/2
f 156/1 157/2 158/3 159/4
f 157/3 156/4 159/1 158/2
f 160/1 161/2 162/3 163/4
f 161/3 160/4 163/1 162/2
f 164/16 165/17 166/18 167/19
f 168/16 169/17 170/18 171/19
f 172/8 173/7 174/12 175/11
f 176/8 177/7 178/12 179/11
f 180/5 181/6 182/7 183/8
f 183/8 184/9 185/10 186/11
f 181/5 180/6 183/7 182/8
f 184/9 183/7 186/12 185/10
f 187/1 188/2 189/3 190/4
f 188/3 187/4 190/1 189/2
f 191/1 192/2 193/3 194/4
f 192/3 191/4 194/1 193/2
f 195/1 196/2 197/3 198/4
f 196/3 195/4 198/1 197/2
f 199/1 200/2 201/3 202/4
f 200/3 199/4 202/1 201/2
f 203/8 204/22 205/23 206/11
f 207/16 208/17 209/18 210/19
f 211/16 212/17 213/18 214/19
f 215/14 216/15 217/7 218/8
f 177/9 217/7 70/12 178/10
f 219/13 70/11 216/14 220/15
f 223/5 224/24 225/22 226/8
f 227/13 228/11 229/14 230/15
f 235/16 114/17 117/18 236/19
f 237/16 238/17 239/18 240/19
f 241/16 242/17 243/18 244/19
f 119/16 245/17 246/18 120/19
f 255/13 248/11 265/14 266/15
f 271/13 252/11 272/14 273/15
f 228/13 263/11 278/14 229/15
f 281/16 110/17 113/18 282/19
f 283/5 284/6 285/7 286/8
f 286/8 287/9 288/10 289/11
f 290/5 291/6 292/7 293/8
f 294/9 292/7 295/12 296/10
f 297/5 298/6 299/7 300/8
f 301/9 299/7 302/12 303/10
f 284/5 283/6 286/7 285/8
f 287/9 286/7 289/12 288/10
f 291/5 290/6 293/7 292/8
f 292/8 294/9 296/10 295/11
f 298/5 297/6 300/7 299/8
f 299/8 301/9 303/10 302/11
f 308/16 309/17 310/18 311/19
f 312/16 313/17 314/18 315/19
f 316/3 317/4 318/1 319/2
f 320/3 321/4 322/1 323/2
f 87/3 86/4 324/1 325/2
f 123/3 122/4 326/1 327/2
f 334/16 335/17 336/18 337/19
f 338/16 339/17 340/18 341/19
f 346/13 347/11 343/5 342/6
f 253/29 350/30 351/5 347/6
f 352/3 353/4 354/1 355/2
f 356/3 357/4 358/1 359/2
f 335/3 334/4 361/1 362/2
f 309/3 308/4 238/1 237/2
f 208/3 207/4 165/1 164/2
f 254/31 363/32 364/33 253/5
f 83/3 82/4 365/1 366/2
f 320/16 323/17 367/20 368/21
f 369/16 370/17 371/18 372/19
f 373/16 374/17 375/18 376/19
f 377/16 378/17 379/18 380/19
f 339/16 381/17 382/18 340/19
f 313/16 241/17 244/18 314/19
f 212/16 168/17 171/18 213/19
f 123/16 327/17 383/20 124/21
f 127/16 384/17 385/18 128/19
f 390/16 391/17 392/18 393/19
f 366/16 365/17 394/18 395/19
f 325/16 324/17 396/20 397/21
f 398/16 399/17 400/18 401/19
f 402/16 403/17 404/18 405/19
f 406/16 407/17 408/18 409/19
f 410/16 411/17 412/18 413/19
f 414/16 415/17 416/18 417/19
f 418/16 281/17 282/18 419/19
f 146/16 235/17 236/18 147/19
f 245/16 420/17 421/18 246/19
f 327/16 326/17 422/20 383/21
f 384/16 423/17 424/18 385/19
f 425/34 426/11 427/5 428/35
f 431/13 62/11 65/14 432/15
f 351/5 350/24 434/22 435/8
f 441/13 255/11 266/14 442/15
f 444/13 271/11 273/14 445/15
f 260/5 449/6 450/7 451/8
f 451/8 452/9 453/10 259/11
f 449/5 260/6 451/7 450/8
f 452/9 451/7 259/12 453/10
f 107/16 414/17 417/18 108/19
f 174/8 54/5 55/36 175/7
f 178/8 70/5 71/36 179/7
f 219/37 462/11 454/5 70/38
f 466/39 436/11 255/40 467/41
f 205/41 263/42 474/12 206/10
f 484/44 247/45 248/46 485/8
f 441/13 486/11 248/5 255/6
f 487/44 255/45 263/47 488/48
f 227/13 489/11 263/5 228/6
f 490/48 491/7 466/12 467/49
f 492/8 493/22 494/23 495/11
f 496/27 428/28 427/5 497/6
f 498/27 220/28 215/5 499/6
f 500/1 376/2 375/3 501/4
f 502/1 380/2 379/3 503/4
f 341/1 340/2 382/3 504/4
f 315/1 314/2 244/3 243/4
f 214/1 213/2 171/3 170/4
f 81/1 80/2 393/3 392/4
f 505/13 442/11 266/5 265/6
f 105/1 104/2 413/3 412/4
f 109/1 108/2 417/3 416/4
f 113/1 112/2 419/3 282/4
f 117/1 116/2 147/3 236/4
f 121/1 120/2 246/3 421/4
f 506/13 230/11 229/5 278/6
f 434/40 507/42 508/12 435/11
f 509/36 510/45 507/46 511/5
f 512/5 250/6 513/7 514/8
f 515/9 513/7 247/12 484/10
f 363/5 254/6 510/7 509/8
f 516/9 510/7 251/12 517/10
f 438/5 518/6 519/7 520/8
f 520/8 521/9 522/10 437/11
f 523/5 349/6 524/7 525/8
f 526/9 524/7 527/12 528/10
f 530/5 531/6 532/7 533/8
f 534/9 532/7 477/12 535/10
f 518/5 438/6 520/7 519/8
f 521/9 520/7 437/12 522/10
f 349/5 523/6 525/7 524/8
f 524/8 526/9 528/10 527/11
f 531/5 530/6 533/7 532/8
f 532/8 534/9 535/10 477/11
f 536/1 537/2 538/3 539/4
f 537/3 536/4 539/1 538/2
f 540/1 541/2 542/3 543/4
f 541/3 540/4 543/1 542/2
f 544/1 545/2 546/3 547/4
f 545/3 544/4 547/1 546/2
f 548/1 549/2 550/3 551/4
f 549/3 548/4 551/1 550/2
f 552/8 515/7 484/12 485/11
f 553/8 516/7 517/12 554/11
f 555/48 556/7 487/12 488/49
f 465/13 436/11 428/14 496/15
f 558/13 431/11 432/14 559/15
f 474/13 219/11 220/14 498/15
f 103/16 410/17 413/18 104/19
f 319/16 318/17 562/20 563/21
f 564/16 565/17 566/18 567/19
f 568/16 569/17 570/18 571/19
f 572/16 573/17 574/18 575/19
f 323/16 322/17 576/20 367/21
f 370/16 577/17 578/18 371/19
f 579/1 580/2 581/3 582/4
f 580/3 579/4 582/1 581/2
f 583/1 584/2 585/3 586/4
f 584/3 583/4 586/1 585/2
f 587/1 588/2 589/3 590/4
f 588/3 587/4 590/1 589/2
f 591/1 592/2 593/3 594/4
f 592/3 591/4 594/1 593/2
f 595/5 426/6 596/7 597/8
f 600/5 601/6 218/7 602/8
f 603/1 604/2 605/3 606/4
f 604/3 603/4 606/1 605/2
f 607/1 608/2 609/3 610/4
f 608/3 607/4 610/1 609/2
f 611/1 612/2 613/3 614/4
f 612/3 611/4 614/1 613/2
f 615/1 616/2 617/3 618/4
f 616/3 615/4 618/1 617/2
f 619/1 620/2 621/3 622/4
f 620/3 619/4 622/1 621/2
f 623/1 624/2 625/3 626/4
f 624/3 623/4 626/1 625/2
f 627/1 628/2 629/3 630/4
f 628/3 627/4 630/1 629/2
f 631/1 632/2 633/3 634/4
f 632/3 631/4 634/1 633/2
f 353/16 352/17 635/18 636/19
f 637/16 373/17 376/18 500/19
f 262/5 638/6 639/7 640/8
f 640/8 641/9 642/10 261/11
f 638/5 262/6 640/7 639/8
f 641/9 640/7 261/12 642/10
f 600/13 643/25 498/26 499/6
f 263/13 489/11 506/14 278/15
f 645/1 646/2 647/3 648/4
f 646/3 645/4 648/1 647/2
f 649/1 650/2 651/3 652/4
f 650/3 649/4 652/1 651/2
f 653/1 654/2 655/3 656/4
f 654/3 653/4 656/1 655/2
f 657/1 658/2 659/3 660/4
f 658/3 657/4 660/1 659/2
f 318/16 317/17 661/20 562/21
f 565/16 662/17 663/18 566/19
f 569/16 664/17 665/18 570/19
f 573/16 666/17 667/18 574/19
f 354/16 353/17 636/18 668/19
f 358/16 357/17 669/18 670/19
f 361/16 334/17 337/18 671/19
f 238/16 308/17 311/18 239/19
f 165/16 207/17 210/18 166/19
f 324/16 86/17 89/20 396/21
f 399/16 90/17 93/18 400/19
f 403/16 94/17 97/18 404/19
f 407/16 98/17 101/18 408/19
f 355/16 354/17 668/18 672/19
f 374/16 673/17 501/18 375/19
f 357/16 356/17 674/18 669/19
f 675/16 377/17 380/18 502/19
f 391/16 78/17 81/18 392/19
f 365/16 82/17 85/18 394/19
f 316/16 319/17 563/20 676/21
f 677/16 564/17 567/18 678/19
f 679/16 568/17 571/18 680/19
f 681/16 572/17 575/18 682/19
f 352/16 355/17 672/18 635/19
f 356/16 359/17 683/18 674/19
f 335/16 362/17 684/18 336/19
f 309/16 237/17 240/18 310/19
f 208/16 164/17 167/18 209/19
f 87/16 325/17 397/20 88/21
f 91/16 398/17 401/18 92/19
f 95/16 402/17 405/18 96/19
f 99/16 406/17 409/18 100/19
f 685/5 512/6 514/7 686/8
f 364/5 363/6 509/7 511/8
f 486/13 441/11 442/14 505/15
f 688/13 444/11 445/14 689/15
f 691/50 692/6 693/7 694/48
f 489/13 227/11 230/14 506/15
f 440/5 695/6 696/7 697/8
f 697/8 698/9 699/10 439/11
f 700/5 701/6 702/7 703/8
f 704/9 702/7 705/12 706/10
f 707/5 708/6 709/7 710/8
f 711/9 709/7 712/12 713/10
f 695/5 440/6 697/7 696/8
f 698/9 697/7 439/12 699/10
f 701/5 700/6 703/7 702/8
f 702/8 704/9 706/10 705/11
f 708/5 707/6 710/7 709/8
f 709/8 711/9 713/10 712/11
f 415/16 106/17 109/18 416/19
f 359/16 358/17 670/18 683/19
f 378/16 714/17 503/18 379/19
f 420/16 118/17 121/18 421/19
f 322/16 321/17 715/20 576/21
f 577/16 716/17 717/18 578/19
f 673/16 637/17 500/18 501/19
f 714/16 675/17 502/18 503/19
f 718/16 338/17 341/18 504/19
f 242/16 312/17 315/18 243/19
f 169/16 211/17 214/18 170/19
f 326/16 122/17 125/20 422/21
f 423/16 126/17 129/18 424/19
f 362/16 361/17 671/18 684/19
f 381/16 718/17 504/18 382/19
f 79/16 390/17 393/18 80/19
f 83/16 366/17 395/18 84/19
f 431/34 722/11 719/5 62/35
f 494/41 252/42 558/12 495/10
f 517/44 251/45 252/46 554/8
f 444/13 688/11 252/5 271/6
f 559/13 432/11 65/5 64/6
f 636/1 635/2 672/3 668/4
f 669/1 674/2 683/3 670/4
f 337/1 336/2 684/3 671/4
f 311/1 310/2 240/3 239/4
f 210/1 209/2 167/3 166/4
f 85/1 84/2 395/3 394/4
f 689/13 445/11 273/5 272/6
f 595/13 725/25 496/26 497/6
f 343/13 347/11 559/5 64/6
f 248/13 486/11 505/14 265/15
f 252/13 688/11 689/14 272/15
f 596/11 726/5 727/36 597/51
f 218/11 217/5 728/36 602/51
f 729/13 730/11 731/40 732/52
f 225/40 733/42 734/12 226/11
f 514/36 513/45 732/46 686/5
f 693/36 731/45 733/47 694/50
f 317/16 316/17 676/20 661/21
f 662/16 677/17 678/18 663/19
f 664/16 679/17 680/18 665/19
f 666/16 681/17 682/18 667/19
f 321/16 320/17 368/20 715/21
f 716/16 369/17 372/18 717/19
f 257/5 735/6 736/7 737/8
f 737/8 738/9 739/10 256/11
f 735/5 257/6 737/7 736/8
f 738/9 737/7 256/12 739/10
f 57/13 56/11 595/5 426/6
f 73/13 72/11 600/5 601/6
f 744/13 725/11 56/5 740/6
f 425/13 643/53 72/50 57/6
f 425/5 725/6 249/54 258/30
f 264/29 224/30 223/5 643/6
f 373/3 637/4 673/1 374/2
f 377/3 675/4 714/1 378/2
f 339/3 338/4 718/1 381/2
f 313/3 312/4 242/1 241/2
f 212/3 211/4 169/1 168/2
f 250/31 512/32 685/33 249/5
f 79/3 78/4 391/1 390/2
f 258/31 692/32 691/56 264/50
f 103/3 102/4 411/1 410/2
f 107/3 106/4 415/1 414/2
f 111/3 110/4 281/1 418/2
f 115/3 114/4 235/1 146/2
f 119/3 118/4 420/1 245/2
f 111/16 418/17 419/18 112/19
f 411/16 102/17 105/18 412/19
f 758/1 759/2 760/3 761/4
f 759/3 758/4 761/1 760/2
f 762/1 763/2 764/3 765/4
f 763/3 762/4 765/1 764/2
f 766/1 767/2 768/3 769/4
f 767/3 766/4 769/1 768/2
f 770/1 771/2 772/3 773/4
f 771/3 770/4 773/1 772/2
f 774/16 775/17 776/18 777/19
f 778/16 779/17 780/18 781/19
f 782/5 783/6 784/7 785/8
f 785/8 786/9 787/10 788/11
f 789/5 790/6 791/7 792/8
f 793/9 791/7 794/12 795/10
f 796/5 797/6 798/7 799/8
f 799/8 800/9 801/10 802/11
f 783/5 782/6 785/7 784/8
f 786/9 785/7 788/12 787/10
f 790/5 789/6 792/7 791/8
f 791/8 793/9 795/10 794/11
f 797/5 796/6 799/7 798/8
f 800/9 799/7 802/12 801/10
f 803/1 804/2 805/3 806/4
f 804/3 803/4 806/1 805/2
f 807/1 808/2 809/3 810/4
f 808/3 807/4 810/1 809/2
f 811/1 812/2 813/3 814/4
f 812/3 811/4 814/1 813/2
f 815/1 816/2 817/3 818/4
f 816/3 815/4 818/1 817/2
f 819/13 820/11 821/5 822/6
f 827/13 828/11 829/5 830/6
f 835/13 836/11 837/14 838/15
f 843/16 844/17 845/20 846/21
f 847/16 848/17 849/18 850/19
f 851/16 852/17 853/18 854/19
f 855/16 856/17 857/18 858/19
f 859/16 860/17 861/18 862/19
f 863/16 864/17 865/18 866/19
f 867/16 868/17 869/18 870/19
f 871/16 872/17 873/20 874/21
f 875/16 876/17 877/18 878/19
f 879/16 880/17 881/18 882/19
f 883/16 884/17 885/18 886/19
f 887/16 888/17 889/18 890/19
f 891/16 892/17 893/18 894/19
f 895/16 774/17 777/18 896/19
f 897/16 778/17 781/18 898/19
f 899/16 900/17 901/18 902/19
f 903/16 904/17 905/18 906/19
f 907/16 908/17 909/18 910/19
f 911/16 912/17 913/18 914/19
f 915/1 916/2 917/3 918/4
f 916/3 915/4 918/1 917/2
f 919/1 920/2 921/3 922/4
f 920/3 919/4 922/1 921/2
f 923/1 924/2 925/3 926/4
f 924/3 923/4 926/1 925/2
f 927/1 928/2 929/3 930/4
f 928/3 927/4 930/1 929/2
f 931/16 887/17 890/18 932/19
f 933/16 891/17 894/18 934/19
f 935/1 936/2 937/3 938/4
f 936/3 935/4 938/1 937/2
f 939/1 940/2 941/3 942/4
f 940/3 939/4 942/1 941/2
f 943/1 944/2 945/3 946/4
f 944/3 943/4 946/1 945/2
f 947/1 948/2 949/3 950/4
f 948/3 947/4 950/1 949/2
f 951/16 952/17 953/18 954/19
f 955/16 956/17 957/18 958/19
f 959/8 960/7 961/12 962/11
f 963/8 964/7 965/12 966/11
f 967/48 968/7 969/12 970/49
f 971/16 972/17 973/20 974/21
f 975/16 976/17 977/18 978/19
f 979/16 980/17 981/18 982/19
f 983/16 984/17 985/18 986/19
f 987/16 988/17 989/18 990/19
f 991/16 992/17 993/18 994/19
f 995/16 996/17 997/18 998/19
f 999/16 1000/17 1001/18 1002/19
f 956/16 1003/17 1004/18 957/19
f 1005/16 871/17 874/20 1006/21
f 1007/16 875/17 878/18 1008/19
f 1009/16 879/17 882/18 1010/19
f 1011/16 883/17 886/18 1012/19
f 1013/16 1014/17 1015/20 1016/21
f 1017/16 1018/17 1019/18 1020/19
f 1021/16 1022/17 1023/18 1024/19
f 1025/16 1026/17 1027/18 1028/19
f 1029/16 1030/17 1031/18 1032/19
f 1033/16 1034/17 1035/18 1036/19
f 1037/16 951/17 954/18 1038/19
f 844/16 1039/17 1040/20 845/21
f 848/16 1041/17 1042/18 849/19
f 1043/1 1044/2 1045/3 1046/4
f 1044/3 1043/4 1046/1 1045/2
f 1047/1 1048/2 1049/3 1050/4
f 1048/3 1047/4 1050/1 1049/2
f 1055/1 1056/2 1057/3 1058/4
f 1056/3 1055/4 1058/1 1057/2
f 1059/1 1060/2 1061/3 1062/4
f 1060/3 1059/4 1062/1 1061/2
f 888/16 1063/17 1064/18 889/19
f 892/16 1065/17 1066/18 893/19
f 900/16 1067/17 1068/18 901/19
f 904/16 1069/17 1070/18 905/19
f 1075/5 1076/6 1077/7 1078/8
f 1078/8 1079/9 1080/10 1081/11
f 1076/5 1075/6 1078/7 1077/8
f 1079/9 1078/7 1081/12 1080/10
f 1082/16 1037/17 1038/18 1083/19
f 1003/16 1084/17 1085/18 1004/19
f 1086/34 1087/11 1088/5 1089/35
f 1102/13 1100/11 1103/14 1104/15
f 1034/16 1109/17 1110/18 1035/19
f 1111/16 999/17 1002/18 1112/19
f 1100/13 1139/11 1140/14 1103/15
f 1119/13 1117/11 1143/14 1144/15
f 1123/13 1149/11 1150/14 1151/15
f 1097/5 1156/6 1157/7 1158/8
f 1158/8 1159/9 1160/10 1096/11
f 1161/5 1162/6 1163/7 1164/8
f 1165/9 1163/7 1166/12 1167/10
f 1168/5 1169/6 1170/7 1171/8
f 1171/8 1172/9 1173/10 1174/11
f 1156/5 1097/6 1158/7 1157/8
f 1159/9 1158/7 1096/12 1160/10
f 1162/5 1161/6 1164/7 1163/8
f 1163/8 1165/9 1167/10 1166/11
f 1169/5 1168/6 1171/7 1170/8
f 1172/9 1171/7 1174/12 1173/10
f 1185/5 1186/6 1187/7 1188/8
f 1188/8 1189/9 1190/10 1191/11
f 1186/5 1185/6 1188/7 1187/8
f 1189/9 1188/7 1191/12 1190/10
f 1192/16 899/17 902/18 1193/19
f 1194/16 903/17 906/18 1195/19
f 1196/16 1197/17 1198/20 1199/21
f 1200/16 1201/17 1202/18 1203/19
f 1204/16 1205/17 1206/18 1207/19
f 1208/16 1209/17 1210/18 1211/19
f 1212/16 1213/17 1214/18 1215/19
f 1109/16 1216/17 1217/18 1110/19
f 952/16 1082/17 1083/18 953/19
f 1218/16 843/17 846/20 1219/21
f 1220/16 847/17 850/18 1221/19
f 1216/16 1033/17 1036/18 1217/19
f 1000/16 1222/17 1223/18 1001/19
f 1013/3 1197/4 1196/1 1014/2
f 1224/3 972/4 971/1 1225/2
f 844/3 843/4 1218/1 1039/2
f 872/3 871/4 1005/1 1226/2
f 1213/16 1029/17 1032/18 1214/19
f 996/16 1233/17 1234/18 997/19
f 1243/13 1244/57 1241/58 1235/6
f 1243/5 1245/6 1246/54 1126/30
f 1247/3 988/4 987/1 1248/2
f 1254/3 992/4 991/1 1255/2
f 1233/3 996/4 995/1 1261/2
f 1222/3 1000/4 999/1 1111/2
f 1084/3 1003/4 956/1 955/2
f 1126/31 1268/32 1269/59 1138/58
f 892/3 891/4 933/1 1065/2
f 778/3 897/4 1270/1 779/2
f 904/3 903/4 1194/1 1069/2
f 912/3 911/4 1271/1 1272/2
f 1273/34 1274/11 1275/5 1276/35
f 1243/13 1235/11 838/5 1280/6
f 1293/13 1119/11 1144/14 1294/15
f 1296/13 1123/11 1151/14 1297/15
f 868/16 1300/17 1301/18 869/19
f 1304/16 907/17 910/18 1305/19
f 1271/16 911/17 914/18 1306/19
f 1307/8 1308/22 1309/23 1310/11
f 1311/48 1312/7 1313/12 1314/49
f 1039/16 1218/17 1219/20 1040/21
f 1041/16 1220/17 1221/18 1042/19
f 1315/16 1316/17 1317/18 1318/19
f 1319/16 1320/17 1321/18 1322/19
f 1323/16 1324/17 1325/18 1326/19
f 1327/16 1328/17 1329/18 1330/19
f 1300/16 1331/17 1332/18 1301/19
f 1226/16 1005/17 1006/20 1333/21
f 1334/16 1007/17 1008/18 1335/19
f 1336/16 1009/17 1010/18 1337/19
f 1338/16 1011/17 1012/18 1339/19
f 1063/16 931/17 932/18 1064/19
f 1065/16 933/17 934/18 1066/19
f 775/16 1340/17 1341/18 776/19
f 779/16 1270/17 1342/18 780/19
f 1067/16 1192/17 1193/18 1068/19
f 1069/16 1194/17 1195/18 1070/19
f 1343/16 1304/17 1305/18 1344/19
f 1272/16 1271/17 1306/18 1345/19
f 1340/16 895/17 896/18 1341/19
f 1270/16 897/17 898/18 1342/19
f 961/8 819/5 820/36 962/7
f 965/8 827/5 828/36 966/7
f 1357/60 1358/11 820/5 1355/61
f 969/39 1093/11 1100/40 970/41
f 1309/41 1117/42 1365/12 1310/10
f 1102/13 1387/11 1139/5 1100/6
f 1388/44 1100/45 1117/47 1389/48
f 1293/13 1390/11 1117/5 1119/6
f 1391/44 1119/45 1135/62 1392/63
f 1128/5 1395/6 1396/7 1397/8
f 1397/8 1398/9 1399/10 1127/11
f 1130/5 1400/6 1401/7 1402/8
f 1402/8 1403/9 1404/10 1129/11
f 1395/5 1128/6 1397/7 1396/8
f 1398/9 1397/7 1127/12 1399/10
f 1400/5 1130/6 1402/7 1401/8
f 1403/9 1402/7 1129/12 1404/10
f 1405/27 1089/28 1088/5 1406/6
f 1407/27 1276/28 1275/5 1408/6
f 1206/1 1024/2 1023/3 1207/4
f 1210/1 1028/2 1027/3 1211/4
f 1214/1 1032/2 1031/3 1215/4
f 1217/1 1036/2 1035/3 1110/4
f 1083/1 1038/2 954/3 953/4
f 1409/13 1104/11 1103/5 1140/6
f 854/1 853/2 1318/3 1317/4
f 858/1 857/2 1322/3 1321/4
f 862/1 861/2 1326/3 1325/4
f 866/1 865/2 1330/3 1329/4
f 870/1 869/2 1301/3 1332/4
f 1410/13 1294/11 1144/5 1143/6
f 890/1 889/2 1064/3 932/4
f 896/1 777/2 776/3 1341/4
f 902/1 901/2 1068/3 1193/4
f 910/1 909/2 1344/3 1305/4
f 1411/13 1412/11 1413/40 1414/52
f 1415/36 1413/45 1416/62 1417/58
f 1136/5 1418/6 1419/7 1420/8
f 1420/8 1421/9 1392/10 1135/11
f 1138/5 1269/6 1417/7 1416/8
f 1416/8 1422/9 1423/10 1137/11
f 1224/16 1225/17 1424/20 1425/21
f 1426/16 1427/17 1428/18 1429/19
f 1430/16 1431/17 1432/18 1433/19
f 1434/16 1435/17 1436/18 1437/19
f 1247/16 1248/17 1438/18 1439/19
f 1254/16 1255/17 1440/18 1441/19
f 1233/16 1261/17 1442/18 1234/19
f 1222/16 1111/17 1112/18 1223/19
f 1084/16 955/17 958/18 1085/19
f 872/16 1226/17 1333/20 873/21
f 876/16 1334/17 1335/18 877/19
f 880/16 1336/17 1337/18 881/19
f 884/16 1338/17 1339/18 885/19
f 1095/5 1443/6 1444/7 1445/8
f 1445/8 1446/9 1447/10 1094/11
f 1287/5 1449/6 1450/7 1451/8
f 1452/9 1450/7 1373/12 1453/10
f 1256/5 1454/6 1455/7 1456/8
f 1456/8 1457/9 1458/10 1288/11
f 1443/5 1095/6 1445/7 1444/8
f 1446/9 1445/7 1094/12 1447/10
f 1449/5 1287/6 1451/7 1450/8
f 1450/8 1452/9 1453/10 1373/11
f 1454/5 1256/6 1456/7 1455/8
f 1457/9 1456/7 1288/12 1458/10
f 1461/1 1462/2 1463/3 1464/4
f 1462/3 1461/4 1464/1 1463/2
f 1465/1 1466/2 1467/3 1468/4
f 1466/3 1465/4 1468/1 1467/2
f 1469/1 1470/2 1471/3 1472/4
f 1470/3 1469/4 1472/1 1471/2
f 1473/1 1474/2 1475/3 1476/4
f 1474/3 1473/4 1476/1 1475/2
f 1477/48 1478/7 1388/12 1389/49
f 1421/63 1479/7 1391/12 1392/64
f 1422/63 1480/7 1481/12 1423/64
f 1358/13 1093/11 1089/14 1405/15
f 1365/13 1283/11 1276/14 1407/15
f 1484/13 1285/11 1280/14 1485/15
f 1014/16 1196/17 1199/20 1015/21
f 1018/16 1200/17 1203/18 1019/19
f 1225/16 971/17 974/20 1424/21
f 1427/16 975/17 978/18 1428/19
f 1431/16 979/17 982/18 1432/19
f 1435/16 983/17 986/18 1436/19
f 1487/1 1488/2 1489/3 1490/4
f 1488/3 1487/4 1490/1 1489/2
f 1491/1 1492/2 1493/3 1494/4
f 1492/3 1491/4 1494/1 1493/2
f 1495/1 1496/2 1497/3 1498/4
f 1496/3 1495/4 1498/1 1497/2
f 1499/1 1500/2 1501/3 1502/4
f 1500/3 1499/4 1502/1 1501/2
f 1503/5 1087/6 1504/7 1505/8
f 1508/5 1274/6 1509/7 1510/8
f 1521/1 1522/2 1523/3 1524/4
f 1522/3 1521/4 1524/1 1523/2
f 1525/1 1526/2 1527/3 1528/4
f 1526/3 1525/4 1528/1 1527/2
f 1529/1 1530/2 1531/3 1532/4
f 1530/3 1529/4 1532/1 1531/2
f 1533/1 1534/2 1535/3 1536/4
f 1534/3 1533/4 1536/1 1535/2
f 1537/1 1538/2 1539/3 1540/4
f 1538/3 1537/4 1540/1 1539/2
f 1541/1 1542/2 1543/3 1544/4
f 1542/3 1541/4 1544/1 1543/2
f 1545/1 1546/2 1547/3 1548/4
f 1546/3 1545/4 1548/1 1547/2
f 1549/1 1550/2 1551/3 1552/4
f 1550/3 1549/4 1552/1 1551/2
f 1205/16 1021/17 1024/18 1206/19
f 988/16 1247/17 1439/18 989/19
f 1324/16 859/17 862/18 1325/19
f 1553/1 1554/2 1555/3 1556/4
f 1554/3 1553/4 1556/1 1555/2
f 1557/1 1558/2 1559/3 1560/4
f 1558/3 1557/4 1560/1 1559/2
f 1561/1 1562/2 1563/3 1564/4
f 1562/3 1561/4 1564/1 1563/2
f 1565/1 1566/2 1567/3 1568/4
f 1566/3 1565/4 1568/1 1567/2
f 864/16 1327/17 1330/18 865/19
f 1116/5 1569/6 1570/7 1571/8
f 1571/8 1572/9 1573/10 1115/11
f 1569/5 1116/6 1571/7 1570/8
f 1572/9 1571/7 1115/12 1573/10
f 1022/16 1204/17 1207/18 1023/19
f 1248/16 987/17 990/18 1438/19
f 1114/5 1574/6 1575/7 1576/8
f 1576/8 1577/9 1578/10 1113/11
f 1574/5 1114/6 1576/7 1575/8
f 1577/9 1576/7 1113/12 1578/10
f 1579/14 1406/15 1505/7 1580/8
f 1580/8 959/9 962/10 820/11
f 820/13 1358/11 1405/14 1579/15
f 1581/50 1582/6 1583/7 1584/48
f 1139/13 1387/11 1409/14 1140/15
f 1316/16 851/17 854/18 1317/19
f 1209/16 1025/17 1028/18 1210/19
f 992/16 1254/17 1441/18 993/19
f 1320/16 855/17 858/18 1321/19
f 1387/13 1102/11 1104/14 1409/15
f 1586/50 1587/6 1588/7 1589/48
f 1390/13 1293/11 1294/14 1410/15
f 1591/13 1296/11 1297/14 1592/15
f 1418/58 1594/6 1595/7 1419/63
f 1269/58 1268/6 1415/7 1417/63
f 860/16 1323/17 1326/18 861/19
f 1099/5 1596/6 1597/7 1598/8
f 1598/8 1599/9 1600/10 1098/11
f 1291/5 1601/6 1602/7 1603/8
f 1604/9 1602/7 1605/12 1606/10
f 1265/5 1607/6 1608/7 1609/8
f 1609/8 1610/9 1611/10 1292/11
f 1596/5 1099/6 1598/7 1597/8
f 1599/9 1598/7 1098/12 1600/10
f 1601/5 1291/6 1603/7 1602/8
f 1602/8 1604/9 1606/10 1605/11
f 1607/5 1265/6 1609/7 1608/8
f 1610/9 1609/7 1292/12 1611/10
f 1331/16 867/17 870/18 1332/19
f 1026/16 1208/17 1211/18 1027/19
f 1255/16 991/17 994/18 1440/19
f 1030/16 1212/17 1215/18 1031/19
f 1261/16 995/17 998/18 1442/19
f 856/16 1319/17 1322/18 857/19
f 1508/13 1612/25 1407/26 1408/6
f 836/13 1484/11 1485/14 837/15
f 1246/50 1245/6 1411/7 1414/48
f 1117/13 1390/11 1410/14 1143/15
f 1149/13 1591/11 1592/14 1150/15
f 1616/65 1484/11 836/5 1615/24
f 1313/39 1285/11 1123/40 1314/41
f 1296/13 1591/11 1149/5 1123/6
f 1481/44 1123/45 1137/62 1423/63
f 1485/13 1280/11 838/5 837/6
f 989/1 1439/2 1438/3 990/4
f 993/1 1441/2 1440/3 994/4
f 997/1 1234/2 1442/3 998/4
f 1001/1 1223/2 1112/3 1002/4
f 1004/1 1085/2 958/3 957/4
f 1592/13 1297/11 1151/5 1150/6
f 894/1 893/2 1066/3 934/4
f 898/1 781/2 780/3 1342/4
f 906/1 905/2 1070/3 1195/4
f 914/1 913/2 1345/3 1306/4
f 1504/11 1629/5 1580/36 1505/51
f 1509/11 1630/5 1631/36 1510/51
f 1583/13 1632/11 1633/40 1584/52
f 1634/40 1635/42 1636/12 1637/11
f 1588/36 1633/45 1635/47 1589/50
f 1595/36 1634/45 1420/62 1419/58
f 1197/16 1013/17 1016/20 1198/21
f 1201/16 1017/17 1020/18 1202/19
f 972/16 1224/17 1425/20 973/21
f 976/16 1426/17 1429/18 977/19
f 980/16 1430/17 1433/18 981/19
f 984/16 1434/17 1437/18 985/19
f 1328/16 863/17 866/18 1329/19
f 1121/5 1638/6 1639/7 1640/8
f 1640/8 1641/9 1642/10 1120/11
f 1125/5 1643/6 1644/7 1645/8
f 1645/8 1646/9 1647/10 1124/11
f 1638/5 1121/6 1640/7 1639/8
f 1641/9 1640/7 1120/12 1642/10
f 1643/5 1125/6 1645/7 1644/8
f 1646/9 1645/7 1124/12 1647/10
f 1132/5 1648/6 1649/7 1650/8
f 1650/8 1651/9 1652/10 1131/11
f 1134/5 1653/6 1654/7 1655/8
f 1655/8 1656/9 1657/10 1133/11
f 1648/5 1132/6 1650/7 1649/8
f 1651/9 1650/7 1131/12 1652/10
f 1653/5 1134/6 1655/7 1654/8
f 1656/9 1655/7 1133/12 1657/10
f 822/13 821/11 1503/5 1087/6
f 830/13 829/11 1508/5 1274/6
f 1086/13 1612/53 829/50 822/6
f 1273/13 1663/57 1662/58 830/6
f 1086/5 1582/6 1581/54 1101/30
f 1021/3 1205/4 1204/1 1022/2
f 1118/29 1122/30 1273/5 1612/6
f 1025/3 1209/4 1208/1 1026/2
f 1029/3 1213/4 1212/1 1030/2
f 1033/3 1216/4 1109/1 1034/2
f 1037/3 1082/4 952/1 951/2
f 1101/31 1587/32 1586/56 1118/50
f 852/3 851/4 1316/1 1315/2
f 856/3 855/4 1320/1 1319/2
f 860/3 859/4 1324/1 1323/2
f 864/3 863/4 1328/1 1327/2
f 868/3 867/4 1331/1 1300/2
f 1122/31 1594/32 1418/59 1136/58
f 888/3 887/4 931/1 1063/2
f 774/3 895/4 1340/1 775/2
f 900/3 899/4 1192/1 1067/2
f 908/3 907/4 1304/1 1343/2
f 852/16 1315/17 1318/18 853/19
f 908/16 1343/17 1344/18 909/19
f 912/16 1272/17 1345/18 913/19
f 1767/5 1768/6 1769/7 1770/8
f 1770/8 1771/9 1772/10 1773/11
f 1774/5 1775/6 1776/7 1777/8
f 1768/5 1767/6 1770/7 1778/8
f 1779/5 1780/6 1781/7 1782/8
f 1783/5 1784/6 1785/7 1786/8
f 1782/8 1787/9 1788/10 1789/11
f 1790/5 1791/6 1792/7 1793/8
f 1793/8 1794/9 1795/10 1796/11
f 1803/7 1804/8 1805/5 1806/6
f 1807/1 1808/2 1809/3 1810/4
f 1808/3 1807/4 1810/1 1809/2
f 1811/1 1812/2 1813/3 1814/4
f 1812/3 1811/4 1814/1 1813/2
f 1815/1 1816/2 1817/3 1818/4
f 1816/3 1815/4 1818/1 1817/2
f 1819/1 1820/2 1821/3 1822/4
f 1820/3 1819/4 1822/1 1821/2
f 1823/16 1824/17 1825/18 1826/19
f 1827/16 1828/17 1829/18 1830/19
f 1831/16 1832/17 1833/18 1834/19
f 1835/1 1836/2 1837/3 1838/4
f 1836/3 1835/4 1838/1 1837/2
f 1839/1 1840/2 1841/3 1842/4
f 1840/3 1839/4 1842/1 1841/2
f 1843/1 1844/2 1845/3 1846/4
f 1844/3 1843/4 1846/1 1845/2
f 1847/1 1848/2 1849/3 1850/4
f 1848/3 1847/4 1850/1 1849/2
f 1851/16 1852/17 1853/18 1854/19
f 1855/16 1856/17 1857/18 1858/19
f 1859/16 1860/17 1861/18 1862/19
f 1863/16 1864/17 1865/20 1866/21
f 1867/16 1868/17 1869/18 1870/19
f 1871/16 1872/17 1873/18 1874/19
f 1875/16 1876/17 1877/18 1878/19
f 1879/16 1880/17 1881/18 1882/19
f 1883/16 1884/17 1885/20 1886/21
f 1887/16 1888/17 1889/18 1890/19
f 1891/16 1892/17 1893/18 1894/19
f 1895/16 1896/17 1897/18 1898/19
f 1899/16 1900/17 1901/18 1902/19
f 1903/67 1904/68 1905/7 1906/8
f 1907/9 1905/7 1908/12 1909/10
f 1910/9 1903/8 1911/5 1912/66
f 1913/13 1908/11 1914/69 1915/70
f 1804/9 1914/8 1916/5 1805/66
f 1917/14 1918/15 1919/7 1920/8
f 1921/9 1919/7 1922/12 1923/10
f 1924/13 1922/11 1925/5 1926/6
f 1931/13 1932/11 1933/5 1934/6
f 1939/71 1940/11 1941/5 1942/72
f 1943/13 1944/11 1945/5 1946/6
f 1951/34 1952/11 1953/5 1954/35
f 1962/67 1963/68 1964/7 1965/8
f 1966/9 1964/7 1967/12 1968/10
f 1969/9 1962/8 1954/5 1970/66
f 1972/67 1973/68 1974/7 1975/8
f 1976/9 1974/7 1977/12 1978/10
f 1979/9 1972/8 1980/5 1981/66
f 1983/67 1984/68 1985/7 1986/8
f 1987/9 1985/7 1988/12 1989/10
f 1990/9 1983/8 1991/5 1992/66
f 1994/67 1995/68 1996/7 1997/8
f 1998/9 1996/7 1999/12 2000/10
f 2001/9 1994/8 2002/5 2003/66
f 2005/13 1999/11 2006/69 2007/70
f 2008/9 2006/8 2009/5 2010/66
f 2016/13 2017/73 1941/74 2018/6
f 2019/13 2020/53 2021/50 2022/6
f 2026/54 2027/30 2017/5 2025/6
f 2028/54 2029/30 2030/5 2019/6
f 2045/13 1942/73 2027/74 2042/6
f 2046/13 2047/53 2043/50 2028/6
f 1777/8 2063/9 2064/10 2065/11
f 2070/13 1917/11 1915/8 2071/7
f 2067/5 1913/6 1920/7 2076/8
f 2077/5 2078/6 2079/7 2080/8
f 2081/5 2082/6 2083/7 2084/8
f 2085/5 2086/6 2087/7 2088/8
f 2089/5 2090/6 2091/7 2092/8
f 2097/5 2098/6 2099/7 2100/8
f 2147/8 1987/7 1989/12 2148/11
f 2149/7 1990/8 1992/5 2150/6
f 2151/8 2157/7 2158/12 2152/11
f 2159/7 2160/8 2161/5 2162/6
f 2175/16 2176/17 2177/18 2178/19
f 2179/16 2180/17 2181/18 2182/19
f 2183/16 2184/17 2185/18 2186/19
f 2187/16 2188/17 2189/20 2190/21
f 2191/16 2192/17 2193/18 2194/19
f 2195/16 2196/17 2197/18 2198/19
f 2199/16 2200/17 2201/18 2202/19
f 2203/16 2204/17 2205/18 2206/19
f 2207/16 2208/17 2209/20 2210/21
f 2211/16 2212/17 2213/18 2214/19
f 2215/16 2216/17 2217/18 2218/19
f 2219/16 2220/17 2221/18 2222/19
f 2223/16 2224/17 2225/18 2226/19
f 2227/48 2228/7 2229/12 2230/49
f 1912/8 1911/5 2231/31 2232/7
f 1968/8 1967/5 2245/36 2246/7
f 2249/8 2250/5 2251/36 2247/7
f 1982/13 2252/11 2245/5 1967/6
f 2253/13 2248/11 2251/5 2250/6
f 2254/83 2003/84 1982/5 2252/6
f 2255/83 2256/84 2253/5 2248/6
f 2269/16 2270/17 2271/18 2272/19
f 2273/16 2274/17 2275/18 2276/19
f 2277/16 2175/17 2178/18 2278/19
f 1852/16 2279/17 2280/18 1853/19
f 2281/16 1823/17 1826/18 2282/19
f 2188/16 2283/17 2284/20 2189/21
f 2192/16 2285/17 2286/18 2193/19
f 2196/16 2287/17 2288/18 2197/19
f 2200/16 2289/17 2290/18 2201/19
f 2204/16 2291/17 2292/18 2205/19
f 1864/16 2293/17 2294/20 1865/21
f 1868/16 2295/17 2296/18 1869/19
f 1872/16 2297/17 2298/18 1873/19
f 1876/16 2299/17 2300/18 1877/19
f 1880/16 2301/17 2302/18 1881/19
f 1923/8 1922/5 2319/36 2320/7
f 2321/8 2322/5 2323/36 2324/7
f 1924/87 2325/11 2317/5 1922/88
f 2326/66 1924/6 1922/12 2327/10
f 2328/39 2323/11 2329/5 2330/66
f 2331/65 2329/11 2323/5 2310/24
f 1943/89 2339/90 2338/5 1924/6
f 2346/54 2347/30 2329/5 2348/6
f 2229/44 2390/45 2380/47 2230/48
f 2392/66 1943/6 1944/12 2393/10
f 2394/39 2347/11 2395/5 2396/66
f 2397/65 2395/11 2347/5 2373/24
f 1904/33 1903/5 2412/31 2413/32
f 1975/11 1974/5 2414/36 2415/51
f 2418/11 2419/5 2417/36 2416/51
f 1995/33 1994/5 2421/31 2422/32
f 2423/33 2424/5 2420/31 2425/32
f 2434/13 1993/11 1984/69 2435/70
f 2437/13 2438/11 2439/69 2440/70
f 2434/14 1993/15 1997/7 2441/8
f 2437/14 2438/15 2443/7 2442/8
f 2444/50 2445/6 2446/7 2447/48
f 2448/13 1959/73 1961/74 2449/6
f 2450/13 1939/73 1942/74 2045/6
f 2339/13 1943/11 1946/5 2444/6
f 2444/13 2451/97 2452/98 2453/6
f 2456/5 1946/6 2457/7 2458/8
f 2459/9 2457/7 1943/12 2392/10
f 2460/5 2097/6 2100/7 2461/8
f 2461/8 2462/9 2396/10 2395/11
f 2395/13 2400/11 2451/5 2460/6
f 2465/13 2466/11 2467/5 2468/6
f 2471/13 2472/53 2047/50 2046/6
f 2473/8 1921/7 1923/12 2320/11
f 2474/8 2475/7 2321/12 2324/11
f 2476/8 2477/7 2478/12 2479/11
f 2480/1 2481/2 2482/3 2483/4
f 2481/3 2480/4 2483/1 2482/2
f 2484/1 2485/2 2486/3 2487/4
f 2485/3 2484/4 2487/1 2486/2
f 2488/1 2489/2 2490/3 2491/4
f 2489/3 2488/4 2491/1 2490/2
f 2492/1 2493/2 2494/3 2495/4
f 2493/3 2492/4 2495/1 2494/2
f 2496/1 2497/2 2498/3 2499/4
f 2497/3 2496/4 2499/1 2498/2
f 2500/1 2501/2 2502/3 2503/4
f 2501/3 2500/4 2503/1 2502/2
f 2504/1 2505/2 2506/3 2507/4
f 2505/3 2504/4 2507/1 2506/2
f 2508/1 2509/2 2510/3 2511/4
f 2509/3 2508/4 2511/1 2510/2
f 2512/1 2513/2 2514/3 2515/4
f 2513/3 2512/4 2515/1 2514/2
f 2516/1 2517/2 2518/3 2519/4
f 2517/3 2516/4 2519/1 2518/2
f 2520/1 2521/2 2522/3 2523/4
f 2521/3 2520/4 2523/1 2522/2
f 2524/1 2525/2 2526/3 2527/4
f 2525/3 2524/4 2527/1 2526/2
f 2528/5 2529/6 2530/7 2531/8
f 2532/5 2533/6 2534/7 2535/8
f 2540/5 2456/6 2458/7 2541/8
f 2588/87 2589/11 2590/5 1940/88
f 2591/65 2592/11 2593/5 2594/24
f 2598/54 2595/30 2597/5 2588/6
f 2599/54 2600/30 2592/5 2601/6
f 1939/87 2450/11 2596/5 2598/88
f 2472/65 2471/11 2600/5 2602/24
f 1780/5 1779/6 2629/7 1781/8
f 1787/9 2629/7 2378/12 1788/10
f 2630/8 2631/7 2326/12 2327/11
f 2632/8 2633/7 2634/12 2635/11
f 2636/8 2459/7 2392/12 2393/11
f 1932/87 2637/11 2638/5 1933/88
f 1940/87 2590/11 2018/5 1941/88
f 1922/13 2319/11 2639/5 1925/6
f 2641/87 2642/11 2643/5 2644/88
f 1925/5 2528/6 2531/7 1919/8
f 1919/8 2630/9 2327/10 1922/11
f 2646/65 1925/11 1918/5 2647/24
f 1933/5 2532/6 2535/7 2648/8
f 2648/8 2632/9 2635/10 1932/11
f 2086/5 2646/6 2649/7 2087/8
f 2650/9 2649/7 2323/12 2328/10
f 2090/5 2641/6 2651/7 2091/8
f 2652/9 2651/7 2653/12 2654/10
f 2322/13 2323/11 2646/5 2655/6
f 2658/13 2653/11 2641/5 2659/6
f 2594/65 2593/11 2022/5 2021/24
f 2662/8 2663/7 2664/12 2665/11
f 2666/8 2667/7 2668/12 2669/11
f 1806/83 1805/84 2686/5 2683/6
f 1978/8 1977/5 2693/36 2694/7
f 2696/8 2697/5 2698/36 2695/7
f 1993/13 2434/11 2693/5 1977/6
f 2438/13 2437/11 2698/5 2697/6
f 2701/83 2010/84 1993/5 2434/6
f 2702/83 2703/84 2438/5 2437/6
f 2644/75 2704/76 2705/5 2706/6
f 2272/1 2271/2 2707/3 2708/4
f 2276/1 2275/2 2709/3 2710/4
f 2278/1 2178/2 2177/3 2711/4
f 1853/1 2280/2 2712/3 1854/4
f 2282/1 1826/2 1825/3 2713/4
f 2714/13 2715/97 2704/98 2643/6
f 2716/1 2717/2 2718/3 2719/4
f 2720/1 2721/2 2722/3 2723/4
f 2724/1 2186/2 2185/3 2725/4
f 1861/1 2726/2 2727/3 1862/4
f 2728/1 1834/2 1833/3 2729/4
f 2730/102 1970/103 1953/5 2731/6
f 2732/102 2733/103 2734/5 2735/6
f 1915/33 1914/5 2744/31 2071/32
f 1986/11 1985/5 2748/36 2749/51
f 2752/11 2753/5 2751/36 2750/51
f 2007/33 2006/5 2755/31 2756/32
f 2757/33 2758/5 2754/31 2759/32
f 2041/13 2040/77 2763/78 2764/6
f 1963/33 1962/5 2777/31 2778/32
f 2779/33 2780/5 2781/31 2782/32
f 2783/13 1951/11 1954/5 2784/6
f 2790/13 2791/11 2792/5 2793/6
f 2783/14 1951/15 1965/7 2803/8
f 2790/14 2791/15 2805/7 2804/8
f 2806/1 2807/2 2808/3 2809/4
f 2807/3 2806/4 2809/1 2808/2
f 2810/1 2811/2 2812/3 2813/4
f 2811/3 2810/4 2813/1 2812/2
f 2814/1 2815/2 2816/3 2817/4
f 2815/3 2814/4 2817/1 2816/2
f 2818/1 2819/2 2820/3 2821/4
f 2819/3 2818/4 2821/1 2820/2
f 2822/16 2269/17 2272/18 2708/19
f 2823/16 2824/17 2825/18 2826/19
f 2827/16 2828/17 2716/18 2719/19
f 2829/1 2830/2 2831/3 2832/4
f 2830/3 2829/4 2832/1 2831/2
f 2833/1 2834/2 2835/3 2836/4
f 2834/3 2833/4 2836/1 2835/2
f 2837/1 2838/2 2839/3 2840/4
f 2838/3 2837/4 2840/1 2839/2
f 2841/1 2842/2 2843/3 2844/4
f 2842/3 2841/4 2844/1 2843/2
f 2845/13 2004/11 1995/69 2422/70
f 2847/13 2848/11 2423/69 2425/70
f 1999/13 2849/11 2845/5 2004/6
f 2851/13 2846/11 2847/5 2848/6
f 2852/8 1998/7 2000/12 2853/11
f 2854/7 2001/8 2003/5 2254/6
f 2855/8 2859/7 2860/12 2856/11
f 2861/7 2862/8 2256/5 2255/6
f 2283/16 2863/17 2864/20 2284/21
f 2285/16 2865/17 2866/18 2286/19
f 2287/16 2867/17 2868/18 2288/19
f 2289/16 2869/17 2870/18 2290/19
f 2291/16 2871/17 2872/18 2292/19
f 2873/16 2874/17 2875/20 2876/21
f 2877/16 2878/17 2879/18 2880/19
f 2881/16 2882/17 2883/18 2884/19
f 2885/16 2886/17 2887/18 2888/19
f 2889/16 2890/17 2891/18 2892/19
f 2893/1 2894/2 2895/3 2896/4
f 2894/3 2893/4 2896/1 2895/2
f 2897/1 2898/2 2899/3 2900/4
f 2898/3 2897/4 2900/1 2899/2
f 2901/1 2902/2 2903/3 2904/4
f 2902/3 2901/4 2904/1 2903/2
f 2905/1 2906/2 2907/3 2908/4
f 2906/3 2905/4 2908/1 2907/2
f 2279/16 2954/17 2712/18 2280/19
f 2955/16 2956/17 2957/18 2958/19
f 2959/16 2960/17 2727/18 2726/19
f 2036/85 2038/11 2983/5 2984/86
f 1791/5 1790/6 2988/7 1792/8
f 1794/9 2988/7 2989/12 1795/10
f 2990/16 2277/17 2278/18 2711/19
f 2991/16 2992/17 2993/18 2994/19
f 2995/16 2996/17 2724/18 2725/19
f 2997/13 2998/97 2999/98 3000/6
f 3001/13 3002/97 2715/98 2714/6
f 2683/14 2686/15 1906/7 3016/8
f 2034/13 2036/77 2984/78 3019/6
f 2040/13 2044/77 3022/78 2763/6
f 3025/8 1966/7 1968/12 2246/11
f 3026/7 1969/8 1970/5 2730/6
f 3027/8 3032/7 2249/12 2247/11
f 3033/7 3034/8 2733/5 2732/6
f 2283/3 2188/4 2187/1 2863/2
f 2293/3 1864/4 1863/1 3035/2
f 2873/3 2208/4 2207/1 2874/2
f 3036/3 1884/4 1883/1 3037/2
f 2274/16 3038/17 2709/18 2275/19
f 3039/16 3040/17 3041/18 3042/19
f 3043/16 3044/17 2722/18 2721/19
f 2659/75 2641/76 3045/5 3046/6
f 3058/13 3001/53 2642/50 2638/6
f 3013/65 1934/11 1933/5 2641/24
f 3002/13 3059/57 3054/58 2659/6
f 3067/54 1952/30 1934/5 3001/6
f 3071/54 3072/30 3002/5 3013/6
f 2449/13 3099/53 3067/50 3091/6
f 1961/13 2468/53 3071/50 1952/6
f 2467/13 3100/57 3098/58 3072/6
f 1951/13 2783/11 3099/5 1961/6
f 2791/13 2790/11 2468/5 2467/6
f 3106/83 1981/84 1951/5 2783/6
f 3107/83 3108/84 2791/5 2790/6
f 2998/104 3111/11 3112/5 2999/101
f 3002/104 3046/11 2705/5 2715/101
f 2451/13 3117/11 3118/5 2452/6
f 2791/34 3072/11 2734/5 2792/35
f 3121/5 3122/6 3123/7 2805/8
f 3032/9 3123/7 2250/12 2249/10
f 3109/13 2791/11 2780/8 2779/7
f 3034/9 2780/8 2792/5 2733/66
f 3122/14 3124/15 2419/7 2418/8
f 3125/9 2419/7 2697/12 2696/10
f 3128/67 2439/68 2753/7 2752/8
f 2157/9 2753/7 3129/12 2158/10
f 2160/9 3128/8 3124/5 2161/66
f 2424/67 2423/68 3130/7 2443/8
f 2859/9 3130/7 2851/12 2860/10
f 2862/9 2424/8 3131/5 2256/66
f 3126/13 2851/11 2758/69 2757/70
f 3132/9 2758/8 3133/5 2703/66
f 3134/16 2281/17 2282/18 2713/19
f 3135/16 3136/17 3137/18 3138/19
f 3139/16 3140/17 2728/18 2729/19
f 1906/11 1905/5 3141/36 3016/51
f 1997/11 1996/5 3143/36 2441/51
f 2443/11 3130/5 3144/36 2442/51
f 3150/13 3148/11 3147/5 3151/6
f 2647/75 3152/76 3112/5 3153/6
f 3154/27 1918/28 3150/5 3148/6
f 3000/13 2999/97 3152/98 3154/6
f 2825/1 3155/2 3156/3 2826/4
f 3157/1 3042/2 3041/3 3158/4
f 2993/1 2182/2 2181/3 2994/4
f 1857/1 2958/2 2957/3 1858/4
f 3137/1 1830/2 1829/3 3138/4
f 2453/13 2452/97 3118/98 3159/6
f 1989/8 1988/5 3160/36 2148/7
f 2158/8 3129/5 2436/36 2152/7
f 2004/13 2845/11 3160/5 1988/6
f 2848/13 2847/11 2436/5 3129/6
f 3163/13 3164/11 2004/5 2845/6
f 3165/13 3166/11 2848/5 2847/6
f 2083/11 3167/5 2651/36 2084/51
f 2534/5 3168/6 2648/12 2535/11
f 2091/13 2651/11 3169/5 2092/6
f 3170/11 3171/5 3172/36 3173/51
f 3174/11 3175/5 3176/36 3177/51
f 1973/33 1972/5 3179/31 3180/32
f 3181/33 3182/5 3178/31 3183/32
f 2044/85 2032/11 3185/5 3022/86
f 2293/16 3035/17 3188/20 2294/21
f 2295/16 3189/17 3190/18 2296/19
f 2297/16 3191/17 3192/18 2298/19
f 2299/16 3193/17 3194/18 2300/19
f 2301/16 3195/17 3196/18 2302/19
f 3036/16 3037/17 3197/20 3198/21
f 3199/16 3200/17 3201/18 3202/19
f 3203/16 3204/17 3205/18 3206/19
f 3207/16 3208/17 3209/18 3210/19
f 3211/16 3212/17 3213/18 3214/19
f 3215/13 1971/11 1963/69 2778/70
f 3216/13 3122/11 2779/69 2782/70
f 3215/14 1971/15 1975/7 2415/8
f 3216/14 3122/15 2418/7 2416/8
f 3217/8 1907/7 1909/12 3218/11
f 3221/7 1910/8 1912/5 2232/6
f 3222/1 3223/2 3224/3 3225/4
f 3223/3 3222/4 3225/1 3224/2
f 3226/1 3227/2 3228/3 3229/4
f 3227/3 3226/4 3229/1 3228/2
f 3230/1 3231/2 3232/3 3233/4
f 3231/3 3230/4 3233/1 3232/2
f 3234/1 3235/2 3236/3 3237/4
f 3235/3 3234/4 3237/1 3236/2
f 3163/13 3164/11 2007/8 2756/7
f 3165/13 3166/11 2757/8 2759/7
f 3239/16 2823/17 2826/18 3156/19
f 3240/16 2827/17 2719/18 2718/19
f 3040/16 3241/17 3158/18 3041/19
f 3044/16 3242/17 2723/18 2722/19
f 2180/16 2991/17 2994/18 2181/19
f 2184/16 2995/17 2725/18 2185/19
f 2956/16 1855/17 1858/18 2957/19
f 2960/16 1859/17 1862/18 2727/19
f 1828/16 3135/17 3138/18 1829/19
f 1832/16 3139/17 2729/18 1833/19
f 2874/16 2207/17 2210/20 2875/21
f 2878/16 2211/17 2214/18 2879/19
f 2882/16 2215/17 2218/18 2883/19
f 2886/16 2219/17 2222/18 2887/19
f 2890/16 2223/17 2226/18 2891/19
f 3037/16 1883/17 1886/20 3197/21
f 3200/16 1887/17 1890/18 3201/19
f 3204/16 1891/17 1894/18 3205/19
f 3208/16 1895/17 1898/18 3209/19
f 3212/16 1899/17 1902/18 3213/19
f 3243/1 3244/2 3245/3 3246/4
f 3244/3 3243/4 3246/1 3245/2
f 3247/1 3248/2 3249/3 3250/4
f 3248/3 3247/4 3250/1 3249/2
f 3251/1 3252/2 3253/3 3254/4
f 3252/3 3251/4 3254/1 3253/2
f 3255/1 3256/2 3257/3 3258/4
f 3256/3 3255/4 3258/1 3257/2
f 2035/13 2034/77 3019/78 3262/6
f 3265/9 1770/7 2389/12 1772/10
f 3266/7 2008/8 2010/5 2701/6
f 3270/7 3132/8 2703/5 2702/6
f 2824/16 3271/17 3155/18 2825/19
f 2828/16 3272/17 2717/18 2716/19
f 3273/16 3039/17 3042/18 3157/19
f 3274/16 3043/17 2721/18 2720/19
f 2992/16 2179/17 2182/18 2993/19
f 2996/16 2183/17 2186/18 2724/19
f 1856/16 2955/17 2958/18 1857/19
f 1860/16 2959/17 2726/18 1861/19
f 3136/16 1827/17 1830/18 3137/19
f 3140/16 1831/17 1834/18 2728/19
f 2208/16 2873/17 2876/20 2209/21
f 2212/16 2877/17 2880/18 2213/19
f 2216/16 2881/17 2884/18 2217/19
f 2220/16 2885/17 2888/18 2221/19
f 2224/16 2889/17 2892/18 2225/19
f 1884/16 3036/17 3198/20 1885/21
f 1888/16 3199/17 3202/18 1889/19
f 1892/16 3203/17 3206/18 1893/19
f 1896/16 3207/17 3210/18 1897/19
f 1900/16 3211/17 3214/18 1901/19
f 2413/67 2412/68 3016/7 3141/8
f 3141/8 3217/9 3218/10 3325/11
f 2412/7 3221/9 2232/66 2231/6
f 3325/13 2067/11 2071/69 2744/70
f 2744/7 1803/9 1806/66 3327/6
f 2067/13 2997/25 3000/26 2070/6
f 2642/13 3001/11 2714/5 2643/6
f 2380/13 2339/11 2453/14 3159/15
f 3067/13 3099/11 3328/5 2731/6
f 2784/14 3328/15 3173/7 3172/8
f 3172/8 2662/9 2665/10 3330/11
f 2778/67 2777/68 2803/7 3331/8
f 3331/8 3025/9 2246/10 2245/11
f 2777/7 3026/9 2730/66 2784/6
f 3180/67 3179/68 2415/7 2414/8
f 2414/8 3332/9 2694/10 2693/11
f 3179/7 3333/9 3106/66 3334/6
f 2435/67 3335/68 2749/7 2748/8
f 2748/8 2147/9 2148/10 3160/11
f 3335/7 2149/9 2150/66 3336/6
f 2422/67 2421/68 2441/7 3143/8
f 3143/8 2852/9 2853/10 2849/11
f 2421/7 2854/9 2254/66 3337/6
f 2849/13 3338/11 2756/69 2755/70
f 2755/7 3266/9 2701/66 3339/6
f 2270/16 3340/17 2707/18 2271/19
f 3271/16 3239/17 3156/18 3155/19
f 3272/16 3240/17 2718/18 2717/19
f 3341/13 3342/77 2983/78 3262/6
f 3343/13 3344/77 3185/78 2764/6
f 3345/13 3346/11 3347/5 3341/6
f 3348/13 3350/11 3342/5 3349/6
f 3351/13 3352/11 3353/5 3343/6
f 3354/13 3356/11 3344/5 3355/6
f 3019/13 2984/77 3350/78 3345/6
f 2763/13 3022/77 3356/78 3351/6
f 3148/13 3150/11 1904/69 2413/70
f 1908/13 3325/11 3148/5 3150/6
f 3332/8 1976/7 1978/12 2694/11
f 3333/7 1979/8 1981/5 3106/6
f 3358/8 3125/7 2696/12 2695/11
f 3363/7 3364/8 3108/5 3107/6
f 3117/71 3365/11 3159/5 3118/72
f 1952/13 3067/11 2731/5 1953/6
f 3072/13 3071/11 2735/5 2734/6
f 2038/85 2035/11 3262/5 2983/86
f 2032/85 2041/11 2764/5 3185/86
f 3370/16 2273/17 2276/18 2710/19
f 3241/16 3273/17 3157/18 3158/19
f 3242/16 3274/17 2720/18 2723/19
f 3371/13 2077/25 3372/26 3153/6
f 3045/13 2081/25 3373/26 2706/6
f 2647/14 3372/15 2080/7 2649/8
f 2649/8 2474/9 2324/10 2323/11
f 2644/14 3373/15 2084/7 2651/8
f 2651/8 2476/9 2479/10 2653/11
f 2323/13 2329/11 3011/5 2646/6
f 2653/13 3012/11 3013/5 2641/6
f 2593/13 2471/97 2046/98 2022/6
f 2347/13 2395/11 2460/5 3367/6
f 3071/13 2790/25 2793/26 2735/6
f 2782/67 2781/68 2804/7 3374/8
f 3374/8 3027/9 2247/10 2251/11
f 2781/7 3033/9 2732/66 2793/6
f 3183/67 3178/68 2416/7 2417/8
f 2417/8 3358/9 2695/10 2698/11
f 3178/7 3363/9 3107/66 3375/6
f 2440/67 3376/68 2750/7 2751/8
f 2751/8 2151/9 2152/10 2436/11
f 3376/7 2159/9 2162/66 3377/6
f 2425/67 2420/68 2442/7 3144/8
f 3144/8 2855/9 2856/10 2846/11
f 2420/7 2861/9 2255/66 3378/6
f 2846/13 3238/11 2759/69 2754/70
f 2754/7 3270/9 2702/66 3380/6
f 3381/9 1785/7 3382/12 3383/10
f 2478/8 2658/5 2653/36 2479/7
f 1931/87 3395/11 2637/5 1932/88
f 2634/66 1931/6 1932/12 2635/10
f 2654/39 2653/11 3012/5 3396/66
f 3397/65 3012/11 2653/5 3389/24
f 3406/54 3407/30 3405/5 1931/6
f 3410/54 3411/30 3012/5 3412/6
f 3439/110 2448/11 3432/5 3438/111
f 2664/8 1960/5 3330/36 2665/7
f 2668/8 3121/5 2789/36 2669/7
f 1971/13 3215/11 3330/5 1960/6
f 3122/13 3216/11 2789/5 3121/6
f 2150/83 1992/84 1971/5 3215/6
f 2162/83 2161/84 3122/5 3216/6
f 3340/16 2822/17 2708/18 2707/19
f 3038/16 3370/17 2710/18 2709/19
f 2176/16 2990/17 2711/18 2177/19
f 2954/16 1851/17 1854/18 2712/19
f 1824/16 3134/17 2713/18 1825/19
f 2863/16 2187/17 2190/20 2864/21
f 2865/16 2191/17 2194/18 2866/19
f 2867/16 2195/17 2198/18 2868/19
f 2869/16 2199/17 2202/18 2870/19
f 2871/16 2203/17 2206/18 2872/19
f 3035/16 1863/17 1866/20 3188/21
f 3189/16 1867/17 1870/18 3190/19
f 3191/16 1871/17 1874/18 3192/19
f 3193/16 1875/17 1878/18 3194/19
f 3195/16 1879/17 1882/18 3196/19
f 3445/8 2650/7 2328/12 2330/11
f 3446/8 2652/7 2654/12 3396/11
f 2462/8 3447/7 2394/12 2396/11
f 1920/11 1919/5 3448/36 2076/51
f 2079/11 3449/5 2649/36 2080/51
f 2530/5 3450/6 1919/12 2531/11
f 2087/13 2649/11 3451/5 2088/6
f 2446/36 3452/45 3453/47 2447/50
f 2458/5 2457/6 3454/12 2541/11
f 2099/13 3455/11 2461/5 2100/6
f 1965/11 1964/5 3331/36 2803/51
f 2805/11 3123/5 3374/36 2804/51
f 1984/33 1983/5 3335/31 2435/32
f 2439/33 3128/5 3376/31 2440/32
f 1909/8 1908/5 3325/36 3218/7
f 2655/75 2646/76 3371/5 3111/6
f 1925/27 2639/28 3325/5 1908/6
f 2738/13 2997/53 2639/50 2736/6
f 3011/65 1926/11 1925/5 2646/24
f 2998/13 3476/57 3470/58 2655/6
f 3365/54 1945/30 1926/5 2997/6
f 3367/54 3117/30 2998/5 3011/6
f 2743/31 2445/32 2444/56 3365/50
f 3271/3 2824/4 2823/1 3239/2
f 3039/3 3273/4 3241/1 3040/2
f 2179/3 2992/4 2991/1 2180/2
f 2955/3 1856/4 1855/1 2956/2
f 1827/3 3136/4 3135/1 1828/2
f 2460/65 1946/11 1945/5 3367/24
f 2451/13 3521/57 3510/58 3117/6
f 2000/8 1999/5 2849/36 2853/7
f 2860/8 2851/5 2846/36 2856/7
f 2005/13 3338/11 2849/5 1999/6
f 3126/13 3238/11 2846/5 2851/6
f 2252/13 1982/11 1973/69 3180/70
f 2248/13 2253/11 3181/69 3183/70
f 2252/14 1982/15 1986/7 2749/8
f 2248/14 2253/15 2752/7 2750/8
f 3525/5 3526/6 3527/7 3528/8
f 3529/5 3530/6 3531/7 3532/8
f 3533/5 3534/6 3535/7 3536/8
f 3537/5 3538/6 3539/7 3540/8
f 3541/5 3525/6 3542/7 3543/8
f 3544/5 3545/6 3546/7 3547/8
f 3543/8 3548/9 3549/10 3550/11
f 3551/5 3529/6 3552/7 3553/8
f 3554/5 3555/6 3556/7 3557/8
f 3553/8 3558/9 3559/10 3560/11
f 3561/8 3562/9 3563/10 3564/11
f 3565/9 3536/7 3566/12 3567/10
f 3568/8 3569/9 3570/10 3571/11
f 3572/9 3540/7 3573/12 3574/10
f 3545/5 3544/6 3547/7 3546/8
f 3555/5 3554/6 3557/7 3556/8
f 3562/9 3561/7 3564/12 3563/10
f 3569/9 3568/7 3571/12 3570/10
f 3575/8 3576/9 3577/10 3578/11
f 3579/8 3580/9 3581/10 3582/11
f 3583/8 3584/9 3585/10 3586/11
f 3587/8 3588/9 3589/10 3590/11
f 3591/5 3592/6 3593/7 3594/8
f 3595/9 3593/7 3596/12 3597/10
f 3598/5 3599/6 3600/7 3601/8
f 3602/9 3600/7 3603/12 3604/10
f 3605/5 3591/6 3606/7 3607/8
f 3607/8 3608/9 3609/10 3596/11
f 3610/5 3598/6 3611/7 3612/8
f 3612/8 3613/9 3614/10 3603/11
f 3615/5 3616/6 3617/7 3618/8
f 3618/8 3619/9 3620/10 3621/11
f 3622/5 3623/6 3624/7 3625/8
f 3625/8 3626/9 3627/10 3628/11
f 3629/5 3630/6 3631/7 3632/8
f 3632/8 3633/9 3634/10 3635/11
f 3636/5 3637/6 3638/7 3639/8
f 3630/5 3629/6 3632/7 3640/8
f 3641/5 3642/6 3643/7 3644/8
f 3645/5 3646/6 3647/7 3648/8
f 3644/8 3649/9 3650/10 3651/11
f 3652/5 3653/6 3654/7 3655/8
f 3655/8 3656/9 3657/10 3658/11
f 3781/13 3782/11 3783/69 3784/70
f 3781/14 3782/15 3787/7 3786/8
f 3788/1 3789/2 3790/3 3791/4
f 3789/3 3788/4 3791/1 3790/2
f 3792/1 3793/2 3794/3 3795/4
f 3793/3 3792/4 3795/1 3794/2
f 3796/1 3797/2 3798/3 3799/4
f 3797/3 3796/4 3799/1 3798/2
f 3800/1 3801/2 3802/3 3803/4
f 3801/3 3800/4 3803/1 3802/2
f 3804/16 3805/17 3806/18 3807/19
f 3808/8 3814/7 3815/12 3809/11
f 3816/7 3817/8 3818/5 3819/6
f 3820/16 3821/17 3822/18 3823/19
f 3824/16 3825/17 3826/18 3827/19
f 3828/16 3829/17 3830/18 3831/19
f 3832/16 3833/17 3834/18 3835/19
f 3805/16 3836/17 3837/18 3806/19
f 3838/16 3839/17 3840/20 3841/21
f 3842/16 3843/17 3844/18 3845/19
f 3846/16 3847/17 3848/18 3849/19
f 3850/16 3851/17 3852/18 3853/19
f 3854/16 3855/17 3856/20 3857/21
f 3858/16 3859/17 3860/18 3861/19
f 3862/16 3863/17 3864/18 3865/19
f 3866/16 3867/17 3868/18 3869/19
f 3870/1 3871/2 3872/3 3873/4
f 3871/3 3870/4 3873/1 3872/2
f 3874/1 3875/2 3876/3 3877/4
f 3875/3 3874/4 3877/1 3876/2
f 3878/1 3879/2 3880/3 3881/4
f 3879/3 3878/4 3881/1 3880/2
f 3882/1 3883/2 3884/3 3885/4
f 3883/3 3882/4 3885/1 3884/2
f 3833/16 3886/17 3887/18 3834/19
f 3888/8 3889/22 3890/23 3891/11
f 3892/8 3893/22 3894/23 3895/11
f 3896/16 3897/17 3898/18 3899/19
f 3900/16 3901/17 3902/18 3903/19
f 3904/16 3905/17 3906/18 3907/19
f 3908/16 3909/17 3910/18 3911/19
f 3912/16 3913/17 3914/18 3915/19
f 3916/16 3917/17 3918/18 3919/19
f 3920/16 3921/17 3922/18 3923/19
f 3924/16 3925/17 3926/18 3927/19
f 3928/16 3929/17 3930/18 3931/19
f 3932/16 3933/17 3934/18 3935/19
f 3936/16 3937/17 3938/20 3939/21
f 3940/16 3941/17 3942/18 3943/19
f 3944/16 3945/17 3946/18 3947/19
f 3948/16 3949/17 3950/18 3951/19
f 3952/16 3953/17 3954/18 3955/19
f 3855/16 3956/17 3957/20 3856/21
f 3859/16 3958/17 3959/18 3860/19
f 3863/16 3960/17 3961/18 3864/19
f 3867/16 3962/17 3963/18 3868/19
f 3964/5 3965/24 3966/22 3967/8
f 3968/5 3969/24 3970/22 3971/8
f 3972/87 3973/11 3974/5 3975/88
f 3976/13 3977/11 3965/5 3978/6
f 3983/13 3984/11 3969/5 3985/6
f 3990/13 3991/11 3992/5 3993/6
f 3998/13 3999/11 4000/5 4001/6
f 4006/14 4007/15 4008/7 4009/8
f 4010/9 4008/7 4011/12 4012/10
f 4013/67 3783/68 4014/7 4015/8
f 3814/9 4014/7 4016/12 3815/10
f 3817/9 4013/8 4007/5 3818/66
f 4017/67 4018/68 4019/7 3787/8
f 4020/9 4019/7 4021/12 4022/10
f 4023/9 4017/8 4024/5 4025/66
f 4026/67 4027/68 4028/7 4029/8
f 4030/9 4028/7 4031/12 4032/10
f 4033/9 4026/8 4034/5 4035/66
f 4040/54 4041/30 3974/5 4038/6
f 4042/54 4043/30 4044/5 4045/6
f 4061/13 3975/73 4041/74 4058/6
f 4062/13 4063/53 4059/50 4042/6
f 3616/5 3615/6 4072/7 3617/8
f 3619/9 4072/7 4073/12 4074/10
f 3623/5 3622/6 4075/7 3624/8
f 3626/9 4075/7 4076/12 4077/10
f 3639/8 4078/9 4079/10 4080/11
f 4090/5 4091/6 4092/7 4093/8
f 4094/5 4095/6 4096/7 4097/8
f 4104/5 4105/6 4106/7 4107/8
f 4108/5 4109/6 4110/7 4111/8
f 4112/16 4113/17 4114/18 4115/19
f 4116/16 4117/17 4118/18 4119/19
f 4120/16 4121/17 4122/18 4123/19
f 4124/16 4125/17 4126/18 4127/19
f 4128/16 4129/17 4130/18 4131/19
f 4132/16 4133/17 4134/18 4135/19
f 4136/16 4137/17 4138/18 4139/19
f 4140/16 4141/17 4142/18 4143/19
f 4144/16 4145/17 4146/18 4147/19
f 4148/16 4149/17 4150/18 4151/19
f 4152/16 4153/17 4154/20 4155/21
f 4156/16 4157/17 4158/18 4159/19
f 4160/16 4161/17 4162/18 4163/19
f 4164/16 4165/17 4166/18 4167/19
f 4168/16 4169/17 4170/18 4171/19
f 3839/16 4172/17 4173/20 3840/21
f 3843/16 4174/17 4175/18 3844/19
f 3847/16 4176/17 4177/18 3848/19
f 3851/16 4178/17 4179/18 3852/19
f 4180/16 3828/17 3831/18 4181/19
f 3815/8 4016/5 3780/36 3809/7
f 4198/13 4196/11 3780/5 4016/6
f 4199/13 4200/11 4198/5 4196/6
f 4217/9 3527/7 3550/12 4218/10
f 4219/9 3531/7 3560/12 4220/10
f 3536/8 3565/9 4221/10 4222/11
f 3540/8 3572/9 4223/10 4224/11
f 4054/85 4051/11 4227/5 4228/86
f 4229/5 4230/6 3536/7 3535/8
f 4231/5 4232/6 3540/7 3539/8
f 4047/85 4057/11 4233/5 4234/86
f 3890/41 4235/42 4238/12 3891/10
f 4239/39 4240/11 4241/40 4242/41
f 4246/48 4247/50 4248/36 4249/7
f 3990/114 4250/115 4235/5 3977/6
f 4251/66 3976/6 3977/12 4252/10
f 4253/39 4254/11 4255/5 4256/66
f 4257/65 4255/11 4254/5 4243/24
f 4273/54 4274/30 4255/5 4275/6
f 4320/44 4319/45 4318/47 4321/48
f 4322/66 3990/6 3991/12 4323/10
f 4324/39 4274/11 4325/5 4326/66
f 4327/65 4325/11 4274/5 4317/24
f 4328/44 4325/45 4329/46 4330/8
f 4359/5 4360/6 4361/7 4362/8
f 4363/9 4361/7 4364/12 4365/10
f 4360/5 4359/6 4362/7 4361/8
f 4361/8 4363/9 4365/10 4364/11
f 3787/11 4019/5 4366/36 3786/51
f 3977/13 4235/11 4370/5 3965/6
f 4384/71 4370/11 4385/5 4386/72
f 3984/13 4373/11 4374/5 3969/6
f 4381/71 4374/11 4388/5 4389/72
f 3965/5 4391/6 4392/7 3966/8
f 3966/8 4393/9 4252/10 3977/11
f 3969/5 4394/6 4395/7 3970/8
f 3970/8 4396/9 4397/10 3984/11
f 4091/5 4398/6 4399/7 4092/8
f 4400/9 4399/7 4254/12 4253/10
f 4095/5 4401/6 4402/7 4096/8
f 4403/9 4402/7 4404/12 4405/10
f 4241/13 4254/11 4398/5 4384/6
f 4378/13 4404/11 4401/5 4381/6
f 4153/16 4410/17 4411/20 4154/21
f 4157/16 4412/17 4413/18 4158/19
f 4161/16 4414/17 4415/18 4162/19
f 4165/16 4416/17 4417/18 4166/19
f 4169/16 4418/17 4419/18 4170/19
f 3937/16 4420/17 4421/20 3938/21
f 3941/16 4422/17 4423/18 3942/19
f 3945/16 4424/17 4425/18 3946/19
f 3949/16 4426/17 4427/18 3950/19
f 3953/16 4428/17 4429/18 3954/19
f 4430/1 4431/2 4432/3 4433/4
f 4431/3 4430/4 4433/1 4432/2
f 4434/1 4435/2 4436/3 4437/4
f 4435/3 4434/4 4437/1 4436/2
f 4438/1 4439/2 4440/3 4441/4
f 4439/3 4438/4 4441/1 4440/2
f 4442/1 4443/2 4444/3 4445/4
f 4443/3 4442/4 4445/1 4444/2
f 4454/71 4446/11 4455/5 4456/72
f 4458/71 4459/11 4460/5 4461/72
f 4467/1 4468/2 4469/3 4470/4
f 4468/3 4467/4 4470/1 4469/2
f 4471/1 4472/2 4473/3 4474/4
f 4472/3 4471/4 4474/1 4473/2
f 4475/1 4476/2 4477/3 4478/4
f 4476/3 4475/4 4478/1 4477/2
f 4479/1 4480/2 4481/3 4482/4
f 4480/3 4479/4 4482/1 4481/2
f 4483/8 4020/7 4022/12 4484/11
f 4489/7 4023/8 4025/5 4490/6
f 4145/16 4491/17 4492/18 4146/19
f 4149/16 4493/17 4494/18 4150/19
f 3929/16 4495/17 4496/18 3930/19
f 3933/16 4497/17 4498/18 3934/19
f 4499/1 4500/2 4501/3 4502/4
f 4500/3 4499/4 4502/1 4501/2
f 4503/1 4504/2 4505/3 4506/4
f 4504/3 4503/4 4506/1 4505/2
f 4507/1 4508/2 4509/3 4510/4
f 4508/3 4507/4 4510/1 4509/2
f 4511/1 4512/2 4513/3 4514/4
f 4512/3 4511/4 4514/1 4513/2
f 4129/16 4515/17 4516/18 4130/19
f 4133/16 4517/17 4518/18 4134/19
f 3913/16 4519/17 4520/18 3914/19
f 3917/16 4521/17 4522/18 3918/19
f 4391/5 4523/6 4524/7 4392/8
f 4394/5 4525/6 4526/7 4395/8
f 4533/5 4534/6 4535/7 4536/8
f 4450/5 4537/6 4538/7 4539/8
f 4540/16 4120/17 4123/18 4541/19
f 4542/16 4124/17 4127/18 4543/19
f 4544/16 3904/17 3907/18 4545/19
f 4546/16 3908/17 3911/18 4547/19
f 4552/54 4548/30 4551/5 3973/6
f 4553/54 4554/30 4555/5 4556/6
f 3972/87 4559/11 4549/5 4552/88
f 4560/65 4561/11 4554/5 4557/24
f 4570/5 4571/6 4572/7 4573/8
f 4574/9 4572/7 4262/12 4575/10
f 4576/5 4577/6 4578/7 4579/8
f 4580/9 4578/7 4581/12 4582/10
f 4571/5 4570/6 4573/7 4572/8
f 4572/8 4574/9 4575/10 4262/11
f 4577/5 4576/6 4579/7 4578/8
f 4578/8 4580/9 4582/10 4581/11
f 3642/5 3641/6 4583/7 3643/8
f 3649/9 4583/7 4584/12 3650/10
f 4393/8 4613/7 4251/12 4252/11
f 4396/8 4614/7 4615/12 4397/11
f 4616/8 4617/7 4322/12 4323/11
f 4618/8 4619/7 4620/12 4621/11
f 4196/13 4198/11 4018/69 4625/70
f 4196/14 4198/15 4029/7 4627/8
f 4628/16 4152/17 4155/20 4629/21
f 4630/16 4156/17 4159/18 4631/19
f 4632/16 4160/17 4163/18 4633/19
f 4634/16 4164/17 4167/18 4635/19
f 4636/16 4168/17 4171/18 4637/19
f 4638/16 3936/17 3939/20 4639/21
f 4640/16 3940/17 3943/18 4641/19
f 4642/16 3944/17 3947/18 4643/19
f 4644/16 3948/17 3951/18 4645/19
f 4646/16 3952/17 3955/18 4647/19
f 4022/8 4021/5 4624/36 4484/7
f 4656/13 4654/11 4624/5 4021/6
f 4118/1 4657/2 4658/3 4119/4
f 3902/1 4659/2 4660/3 3903/4
f 4126/1 4661/2 4543/3 4127/4
f 3910/1 4662/2 4547/3 3911/4
f 4134/1 4518/2 4663/3 4135/4
f 3918/1 4522/2 4664/3 3919/4
f 4142/1 4665/2 4666/3 4143/4
f 3926/1 4667/2 4668/3 3927/4
f 4150/1 4494/2 4669/3 4151/4
f 3934/1 4498/2 4670/3 3935/4
f 4671/13 4672/97 4389/98 4388/6
f 4673/13 4674/97 4461/98 4460/6
f 3819/83 3818/84 4006/5 4673/6
f 4675/91 4676/92 4674/5 4677/6
f 4029/11 4028/5 4695/36 4627/51
f 4057/13 4056/77 4698/78 4233/6
f 4702/5 4703/6 4704/7 4705/8
f 4706/9 4704/7 4707/12 4708/10
f 4703/5 4702/6 4705/7 4704/8
f 4704/8 4706/9 4708/10 4707/11
f 4113/16 4709/17 4710/18 4114/19
f 4117/16 4711/17 4657/18 4118/19
f 3897/16 4712/17 4713/18 3898/19
f 3901/16 4714/17 4659/18 3902/19
f 4715/16 4136/17 4139/18 4716/19
f 4717/16 4140/17 4143/18 4666/19
f 4718/16 3920/17 3923/18 4719/19
f 4720/16 3924/17 3927/18 4668/19
f 3783/33 4013/5 4721/31 3784/32
f 4050/13 4052/77 4724/78 4725/6
f 4728/5 4729/6 3583/7 4730/8
f 3584/9 3583/7 4731/12 3585/10
f 4732/5 4733/6 3587/7 4734/8
f 3588/9 3587/7 4735/12 3589/10
f 4736/5 4737/6 4738/7 4739/8
f 4739/8 4740/9 4741/10 4742/11
f 4743/5 4744/6 4745/7 4746/8
f 4746/8 4747/9 4748/10 4749/11
f 4056/13 4060/77 4751/78 4698/6
f 4729/5 4728/6 4730/7 3583/8
f 4733/5 4732/6 4734/7 3587/8
f 4737/5 4736/6 4739/7 4738/8
f 4740/9 4739/7 4742/12 4741/10
f 4744/5 4743/6 4746/7 4745/8
f 4747/9 4746/7 4749/12 4748/10
f 4752/1 4753/2 4754/3 4755/4
f 4753/3 4752/4 4755/1 4754/2
f 4756/1 4757/2 4758/3 4759/4
f 4757/3 4756/4 4759/1 4758/2
f 4760/1 4761/2 4762/3 4763/4
f 4761/3 4760/4 4763/1 4762/2
f 4764/1 4765/2 4766/3 4767/4
f 4765/3 4764/4 4767/1 4766/2
f 4768/8 4030/7 4032/12 4769/11
f 4772/7 4033/8 4035/5 4773/6
f 4774/50 4775/6 4776/7 4777/48
f 4250/13 3990/11 3993/5 4774/6
f 4774/13 4778/73 4779/74 4780/6
f 4781/13 3998/11 4001/5 4782/6
f 4534/5 3993/6 4784/7 4535/8
f 4617/9 4784/7 3990/12 4322/10
f 4537/5 4001/6 4009/7 4538/8
f 4619/9 4009/7 3998/12 4620/10
f 4001/13 4785/53 4677/50 4006/6
f 4778/5 4104/6 4107/7 4786/8
f 4786/8 4787/9 4326/10 4325/11
f 4785/5 4108/6 4111/7 4788/8
f 4788/8 4789/9 4790/10 4791/11
f 4325/13 4329/11 4792/5 4778/6
f 4791/13 4793/11 4794/5 4785/6
f 3821/16 4797/17 4798/18 3822/19
f 4799/1 4800/2 4801/3 4802/4
f 4800/3 4799/4 4802/1 4801/2
f 4803/1 4804/2 4805/3 4806/4
f 4804/3 4803/4 4806/1 4805/2
f 4807/1 4808/2 4809/3 4810/4
f 4808/3 4807/4 4810/1 4809/2
f 4811/1 4812/2 4813/3 4814/4
f 4812/3 4811/4 4814/1 4813/2
f 4815/48 4816/7 4320/12 4321/49
f 4709/16 4817/17 4818/18 4710/19
f 4711/16 4819/17 4658/18 4657/19
f 4820/16 4540/17 4541/18 4821/19
f 4822/16 4542/17 4543/18 4661/19
f 4515/16 4823/17 4824/18 4516/19
f 4517/16 4825/17 4663/18 4518/19
f 4826/16 4715/17 4716/18 4827/19
f 4828/16 4717/17 4666/18 4665/19
f 4491/16 4829/17 4830/18 4492/19
f 4493/16 4831/17 4669/18 4494/19
f 4410/16 4628/17 4629/20 4411/21
f 4412/16 4630/17 4631/18 4413/19
f 4414/16 4632/17 4633/18 4415/19
f 4416/16 4634/17 4635/18 4417/19
f 4418/16 4636/17 4637/18 4419/19
f 4832/16 3838/17 3841/20 4833/21
f 4834/16 3842/17 3845/18 4835/19
f 4836/16 3846/17 3849/18 4837/19
f 4838/16 3850/17 3853/18 4839/19
f 4840/1 4841/2 4842/3 4843/4
f 4841/3 4840/4 4843/1 4842/2
f 4844/1 4845/2 4846/3 4847/4
f 4845/3 4844/4 4847/1 4846/2
f 4848/1 4849/2 4850/3 4851/4
f 4849/3 4848/4 4851/1 4850/2
f 4852/1 4853/2 4854/3 4855/4
f 4853/3 4852/4 4855/1 4854/2
f 4856/16 3832/17 3835/18 4857/19
f 4052/85 4054/11 4228/5 4724/86
f 4862/5 4863/6 4864/7 4865/8
f 4866/9 4864/7 4264/12 4867/10
f 4868/5 4869/6 4870/7 4871/8
f 4872/9 4870/7 4873/12 4874/10
f 4863/5 4862/6 4865/7 4864/8
f 4864/8 4866/9 4867/10 4264/11
f 4869/5 4868/6 4871/7 4870/8
f 4870/8 4872/9 4874/10 4873/11
f 3653/5 3652/6 4875/7 3654/8
f 3656/9 4875/7 4876/12 3657/10
f 3829/16 4905/17 4906/18 3830/19
f 4817/16 4112/17 4115/18 4818/19
f 4819/16 4116/17 4119/18 4658/19
f 4907/16 3896/17 3899/18 4908/19
f 4909/16 3900/17 3903/18 4660/19
f 4654/13 4656/11 4027/69 4911/70
f 4410/3 4153/4 4152/1 4628/2
f 4420/3 3937/4 3936/1 4638/2
f 4832/3 4172/4 3839/1 3838/2
f 4912/3 3956/4 3855/1 3854/2
f 4913/16 3824/17 3827/18 4914/19
f 4374/29 3969/30 3968/5 4916/6
f 4711/3 4117/4 4116/1 4819/2
f 4917/5 4918/6 4401/54 4381/30
f 4714/3 3901/4 3900/1 4909/2
f 4822/3 4125/4 4124/1 4542/2
f 4921/3 3909/4 3908/1 4546/2
f 4517/3 4133/4 4132/1 4825/2
f 4521/3 3917/4 3916/1 4922/2
f 4828/3 4141/4 4140/1 4717/2
f 4923/3 3925/4 3924/1 4720/2
f 4493/3 4149/4 4148/1 4831/2
f 4497/3 3933/4 3932/1 4924/2
f 4925/112 4374/50 4926/6 4687/113
f 4927/65 3985/11 3969/5 4401/24
f 4928/118 4380/58 4381/6 4929/113
f 4459/54 4000/30 3985/5 4925/6
f 4453/54 4458/30 4929/5 4927/6
f 4694/13 4782/53 4459/50 4690/6
f 4785/65 4001/11 4000/5 4453/24
f 4794/13 4973/57 4972/58 4458/6
f 4979/13 4978/11 4782/5 4001/6
f 4980/91 4981/92 4785/5 4794/6
f 4490/83 4025/84 4979/5 4978/6
f 5005/13 4384/11 4386/5 5006/6
f 5007/13 4378/11 4389/14 4672/15
f 5009/65 4454/11 4456/5 5010/24
f 4980/65 4458/11 4461/5 4676/24
f 5016/48 5017/7 4239/12 4242/49
f 5018/48 5019/7 5020/12 5021/49
f 5030/5 5031/6 3575/7 5032/8
f 3576/9 3575/7 5033/12 3577/10
f 5034/5 5035/6 3579/7 5036/8
f 3580/9 3579/7 5037/12 3581/10
f 5038/5 5039/6 5040/7 5041/8
f 5041/8 5042/9 5043/10 5044/11
f 5045/5 5046/6 5047/7 5048/8
f 5048/8 5049/9 5050/10 5051/11
f 5031/5 5030/6 5032/7 3575/8
f 5035/5 5034/6 5036/7 3579/8
f 5039/5 5038/6 5041/7 5040/8
f 5042/9 5041/7 5044/12 5043/10
f 5046/5 5045/6 5048/7 5047/8
f 5049/9 5048/7 5051/12 5050/10
f 3836/16 5056/17 5057/18 3837/19
f 4114/1 4710/2 4818/3 4115/4
f 3898/1 4713/2 4908/3 3899/4
f 4122/1 4821/2 4541/3 4123/4
f 3906/1 5059/2 4545/3 3907/4
f 4130/1 4516/2 4824/3 4131/4
f 3914/1 4520/2 5060/3 3915/4
f 4138/1 4827/2 4716/3 4139/4
f 3922/1 5061/2 4719/3 3923/4
f 4146/1 4492/2 4830/3 4147/4
f 3930/1 4496/2 5062/3 3931/4
f 5063/13 5006/97 4386/98 4385/6
f 4798/1 5064/2 3823/3 3822/4
f 5065/1 4914/2 3827/3 3826/4
f 4906/1 4181/2 3831/3 3830/4
f 3887/1 4857/2 3835/3 3834/4
f 5057/1 3807/2 3806/3 3837/4
f 4780/13 5066/97 4456/98 4455/6
f 5067/91 5010/92 5066/5 4779/6
f 4032/8 4031/5 4910/36 4769/7
f 3970/40 5068/42 5069/12 3971/11
f 5070/13 5071/11 5072/40 4402/52
f 5068/93 5073/50 5074/36 5075/51
f 4526/5 5076/6 3970/12 4395/11
f 4096/13 4402/11 5077/5 4097/6
f 5078/120 5079/58 5080/36 5072/51
f 4538/5 4009/6 5081/12 4539/11
f 4110/13 5082/11 4788/5 4111/6
f 4009/11 4008/5 5083/36 5084/51
f 5085/36 4788/45 5086/46 5087/5
f 4018/33 4017/5 3778/31 4625/32
f 4060/85 4047/11 4234/5 4751/86
f 4380/5 4928/6 5079/7 5078/8
f 5092/9 5079/7 5093/12 5094/10
f 4712/16 4907/17 4908/18 4713/19
f 4714/16 4909/17 4660/18 4659/19
f 5095/16 4544/17 4545/18 5059/19
f 4921/16 4546/17 4547/18 4662/19
f 4519/16 5096/17 5060/18 4520/19
f 4521/16 4922/17 4664/18 4522/19
f 5097/16 4718/17 4719/18 5061/19
f 4923/16 4720/17 4668/18 4667/19
f 4495/16 5098/17 5062/18 4496/19
f 4497/16 4924/17 4670/18 4498/19
f 4420/16 4638/17 4639/20 4421/21
f 4422/16 4640/17 4641/18 4423/19
f 4424/16 4642/17 4643/18 4425/19
f 4426/16 4644/17 4645/18 4427/19
f 4428/16 4646/17 4647/18 4429/19
f 4912/16 3854/17 3857/20 5099/21
f 5100/16 3858/17 3861/18 5101/19
f 5102/16 3862/17 3865/18 5103/19
f 5104/16 3866/17 3869/18 5105/19
f 4797/16 5106/17 5064/18 4798/19
f 5107/16 4913/17 4914/18 5065/19
f 4905/16 4180/17 4181/18 4906/19
f 3886/16 4856/17 4857/18 3887/19
f 5056/16 3804/17 3807/18 5057/19
f 4172/16 4832/17 4833/20 4173/21
f 4174/16 4834/17 4835/18 4175/19
f 4176/16 4836/17 4837/18 4177/19
f 4178/16 4838/17 4839/18 4179/19
f 3956/16 4912/17 5099/20 3957/21
f 3958/16 5100/17 5101/18 3959/19
f 3960/16 5102/17 5103/18 3961/19
f 3962/16 5104/17 5105/18 3963/19
f 4978/13 4979/11 4007/5 5111/6
f 5112/5 5113/6 5114/7 5115/8
f 4982/5 5116/6 5085/7 5087/8
f 4978/14 4979/15 4015/7 5117/8
f 4137/16 4826/17 4827/18 4138/19
f 4141/16 4828/17 4665/18 4142/19
f 3921/16 5097/17 5061/18 3922/19
f 3925/16 4923/17 4667/18 3926/19
f 5118/1 5119/2 5120/3 5121/4
f 5119/3 5118/4 5121/1 5120/2
f 5122/1 5123/2 5124/3 5125/4
f 5123/3 5122/4 5125/1 5124/2
f 5126/1 5127/2 5128/3 5129/4
f 5127/3 5126/4 5129/1 5128/2
f 5130/1 5131/2 5132/3 5133/4
f 5131/3 5130/4 5133/1 5132/2
f 4823/16 4128/17 4131/18 4824/19
f 4825/16 4132/17 4135/18 4663/19
f 5096/16 3912/17 3915/18 5060/19
f 4922/16 3916/17 3919/18 4664/19
f 5134/1 5135/2 5136/3 5137/4
f 5135/3 5134/4 5137/1 5136/2
f 5138/1 5139/2 5140/3 5141/4
f 5139/3 5138/4 5141/1 5140/2
f 5142/1 5143/2 5144/3 5145/4
f 5143/3 5142/4 5145/1 5144/2
f 5146/1 5147/2 5148/3 5149/4
f 5147/3 5146/4 5149/1 5148/2
f 5150/8 4010/7 4012/12 5151/11
f 5152/8 5153/7 4328/12 4330/11
f 5154/8 5155/7 5156/12 5157/11
f 4051/13 4050/77 4725/78 4227/6
f 5162/9 3632/7 5163/12 3634/10
f 4235/13 4247/11 5063/14 4385/15
f 4373/13 5167/11 4671/14 4388/15
f 4318/13 4250/11 4780/14 4455/15
f 4459/13 4978/25 5111/26 4460/6
f 3784/67 4721/68 5117/7 5169/8
f 5169/8 3808/9 3809/10 3780/11
f 4721/7 3816/9 3819/66 5111/6
f 4625/67 3778/68 3786/7 4366/8
f 4366/8 4483/9 4484/10 4624/11
f 3778/7 4489/9 4490/66 5170/6
f 4911/67 4622/68 4627/7 4695/8
f 4695/8 4768/9 4769/10 4910/11
f 4622/7 4772/9 4773/66 5171/6
f 5172/13 5173/77 4228/78 4227/6
f 5174/13 5175/77 4234/78 4233/6
f 5176/13 5177/11 5178/5 5172/6
f 5179/13 5181/11 5173/5 5180/6
f 5182/13 5183/11 5184/5 5174/6
f 5185/13 5187/11 5175/5 5186/6
f 4725/13 4724/77 5181/78 5176/6
f 4698/13 4751/77 5187/78 5182/6
f 5106/16 3820/17 3823/18 5064/19
f 4121/16 4820/17 4821/18 4122/19
f 4125/16 4822/17 4661/18 4126/19
f 3905/16 5095/17 5059/18 3906/19
f 3909/16 4921/17 4662/18 3910/19
f 4829/16 4144/17 4147/18 4830/19
f 4831/16 4148/17 4151/18 4669/19
f 5098/16 3928/17 3931/18 5062/19
f 4924/16 3932/17 3935/18 4670/19
f 3825/16 5107/17 5065/18 3826/19
f 4398/50 5189/6 5190/7 4399/48
f 4401/50 4918/6 5070/7 4402/48
f 4555/13 4561/73 4062/74 4045/6
f 4254/13 4255/11 5191/5 4398/6
f 4404/13 5192/11 4927/5 4401/6
f 4274/13 4325/11 4778/5 4448/6
f 4452/13 4791/11 4785/5 4453/6
f 5194/14 4779/15 4786/7 5114/8
f 5153/9 4786/7 4325/12 4328/10
f 5195/14 4677/15 4788/7 5085/8
f 5155/9 4788/7 4791/12 5156/10
f 5113/13 5196/77 5067/78 5194/6
f 5116/13 4981/77 4675/78 5195/6
f 5197/9 3647/7 5198/12 5199/10
f 3894/41 4373/42 5166/12 3895/10
f 5020/39 5200/11 4378/40 5021/41
f 5201/48 5167/50 5202/36 5203/7
f 3999/89 5204/90 4373/5 3984/6
f 4615/66 3983/6 3984/12 4397/10
f 4405/39 4404/11 5192/5 5205/66
f 5206/89 4452/90 4404/5 4378/6
f 5094/63 5093/58 5007/36 5207/7
f 3998/87 4691/11 4689/5 3999/88
f 4620/66 3998/6 3999/12 4621/10
f 5250/39 4452/11 4791/5 4790/66
f 5251/65 4791/11 4452/5 5249/24
f 4012/8 4011/5 5110/36 5151/7
f 5156/44 4791/45 4793/46 5157/8
f 3782/13 3781/11 5110/5 4011/6
f 4773/83 4035/84 3782/5 3781/6
f 5273/8 4400/7 4253/12 4256/11
f 5274/8 4403/7 4405/12 5205/11
f 4787/8 5275/7 4324/12 4326/11
f 4789/8 5276/7 5250/12 4790/11
f 3966/40 5277/42 5278/12 3967/11
f 5190/13 5279/11 5280/40 4399/52
f 5277/93 5281/50 5282/36 5283/51
f 4524/5 5284/6 3966/12 4392/11
f 4092/13 4399/11 5285/5 4093/6
f 4776/36 5286/45 5287/47 4777/50
f 4535/5 4784/6 5288/12 4536/11
f 4106/13 5289/11 4786/5 4107/6
f 5114/36 4786/45 5290/46 5115/5
f 5299/9 3546/7 5300/12 5301/10
f 5302/9 3556/7 5303/12 5304/10
f 5305/5 5306/6 5307/7 3561/8
f 5308/5 5309/6 5310/7 3568/8
f 3546/8 5299/9 5301/10 5300/11
f 3556/8 5302/9 5304/10 5303/11
f 5306/5 5305/6 3561/7 5307/8
f 5309/5 5308/6 3568/7 5310/8
f 5315/8 5316/22 4246/23 4249/11
f 5317/8 5318/22 5201/23 5203/11
f 5319/8 5092/105 5094/121 5207/11
f 4015/11 4014/5 5169/36 5117/51
f 4027/33 4026/5 4622/31 4911/32
f 4559/13 3972/73 3975/74 4061/6
f 5321/13 5005/97 5006/98 5063/6
f 4925/13 4929/97 4672/98 4671/6
f 4561/13 4560/53 4063/50 4062/6
f 5332/5 4944/6 5333/7 5334/8
f 5335/9 5333/7 5221/12 5336/10
f 4944/5 5332/6 5334/7 5333/8
f 5333/8 5335/9 5336/10 5221/11
f 4370/29 3965/30 3964/5 5337/6
f 4709/3 4113/4 4112/1 4817/2
f 5338/5 5189/6 4398/54 4384/30
f 4712/3 3897/4 3896/1 4907/2
f 4820/3 4121/4 4120/1 4540/2
f 5095/3 3905/4 3904/1 4544/2
f 4515/3 4129/4 4128/1 4823/2
f 4519/3 3913/4 3912/1 5096/2
f 4826/3 4137/4 4136/1 4715/2
f 5097/3 3921/4 3920/1 4718/2
f 4491/3 4145/4 4144/1 4829/2
f 4495/3 3929/4 3928/1 5098/2
f 5321/112 4370/50 5341/6 4683/113
f 5191/65 3978/11 3965/5 4398/24
f 5005/13 5342/57 5339/58 4384/6
f 4446/54 3992/30 3978/5 5321/6
f 4448/54 4454/30 5005/5 5191/6
f 4447/31 4775/32 4774/56 4446/50
f 5106/3 4797/4 3821/1 3820/2
f 4913/3 5107/4 3825/1 3824/2
f 4180/3 4905/4 3829/1 3828/2
f 4856/3 3886/4 3833/1 3832/2
f 3804/3 5056/4 3836/1 3805/2
f 4778/65 3993/11 3992/5 4448/24
f 4792/13 5393/57 5392/58 4454/6
f 5009/91 5196/92 4778/5 4792/6
f 5410/8 5411/7 5412/12 5413/11
f 5414/7 5415/8 5416/5 5417/6
f 5424/8 5418/7 5419/12 5425/11
f 5426/7 5427/8 5428/5 5429/6
f 5430/1 5431/2 5432/3 5433/4
f 5431/3 5430/4 5433/1 5432/2
f 5434/1 5435/2 5436/3 5437/4
f 5435/3 5434/4 5437/1 5436/2
f 5438/1 5439/2 5440/3 5441/4
f 5439/3 5438/4 5441/1 5440/2
f 5442/1 5443/2 5444/3 5445/4
f 5443/3 5442/4 5445/1 5444/2
f 5446/1 5447/2 5448/3 5449/4
f 5447/3 5446/4 5449/1 5448/2
f 5450/1 5451/2 5452/3 5453/4
f 5451/3 5450/4 5453/1 5452/2
f 5454/1 5455/2 5456/3 5457/4
f 5455/3 5454/4 5457/1 5456/2
f 5458/1 5459/2 5460/3 5461/4
f 5459/3 5458/4 5461/1 5460/2
f 5462/1 5463/2 5464/3 5465/4
f 5463/3 5462/4 5465/1 5464/2
f 5466/1 5467/2 5468/3 5469/4
f 5467/3 5466/4 5469/1 5468/2
f 5470/1 5471/2 5472/3 5473/4
f 5471/3 5470/4 5473/1 5472/2
f 5474/1 5475/2 5476/3 5477/4
f 5475/3 5474/4 5477/1 5476/2
f 5478/5 5479/6 5480/7 5481/8
f 5482/5 5483/6 5484/7 5485/8
f 5490/5 5491/6 5492/7 5493/8
f 5540/16 5541/17 5542/18 5543/19
f 5544/16 5545/17 5546/18 5547/19
f 5548/16 5549/17 5550/18 5551/19
f 5552/16 5553/17 5554/18 5555/19
f 5556/67 5557/68 5558/7 5559/8
f 5559/8 5560/9 5561/10 5562/11
f 5557/7 5563/9 5564/66 5565/6
f 5566/67 5567/68 5568/7 5569/8
f 5569/8 5424/9 5425/10 5570/11
f 5567/7 5426/9 5429/66 5571/6
f 5571/14 5572/15 5573/7 5574/8
f 5574/8 5575/9 5576/10 5577/11
f 5578/13 5579/11 5580/14 5581/15
f 5586/13 5587/11 5572/14 5588/15
f 5593/71 5594/11 5595/5 5596/72
f 5597/5 5598/24 5599/22 5600/8
f 5601/65 5586/11 5602/5 5603/24
f 5604/13 5605/11 5606/14 5607/15
f 5612/13 5601/11 5613/14 5614/15
f 5619/13 5620/25 5621/26 5622/6
f 5623/13 5624/97 5595/98 5625/6
f 5627/54 5629/30 5620/5 5628/6
f 5630/54 5631/30 5632/5 5623/6
f 5636/54 5637/30 5624/5 5635/6
f 5644/13 5645/25 5629/26 5626/6
f 5646/13 5596/97 5637/98 5630/6
f 5647/8 5648/22 5649/23 5650/11
f 5651/16 5652/17 5653/18 5654/19
f 5655/16 5656/17 5657/18 5658/19
f 5678/5 5679/6 5680/7 5681/8
f 5682/9 5680/7 5683/12 5684/10
f 5679/5 5678/6 5681/7 5680/8
f 5680/8 5682/9 5684/10 5683/11
f 5693/5 5694/6 5695/7 5696/8
f 5696/8 5697/9 5698/10 5699/11
f 5694/5 5693/6 5696/7 5695/8
f 5697/9 5696/7 5699/12 5698/10
f 5700/14 5701/15 5702/7 5703/8
f 5707/14 5708/15 5706/7 5568/8
f 5709/5 5710/6 5711/7 5712/8
f 5713/5 5714/6 5715/7 5716/8
f 5700/13 5701/11 5717/5 5718/6
f 5707/13 5708/11 5724/5 5571/6
f 5725/8 5726/7 5727/12 5728/11
f 5729/7 5730/8 5731/5 5732/6
f 5733/8 5739/7 5740/12 5734/11
f 5741/7 5742/8 5743/5 5744/6
f 5757/5 5758/6 5759/7 5760/8
f 5761/9 5759/7 5762/12 5763/10
f 5758/5 5757/6 5760/7 5759/8
f 5759/8 5761/9 5763/10 5762/11
f 5764/16 5765/17 5766/18 5767/19
f 5768/16 5769/17 5770/18 5771/19
f 5772/16 5773/17 5774/18 5775/19
f 5776/48 5777/7 5778/12 5779/49
f 5780/13 5781/11 5782/5 5783/6
f 5570/13 5784/11 5785/5 5786/6
f 5412/44 5781/45 5780/46 5413/8
f 5419/44 5784/45 5570/46 5425/8
f 5807/8 5808/5 5809/36 5810/7
f 5814/8 5815/5 5816/36 5811/7
f 5813/13 5817/11 5809/5 5808/6
f 5818/13 5812/11 5816/5 5815/6
f 5819/83 5820/84 5813/5 5817/6
f 5821/83 5822/84 5818/5 5812/6
f 5823/16 5824/17 5825/18 5826/19
f 5827/16 5828/17 5829/18 5830/19
f 5831/16 5832/17 5833/18 5834/19
f 5710/34 5855/11 5856/5 5857/35
f 5714/34 5858/11 5859/5 5860/35
f 5857/14 5861/15 5862/7 5711/8
f 5863/9 5862/7 5864/12 5865/10
f 5860/14 5866/15 5867/7 5715/8
f 5868/9 5867/7 5869/12 5870/10
f 5871/13 5864/11 5872/5 5873/6
f 5876/13 5869/11 5877/5 5878/6
f 5881/71 5882/11 5621/5 5645/72
f 5883/13 5884/11 5885/5 5886/6
f 5889/34 5890/11 5891/5 5892/35
f 5898/67 5899/68 5900/7 5901/8
f 5902/9 5900/7 5808/12 5807/10
f 5903/9 5898/8 5892/5 5904/66
f 5906/67 5907/68 5908/7 5909/8
f 5910/9 5908/7 5911/12 5912/10
f 5913/9 5906/8 5914/5 5915/66
f 5916/67 5917/68 5918/7 5919/8
f 5726/9 5918/7 5920/12 5727/10
f 5730/9 5916/8 5921/5 5731/66
f 5923/67 5924/68 5925/7 5926/8
f 5927/9 5925/7 5928/12 5929/10
f 5930/9 5923/8 5931/5 5820/66
f 5933/13 5928/11 5934/69 5935/70
f 5936/9 5934/8 5937/5 5938/66
f 5944/16 5945/17 5946/18 5947/19
f 5948/16 5949/17 5950/18 5951/19
f 5952/16 5953/17 5954/18 5955/19
f 5956/16 5957/17 5958/20 5959/21
f 5960/16 5961/17 5962/18 5963/19
f 5964/16 5965/17 5966/18 5967/19
f 5968/16 5969/17 5970/18 5971/19
f 5972/16 5973/17 5974/18 5975/19
f 5976/16 5977/17 5978/20 5979/21
f 5980/16 5981/17 5982/18 5983/19
f 5984/16 5985/17 5986/18 5987/19
f 5988/16 5989/17 5990/18 5991/19
f 5992/16 5993/17 5994/18 5995/19
f 5996/16 5764/17 5767/18 5997/19
f 5998/16 5999/17 6000/18 6001/19
f 5945/16 6002/17 6003/18 5946/19
f 6004/16 6005/17 6006/18 6007/19
f 5824/16 6008/17 6009/18 5825/19
f 6010/16 6011/17 6012/20 6013/21
f 6014/16 6015/17 6016/18 6017/19
f 6018/16 6019/17 6020/18 6021/19
f 6022/16 6023/17 6024/18 6025/19
f 6026/16 6027/17 6028/18 6029/19
f 5865/8 5864/5 6034/36 6036/7
f 5871/34 6037/11 6035/5 5864/35
f 6038/66 5871/6 5864/12 6039/10
f 6040/39 6041/11 6042/5 6043/66
f 6044/114 6045/115 6041/5 6046/6
f 6047/48 6048/50 6049/36 6050/7
f 5578/13 6048/11 6051/5 5579/6
f 5884/54 6055/30 6054/5 5871/6
f 5649/41 6073/42 6048/12 5650/10
f 5883/34 6102/11 6097/5 5884/35
f 6103/66 5883/6 5884/12 6104/10
f 6105/39 6092/11 6045/5 6106/66
f 5778/44 6098/45 6073/47 5779/48
f 5604/13 6107/11 6073/5 5605/6
f 6117/36 6118/45 6119/46 6120/5
f 6122/36 6121/45 5559/46 5558/5
f 5909/11 5908/5 6123/36 6124/51
f 6127/11 6128/5 6126/36 6125/51
f 5924/33 5923/5 6130/31 6131/32
f 6132/33 6133/5 6129/31 6134/32
f 6135/13 5922/11 5917/69 6136/70
f 6138/13 6139/11 6140/69 6141/70
f 6135/14 5922/15 5926/7 6142/8
f 6138/14 6139/15 6144/7 6143/8
f 6145/16 6146/17 6147/18 6148/19
f 6149/16 6150/17 6151/18 6152/19
f 6153/13 5881/25 5645/26 5644/6
f 6110/13 5883/11 5886/5 6154/6
f 6154/13 6155/97 6156/98 6157/6
f 6159/13 5895/11 5897/5 6160/6
f 6162/5 5886/6 6163/7 6164/8
f 6165/9 6163/7 5883/12 6103/10
f 6166/5 5490/6 5493/7 6167/8
f 6167/8 6168/9 6106/10 6045/11
f 6045/13 6044/11 6155/5 6166/6
f 6171/13 5612/97 6172/98 6173/6
f 6176/13 5593/97 5596/98 5646/6
f 6177/50 6155/6 6178/7 6179/48
f 6107/13 5604/11 5607/14 6180/15
f 6182/13 6172/11 5614/5 6183/6
f 6185/8 5863/7 5865/12 6036/11
f 6186/8 5868/7 5870/12 6187/11
f 6188/8 6189/7 6190/12 6191/11
f 5575/8 6192/7 6193/12 5576/11
f 6194/1 6195/2 6196/3 6197/4
f 6195/3 6194/4 6197/1 6196/2
f 6198/1 6199/2 6200/3 6201/4
f 6199/3 6198/4 6201/1 6200/2
f 6202/1 6203/2 6204/3 6205/4
f 6203/3 6202/4 6205/1 6204/2
f 6206/1 6207/2 6208/3 6209/4
f 6207/3 6206/4 6209/1 6208/2
f 6210/1 6211/2 6212/3 6213/4
f 6211/3 6210/4 6213/1 6212/2
f 6214/1 6215/2 6216/3 6217/4
f 6215/3 6214/4 6217/1 6216/2
f 6218/16 5998/17 6001/18 6219/19
f 6220/16 6221/17 6222/18 6223/19
f 6224/16 6225/17 6226/18 6227/19
f 6228/1 6229/2 6230/3 6231/4
f 6229/3 6228/4 6231/1 6230/2
f 6232/1 6233/2 6234/3 6235/4
f 6233/3 6232/4 6235/1 6234/2
f 6236/1 6237/2 6238/3 6239/4
f 6237/3 6236/4 6239/1 6238/2
f 6240/1 6241/2 6242/3 6243/4
f 6241/3 6240/4 6243/1 6242/2
f 6244/1 6245/2 6246/3 6247/4
f 6245/3 6244/4 6247/1 6246/2
f 6248/1 6249/2 6250/3 6251/4
f 6249/3 6248/4 6251/1 6250/2
f 6252/16 6253/17 6254/18 6255/19
f 6256/16 6257/17 6258/18 6259/19
f 6306/1 6307/2 6308/3 6309/4
f 6307/3 6306/4 6309/1 6308/2
f 6310/1 6311/2 6312/3 6313/4
f 6311/3 6310/4 6313/1 6312/2
f 6314/1 6315/2 6316/3 6317/4
f 6315/3 6314/4 6317/1 6316/2
f 6318/1 6319/2 6320/3 6321/4
f 6319/3 6318/4 6321/1 6320/2
f 6322/1 6323/2 6324/3 6325/4
f 6323/3 6322/4 6325/1 6324/2
f 6326/1 6327/2 6328/3 6329/4
f 6327/3 6326/4 6329/1 6328/2
f 6330/16 5956/17 5959/20 6331/21
f 6332/16 5960/17 5963/18 6333/19
f 6334/16 5964/17 5967/18 6335/19
f 6336/16 5968/17 5971/18 6337/19
f 6338/16 5972/17 5975/18 6339/19
f 6340/16 6341/17 6342/20 6343/21
f 6344/16 6345/17 6346/18 6347/19
f 6348/16 6349/17 6350/18 6351/19
f 6352/16 6353/17 6354/18 6355/19
f 6356/16 6357/17 6358/18 6359/19
f 6005/16 6360/17 6361/18 6006/19
f 6362/16 6363/17 6364/18 6365/19
f 6366/16 6367/17 6368/18 6369/19
f 5999/16 6370/17 6371/18 6000/19
f 6372/16 6373/17 6374/18 6375/19
f 6376/16 6377/17 6378/18 6379/19
f 6383/67 6384/68 6121/7 6122/8
f 6380/9 6121/7 6382/12 6381/10
f 6385/9 6383/8 6386/5 6387/66
f 6390/67 6391/68 6389/7 5706/8
f 5418/9 6389/7 5784/12 5419/10
f 5427/9 6390/8 5724/5 5428/66
f 5708/13 6394/25 6395/26 5724/6
f 6051/13 6048/11 6396/14 6397/15
f 6073/13 6107/11 6180/14 6409/15
f 6411/13 6182/11 6183/5 6412/6
f 6432/5 6433/6 6434/7 6435/8
f 6436/9 6434/7 6067/12 6437/10
f 6433/5 6432/6 6435/7 6434/8
f 6434/8 6436/9 6437/10 6067/11
f 5640/13 5639/77 6441/78 6442/6
f 6446/5 6447/6 6448/7 6449/8
f 6449/8 6450/9 6451/10 6452/11
f 6447/5 6446/6 6449/7 6448/8
f 6450/9 6449/7 6452/12 6451/10
f 6453/34 6454/11 6455/5 5882/35
f 6456/71 6457/11 6458/5 5594/72
f 6462/54 6459/30 6461/5 6453/6
f 6463/54 6464/30 6457/5 6465/6
f 6468/54 6466/30 6467/5 6456/6
f 5881/34 6153/11 6460/5 6462/35
f 5593/71 6176/11 6464/5 6468/72
f 5882/34 6455/11 5622/5 5621/35
f 5864/13 6034/11 6469/5 5872/6
f 5869/13 6471/11 6472/5 5877/6
f 5872/5 6474/6 6475/7 5862/8
f 5862/8 6476/9 6039/10 5864/11
f 6477/87 5872/11 5861/5 6478/88
f 5877/5 6479/6 6480/7 5867/8
f 5867/8 6481/9 6482/10 5869/11
f 6483/65 5877/11 5866/5 6484/24
f 5479/5 6485/6 6486/7 5480/8
f 6487/9 6486/7 6041/12 6040/10
f 5483/5 6483/6 6488/7 5484/8
f 6489/9 6488/7 6490/12 6491/10
f 6046/13 6041/11 6485/5 6477/6
f 6494/13 6490/11 6483/5 6495/6
f 5594/71 6458/11 5625/5 5595/72
f 6477/5 6498/24 6499/22 6500/8
f 5579/13 6051/11 6397/14 5580/15
f 5587/13 6392/11 6393/5 6501/6
f 6502/8 6503/7 6504/12 6505/11
f 6506/8 6507/7 6508/12 6509/11
f 6522/5 6406/6 6523/7 6524/8
f 6525/9 6523/7 6087/12 6526/10
f 6406/5 6522/6 6524/7 6523/8
f 6523/8 6525/9 6526/10 6087/11
f 6527/16 6528/17 6529/18 6530/19
f 6531/16 6532/17 6533/18 6534/19
f 6535/16 5976/17 5979/20 6536/21
f 6537/16 5980/17 5983/18 6538/19
f 6539/16 5984/17 5987/18 6540/19
f 6541/16 5988/17 5991/18 6542/19
f 6543/16 5992/17 5995/18 6544/19
f 6545/16 6546/17 6547/20 6548/21
f 6549/16 6550/17 6551/18 6552/19
f 6553/16 6554/17 6555/18 6556/19
f 6557/16 6558/17 6559/18 6560/19
f 6561/16 6562/17 6563/18 6564/19
f 6565/44 6566/45 6567/46 6568/8
f 6381/44 6382/45 5562/46 5561/8
f 5912/8 5911/5 6575/36 6576/7
f 6578/8 6579/5 6580/36 6577/7
f 5922/13 6135/11 6575/5 5911/6
f 6139/13 6138/11 6580/5 6579/6
f 6583/83 5938/84 5922/5 6135/6
f 6584/83 6585/84 6139/5 6138/6
f 6586/75 5866/76 5859/5 6587/6
f 5416/123 6484/124 6588/28 5417/8
f 5428/123 6395/125 5588/76 5429/8
f 6589/13 6590/97 6588/98 6586/6
f 6591/1 6592/2 5547/3 5546/4
f 6593/1 6594/2 5555/3 5554/4
f 5658/1 5657/2 6534/3 6533/4
f 6595/1 6596/2 6597/3 6598/4
f 6152/1 6151/2 6259/3 6258/4
f 6599/102 5904/103 5891/5 6600/6
f 6601/102 6602/103 6603/5 6604/6
f 6605/1 5775/2 5774/3 6606/4
f 6226/1 6379/2 6378/3 6227/4
f 5954/1 6607/2 6608/3 5955/4
f 6609/1 6369/2 6368/3 6610/4
f 5833/1 6611/2 6612/3 5834/4
f 6183/13 5614/11 5613/5 6412/6
f 6011/16 6613/17 6614/20 6012/21
f 6015/16 6615/17 6616/18 6016/19
f 6019/16 6617/17 6618/18 6020/19
f 6023/16 6619/17 6620/18 6024/19
f 6027/16 6621/17 6622/18 6028/19
f 6623/16 5540/17 5543/18 6624/19
f 6625/16 5544/17 5547/18 6592/19
f 6626/16 5548/17 5551/18 6627/19
f 6628/16 5552/17 5555/18 6594/19
f 5652/16 6527/17 6530/18 5653/19
f 5656/16 6531/17 6534/18 5657/19
f 6629/16 6630/17 6631/18 6632/19
f 6633/16 6634/17 6597/18 6596/19
f 6146/16 6252/17 6255/18 6147/19
f 6150/16 6256/17 6259/18 6151/19
f 6635/16 6636/17 6637/20 6638/21
f 6639/16 6640/17 6641/18 6642/19
f 6643/16 6644/17 6645/18 6646/19
f 6647/16 6648/17 6649/18 6650/19
f 6651/16 6652/17 6653/18 6654/19
f 6655/13 6661/57 6662/58 6663/6
f 6659/13 6664/57 6589/58 6587/6
f 6668/13 6154/11 6157/5 6669/6
f 6670/13 6671/25 6672/26 6600/6
f 6677/5 6675/6 6678/7 6679/8
f 6679/8 6680/9 5810/10 5809/11
f 6671/13 6681/11 6682/8 6683/7
f 6683/7 6684/9 6599/66 6672/6
f 6688/14 6677/15 6124/7 6123/8
f 6123/8 6689/9 6576/10 6575/11
f 6136/67 6690/68 6691/7 6692/8
f 6692/8 5725/9 5728/10 6693/11
f 6690/7 5729/9 5732/66 6688/6
f 6131/67 6130/68 6142/7 6694/8
f 6694/8 6695/9 6696/10 6697/11
f 6130/7 6698/9 5819/66 6699/6
f 6697/13 6685/11 6700/69 6701/70
f 6701/7 6702/9 6583/66 6703/6
f 5919/11 5918/5 6692/36 6691/51
f 6706/11 6707/5 6705/36 6704/51
f 5935/33 5934/5 6701/31 6700/32
f 6709/33 6710/5 6708/31 6711/32
f 6712/6 6713/113 6714/33 6715/5
f 6391/6 6390/113 5567/33 5566/5
f 5899/33 5898/5 6683/31 6682/32
f 6716/33 6717/5 6718/31 6719/32
f 6671/13 5889/11 5892/5 6672/6
f 6726/13 6727/11 6728/5 6729/6
f 6671/14 5889/15 5901/7 6678/8
f 6726/14 6727/15 6731/7 6730/8
f 6732/1 6733/2 6734/3 6735/4
f 6733/3 6732/4 6735/1 6734/2
f 6736/1 6737/2 6738/3 6739/4
f 6737/3 6736/4 6739/1 6738/2
f 6740/1 6741/2 6742/3 6743/4
f 6741/3 6740/4 6743/1 6742/2
f 6744/1 6745/2 6746/3 6747/4
f 6745/3 6744/4 6747/1 6746/2
f 6748/1 6749/2 6750/3 6751/4
f 6749/3 6748/4 6751/1 6750/2
f 6752/1 6753/2 6754/3 6755/4
f 6753/3 6752/4 6755/1 6754/2
f 6756/16 6626/17 6627/18 6757/19
f 6758/16 6628/17 6594/18 6593/19
f 6759/1 6760/2 6761/3 6762/4
f 6760/3 6759/4 6762/1 6761/2
f 6763/1 6764/2 6765/3 6766/4
f 6764/3 6763/4 6766/1 6765/2
f 6767/1 6768/2 6769/3 6770/4
f 6768/3 6767/4 6770/1 6769/2
f 6771/1 6772/2 6773/3 6774/4
f 6772/3 6771/4 6774/1 6773/2
f 6775/1 6776/2 6777/3 6778/4
f 6776/3 6775/4 6778/1 6777/2
f 6779/1 6780/2 6781/3 6782/4
f 6780/3 6779/4 6782/1 6781/2
f 6783/13 5932/11 5924/69 6131/70
f 6785/13 6786/11 6132/69 6134/70
f 5928/13 6697/11 6783/5 5932/6
f 6788/13 6784/11 6785/5 6786/6
f 6695/8 5927/7 5929/12 6696/11
f 6698/7 5930/8 5820/5 5819/6
f 6789/8 6793/7 6794/12 6790/11
f 6795/7 6796/8 5822/5 5821/6
f 6797/1 6798/2 6799/3 6800/4
f 6798/3 6797/4 6800/1 6799/2
f 6801/1 6802/2 6803/3 6804/4
f 6802/3 6801/4 6804/1 6803/2
f 6805/1 6806/2 6807/3 6808/4
f 6806/3 6805/4 6808/1 6807/2
f 6809/1 6810/2 6811/3 6812/4
f 6810/3 6809/4 6812/1 6811/2
f 6813/1 6814/2 6815/3 6816/4
f 6814/3 6813/4 6816/1 6815/2
f 6817/1 6818/2 6819/3 6820/4
f 6818/3 6817/4 6820/1 6819/2
f 6840/5 6841/6 6842/7 6843/8
f 6844/9 6842/7 6071/12 6845/10
f 6841/5 6840/6 6843/7 6842/8
f 6842/8 6844/9 6845/10 6071/11
f 5641/85 5643/11 6849/5 6850/86
f 6854/5 6855/6 6856/7 6857/8
f 6857/8 6858/9 6859/10 6860/11
f 6855/5 6854/6 6857/7 6856/8
f 6858/9 6857/7 6860/12 6859/10
f 6861/67 6862/68 6120/7 6119/8
f 6119/8 6863/9 6568/10 6567/11
f 6862/7 6864/9 6865/66 6866/6
f 6715/67 6714/68 5703/7 6867/8
f 6867/8 5410/9 5413/10 5780/11
f 6714/7 5414/9 5417/66 5718/6
f 6869/34 5700/11 5718/5 6590/35
f 6049/13 6046/11 6478/14 6870/15
f 6044/13 6098/11 6874/14 6156/15
f 6875/13 6876/11 6603/5 6877/6
f 6877/14 6728/15 6879/7 6880/8
f 6507/9 6879/7 6881/12 6508/10
f 6717/67 6716/68 6882/7 6731/8
f 6883/9 6882/7 5815/12 5814/10
f 6884/9 6717/8 6728/5 6602/66
f 6885/67 6886/68 6128/7 6127/8
f 6887/9 6128/7 6579/12 6578/10
f 6888/9 6885/8 6889/5 6890/66
f 6891/67 6140/68 6707/7 6706/8
f 5739/9 6707/7 6892/12 5740/10
f 5742/9 6891/8 6893/5 5743/66
f 6133/67 6132/68 6894/7 6144/8
f 6793/9 6894/7 6788/12 6794/10
f 6796/9 6133/8 6895/5 5822/66
f 6896/13 6788/11 6710/69 6709/70
f 6897/9 6710/8 6898/5 6585/66
f 6899/16 6010/17 6013/20 6900/21
f 6901/16 6014/17 6017/18 6902/19
f 6903/16 6018/17 6021/18 6904/19
f 6905/16 6022/17 6025/18 6906/19
f 6907/16 6026/17 6029/18 6908/19
f 5541/16 6909/17 6910/18 5542/19
f 5545/16 6911/17 6591/18 5546/19
f 5549/16 6756/17 6757/18 5550/19
f 5553/16 6758/17 6593/18 5554/19
f 6528/16 5651/17 5654/18 6529/19
f 6532/16 5655/17 5658/18 6533/19
f 6912/16 6913/17 6914/18 6915/19
f 6916/16 6917/17 6595/18 6598/19
f 6253/16 6145/17 6148/18 6254/19
f 6257/16 6149/17 6152/18 6258/19
f 6918/16 6919/17 6920/20 6921/21
f 6922/16 6923/17 6924/18 6925/19
f 6926/16 6927/17 6928/18 6929/19
f 6930/16 6931/17 6932/18 6933/19
f 6934/16 6935/17 6936/18 6937/19
f 6661/13 6938/97 6870/98 6662/6
f 6664/13 6869/97 6590/98 6589/6
f 6048/13 5578/11 5581/14 6396/15
f 6394/13 5602/11 5588/5 6395/6
f 6947/8 6948/22 6047/23 6050/11
f 5783/13 5782/11 6949/69 6861/70
f 5786/13 5785/11 6384/69 5556/70
f 5639/13 5641/77 6850/78 6441/6
f 6958/5 6407/6 6959/7 6960/8
f 6961/9 6959/7 6096/12 6962/10
f 6407/5 6958/6 6960/7 6959/8
f 6959/8 6961/9 6962/10 6096/11
f 6680/8 5902/7 5807/12 5810/11
f 6684/7 5903/8 5904/5 6599/6
f 6965/8 6883/7 5814/12 5811/11
f 6970/7 6884/8 6602/5 6601/6
f 5957/3 5956/4 6330/1 6971/2
f 5977/3 5976/4 6535/1 6972/2
f 6011/3 6010/4 6899/1 6613/2
f 6973/3 6341/4 6340/1 6974/2
f 6975/3 6546/4 6545/1 6976/2
f 6635/3 6919/4 6918/1 6636/2
f 5877/75 6472/76 6659/5 5858/6
f 6979/123 5701/124 5700/28 6865/8
f 6387/123 5708/124 5707/28 5564/8
f 6495/13 6483/11 5701/5 5700/6
f 6501/13 6393/11 5708/5 5707/6
f 6984/13 6664/11 6472/5 6980/6
f 6943/65 5878/11 5877/5 6483/24
f 6869/13 6394/53 6393/50 6495/6
f 6670/54 5890/30 5878/5 6664/6
f 6989/54 6876/30 6869/5 6943/6
f 6411/54 5603/30 5602/5 6394/6
f 7021/13 6160/11 6670/5 7015/6
f 5897/13 6173/53 6989/50 5890/6
f 6875/13 6182/53 6411/50 6876/6
f 5889/13 6671/11 6160/5 5897/6
f 6727/13 6726/11 6173/5 6875/6
f 7027/83 5915/84 5889/5 6671/6
f 7028/83 6890/84 6727/5 6726/6
f 5977/16 6972/17 7030/20 5978/21
f 5981/16 7031/17 7032/18 5982/19
f 5985/16 7033/17 7034/18 5986/19
f 5989/16 7035/17 7036/18 5990/19
f 5993/16 7037/17 7038/18 5994/19
f 6975/16 6976/17 7039/20 7040/21
f 7041/16 7042/17 7043/18 7044/19
f 7045/16 7046/17 7047/18 7048/19
f 7049/16 7050/17 7051/18 7052/19
f 7053/16 7054/17 7055/18 7056/19
f 6913/16 6629/17 6632/18 6914/19
f 6917/16 6633/17 6596/18 6595/19
f 5926/11 5925/5 6694/36 6142/51
f 6144/11 6894/5 7102/36 6143/51
f 7105/75 5861/76 5856/5 6663/6
f 6662/13 6870/97 6478/98 7105/6
f 5997/1 5767/2 5766/3 7106/4
f 6001/1 6000/2 6371/3 6219/4
f 5946/1 6003/2 7107/3 5947/4
f 6007/1 6006/2 6361/3 7108/4
f 5825/1 6009/2 7109/3 5826/4
f 6396/13 5581/11 5580/5 6397/6
f 6910/1 6624/2 5543/3 5542/4
f 6757/1 6627/2 5551/3 5550/4
f 5654/1 5653/2 6530/3 6529/4
f 6914/1 6632/2 6631/3 6915/4
f 6148/1 6147/2 6255/3 6254/4
f 6157/13 6156/97 6874/98 6669/6
f 7110/1 5771/2 5770/3 7111/4
f 6222/1 6375/2 6374/3 6223/4
f 5950/1 7112/2 7113/3 5951/4
f 7114/1 6365/2 6364/3 7115/4
f 5829/1 7116/2 7117/3 5830/4
f 6180/13 5607/11 5606/5 6409/6
f 5727/8 5920/5 6693/36 5728/7
f 5740/8 6892/5 6137/36 5734/7
f 5932/13 6783/11 6693/5 5920/6
f 6786/13 6785/11 6137/5 6892/6
f 7120/13 7121/11 5932/5 6783/6
f 7122/13 7123/11 6786/5 6785/6
f 6949/6 7124/113 6862/33 6861/5
f 6384/6 6383/113 5557/33 5556/5
f 5715/11 5867/5 7127/36 5716/51
f 6488/36 7128/45 7125/46 7129/5
f 7130/36 7126/45 5574/46 5573/5
f 7131/5 7132/6 5867/12 6480/11
f 5484/13 6488/11 7133/5 5485/6
f 7134/11 7135/5 7136/36 7137/51
f 6880/11 6879/5 7138/36 7139/51
f 5907/33 5906/5 7141/31 7142/32
f 6886/33 6885/5 7140/31 7143/32
f 7153/16 6004/17 6007/18 7108/19
f 7154/16 7155/17 7114/18 7115/19
f 7156/16 7157/17 6609/18 6610/19
f 6677/13 5905/11 5899/69 6682/70
f 7158/13 7159/11 6716/69 6719/70
f 6677/14 5905/15 5909/7 6124/8
f 7158/14 7159/15 6127/7 6125/8
f 6863/8 7160/7 6565/12 6568/11
f 6864/7 7161/8 6979/5 6865/6
f 5560/8 6380/7 6381/12 5561/11
f 5563/7 6385/8 6387/5 5564/6
f 7166/1 7167/2 7168/3 7169/4
f 7167/3 7166/4 7169/1 7168/2
f 7170/1 7171/2 7172/3 7173/4
f 7171/3 7170/4 7173/1 7172/2
f 7174/1 7175/2 7176/3 7177/4
f 7175/3 7174/4 7177/1 7176/2
f 7178/1 7179/2 7180/3 7181/4
f 7179/3 7178/4 7181/1 7180/2
f 7182/1 7183/2 7184/3 7185/4
f 7183/3 7182/4 7185/1 7184/2
f 7186/1 7187/2 7188/3 7189/4
f 7187/3 7186/4 7189/1 7188/2
f 7120/13 7121/11 5935/8 6700/7
f 7122/13 7123/11 6709/8 6711/7
f 6974/16 6340/17 6343/20 7191/21
f 7192/16 6344/17 6347/18 7193/19
f 7194/16 6348/17 6351/18 7195/19
f 7196/16 6352/17 6355/18 7197/19
f 7198/16 6356/17 6359/18 7199/19
f 6976/16 6545/17 6548/20 7039/21
f 7042/16 6549/17 6552/18 7043/19
f 7046/16 6553/17 6556/18 7047/19
f 7050/16 6557/17 6560/18 7051/19
f 7054/16 6561/17 6564/18 7055/19
f 5769/16 7200/17 7111/18 5770/19
f 5773/16 7201/17 6606/18 5774/19
f 6373/16 6220/17 6223/18 6374/19
f 6377/16 6224/17 6227/18 6378/19
f 7202/16 5948/17 5951/18 7113/19
f 7203/16 5952/17 5955/18 6608/19
f 6363/16 7154/17 7115/18 6364/19
f 6367/16 7156/17 6610/18 6368/19
f 7204/16 5827/17 5830/18 7117/19
f 7205/16 5831/17 5834/18 6612/19
f 6636/16 6918/17 6921/20 6637/21
f 6640/16 6922/17 6925/18 6641/19
f 6644/16 6926/17 6929/18 6645/19
f 6648/16 6930/17 6933/18 6649/19
f 6652/16 6934/17 6937/18 6653/19
f 7206/1 7207/2 7208/3 7209/4
f 7207/3 7206/4 7209/1 7208/2
f 7210/1 7211/2 7212/3 7213/4
f 7211/3 7210/4 7213/1 7212/2
f 7214/1 7215/2 7216/3 7217/4
f 7215/3 7214/4 7217/1 7216/2
f 7218/1 7219/2 7220/3 7221/4
f 7219/3 7218/4 7221/1 7220/2
f 7222/1 7223/2 7224/3 7225/4
f 7223/3 7222/4 7225/1 7224/2
f 7226/1 7227/2 7228/3 7229/4
f 7227/3 7226/4 7229/1 7228/2
f 6702/7 5936/8 5938/5 6583/6
f 7233/7 6897/8 6585/5 6584/6
f 7124/67 6949/68 6118/7 6117/8
f 7160/9 6118/7 6566/12 6565/10
f 7161/9 7124/8 7234/5 6979/66
f 6713/67 6712/68 7235/7 5702/8
f 5411/9 7235/7 5781/12 5412/10
f 5415/9 6713/8 5717/5 5416/66
f 6484/14 5717/15 7128/7 6488/8
f 6189/9 7128/7 7236/12 6190/10
f 6041/13 6042/11 6945/5 6485/6
f 6490/13 6942/11 6943/5 6483/6
f 6458/13 6176/97 5646/98 5625/6
f 6092/13 6045/11 6166/5 7237/6
f 6989/13 6726/25 6729/26 6604/6
f 6719/67 6718/68 6730/7 7239/8
f 7239/8 6965/9 5811/10 5816/11
f 6718/7 6970/9 6601/66 6729/6
f 7143/67 7140/68 6125/7 6126/8
f 6126/8 7240/9 6577/10 6580/11
f 7140/7 7241/9 7028/66 7242/6
f 6141/67 7243/68 6704/7 6705/8
f 6705/8 5733/9 5734/10 6137/11
f 7243/7 5741/9 5744/66 7244/6
f 6134/67 6129/68 6143/7 7102/8
f 7102/8 6789/9 6790/10 6784/11
f 6129/7 6795/9 5821/66 7245/6
f 6784/13 7190/11 6711/69 6708/70
f 6708/7 7233/9 6584/66 7247/6
f 6341/16 6973/17 7248/20 6342/21
f 6345/16 7249/17 7250/18 6346/19
f 6349/16 7251/17 7252/18 6350/19
f 6353/16 7253/17 7254/18 6354/19
f 6357/16 7255/17 7256/18 6358/19
f 6546/16 6975/17 7040/20 6547/21
f 6550/16 7041/17 7044/18 6551/19
f 6554/16 7045/17 7048/18 6555/19
f 6558/16 7049/17 7052/18 6559/19
f 6562/16 7053/17 7056/18 6563/19
f 7257/16 5768/17 5771/18 7110/19
f 7258/16 5772/17 5775/18 6605/19
f 6221/16 6372/17 6375/18 6222/19
f 6225/16 6376/17 6379/18 6226/19
f 5949/16 7259/17 7112/18 5950/19
f 5953/16 7260/17 6607/18 5954/19
f 7155/16 6362/17 6365/18 7114/19
f 7157/16 6366/17 6369/18 6609/19
f 5828/16 7261/17 7116/18 5829/19
f 5832/16 7262/17 6611/18 5833/19
f 6919/16 6635/17 6638/20 6920/21
f 6923/16 6639/17 6642/18 6924/19
f 6927/16 6643/17 6646/18 6928/19
f 6931/16 6647/17 6650/18 6932/19
f 6935/16 6651/17 6654/18 6936/19
f 7263/8 6487/7 6040/12 6043/11
f 7264/8 6489/7 6491/12 7265/11
f 6168/8 7266/7 6105/12 6106/11
f 7269/16 5996/17 5997/18 7106/19
f 7200/16 7257/17 7110/18 7111/19
f 7201/16 7258/17 6605/18 6606/19
f 7288/5 6946/6 7289/7 7290/8
f 7291/9 7289/7 6069/12 7292/10
f 6946/5 7288/6 7290/7 7289/8
f 7289/8 7291/9 7292/10 6069/11
f 7301/5 7302/6 7303/7 7304/8
f 7304/8 7305/9 7306/10 6100/11
f 7302/5 7301/6 7304/7 7303/8
f 7305/9 7304/7 6100/12 7306/10
f 7307/13 7308/77 6849/78 6442/6
f 7309/13 7310/11 7311/5 7307/6
f 7312/13 7314/11 7308/5 7313/6
f 6441/13 6850/77 7314/78 7309/6
f 6868/14 7315/15 6117/7 6120/8
f 7316/14 6388/15 6122/7 5558/8
f 6868/13 7315/11 6712/69 6715/70
f 7316/13 6388/11 6391/69 5566/70
f 5957/16 6971/17 7317/20 5958/21
f 5961/16 7318/17 7319/18 5962/19
f 5965/16 7320/17 7321/18 5966/19
f 5969/16 7322/17 7323/18 5970/19
f 5973/16 7324/17 7325/18 5974/19
f 6973/16 6974/17 7191/20 7248/21
f 7249/16 7192/17 7193/18 7250/19
f 7251/16 7194/17 7195/18 7252/19
f 7253/16 7196/17 7197/18 7254/19
f 7255/16 7198/17 7199/18 7256/19
f 6002/16 7326/17 7107/18 6003/19
f 7259/16 7202/17 7113/18 7112/19
f 7260/16 7203/17 6608/18 6607/19
f 6689/8 5910/7 5912/12 6576/11
f 7327/7 5913/8 5915/5 7027/6
f 7240/8 6887/7 6578/12 6577/11
f 7241/7 6888/8 6890/5 7028/6
f 7332/71 6668/11 6669/5 6874/72
f 5890/13 6670/11 6600/5 5891/6
f 6876/13 6989/11 6604/5 6603/6
f 5605/13 6073/11 6409/14 5606/15
f 5603/13 6411/11 6412/5 5613/6
f 7336/5 6403/6 7337/7 7338/8
f 7339/9 7337/7 6072/12 7340/10
f 5643/85 5640/11 6442/5 6849/86
f 6403/5 7336/6 7338/7 7337/8
f 7337/8 7339/9 7340/10 6072/11
f 7315/13 6868/11 7343/5 7344/6
f 6388/13 7316/11 7345/5 7346/6
f 5705/13 7236/11 7315/5 6868/6
f 5577/13 5704/11 6388/5 7316/6
f 5870/8 5869/5 6471/36 6187/7
f 6190/44 7236/45 5705/46 6191/8
f 6193/44 5704/45 5577/46 5576/8
f 5876/34 7351/11 7347/5 5869/35
f 7352/66 5876/6 5869/12 6482/10
f 6491/39 6490/11 6942/5 7265/66
f 5586/71 6942/11 6490/5 5587/72
f 7356/54 7357/30 7355/5 5876/6
f 7360/54 7361/30 6942/5 7362/6
f 5601/54 7369/30 7368/5 5586/6
f 5612/129 7395/11 7389/5 5601/130
f 6504/8 5896/5 6675/36 6505/7
f 6508/8 6881/5 6725/36 6509/7
f 5905/13 6677/11 6675/5 5896/6
f 7159/13 7158/11 6725/5 6881/6
f 5732/83 5731/84 5905/5 6677/6
f 5744/83 5743/84 7159/5 7158/6
f 6971/16 6330/17 6331/20 7317/21
f 7318/16 6332/17 6333/18 7319/19
f 7320/16 6334/17 6335/18 7321/19
f 7322/16 6336/17 6337/18 7323/19
f 7324/16 6338/17 6339/18 7325/19
f 6972/16 6535/17 6536/20 7030/21
f 7031/16 6537/17 6538/18 7032/19
f 7033/16 6539/17 6540/18 7034/19
f 7035/16 6541/17 6542/18 7036/19
f 7037/16 6543/17 6544/18 7038/19
f 5765/16 7269/17 7106/18 5766/19
f 6370/16 6218/17 6219/18 6371/19
f 7326/16 5944/17 5947/18 7107/19
f 6360/16 7153/17 7108/18 6361/19
f 7399/16 5823/17 5826/18 7109/19
f 6613/16 6899/17 6900/20 6614/21
f 6615/16 6901/17 6902/18 6616/19
f 6617/16 6903/17 6904/18 6618/19
f 6619/16 6905/17 6906/18 6620/19
f 6621/16 6907/17 6908/18 6622/19
f 5711/11 5862/5 7400/36 5712/51
f 7401/5 7402/6 5862/12 6475/11
f 5480/13 6486/11 7403/5 5481/6
f 6499/93 7404/50 7405/36 6500/51
f 5599/40 7406/42 7404/12 5600/11
f 6164/5 6163/6 7407/12 7408/11
f 5492/13 7409/11 6167/5 5493/6
f 6178/36 7410/45 7406/47 6179/50
f 6474/5 6941/6 7401/7 6475/8
f 6479/5 7411/6 7131/7 6480/8
f 7412/5 6162/6 6164/7 7408/8
f 5702/36 7235/45 6867/46 5703/5
f 5706/36 6389/45 5569/46 5568/5
f 5901/11 5900/5 6679/36 6678/51
f 6731/11 6882/5 7239/36 6730/51
f 5917/33 5916/5 6690/31 6136/32
f 6140/33 6891/5 7243/31 6141/32
f 6476/8 7458/7 6038/12 6039/11
f 6481/8 7459/7 7352/12 6482/11
f 7460/8 6165/7 6103/12 6104/11
f 5872/75 6469/76 6655/5 5855/6
f 7464/13 6661/11 6469/5 7463/6
f 6945/65 5873/11 5872/5 6485/24
f 6402/112 6498/50 6477/6 6938/113
f 5764/3 5996/4 7269/1 5765/2
f 5999/3 5998/4 6218/1 6370/2
f 6002/3 5945/4 5944/1 7326/2
f 6005/3 6004/4 7153/1 6360/2
f 6008/3 5824/4 5823/1 7399/2
f 6668/54 5885/30 5873/5 6661/6
f 7237/54 7332/30 6938/5 6945/6
f 6408/29 5598/30 5597/5 6402/6
f 6623/3 6909/4 5541/1 5540/2
f 6626/3 6756/4 5549/1 5548/2
f 5652/3 5651/4 6528/1 6527/2
f 6629/3 6913/4 6912/1 6630/2
f 6146/3 6145/4 6253/1 6252/2
f 7499/13 6154/11 6668/5 7496/6
f 6166/65 5886/11 5885/5 7237/24
f 7332/31 6155/32 6177/56 6408/50
f 5768/3 7257/4 7200/1 5769/2
f 6372/3 6221/4 6220/1 6373/2
f 7259/3 5949/4 5948/1 7202/2
f 6362/3 7155/4 7154/1 6363/2
f 7261/3 5828/4 5827/1 7204/2
f 5929/8 5928/5 6697/36 6696/7
f 6794/8 6788/5 6784/36 6790/7
f 5933/13 6685/11 6697/5 5928/6
f 6896/13 7190/11 6784/5 6788/6
f 6909/16 6623/17 6624/18 6910/19
f 6911/16 6625/17 6592/18 6591/19
f 6630/16 6912/17 6915/18 6631/19
f 6634/16 6916/17 6598/18 6597/19
f 5817/13 5813/11 5907/69 7142/70
f 5812/13 5818/11 6886/69 7143/70
f 5817/14 5813/15 5919/7 6691/8
f 5812/14 5818/15 6706/7 6704/8
f 6008/16 7399/17 7109/18 6009/19
f 7261/16 7204/17 7117/18 7116/19
f 7262/16 7205/17 6612/18 6611/19
f 7500/5 7501/6 7502/7 7503/8
f 7504/5 7505/6 7506/7 7507/8
f 7508/5 7509/6 7510/7 7511/8
f 7512/5 7513/6 7514/7 7515/8
f 7516/5 7517/6 7518/7 7519/8
f 7520/5 7521/6 7522/7 7523/8
f 7524/5 7500/6 7525/7 7526/8
f 7527/5 7528/6 7529/7 7530/8
f 7526/8 7531/9 7532/10 7533/11
f 7534/5 7504/6 7535/7 7536/8
f 7537/5 7538/6 7539/7 7540/8
f 7536/8 7541/9 7542/10 7543/11
f 7544/8 7545/9 7546/10 7547/11
f 7548/9 7511/7 7549/12 7550/10
f 7551/8 7552/9 7553/10 7554/11
f 7555/9 7515/7 7556/12 7557/10
f 7558/5 7516/6 7559/7 7560/8
f 7561/5 7562/6 7563/7 7564/8
f 7560/8 7565/9 7566/10 7567/11
f 7568/5 7520/6 7569/7 7570/8
f 7571/5 7572/6 7573/7 7574/8
f 7570/8 7575/9 7576/10 7577/11
f 7528/5 7527/6 7530/7 7529/8
f 7538/5 7537/6 7540/7 7539/8
f 7545/9 7544/7 7547/12 7546/10
f 7552/9 7551/7 7554/12 7553/10
f 7562/5 7561/6 7564/7 7563/8
f 7572/5 7571/6 7574/7 7573/8
f 7578/8 7579/9 7580/10 7581/11
f 7582/8 7583/9 7584/10 7585/11
f 7586/8 7587/9 7588/10 7589/11
f 7590/8 7591/9 7592/10 7593/11
f 7594/8 7595/9 7596/10 7597/11
f 7598/8 7599/9 7600/10 7601/11
f 7602/8 7603/9 7604/10 7605/11
f 7606/8 7607/9 7608/10 7609/11
f 7610/13 7611/11 7612/5 7613/6
f 7617/13 7618/11 7619/5 7614/6
f 7612/13 7613/11 7620/69 7621/70
f 7619/13 7614/11 7624/69 7625/70
f 7626/1 7627/2 7628/3 7629/4
f 7627/3 7626/4 7629/1 7628/2
f 7630/1 7631/2 7632/3 7633/4
f 7631/3 7630/4 7633/1 7632/2
f 7634/1 7635/2 7636/3 7637/4
f 7635/3 7634/4 7637/1 7636/2
f 7638/1 7639/2 7640/3 7641/4
f 7639/3 7638/4 7641/1 7640/2
f 7642/1 7643/2 7644/3 7645/4
f 7643/3 7642/4 7645/1 7644/2
f 7646/1 7647/2 7648/3 7649/4
f 7647/3 7646/4 7649/1 7648/2
f 7650/7 7651/8 7652/5 7653/6
f 7662/7 7663/8 7664/5 7665/6
f 7666/16 7667/17 7668/20 7669/21
f 7670/16 7671/17 7672/18 7673/19
f 7674/16 7675/17 7676/18 7677/19
f 7678/16 7679/17 7680/18 7681/19
f 7682/16 7683/17 7684/20 7685/21
f 7686/16 7687/17 7688/18 7689/19
f 7690/16 7691/17 7692/18 7693/19
f 7694/16 7695/17 7696/18 7697/19
f 7698/16 7699/17 7700/18 7701/19
f 7702/16 7703/17 7704/18 7705/19
f 7706/16 7707/17 7708/18 7709/19
f 7710/16 7711/17 7712/18 7713/19
f 7714/16 7715/17 7716/18 7717/19
f 7718/16 7719/17 7720/20 7721/21
f 7722/16 7723/17 7724/18 7725/19
f 7726/16 7727/17 7728/18 7729/19
f 7730/16 7731/17 7732/18 7733/19
f 7734/1 7735/2 7736/3 7737/4
f 7735/3 7734/4 7737/1 7736/2
f 7738/1 7739/2 7740/3 7741/4
f 7739/3 7738/4 7741/1 7740/2
f 7742/1 7743/2 7744/3 7745/4
f 7743/3 7742/4 7745/1 7744/2
f 7746/1 7747/2 7748/3 7749/4
f 7747/3 7746/4 7749/1 7748/2
f 7750/1 7751/2 7752/3 7753/4
f 7751/3 7750/4 7753/1 7752/2
f 7754/1 7755/2 7756/3 7757/4
f 7755/3 7754/4 7757/1 7756/2
f 7758/5 7759/6 7760/7 7761/8
f 7762/5 7763/6 7764/7 7765/8
f 7770/5 7771/6 7772/7 7773/8
f 7774/5 7775/6 7776/7 7777/8
f 7778/5 7779/24 7780/22 7781/8
f 7782/5 7783/24 7784/22 7785/8
f 7786/87 7787/11 7788/5 7789/88
f 7790/13 7791/11 7792/14 7793/15
f 7798/13 7799/11 7800/14 7801/15
f 7806/5 7807/24 7808/22 7809/8
f 7810/5 7811/24 7812/22 7813/8
f 7814/13 7815/11 7816/14 7817/15
f 7822/13 7823/11 7824/14 7825/15
f 7830/13 7831/11 7817/5 7832/6
f 7618/13 7830/11 7833/69 7834/70
f 7834/7 7662/9 7665/66 7835/6
f 7625/67 7836/68 7837/7 7838/8
f 7838/8 7839/9 7840/10 7618/11
f 7836/7 7841/9 7842/66 7843/6
f 7844/67 7845/68 7846/7 7847/8
f 7847/8 7848/9 7849/10 7850/11
f 7845/7 7851/9 7852/66 7853/6
f 7855/54 7858/30 7859/5 7856/6
f 7860/54 7861/30 7862/5 7863/6
f 7867/54 7868/30 7788/5 7866/6
f 7875/13 7876/25 7858/26 7854/6
f 7877/13 7789/97 7868/98 7860/6
f 7878/8 7879/22 7880/23 7881/11
f 7882/8 7883/22 7884/23 7885/11
f 7886/8 7887/22 7888/23 7889/11
f 7890/8 7891/22 7892/23 7893/11
f 7902/5 7903/6 7904/7 7905/8
f 7906/9 7904/7 7907/12 7908/10
f 7909/5 7910/6 7911/7 7912/8
f 7913/9 7911/7 7914/12 7915/10
f 7903/5 7902/6 7905/7 7904/8
f 7904/8 7906/9 7908/10 7907/11
f 7910/5 7909/6 7912/7 7911/8
f 7911/8 7913/9 7915/10 7914/11
f 7916/5 7917/6 7918/7 7919/8
f 7919/8 7920/9 7921/10 7922/11
f 7917/5 7916/6 7919/7 7918/8
f 7920/9 7919/7 7922/12 7921/10
f 7951/16 7952/17 7953/18 7954/19
f 7955/16 7956/17 7957/18 7958/19
f 7959/16 7960/17 7961/18 7962/19
f 7963/16 7964/17 7965/18 7966/19
f 7967/16 7968/17 7969/18 7970/19
f 7971/16 7972/17 7973/18 7974/19
f 7975/16 7698/17 7701/18 7976/19
f 7997/123 7998/124 7999/28 8000/8
f 8001/123 8002/124 8003/28 7842/8
f 7715/16 8006/17 8007/18 7716/19
f 8028/5 8029/24 8030/22 8031/8
f 8032/5 8033/24 8034/22 8035/8
f 8036/87 8037/11 7859/5 7876/88
f 8038/13 8039/11 8029/5 8040/6
f 8043/13 8044/11 8033/5 8045/6
f 8048/13 8049/11 8050/5 8051/6
f 8054/13 8055/11 8056/5 8057/6
f 8060/14 8061/15 8062/7 8063/8
f 8063/8 8064/9 8065/10 8048/11
f 8066/14 8067/15 8068/7 8069/8
f 8069/8 8070/9 8071/10 8054/11
f 8072/85 8073/11 8061/5 8074/86
f 8075/85 8076/11 8067/5 8077/86
f 8078/16 8079/17 8080/18 8081/19
f 8082/16 8083/17 8084/18 8085/19
f 8090/9 7502/7 7533/12 8091/10
f 8092/9 7506/7 7543/12 8093/10
f 7511/8 7548/9 8094/10 8095/11
f 7515/8 7555/9 8096/10 8097/11
f 8102/9 7518/7 7567/12 8103/10
f 8104/9 7522/7 7577/12 8105/10
f 8106/5 8107/6 7511/7 7510/8
f 8108/5 8109/6 7515/7 7514/8
f 7874/85 7871/11 8110/5 8111/86
f 7707/16 8112/17 8113/18 7708/19
f 8118/41 8114/42 8117/12 8119/10
f 8120/39 8121/11 8122/40 8123/41
f 7880/41 8124/42 8126/12 7881/10
f 8038/34 8127/11 8115/5 8039/35
f 8128/66 8038/6 8039/12 8129/10
f 8130/39 8131/11 8132/5 8133/66
f 8134/89 8135/90 8131/5 8122/6
f 8136/48 8137/50 8138/36 8139/7
f 7790/13 8137/11 8124/5 7791/6
f 8049/54 8143/30 8142/5 8038/6
f 7888/41 8151/42 8137/12 7889/10
f 8048/34 8187/11 8179/5 8049/35
f 8188/66 8048/6 8049/12 8189/10
f 8190/39 8135/11 8191/5 8192/66
f 7814/71 8191/11 8135/5 7815/72
f 8196/44 8195/45 8048/46 8065/8
f 8197/44 8191/45 8198/46 8199/8
f 8211/8 8212/22 8118/23 8119/11
f 8213/8 8214/22 8215/23 8216/11
f 7620/6 8217/113 8218/33 7621/5
f 7624/6 8219/113 7836/33 7625/5
f 8039/13 8114/11 8236/5 8029/6
f 8229/71 8236/11 8237/5 8238/72
f 8044/13 8223/11 8224/5 8033/6
f 8233/71 8224/11 8240/5 8241/72
f 8029/5 8243/6 8244/7 8030/8
f 8030/8 8245/9 8129/10 8039/11
f 8033/5 8246/6 8247/7 8034/8
f 8034/8 8248/9 8249/10 8044/11
f 7759/5 8250/6 8251/7 7760/8
f 8252/9 8251/7 8131/12 8130/10
f 7763/5 8253/6 8254/7 7764/8
f 8255/9 8254/7 8256/12 8257/10
f 8122/13 8131/11 8250/5 8229/6
f 8230/13 8256/11 8253/5 8233/6
f 7791/13 8124/11 8262/14 7792/15
f 7799/13 8231/11 8264/14 7800/15
f 8266/16 8267/17 8268/20 8269/21
f 8270/16 8271/17 8272/18 8273/19
f 8274/16 8275/17 8276/18 8277/19
f 8278/16 8279/17 8280/18 8281/19
f 8282/16 8283/17 8284/18 8285/19
f 8286/16 8287/17 8288/20 8289/21
f 8290/16 8291/17 8292/18 8293/19
f 8294/16 8295/17 8296/18 8297/19
f 8298/16 8299/17 8300/18 8301/19
f 8302/16 8303/17 8304/18 8305/19
f 8306/16 8307/17 8308/20 8309/21
f 8310/16 8311/17 8312/18 8313/19
f 8314/16 8315/17 8316/18 8317/19
f 8318/16 8319/17 8320/18 8321/19
f 8322/16 8323/17 8324/18 8325/19
f 8326/5 8327/6 8328/7 8329/8
f 8330/9 8328/7 8168/12 8331/10
f 8332/5 8333/6 8334/7 8335/8
f 8336/9 8334/7 8337/12 8338/10
f 8327/5 8326/6 8329/7 8328/8
f 8328/8 8330/9 8331/10 8168/11
f 8333/5 8332/6 8335/7 8334/8
f 8334/8 8336/9 8338/10 8337/11
f 8339/1 8340/2 8341/3 8342/4
f 8340/3 8339/4 8342/1 8341/2
f 8343/1 8344/2 8345/3 8346/4
f 8344/3 8343/4 8346/1 8345/2
f 8347/1 8348/2 8349/3 8350/4
f 8348/3 8347/4 8350/1 8349/2
f 8351/1 8352/2 8353/3 8354/4
f 8352/3 8351/4 8354/1 8353/2
f 8355/1 8356/2 8357/3 8358/4
f 8356/3 8355/4 8358/1 8357/2
f 8359/1 8360/2 8361/3 8362/4
f 8360/3 8359/4 8362/1 8361/2
f 7703/16 8363/17 8364/18 7704/19
f 8374/71 8375/11 8376/5 8377/72
f 8373/71 8379/11 8380/5 8381/72
f 7815/13 8151/11 8387/14 7816/15
f 7823/13 8371/11 8389/14 7824/15
f 8391/1 8392/2 8393/3 8394/4
f 8392/3 8391/4 8394/1 8393/2
f 8395/1 8396/2 8397/3 8398/4
f 8396/3 8395/4 8398/1 8397/2
f 8399/1 8400/2 8401/3 8402/4
f 8400/3 8399/4 8402/1 8401/2
f 8403/1 8404/2 8405/3 8406/4
f 8404/3 8403/4 8406/1 8405/2
f 8407/1 8408/2 8409/3 8410/4
f 8408/3 8407/4 8410/1 8409/2
f 8411/1 8412/2 8413/3 8414/4
f 8412/3 8411/4 8414/1 8413/2
f 8415/8 8416/7 8417/12 8418/11
f 8419/7 8420/8 7997/5 8000/6
f 7839/8 8421/7 8422/12 7840/11
f 7841/7 8427/8 8001/5 7842/6
f 8428/16 8429/17 8430/18 8431/19
f 8432/16 8433/17 8434/18 8435/19
f 8436/16 8437/17 8438/18 8439/19
f 8440/16 8441/17 8442/18 8443/19
f 8444/16 8445/17 8446/18 8447/19
f 8448/16 8449/17 8450/18 8451/19
f 8452/1 8453/2 8454/3 8455/4
f 8453/3 8452/4 8455/1 8454/2
f 8456/1 8457/2 8458/3 8459/4
f 8457/3 8456/4 8459/1 8458/2
f 8460/1 8461/2 8462/3 8463/4
f 8461/3 8460/4 8463/1 8462/2
f 8464/1 8465/2 8466/3 8467/4
f 8465/3 8464/4 8467/1 8466/2
f 8468/1 8469/2 8470/3 8471/4
f 8469/3 8468/4 8471/1 8470/2
f 8472/1 8473/2 8474/3 8475/4
f 8473/3 8472/4 8475/1 8474/2
f 8476/16 8477/17 8478/18 8479/19
f 8480/16 8481/17 8482/18 8483/19
f 8484/16 8485/17 8486/18 8487/19
f 8488/16 8489/17 8490/18 8491/19
f 8492/16 8493/17 8494/18 8495/19
f 8496/16 8497/17 8498/18 8499/19
f 8500/16 8501/17 8502/18 8503/19
f 8504/16 8505/17 8506/18 8507/19
f 8508/16 8428/17 8431/18 8509/19
f 8510/16 8432/17 8435/18 8511/19
f 8512/16 8266/17 8269/20 8513/21
f 8514/16 8270/17 8273/18 8515/19
f 8516/16 8274/17 8277/18 8517/19
f 8518/16 8278/17 8281/18 8519/19
f 8520/16 8282/17 8285/18 8521/19
f 7667/16 8522/17 8523/20 7668/21
f 7671/16 8524/17 8525/18 7672/19
f 7675/16 8526/17 8527/18 7676/19
f 7679/16 8528/17 8529/18 7680/19
f 8530/16 7710/17 7713/18 8531/19
f 8493/16 8532/17 8533/18 8494/19
f 8497/16 8534/17 8535/18 8498/19
f 8536/16 8537/17 8538/18 8539/19
f 8540/16 8541/17 8542/18 8543/19
f 8544/16 8545/17 8546/18 8547/19
f 8548/16 8549/17 8550/18 8551/19
f 8552/16 7702/17 7705/18 8553/19
f 8124/13 8137/11 8558/14 8262/15
f 8231/13 8560/11 8561/14 8264/15
f 8567/13 8568/25 8569/26 8387/6
f 8371/13 8571/11 8572/14 8389/15
f 8568/13 7617/11 7623/69 8576/70
f 7663/9 7623/8 8577/5 7664/66
f 8219/67 7624/68 8580/7 8579/8
f 8421/9 8580/7 7617/12 8422/10
f 8427/9 8219/8 8581/5 8001/66
f 8588/67 8589/68 8585/7 8584/8
f 8586/9 8585/7 8578/12 8587/10
f 8590/9 8588/8 8591/5 8592/66
f 8593/16 8484/17 8487/18 8594/19
f 8595/16 8488/17 8491/18 8596/19
f 8597/16 8598/17 8599/18 8600/19
f 8601/16 8602/17 8603/18 8604/19
f 8605/16 8606/17 8607/18 8608/19
f 8609/16 8610/17 8611/18 8612/19
f 8617/54 8613/30 8616/5 8037/6
f 8618/54 8619/30 8620/5 8621/6
f 8624/54 8622/30 8623/5 7787/6
f 8036/34 8625/11 8614/5 8617/35
f 7786/71 8626/11 8619/5 8624/72
f 7871/13 7870/77 8629/78 8110/6
f 8633/5 8634/6 8635/7 8636/8
f 8637/9 8635/7 8638/12 8639/10
f 8640/5 8641/6 8642/7 8643/8
f 8644/9 8642/7 8645/12 8646/10
f 8634/5 8633/6 8636/7 8635/8
f 8635/8 8637/9 8639/10 8638/11
f 8641/5 8640/6 8643/7 8642/8
f 8642/8 8644/9 8646/10 8645/11
f 8647/5 8648/6 8649/7 8650/8
f 8650/8 8651/9 8652/10 8653/11
f 8648/5 8647/6 8650/7 8649/8
f 8651/9 8650/7 8653/12 8652/10
f 8681/14 8682/15 8683/7 8684/8
f 8685/14 8582/15 8579/7 7837/8
f 8681/13 8682/11 8686/69 8687/70
f 8685/13 8582/11 8589/69 7844/70
f 8689/16 8690/17 8691/18 8692/19
f 8693/16 8694/17 8695/18 8696/19
f 8697/16 8698/17 8699/18 8700/19
f 8701/16 8702/17 8703/18 8704/19
f 8598/16 8705/17 8706/18 8599/19
f 8602/16 8707/17 8708/18 8603/19
f 8709/16 8536/17 8539/18 8710/19
f 8711/16 8540/17 8543/18 8712/19
f 8713/16 8714/17 8715/18 8716/19
f 8717/16 8718/17 8719/18 8720/19
f 8721/16 8436/17 8439/18 8722/19
f 8723/16 8440/17 8443/18 8724/19
f 8725/16 8286/17 8289/20 8726/21
f 8727/16 8290/17 8293/18 8728/19
f 8729/16 8294/17 8297/18 8730/19
f 8731/16 8298/17 8301/18 8732/19
f 8733/16 8302/17 8305/18 8734/19
f 7683/16 8735/17 8736/20 7684/21
f 7687/16 8737/17 8738/18 7688/19
f 7691/16 8739/17 8740/18 7692/19
f 7695/16 8741/17 8742/18 7696/19
f 8743/16 8512/17 8513/20 8744/21
f 8745/16 8514/17 8515/18 8746/19
f 8747/16 8516/17 8517/18 8748/19
f 8749/16 8518/17 8519/18 8750/19
f 8751/16 8520/17 8521/18 8752/19
f 8753/16 8725/17 8726/20 8754/21
f 8755/16 8727/17 8728/18 8756/19
f 8757/16 8729/17 8730/18 8758/19
f 8759/16 8731/17 8732/18 8760/19
f 8761/16 8733/17 8734/18 8762/19
f 8763/16 8764/17 8765/20 8766/21
f 8767/16 8768/17 8769/18 8770/19
f 8771/16 8772/17 8773/18 8774/19
f 8775/16 8776/17 8777/18 8778/19
f 8779/16 8780/17 8781/18 8782/19
f 7652/123 8682/124 8681/28 7653/8
f 7664/123 8582/124 8685/28 7665/8
f 8789/13 8790/11 8682/5 8681/6
f 8791/13 8583/11 8582/5 8685/6
f 8482/1 8792/2 8793/3 8483/4
f 8703/1 8794/2 8795/3 8704/4
f 8796/1 8797/2 8798/3 8799/4
f 8490/1 8800/2 8596/3 8491/4
f 8708/1 8801/2 8604/3 8603/4
f 8802/1 8803/2 8612/3 8611/4
f 8498/1 8535/2 8804/3 8499/4
f 8543/1 8542/2 8805/3 8712/4
f 8551/1 8550/2 8806/3 8807/4
f 8506/1 8808/2 8809/3 8507/4
f 8719/1 8810/2 8811/3 8720/4
f 8812/1 8813/2 8814/3 8815/4
f 8435/1 8434/2 8816/3 8511/4
f 8443/1 8442/2 8817/3 8724/4
f 8451/1 8450/2 8818/3 8819/4
f 8820/13 8821/97 8241/98 8240/6
f 8561/13 7801/11 7800/5 8264/6
f 8822/1 8823/2 7958/3 7957/4
f 7966/1 7965/2 8824/3 8825/4
f 8826/1 8827/2 8085/3 8084/4
f 8828/1 8829/2 8830/3 8831/4
f 7974/1 7973/2 8696/3 8695/4
f 8832/13 8833/97 8381/98 8380/6
f 8834/1 7976/2 7701/3 7700/4
f 8364/1 8553/2 7705/3 7704/4
f 8113/1 8835/2 7709/3 7708/4
f 8836/1 8531/2 7713/3 7712/4
f 8007/1 8837/2 7717/3 7716/4
f 8572/13 7825/11 7824/5 8389/6
f 8838/91 8077/92 8066/5 8832/6
f 8839/16 8840/17 8841/18 8842/19
f 8843/16 8844/17 8798/18 8797/19
f 8845/16 8605/17 8608/18 8846/19
f 8847/16 8609/17 8612/18 8803/19
f 8545/16 8848/17 8849/18 8546/19
f 8549/16 8850/17 8806/18 8550/19
f 8851/16 8852/17 8853/18 8854/19
f 8855/16 8856/17 8814/18 8813/19
f 8445/16 8857/17 8858/18 8446/19
f 8449/16 8859/17 8818/18 8450/19
f 8307/16 8763/17 8766/20 8308/21
f 8311/16 8767/17 8770/18 8312/19
f 8315/16 8771/17 8774/18 8316/19
f 8319/16 8775/17 8778/18 8320/19
f 8323/16 8779/17 8782/18 8324/19
f 8860/16 7951/17 7954/18 8861/19
f 8862/16 7955/17 7958/18 8823/19
f 7960/16 8863/17 8864/18 7961/19
f 7964/16 8865/17 8824/18 7965/19
f 8866/16 8078/17 8081/18 8867/19
f 8868/16 8082/17 8085/18 8827/19
f 8869/16 8870/17 8871/18 8872/19
f 8873/16 8874/17 8830/18 8829/19
f 7968/16 8689/17 8692/18 7969/19
f 7972/16 8693/17 8696/18 7973/19
f 8875/16 7718/17 7721/20 8876/21
f 8877/16 7722/17 7725/18 8878/19
f 8879/16 7726/17 7729/18 8880/19
f 8881/16 7730/17 7733/18 8882/19
f 8236/13 8887/11 8888/5 8237/6
f 8223/13 8889/11 8820/14 8240/15
f 8375/13 8891/53 8892/50 8376/6
f 8379/13 8893/53 8838/50 8380/6
f 8902/6 8903/113 7622/33 8904/5
f 8576/6 7623/113 7834/33 7833/5
f 8906/36 8907/45 8905/46 8908/5
f 8584/36 8585/45 7847/46 7846/5
f 8477/16 8909/17 8910/18 8478/19
f 8481/16 8911/17 8792/18 8482/19
f 8698/16 8912/17 8913/18 8699/19
f 8702/16 8914/17 8794/18 8703/19
f 8915/16 8839/17 8842/18 8916/19
f 8917/16 8843/17 8797/18 8796/19
f 8918/16 8500/17 8503/18 8919/19
f 8920/16 8504/17 8507/18 8809/19
f 8921/16 8713/17 8716/18 8922/19
f 8923/16 8717/17 8720/18 8811/19
f 8852/16 8924/17 8925/18 8853/19
f 8856/16 8926/17 8815/18 8814/19
f 8931/5 8932/6 7594/7 8933/8
f 7595/9 7594/7 8934/12 7596/10
f 8935/5 8936/6 7598/7 8937/8
f 7599/9 7598/7 8938/12 7600/10
f 8939/5 8940/6 8941/7 8942/8
f 8942/8 8943/9 8944/10 8945/11
f 8946/5 8947/6 8948/7 8949/8
f 8949/8 8950/9 8951/10 8952/11
f 7870/13 7872/77 8954/78 8629/6
f 8957/5 8958/6 7602/7 8959/8
f 7603/9 7602/7 8960/12 7604/10
f 8961/5 8962/6 7606/7 8963/8
f 7607/9 7606/7 8964/12 7608/10
f 8932/5 8931/6 8933/7 7594/8
f 8936/5 8935/6 8937/7 7598/8
f 8940/5 8939/6 8942/7 8941/8
f 8943/9 8942/7 8945/12 8944/10
f 8947/5 8946/6 8949/7 8948/8
f 8950/9 8949/7 8952/12 8951/10
f 8958/5 8957/6 8959/7 7602/8
f 8962/5 8961/6 8963/7 7606/8
f 8965/5 8566/6 8966/7 8967/8
f 8968/9 8966/7 8160/12 8969/10
f 8970/5 8971/6 8972/7 8973/8
f 8974/9 8972/7 8975/12 8976/10
f 8566/5 8965/6 8967/7 8966/8
f 8966/8 8968/9 8969/10 8160/11
f 8971/5 8970/6 8973/7 8972/8
f 8972/8 8974/9 8976/10 8975/11
f 8977/16 8869/17 8872/18 8978/19
f 8979/16 8873/17 8829/18 8828/19
f 8980/1 8981/2 8982/3 8983/4
f 8981/3 8980/4 8983/1 8982/2
f 8984/1 8985/2 8986/3 8987/4
f 8985/3 8984/4 8987/1 8986/2
f 8988/1 8989/2 8990/3 8991/4
f 8989/3 8988/4 8991/1 8990/2
f 8992/1 8993/2 8994/3 8995/4
f 8993/3 8992/4 8995/1 8994/2
f 8996/1 8997/2 8998/3 8999/4
f 8997/3 8996/4 8999/1 8998/2
f 9000/1 9001/2 9002/3 9003/4
f 9001/3 9000/4 9003/1 9002/2
f 8863/16 9004/17 9005/18 8864/19
f 8865/16 9006/17 8825/18 8824/19
f 9007/8 9008/7 9009/12 9010/11
f 9011/7 9012/8 9013/5 9014/6
f 7848/8 8586/7 8587/12 7849/11
f 7851/7 8590/8 8592/5 7852/6
f 8195/13 8048/11 8051/5 8895/6
f 8898/13 8054/11 8057/5 8899/6
f 9017/5 8051/6 8063/7 9018/8
f 9019/9 8063/7 8048/12 8188/10
f 8051/13 9020/53 9021/50 8060/6
f 9022/5 8057/6 8069/7 9023/8
f 9024/9 8069/7 8054/12 9025/10
f 8057/13 9026/73 8833/74 8066/6
f 9020/5 7770/6 7773/7 9027/8
f 9027/8 9028/9 8192/10 8191/11
f 9029/5 7774/6 7777/7 9030/8
f 9030/8 9031/9 9032/10 9033/11
f 8191/13 8198/11 9034/5 9020/6
f 9033/13 9035/11 9026/5 9029/6
f 9038/50 9026/6 9039/7 9040/48
f 8208/13 7814/11 7831/5 8574/6
f 8571/13 7822/11 7825/14 8572/15
f 9041/1 9042/2 9043/3 9044/4
f 9042/3 9041/4 9044/1 9043/2
f 9045/1 9046/2 9047/3 9048/4
f 9046/3 9045/4 9048/1 9047/2
f 9049/1 9050/2 9051/3 9052/4
f 9050/3 9049/4 9052/1 9051/2
f 9053/1 9054/2 9055/3 9056/4
f 9054/3 9053/4 9056/1 9055/2
f 9057/1 9058/2 9059/3 9060/4
f 9058/3 9057/4 9060/1 9059/2
f 9061/1 9062/2 9063/3 9064/4
f 9062/3 9061/4 9064/1 9063/2
f 9065/48 9066/7 9067/12 9068/49
f 9069/1 9070/2 9071/3 9072/4
f 9070/3 9069/4 9072/1 9071/2
f 9073/1 9074/2 9075/3 9076/4
f 9074/3 9073/4 9076/1 9075/2
f 9077/1 9078/2 9079/3 9080/4
f 9078/3 9077/4 9080/1 9079/2
f 9081/1 9082/2 9083/3 9084/4
f 9082/3 9081/4 9084/1 9083/2
f 9085/1 9086/2 9087/3 9088/4
f 9086/3 9085/4 9088/1 9087/2
f 9089/1 9090/2 9091/3 9092/4
f 9090/3 9089/4 9092/1 9091/2
f 9093/16 8866/17 8867/18 9094/19
f 9095/16 8868/17 8827/18 8826/19
f 9096/48 9097/7 8120/12 8123/49
f 9098/48 9099/7 9100/12 9101/49
f 7872/85 7874/11 8111/5 8954/86
f 9106/5 9107/6 9108/7 9109/8
f 9110/9 9108/7 9111/12 9112/10
f 9113/5 9114/6 9115/7 9116/8
f 9117/9 9115/7 9118/12 9119/10
f 9107/5 9106/6 9109/7 9108/8
f 9108/8 9110/9 9112/10 9111/11
f 9114/5 9113/6 9116/7 9115/8
f 9115/8 9117/9 9119/10 9118/11
f 9120/5 9121/6 9122/7 9123/8
f 9123/8 9124/9 9125/10 9126/11
f 9121/5 9120/6 9123/7 9122/8
f 9124/9 9123/7 9126/12 9125/10
f 8138/13 8122/11 8238/14 9158/15
f 9159/13 8230/11 8241/14 8821/15
f 9161/34 8374/11 8377/5 9162/35
f 9035/13 8370/11 8381/14 8833/15
f 7611/13 9161/11 8904/69 7622/70
f 7622/7 7650/9 7653/66 9163/6
f 7621/67 8218/68 8684/7 9165/8
f 9165/8 8415/9 8418/10 7611/11
f 8218/7 8419/9 8000/66 9166/6
f 8687/67 9167/68 8908/7 8905/8
f 8905/8 9007/9 9010/10 8688/11
f 9167/7 9011/9 9014/66 9168/6
f 9169/16 8476/17 8479/18 9170/19
f 9171/16 8480/17 8483/18 8793/19
f 9172/16 8697/17 8700/18 9173/19
f 9174/16 8701/17 8704/18 8795/19
f 8840/16 9175/17 9176/18 8841/19
f 8844/16 9177/17 8799/18 8798/19
f 9175/16 8915/17 8916/18 9176/19
f 9177/16 8917/17 8796/18 8799/19
f 8606/16 9178/17 9179/18 8607/19
f 8610/16 9180/17 8802/18 8611/19
f 9181/16 8544/17 8547/18 9182/19
f 9183/16 8548/17 8551/18 8807/19
f 8924/16 9184/17 9185/18 8925/19
f 8926/16 9186/17 8812/18 8815/19
f 9187/16 8444/17 8447/18 9188/19
f 9189/16 8448/17 8451/18 8819/19
f 8764/16 8306/17 8309/20 8765/21
f 8768/16 8310/17 8313/18 8769/19
f 8772/16 8314/17 8317/18 8773/19
f 8776/16 8318/17 8321/18 8777/19
f 8780/16 8322/17 8325/18 8781/19
f 7952/16 9190/17 9191/18 7953/19
f 7956/16 9192/17 8822/18 7957/19
f 9004/16 7959/17 7962/18 9005/19
f 9006/16 7963/17 7966/18 8825/19
f 8079/16 9093/17 9094/18 8080/19
f 8083/16 9095/17 8826/18 8084/19
f 9193/16 8977/17 8978/18 9194/19
f 9195/16 8979/17 8828/18 8831/19
f 8690/16 7967/17 7970/18 8691/19
f 8694/16 7971/17 7974/18 8695/19
f 7719/16 9196/17 9197/20 7720/21
f 7723/16 9198/17 9199/18 7724/19
f 7727/16 9200/17 9201/18 7728/19
f 7731/16 9202/17 9203/18 7732/19
f 7999/14 7998/15 8906/7 8908/8
f 8003/14 8002/15 8584/7 7846/8
f 8267/3 8266/4 8512/1 8743/2
f 8287/3 8286/4 8725/1 8753/2
f 8307/3 8306/4 8764/1 8763/2
f 9204/3 8522/4 7667/1 7666/2
f 9205/3 8735/4 7683/1 7682/2
f 8875/3 9196/4 7719/1 7718/2
f 8224/29 8033/30 8032/5 9207/6
f 8911/3 8481/4 8480/1 9171/2
f 9208/5 9209/6 8253/54 8233/30
f 8914/3 8702/4 8701/1 9174/2
f 8232/29 7783/30 7782/5 9210/6
f 8843/3 8917/4 9177/1 8844/2
f 9211/3 8489/4 8488/1 8595/2
f 9212/3 8707/4 8602/1 8601/2
f 8847/3 9180/4 8610/1 8609/2
f 8534/3 8497/4 8496/1 9213/2
f 8541/3 8540/4 8711/1 9214/2
f 8549/3 8548/4 9183/1 8850/2
f 9215/3 8505/4 8504/1 8920/2
f 9216/3 8718/4 8717/1 8923/2
f 8855/3 9186/4 8926/1 8856/2
f 8433/3 8432/4 8510/1 9217/2
f 8441/3 8440/4 8723/1 9218/2
f 8449/3 8448/4 9189/1 8859/2
f 9219/33 8224/5 8225/6 9220/113
f 9221/65 8045/11 8033/5 8253/24
f 8565/112 8232/50 8233/6 9222/113
f 8379/54 8056/30 8045/5 9219/6
f 8367/54 8373/30 9222/5 9221/6
f 8372/29 7811/30 7810/5 8565/6
f 8862/3 9192/4 7956/1 7955/2
f 7964/3 7963/4 9006/1 8865/2
f 8868/3 9095/4 8083/1 8082/2
f 8873/3 8979/4 9195/1 8874/2
f 7972/3 7971/4 8694/1 8693/2
f 9232/13 8899/11 8379/5 9231/6
f 9029/65 8057/11 8056/5 8367/24
f 8373/31 9026/32 9038/56 8372/50
f 7975/3 9233/4 7699/1 7698/2
f 8552/3 8363/4 7703/1 7702/2
f 9234/3 8112/4 7707/1 7706/2
f 8530/3 9235/4 7711/1 7710/2
f 9236/3 8006/4 7715/1 7714/2
f 8075/91 8893/92 8899/5 8057/6
f 8912/16 9172/17 9173/18 8913/19
f 8914/16 9174/17 8795/18 8794/19
f 9239/16 8597/17 8600/18 9240/19
f 9212/16 8601/17 8604/18 8801/19
f 8537/16 9241/17 9242/18 8538/19
f 8541/16 9214/17 8805/18 8542/19
f 9243/16 8921/17 8922/18 9244/19
f 9216/16 8923/17 8811/18 8810/19
f 8437/16 9245/17 9246/18 8438/19
f 8441/16 9218/17 8817/18 8442/19
f 8287/16 8753/17 8754/20 8288/21
f 8291/16 8755/17 8756/18 8292/19
f 8295/16 8757/17 8758/18 8296/19
f 8299/16 8759/17 8760/18 8300/19
f 8303/16 8761/17 8762/18 8304/19
f 9205/16 7682/17 7685/20 9247/21
f 9248/16 7686/17 7689/18 9249/19
f 9250/16 7690/17 7693/18 9251/19
f 9252/16 7694/17 7697/18 9253/19
f 9190/16 8860/17 8861/18 9191/19
f 9192/16 8862/17 8823/18 8822/19
f 8870/16 9193/17 9194/18 8871/19
f 8874/16 9195/17 8831/18 8830/19
f 9258/5 9259/6 7578/7 9260/8
f 7579/9 7578/7 9261/12 7580/10
f 9262/5 9263/6 7582/7 9264/8
f 7583/9 7582/7 9265/12 7584/10
f 9266/5 9267/6 9268/7 9269/8
f 9269/8 9270/9 9271/10 9272/11
f 9273/5 9274/6 9275/7 9276/8
f 9276/8 9277/9 9278/10 9279/11
f 9288/5 9289/6 7586/7 9290/8
f 7587/9 7586/7 9291/12 7588/10
f 9292/5 9293/6 7590/7 9294/8
f 7591/9 7590/7 9295/12 7592/10
f 9259/5 9258/6 9260/7 7578/8
f 9263/5 9262/6 9264/7 7582/8
f 9267/5 9266/6 9269/7 9268/8
f 9270/9 9269/7 9272/12 9271/10
f 9274/5 9273/6 9276/7 9275/8
f 9277/9 9276/7 9279/12 9278/10
f 9289/5 9288/6 9290/7 7586/8
f 9293/5 9292/6 9294/7 7590/8
f 8683/36 9298/45 9165/46 8684/5
f 8579/36 8580/45 7838/46 7837/5
f 9300/5 8564/6 9301/7 9302/8
f 9303/9 9301/7 8150/12 9304/10
f 9305/5 9306/6 9307/7 9308/8
f 9309/9 9307/7 9310/12 9311/10
f 8564/5 9300/6 9302/7 9301/8
f 9301/8 9303/9 9304/10 8150/11
f 9306/5 9305/6 9308/7 9307/8
f 9307/8 9309/9 9311/10 9310/11
f 8478/1 8910/2 9170/3 8479/4
f 8699/1 8913/2 9173/3 8700/4
f 8916/1 8842/2 8841/3 9176/4
f 8486/1 9312/2 8594/3 8487/4
f 8706/1 9240/2 8600/3 8599/4
f 9179/1 8846/2 8608/3 8607/4
f 8494/1 8533/2 9313/3 8495/4
f 8539/1 8538/2 9242/3 8710/4
f 8547/1 8546/2 8849/3 9182/4
f 8502/1 9314/2 8919/3 8503/4
f 8715/1 9244/2 8922/3 8716/4
f 9185/1 8854/2 8853/3 8925/4
f 8431/1 8430/2 9315/3 8509/4
f 8439/1 8438/2 9246/3 8722/4
f 8447/1 8446/2 8858/3 9188/4
f 8888/13 9158/97 8238/98 8237/6
f 8558/13 7793/11 7792/5 8262/6
f 9191/1 8861/2 7954/3 7953/4
f 7962/1 7961/2 8864/3 9005/4
f 9094/1 8867/2 8081/3 8080/4
f 8978/1 8872/2 8871/3 9194/4
f 7970/1 7969/2 8692/3 8691/4
f 9316/13 9317/97 8377/98 8376/6
f 7614/75 7619/76 7816/5 8387/6
f 8892/91 8074/92 8060/5 9316/6
f 7613/27 7612/28 9317/5 9021/6
f 8688/13 9318/11 7613/5 7612/6
f 7850/13 8578/11 7614/5 7619/6
f 9009/44 9318/45 8688/46 9010/8
f 8587/44 8578/45 7850/46 7849/8
f 9220/5 8225/6 9320/7 9321/8
f 9321/8 9322/9 9323/10 9324/11
f 8034/40 9325/42 9326/12 8035/11
f 9327/13 9328/11 9329/40 8254/52
f 7784/40 9330/42 9331/12 7785/11
f 9325/11 9332/5 9321/36 9320/51
f 9333/5 9334/6 8034/12 8247/11
f 7764/13 8254/11 9335/5 7765/6
f 9330/93 9336/50 9337/36 9329/51
f 7812/40 9338/42 9336/12 7813/11
f 9023/5 8069/6 9339/12 9340/11
f 7776/13 9341/11 9030/5 7777/6
f 9039/36 9342/45 9338/47 9040/50
f 9343/36 9344/45 8069/46 8068/5
f 8522/16 9204/17 9345/20 8523/21
f 8524/16 9346/17 9347/18 8525/19
f 8526/16 9348/17 9349/18 8527/19
f 8528/16 9350/17 9351/18 8529/19
f 8735/16 9205/17 9247/20 8736/21
f 8737/16 9248/17 9249/18 8738/19
f 8739/16 9250/17 9251/18 8740/19
f 8741/16 9252/17 9253/18 8742/19
f 9233/16 7975/17 7976/18 8834/19
f 8363/16 8552/17 8553/18 8364/19
f 8112/16 9234/17 8835/18 8113/19
f 9235/16 8530/17 8531/18 8836/19
f 8006/16 9236/17 8837/18 8007/19
f 9196/16 8875/17 8876/20 9197/21
f 9198/16 8877/17 8878/18 9199/19
f 9200/16 8879/17 8880/18 9201/19
f 9202/16 8881/17 8882/18 9203/19
f 7711/16 9235/17 8836/18 7712/19
f 8073/5 9352/6 9353/7 8062/8
f 8076/5 9354/6 9343/7 8068/8
f 9161/5 9355/6 9356/7 9164/8
f 9162/13 9360/11 8902/8 8904/7
f 7832/13 8569/11 8576/8 7833/7
f 8501/16 9361/17 9314/18 8502/19
f 8505/16 9215/17 8808/18 8506/19
f 8714/16 9243/17 9244/18 8715/19
f 8718/16 9216/17 8810/18 8719/19
f 9184/16 8851/17 8854/18 9185/19
f 9186/16 8855/17 8813/18 8812/19
f 9362/1 9363/2 9364/3 9365/4
f 9363/3 9362/4 9365/1 9364/2
f 9366/1 9367/2 9368/3 9369/4
f 9367/3 9366/4 9369/1 9368/2
f 9370/1 9371/2 9372/3 9373/4
f 9371/3 9370/4 9373/1 9372/2
f 9374/1 9375/2 9376/3 9377/4
f 9375/3 9374/4 9377/1 9376/2
f 9378/1 9379/2 9380/3 9381/4
f 9379/3 9378/4 9381/1 9380/2
f 9382/1 9383/2 9384/3 9385/4
f 9383/3 9382/4 9385/1 9384/2
f 9386/16 8492/17 8495/18 9313/19
f 9213/16 8496/17 8499/18 8804/19
f 9241/16 8709/17 8710/18 9242/19
f 9214/16 8711/17 8712/18 8805/19
f 8848/16 9181/17 9182/18 8849/19
f 8850/16 9183/17 8807/18 8806/19
f 9387/1 9388/2 9389/3 9390/4
f 9388/3 9387/4 9390/1 9389/2
f 9391/1 9392/2 9393/3 9394/4
f 9392/3 9391/4 9394/1 9393/2
f 9395/1 9396/2 9397/3 9398/4
f 9396/3 9395/4 9398/1 9397/2
f 9399/1 9400/2 9401/3 9402/4
f 9400/3 9399/4 9402/1 9401/2
f 9403/1 9404/2 9405/3 9406/4
f 9404/3 9403/4 9406/1 9405/2
f 9407/1 9408/2 9409/3 9410/4
f 9408/3 9407/4 9410/1 9409/2
f 8064/8 9411/7 8196/12 8065/11
f 8070/8 9412/7 9413/12 8071/11
f 9414/8 9415/7 8197/12 8199/11
f 8250/50 9416/6 9417/7 8251/48
f 8253/50 9209/6 9327/7 8254/48
f 8620/13 8626/73 7877/74 7863/6
f 8131/13 8132/11 9418/5 8250/6
f 8256/13 9419/11 9221/5 8253/6
f 8135/13 8191/11 9020/5 8369/6
f 8366/13 9033/11 9029/5 8367/6
f 9360/14 9021/15 9027/7 9356/8
f 9415/9 9027/7 8191/12 8197/10
f 9355/13 7610/11 8903/69 8902/70
f 7651/9 8903/8 9421/5 7652/66
f 8217/67 7620/68 9298/7 8683/8
f 8416/9 9298/7 7610/12 8417/10
f 8420/9 8217/8 9422/5 7997/66
f 9423/67 8686/68 8907/7 8906/8
f 9008/9 8907/7 9318/12 9009/10
f 9012/9 9423/8 9424/5 9013/66
f 9425/8 8252/7 8130/12 8133/11
f 9426/8 8255/7 8257/12 9427/11
f 9028/8 9428/7 8190/12 8192/11
f 9031/8 9429/7 9430/12 9032/11
f 7699/16 9233/17 8834/18 7700/19
f 9439/5 9440/6 9441/7 9442/8
f 9443/9 9441/7 9444/12 9445/10
f 9446/5 9447/6 9448/7 9449/8
f 9450/9 9448/7 9451/12 9452/10
f 9440/5 9439/6 9442/7 9441/8
f 9441/8 9443/9 9445/10 9444/11
f 9447/5 9446/6 9449/7 9448/8
f 9448/8 9450/9 9452/10 9451/11
f 9453/5 9454/6 9455/7 9456/8
f 9456/8 9457/9 9458/10 9459/11
f 9454/5 9453/6 9456/7 9455/8
f 9457/9 9456/7 9459/12 9458/10
f 9487/13 9488/77 8111/78 8110/6
f 9489/13 9490/11 9491/5 9487/6
f 9492/13 9494/11 9488/5 9493/6
f 8629/13 8954/77 9494/78 9489/6
f 8909/16 9169/17 9170/18 8910/19
f 8911/16 9171/17 8793/18 8792/19
f 9496/16 8593/17 8594/18 9312/19
f 9211/16 8595/17 8596/18 8800/19
f 8532/16 9386/17 9313/18 8533/19
f 8534/16 9213/17 8804/18 8535/19
f 9361/16 8918/17 8919/18 9314/19
f 9215/16 8920/17 8809/18 8808/19
f 8429/16 9497/17 9315/18 8430/19
f 8433/16 9217/17 8816/18 8434/19
f 8267/16 8743/17 8744/20 8268/21
f 8271/16 8745/17 8746/18 8272/19
f 8275/16 8747/17 8748/18 8276/19
f 8279/16 8749/17 8750/18 8280/19
f 8283/16 8751/17 8752/18 8284/19
f 9204/16 7666/17 7669/20 9345/21
f 9346/16 7670/17 7673/18 9347/19
f 9348/16 7674/17 7677/18 9349/19
f 9350/16 7678/17 7681/18 9351/19
f 9234/16 7706/17 7709/18 8835/19
f 8485/16 9496/17 9312/18 8486/19
f 8489/16 9211/17 8800/18 8490/19
f 8705/16 9239/17 9240/18 8706/19
f 8707/16 9212/17 8801/18 8708/19
f 9178/16 8845/17 8846/18 9179/19
f 9180/16 8847/17 8803/18 8802/19
f 9497/16 8508/17 8509/18 9315/19
f 9217/16 8510/17 8511/18 8816/19
f 9245/16 8721/17 8722/18 9246/19
f 9218/16 8723/17 8724/18 8817/19
f 8857/16 9187/17 9188/18 8858/19
f 8859/16 9189/17 8819/18 8818/19
f 8215/41 8223/42 8884/12 8216/10
f 9100/39 9498/11 8230/40 9101/41
f 7884/41 8231/42 8555/12 7885/10
f 9499/8 8889/5 9324/36 9323/7
f 8055/89 9500/90 8223/5 8044/6
f 9501/66 8043/6 8044/12 8249/10
f 8257/39 8256/11 9419/5 9427/66
f 9035/114 9033/115 8256/5 8230/6
f 9502/48 8560/50 9159/36 9503/7
f 7798/13 8560/11 8231/5 7799/6
f 7892/41 8371/42 8560/12 7893/10
f 8054/34 9512/11 9511/5 8055/35
f 9025/66 8054/6 8055/12 9513/10
f 9430/39 8366/11 9033/5 9032/66
f 9067/44 8370/45 8371/47 9068/48
f 7822/13 8571/11 8371/5 7823/6
f 9413/44 8898/45 8054/46 8071/8
f 9013/123 9424/113 9168/33 9014/8
f 8592/123 8591/113 7853/33 7852/8
f 8030/40 9516/42 9517/12 8031/11
f 9417/13 9518/11 9519/40 8251/52
f 7780/40 9520/42 9521/12 7781/11
f 9522/5 9523/6 8030/12 8244/11
f 7760/13 8251/11 9524/5 7761/6
f 9520/93 9525/50 9526/36 9519/51
f 7808/40 9527/42 9525/12 7809/11
f 9018/5 8063/6 9528/12 9529/11
f 7772/13 9530/11 9027/5 7773/6
f 9353/36 9531/45 8063/46 8062/5
f 9356/36 9027/45 9532/46 9164/5
f 9537/9 7529/7 9538/12 9539/10
f 9540/9 7539/7 9541/12 9542/10
f 9543/5 9544/6 9545/7 7544/8
f 9546/5 9547/6 9548/7 7551/8
f 9557/9 7563/7 9558/12 9559/10
f 9560/9 7573/7 9561/12 9562/10
f 7529/8 9537/9 9539/10 9538/11
f 7539/8 9540/9 9542/10 9541/11
f 9544/5 9543/6 7544/7 9545/8
f 9547/5 9546/6 7551/7 9548/8
f 7563/8 9557/9 9559/10 9558/11
f 7573/8 9560/9 9562/10 9561/11
f 9322/8 9563/7 9499/12 9323/11
f 9564/8 9565/22 8136/23 8139/11
f 9566/8 9567/22 9502/23 9503/11
f 8243/5 9568/6 9522/7 8244/8
f 8246/5 9569/6 9333/7 8247/8
f 8365/5 9017/6 9018/7 9529/8
f 9570/5 9022/6 9023/7 9340/8
f 8686/6 9423/113 9167/33 8687/5
f 8589/6 8588/113 7845/33 7844/5
f 8625/13 8036/25 7876/26 7875/6
f 8887/13 9571/97 9158/98 8888/6
f 9219/13 9222/97 8821/98 8820/6
f 8626/13 7786/97 7789/98 7877/6
f 8137/13 7790/11 7793/14 8558/15
f 8560/13 7798/11 7801/14 8561/15
f 8245/8 9572/7 8128/12 8129/11
f 8248/8 9573/7 9501/12 8249/11
f 9574/8 9019/7 8188/12 8189/11
f 9575/8 9024/7 9025/12 9513/11
f 8236/29 8029/30 8028/5 9578/6
f 8909/3 8477/4 8476/1 9169/2
f 9579/5 9416/6 8250/54 8229/30
f 8912/3 8698/4 8697/1 9172/2
f 8228/29 7779/30 7778/5 9580/6
f 8839/3 8915/4 9175/1 8840/2
f 9496/3 8485/4 8484/1 8593/2
f 9239/3 8705/4 8598/1 8597/2
f 8845/3 9178/4 8606/1 8605/2
f 8532/3 8493/4 8492/1 9386/2
f 8537/3 8536/4 8709/1 9241/2
f 8545/3 8544/4 9181/1 8848/2
f 9361/3 8501/4 8500/1 8918/2
f 9243/3 8714/4 8713/1 8921/2
f 8851/3 9184/4 8924/1 8852/2
f 8429/3 8428/4 8508/1 9497/2
f 8437/3 8436/4 8721/1 9245/2
f 8445/3 8444/4 9187/1 8857/2
f 9581/13 8887/11 8236/5 9576/6
f 9418/65 8040/11 8029/5 8250/24
f 8563/112 8228/50 8229/6 9571/113
f 8375/54 8050/30 8040/5 8887/6
f 8369/54 8374/30 9571/5 9418/6
f 8567/29 7807/30 7806/5 8563/6
f 8860/3 9190/4 7952/1 7951/2
f 7960/3 7959/4 9004/1 8863/2
f 8866/3 9093/4 8079/1 8078/2
f 8869/3 8977/4 9193/1 8870/2
f 7968/3 7967/4 8690/1 8689/2
f 9619/13 8895/11 8375/5 9614/6
f 9020/65 8051/11 8050/5 8369/24
f 9034/13 8574/53 8567/50 8374/6
f 8072/91 8891/92 8895/5 8051/6
f 7611/27 7610/28 9020/5 9034/6
f 7618/27 7617/28 8574/5 7831/6
f 8417/44 7610/45 7611/46 8418/8
f 8422/44 7617/45 7618/46 7840/8
f 9625/5 9613/6 9626/7 9627/8
f 9628/9 9626/7 8178/12 9629/10
f 9630/5 9631/6 9632/7 9633/8
f 9634/9 9632/7 9635/12 9636/10
f 9613/5 9625/6 9627/7 9626/8
f 9626/8 9628/9 9629/10 8178/11
f 9631/5 9630/6 9633/7 9632/8
f 9632/8 9634/9 9636/10 9635/11
f 9236/16 7714/17 7717/18 8837/19
f 9637/1 9638/2 9639/3 9640/4
f 9638/3 9637/4 9640/1 9639/2
f 9641/1 9642/2 9643/3 9644/4
f 9642/3 9641/4 9644/1 9643/2
f 9645/1 9646/2 9647/3 9648/4
f 9646/3 9645/4 9648/1 9647/2
f 9649/1 9650/2 9651/3 9652/4
f 9650/3 9649/4 9652/1 9651/2
f 9653/1 9654/2 9655/3 9656/4
f 9654/3 9653/4 9656/1 9655/2
f 9657/1 9658/2 9659/3 9660/4
f 9658/3 9657/4 9660/1 9659/2
f 9661/16 9662/17 9663/18 9664/19
f 9665/1 9666/2 9667/3 9668/4
f 9666/3 9665/4 9668/1 9667/2
f 9669/1 9670/2 9671/3 9672/4
f 9670/3 9669/4 9672/1 9671/2
f 9673/5 9674/6 9675/7 9676/8
f 9677/9 9675/7 9678/12 9679/10
f 9674/5 9673/6 9676/7 9675/8
f 9675/8 9677/9 9679/10 9678/11
f 9680/1 9681/2 9682/3 9683/4
f 9681/3 9680/4 9683/1 9682/2
f 9684/1 9685/2 9686/3 9687/4
f 9685/3 9684/4 9687/1 9686/2
f 9688/5 9689/6 9690/7 9691/8
f 9692/5 9693/6 9694/7 9695/8
f 9696/13 9697/11 9698/14 9699/15
f 9704/13 9705/11 9706/14 9707/15
f 9712/5 9713/24 9714/22 9715/8
f 9716/13 9717/11 9718/14 9719/15
f 9724/8 9725/131 9726/132 9727/11
f 9728/5 9729/6 9730/7 9731/8
f 9731/8 9732/9 9733/10 9734/11
f 9735/5 9736/6 9737/7 9738/8
f 9739/9 9737/7 9740/12 9741/10
f 9742/5 9743/6 9744/7 9745/8
f 9746/9 9744/7 9747/12 9748/10
f 9729/5 9728/6 9731/7 9730/8
f 9732/9 9731/7 9734/12 9733/10
f 9736/5 9735/6 9738/7 9737/8
f 9737/8 9739/9 9741/10 9740/11
f 9743/5 9742/6 9745/7 9744/8
f 9744/8 9746/9 9748/10 9747/11
f 9749/13 9716/11 9719/14 9750/15
f 9753/5 9754/35 9755/131 9756/8
f 9757/8 9758/7 9759/12 9760/11
f 9761/8 9762/7 9763/12 9764/11
f 9765/8 9766/22 9767/23 9768/11
f 9769/16 9770/17 9771/18 9772/19
f 9773/16 9774/17 9775/18 9776/19
f 9777/16 9778/17 9779/18 9780/19
f 9781/16 9782/17 9783/20 9784/21
f 9785/16 9786/17 9787/18 9788/19
f 9789/16 9790/17 9791/18 9792/19
f 9793/16 9794/17 9795/18 9796/19
f 9797/16 9798/17 9799/18 9800/19
f 9801/16 9802/17 9803/18 9804/19
f 9805/16 9806/17 9807/18 9808/19
f 9770/16 9661/17 9664/18 9771/19
f 9809/16 9810/17 9811/18 9812/19
f 9813/16 9814/17 9815/20 9816/21
f 9817/16 9818/17 9819/18 9820/19
f 9810/16 9821/17 9822/18 9811/19
f 9823/16 9805/17 9808/18 9824/19
f 9825/16 9826/17 9827/18 9828/19
f 9829/16 9830/17 9831/18 9832/19
f 9782/3 9781/4 9833/1 9834/2
f 9814/3 9813/4 9835/1 9836/2
f 9840/33 9693/5 9692/6 9841/113
f 9778/3 9777/4 9842/1 9843/2
f 9845/133 9846/28 9847/5 9840/6
f 9848/3 9849/4 9850/1 9851/2
f 9826/3 9825/4 9853/1 9854/2
f 9814/16 9836/17 9855/20 9815/21
f 9818/16 9856/17 9857/18 9819/19
f 9858/16 9859/17 9860/18 9861/19
f 9830/16 9862/17 9863/18 9831/19
f 9866/13 9696/11 9699/14 9867/15
f 9869/13 9704/11 9707/14 9870/15
f 9847/5 9846/35 9872/131 9873/8
f 9877/5 9878/6 9879/7 9880/8
f 9881/9 9879/7 9882/12 9883/10
f 9878/5 9877/6 9880/7 9879/8
f 9879/8 9881/9 9883/10 9882/11
f 9802/16 9884/17 9885/18 9803/19
f 9759/8 9886/5 9887/36 9760/7
f 9866/13 9886/11 9697/5 9696/6
f 9767/48 9888/50 9866/36 9768/7
f 9749/13 9888/11 9717/5 9716/6
f 9891/39 9866/11 9874/14 9892/134
f 9726/134 9898/135 9888/12 9727/10
f 9901/136 9902/7 9891/12 9892/137
f 9903/8 9904/131 9905/132 9906/11
f 9776/1 9775/2 9907/3 9908/4
f 9909/13 9867/11 9699/5 9698/6
f 9800/1 9799/2 9910/3 9911/4
f 9804/1 9803/2 9885/3 9912/4
f 9808/1 9807/2 9913/3 9824/4
f 9771/1 9664/2 9663/3 9772/4
f 9812/1 9811/2 9822/3 9914/4
f 9915/13 9750/11 9719/5 9718/6
f 9916/1 9861/2 9860/3 9917/4
f 9832/1 9831/2 9863/3 9918/4
f 9919/5 9688/6 9691/7 9920/8
f 9920/8 9757/9 9760/10 9887/11
f 9841/5 9692/6 9695/7 9921/8
f 9921/8 9761/9 9764/10 9922/11
f 9694/11 9923/5 9921/36 9695/51
f 9872/14 9924/135 9923/12 9873/11
f 9849/16 9848/17 9925/18 9926/19
f 9927/16 9858/17 9861/18 9916/19
f 9928/1 9929/2 9930/3 9931/4
f 9929/3 9928/4 9931/1 9930/2
f 9932/1 9933/2 9934/3 9935/4
f 9933/3 9932/4 9935/1 9934/2
f 9798/16 9936/17 9910/18 9799/19
f 9937/1 9938/2 9939/3 9940/4
f 9938/3 9937/4 9940/1 9939/2
f 9941/1 9942/2 9943/3 9944/4
f 9942/3 9941/4 9944/1 9943/2
f 9945/1 9946/2 9947/3 9948/4
f 9946/3 9945/4 9948/1 9947/2
f 9949/1 9950/2 9951/3 9952/4
f 9950/3 9949/4 9952/1 9951/2
f 9953/1 9954/2 9955/3 9956/4
f 9954/3 9953/4 9956/1 9955/2
f 9957/1 9958/2 9959/3 9960/4
f 9958/3 9957/4 9960/1 9959/2
f 9961/5 9962/6 9963/7 9964/8
f 9965/9 9963/7 9895/12 9966/10
f 9962/5 9961/6 9964/7 9963/8
f 9963/8 9965/9 9966/10 9895/11
f 9717/13 9888/11 9915/14 9718/15
f 9970/1 9971/2 9972/3 9973/4
f 9971/3 9970/4 9973/1 9972/2
f 9974/1 9975/2 9976/3 9977/4
f 9975/3 9974/4 9977/1 9976/2
f 9833/16 9781/17 9784/20 9978/21
f 9979/16 9785/17 9788/18 9980/19
f 9981/16 9789/17 9792/18 9982/19
f 9983/16 9793/17 9796/18 9984/19
f 9850/16 9849/17 9926/18 9985/19
f 9853/16 9825/17 9828/18 9986/19
f 9875/5 9987/6 9988/7 9989/8
f 9989/8 9901/9 9892/10 9874/11
f 9846/5 9845/6 9924/7 9872/8
f 9904/9 9924/7 9990/12 9905/10
f 9754/5 9969/6 9993/7 9755/8
f 9725/9 9993/7 9898/12 9726/10
f 9886/13 9866/11 9867/14 9909/15
f 9995/13 9869/11 9870/14 9996/15
f 9888/13 9749/11 9750/14 9915/15
f 9854/16 9853/17 9986/18 9999/19
f 9862/16 10000/17 9918/18 9863/19
f 10001/16 9773/17 9776/18 9908/19
f 9842/16 9777/17 9780/18 10002/19
f 9782/16 9834/17 10003/20 9783/21
f 9786/16 10004/17 10005/18 9787/19
f 9790/16 10006/17 10007/18 9791/19
f 9794/16 10008/17 10009/18 9795/19
f 9848/16 9851/17 10010/18 9925/19
f 9826/16 9854/17 9999/18 9827/19
f 10011/16 9801/17 9804/18 9912/19
f 10012/16 9809/17 9812/18 9914/19
f 9835/16 9813/17 9816/20 10013/21
f 10014/16 9817/17 9820/18 10015/19
f 10016/16 9927/17 9916/18 9917/19
f 10000/16 9829/17 9832/18 9918/19
f 9851/16 9850/17 9985/18 10010/19
f 9859/16 10016/17 9917/18 9860/19
f 9774/16 10017/17 9907/18 9775/19
f 9778/16 9843/17 10018/18 9779/19
f 9763/8 9995/5 9922/36 9764/7
f 9869/13 9995/11 9705/5 9704/6
f 9905/134 9990/135 9995/12 9906/10
f 9780/1 9779/2 10018/3 10002/4
f 9996/13 9870/11 9707/5 9706/6
f 9926/1 9925/2 10010/3 9985/4
f 9828/1 9827/2 9999/3 9986/4
f 9690/11 10021/5 9920/36 9691/51
f 9714/93 10022/50 10023/36 9715/51
f 10021/13 10023/11 9989/14 9988/15
f 9755/14 9993/135 10022/12 9756/11
f 9697/13 9886/11 9909/14 9698/15
f 9705/13 9995/11 9996/14 9706/15
f 10024/5 10025/6 10026/7 10027/8
f 10028/9 10026/7 10029/12 10030/10
f 10025/5 10024/6 10027/7 10026/8
f 10026/8 10028/9 10030/10 10029/11
f 9998/33 9689/5 9688/6 9919/113
f 9774/3 9773/4 10001/1 10017/2
f 9968/112 9713/50 9712/6 9876/113
f 9798/3 9797/4 10031/1 9936/2
f 9802/3 9801/4 10011/1 9884/2
f 9806/3 9805/4 9823/1 10032/2
f 9661/3 9770/4 9769/1 9662/2
f 9810/3 9809/4 10012/1 9821/2
f 9876/5 9998/6 9987/27 9875/28
f 9969/133 9754/28 9753/5 9968/6
f 9858/3 9927/4 10016/1 9859/2
f 9830/3 9829/4 10000/1 9862/2
f 9806/16 10032/17 9913/18 9807/19
f 10017/16 10001/17 9908/18 9907/19
f 9843/16 9842/17 10002/18 10018/19
f 9834/16 9833/17 9978/20 10003/21
f 10004/16 9979/17 9980/18 10005/19
f 10006/16 9981/17 9982/18 10007/19
f 10008/16 9983/17 9984/18 10009/19
f 9936/16 10031/17 9911/18 9910/19
f 9884/16 10011/17 9912/18 9885/19
f 10032/16 9823/17 9824/18 9913/19
f 9662/16 9769/17 9772/18 9663/19
f 9821/16 10012/17 9914/18 9822/19
f 9836/16 9835/17 10013/20 9855/21
f 9856/16 10014/17 10015/18 9857/19
f 10031/16 9797/17 9800/18 9911/19
f 10037/1 10038/2 10039/3 10040/4
f 10038/3 10037/4 10040/1 10039/2
f 10041/1 10042/2 10043/3 10044/4
f 10042/3 10041/4 10044/1 10043/2
f 10045/16 10046/17 10047/18 10048/19
f 10049/16 10050/17 10051/18 10052/19
f 10053/1 10054/2 10055/3 10056/4
f 10054/3 10053/4 10056/1 10055/2
f 10057/1 10058/2 10059/3 10060/4
f 10058/3 10057/4 10060/1 10059/2
f 10061/1 10062/2 10063/3 10064/4
f 10062/3 10061/4 10064/1 10063/2
f 10065/1 10066/2 10067/3 10068/4
f 10066/3 10065/4 10068/1 10067/2
f 10069/16 10070/17 10071/18 10072/19
f 10073/16 10074/17 10075/18 10076/19
f 10077/1 10078/2 10079/3 10080/4
f 10078/3 10077/4 10080/1 10079/2
f 10081/1 10082/2 10083/3 10084/4
f 10082/3 10081/4 10084/1 10083/2
f 10085/136 10086/7 10087/12 10088/137
f 10089/16 10090/17 10091/20 10092/21
f 10093/16 10094/17 10095/18 10096/19
f 10097/16 10098/17 10099/18 10100/19
f 10101/16 10102/17 10103/18 10104/19
f 10105/16 10106/17 10107/18 10108/19
f 10109/16 10110/17 10111/18 10112/19
f 10113/16 10114/17 10115/20 10116/21
f 10117/16 10118/17 10119/18 10120/19
f 10121/16 10122/17 10123/18 10124/19
f 10125/16 10126/17 10127/18 10128/19
f 10129/1 10130/2 10131/3 10132/4
f 10130/3 10129/4 10132/1 10131/2
f 10133/1 10134/2 10135/3 10136/4
f 10134/3 10133/4 10136/1 10135/2
f 10137/16 10138/17 10139/18 10140/19
f 10141/16 10142/17 10143/18 10144/19
f 10145/13 10146/11 10147/14 10148/15
f 10153/5 10154/24 10155/22 10156/8
f 10157/13 10158/11 10159/14 10160/15
f 10165/13 10166/11 10167/14 10168/15
f 10173/5 10174/101 10175/105 10176/8
f 10177/5 10178/101 10179/105 10180/8
f 10181/16 10182/17 10183/18 10184/19
f 10185/16 10186/17 10187/18 10188/19
f 10189/5 10190/6 10191/7 10192/8
f 10193/9 10191/7 10194/12 10195/10
f 10190/5 10189/6 10192/7 10191/8
f 10191/8 10193/9 10195/10 10194/11
f 10196/13 10145/11 10148/14 10197/15
f 10203/5 10204/6 10205/7 10206/8
f 10206/8 10207/9 10208/10 10209/11
f 10210/5 10211/6 10212/7 10213/8
f 10214/9 10212/7 10215/12 10216/10
f 10217/5 10218/6 10219/7 10220/8
f 10220/8 10221/9 10222/10 10223/11
f 10204/5 10203/6 10206/7 10205/8
f 10207/9 10206/7 10209/12 10208/10
f 10211/5 10210/6 10213/7 10212/8
f 10212/8 10214/9 10216/10 10215/11
f 10218/5 10217/6 10220/7 10219/8
f 10221/9 10220/7 10223/12 10222/10
f 10224/8 10225/22 10226/23 10227/11
f 10228/8 10229/105 10230/121 10231/11
f 10232/8 10233/105 10234/121 10235/11
f 10236/16 10113/17 10116/20 10237/21
f 10238/16 10117/17 10120/18 10239/19
f 10240/16 10241/17 10242/18 10243/19
f 10244/16 10245/17 10246/18 10247/19
f 10248/16 10249/17 10250/18 10251/19
f 10252/16 10253/17 10254/18 10255/19
f 10256/16 10257/17 10258/18 10259/19
f 10090/16 10260/17 10261/20 10091/21
f 10094/16 10262/17 10263/18 10095/19
f 10098/16 10264/17 10265/18 10099/19
f 10102/16 10266/17 10267/18 10103/19
f 10070/16 10137/17 10140/18 10071/19
f 10074/16 10141/17 10144/18 10075/19
f 10268/16 10045/17 10048/18 10269/19
f 10270/16 10049/17 10052/18 10271/19
f 10272/16 10181/17 10184/18 10273/19
f 10274/16 10185/17 10188/18 10275/19
f 10276/16 10277/17 10278/18 10279/19
f 10280/16 10281/17 10282/18 10283/19
f 10284/5 10285/6 10286/7 10287/8
f 10288/9 10286/7 10289/12 10290/10
f 10285/5 10284/6 10287/7 10286/8
f 10286/8 10288/9 10290/10 10289/11
f 10291/16 10272/17 10273/18 10292/19
f 10293/16 10274/17 10275/18 10294/19
f 10295/16 10125/17 10128/18 10296/19
f 10110/16 10297/17 10298/18 10111/19
f 10299/16 10236/17 10237/20 10300/21
f 10301/16 10238/17 10239/18 10302/19
f 10303/16 10304/17 10305/18 10306/19
f 10307/16 10295/17 10296/18 10308/19
f 10113/3 10236/4 10299/1 10114/2
f 10260/3 10090/4 10089/1 10309/2
f 10313/118 10178/58 10177/6 10314/113
f 10141/3 10074/4 10073/1 10142/2
f 10049/3 10270/4 10315/1 10050/2
f 10185/3 10274/4 10293/1 10186/2
f 10281/3 10280/4 10316/1 10317/2
f 10314/5 10318/6 10319/27 10320/28
f 10321/3 10106/4 10105/1 10322/2
f 10297/3 10110/4 10109/1 10328/2
f 10257/16 10329/17 10330/18 10258/19
f 10331/13 10157/11 10160/14 10332/15
f 10334/13 10165/11 10168/14 10335/15
f 10343/16 10276/17 10279/18 10344/19
f 10316/16 10280/17 10283/18 10345/19
f 10346/8 10347/131 10348/132 10349/11
f 10350/136 10351/7 10352/12 10353/137
f 10354/16 10268/17 10269/18 10355/19
f 10315/16 10270/17 10271/18 10356/19
f 10196/13 10357/11 10146/5 10145/6
f 10226/48 10358/50 10196/36 10227/7
f 10331/13 10358/11 10158/5 10157/6
f 10230/63 10359/58 10331/36 10231/7
f 10087/39 10196/11 10200/14 10088/134
f 10348/134 10365/135 10358/12 10349/10
f 10371/5 10372/6 10373/7 10374/8
f 10375/9 10373/7 10367/12 10376/10
f 10377/5 10324/6 10378/7 10379/8
f 10380/9 10378/7 10381/12 10382/10
f 10372/5 10371/6 10374/7 10373/8
f 10373/8 10375/9 10376/10 10367/11
f 10324/5 10377/6 10379/7 10378/8
f 10378/8 10380/9 10382/10 10381/11
f 10383/13 10197/11 10148/5 10147/6
f 10243/1 10242/2 10384/3 10385/4
f 10247/1 10246/2 10386/3 10387/4
f 10251/1 10250/2 10388/3 10389/4
f 10255/1 10254/2 10390/3 10391/4
f 10259/1 10258/2 10330/3 10392/4
f 10393/13 10332/11 10160/5 10159/6
f 10071/1 10140/2 10139/3 10072/4
f 10269/1 10048/2 10047/3 10355/4
f 10273/1 10184/2 10183/3 10292/4
f 10279/1 10278/2 10394/3 10344/4
f 10305/1 10124/2 10123/3 10306/4
f 10296/1 10128/2 10127/3 10308/4
f 10179/120 10395/58 10396/36 10180/51
f 10397/13 10396/11 10398/14 10399/15
f 10174/5 10400/6 10401/7 10175/8
f 10229/9 10401/7 10359/12 10230/10
f 10178/5 10313/6 10395/7 10179/8
f 10233/9 10395/7 10402/12 10234/10
f 10304/16 10121/17 10124/18 10305/19
f 10106/16 10321/17 10403/18 10107/19
f 10260/16 10309/17 10404/20 10261/21
f 10262/16 10405/17 10406/18 10263/19
f 10264/16 10407/17 10408/18 10265/19
f 10266/16 10409/17 10410/18 10267/19
f 10321/16 10322/17 10411/18 10403/19
f 10297/16 10328/17 10412/18 10298/19
f 10413/1 10414/2 10415/3 10416/4
f 10414/3 10413/4 10416/1 10415/2
f 10417/1 10418/2 10419/3 10420/4
f 10418/3 10417/4 10420/1 10419/2
f 10421/1 10422/2 10423/3 10424/4
f 10422/3 10421/4 10424/1 10423/2
f 10425/1 10426/2 10427/3 10428/4
f 10426/3 10425/4 10428/1 10427/2
f 10429/1 10430/2 10431/3 10432/4
f 10430/3 10429/4 10432/1 10431/2
f 10433/1 10434/2 10435/3 10436/4
f 10434/3 10433/4 10436/1 10435/2
f 10437/1 10438/2 10439/3 10440/4
f 10438/3 10437/4 10440/1 10439/2
f 10441/1 10442/2 10443/3 10444/4
f 10442/3 10441/4 10444/1 10443/2
f 10445/16 10248/17 10251/18 10389/19
f 10446/1 10447/2 10448/3 10449/4
f 10447/3 10446/4 10449/1 10448/2
f 10450/1 10451/2 10452/3 10453/4
f 10451/3 10450/4 10453/1 10452/2
f 10253/16 10454/17 10390/18 10254/19
f 10455/5 10456/6 10457/7 10458/8
f 10459/9 10457/7 10362/12 10460/10
f 10456/5 10455/6 10458/7 10457/8
f 10457/8 10459/9 10460/10 10362/11
f 10201/5 10461/6 10462/7 10463/8
f 10463/8 10085/9 10088/10 10200/11
f 10339/5 10466/6 10467/7 10468/8
f 10347/9 10467/7 10365/12 10348/10
f 10320/5 10319/6 10399/7 10398/8
f 10398/8 10350/9 10353/10 10341/11
f 10357/13 10196/11 10197/14 10383/15
f 10358/13 10331/11 10332/14 10393/15
f 10475/13 10334/11 10335/14 10476/15
f 10481/5 10482/6 10483/7 10484/8
f 10485/9 10483/7 10486/12 10487/10
f 10482/5 10481/6 10484/7 10483/8
f 10483/8 10485/9 10487/10 10486/11
f 10146/13 10357/11 10383/14 10147/15
f 10461/26 10488/6 10489/7 10462/136
f 10490/16 10240/17 10243/18 10385/19
f 10126/16 10307/17 10308/18 10127/19
f 10328/16 10109/17 10112/18 10412/19
f 10491/16 10244/17 10247/18 10387/19
f 10249/16 10492/17 10388/18 10250/19
f 10493/16 10256/17 10259/18 10392/19
f 10122/16 10303/17 10306/18 10123/19
f 10322/16 10105/17 10108/18 10411/19
f 10245/16 10494/17 10386/18 10246/19
f 10158/13 10358/11 10393/14 10159/15
f 10166/13 10475/11 10476/14 10167/15
f 10319/26 10318/6 10397/7 10399/136
f 10334/13 10475/11 10166/5 10165/6
f 10234/63 10402/58 10334/36 10235/7
f 10352/39 10334/11 10341/14 10353/134
f 10476/13 10335/11 10168/5 10167/6
f 10075/1 10144/2 10143/3 10076/4
f 10271/1 10052/2 10051/3 10356/4
f 10275/1 10188/2 10187/3 10294/4
f 10283/1 10282/2 10496/3 10345/4
f 10107/1 10403/2 10411/3 10108/4
f 10111/1 10298/2 10412/3 10112/4
f 10155/93 10497/50 10498/36 10156/51
f 10175/120 10401/58 10499/36 10176/51
f 10489/13 10498/11 10463/14 10462/15
f 10468/14 10467/135 10497/12 10499/11
f 10500/16 10252/17 10255/18 10391/19
f 10501/5 10502/6 10503/7 10504/8
f 10505/9 10503/7 10506/12 10507/10
f 10508/5 10509/6 10510/7 10511/8
f 10512/9 10510/7 10513/12 10514/10
f 10502/5 10501/6 10504/7 10503/8
f 10503/8 10505/9 10507/10 10506/11
f 10509/5 10508/6 10511/7 10510/8
f 10510/8 10512/9 10514/10 10513/11
f 10515/5 10479/6 10516/7 10517/8
f 10518/9 10516/7 10369/12 10519/10
f 10520/5 10326/6 10521/7 10522/8
f 10523/9 10521/7 10480/12 10524/10
f 10479/5 10515/6 10517/7 10516/8
f 10516/8 10518/9 10519/10 10369/11
f 10326/5 10520/6 10522/7 10521/8
f 10521/8 10523/9 10524/10 10480/11
f 10478/112 10154/50 10153/6 10202/113
f 10241/3 10240/4 10490/1 10525/2
f 10245/3 10244/4 10491/1 10494/2
f 10249/3 10248/4 10445/1 10492/2
f 10253/3 10252/4 10500/1 10454/2
f 10257/3 10256/4 10493/1 10329/2
f 10400/118 10174/58 10173/6 10340/113
f 10137/3 10070/4 10069/1 10138/2
f 10045/3 10268/4 10354/1 10046/2
f 10181/3 10272/4 10291/1 10182/2
f 10277/3 10276/4 10343/1 10526/2
f 10202/5 10488/6 10461/27 10201/28
f 10121/3 10304/4 10303/1 10122/2
f 10466/133 10339/28 10340/5 10478/6
f 10125/3 10295/4 10307/1 10126/2
f 10241/16 10525/17 10384/18 10242/19
f 10114/16 10299/17 10300/20 10115/21
f 10118/16 10301/17 10302/18 10119/19
f 10525/16 10490/17 10385/18 10384/19
f 10494/16 10491/17 10387/18 10386/19
f 10492/16 10445/17 10389/18 10388/19
f 10454/16 10500/17 10391/18 10390/19
f 10329/16 10493/17 10392/18 10330/19
f 10309/16 10089/17 10092/20 10404/21
f 10405/16 10093/17 10096/18 10406/19
f 10407/16 10097/17 10100/18 10408/19
f 10409/16 10101/17 10104/18 10410/19
f 10138/16 10069/17 10072/18 10139/19
f 10142/16 10073/17 10076/18 10143/19
f 10046/16 10354/17 10355/18 10047/19
f 10050/16 10315/17 10356/18 10051/19
f 10182/16 10291/17 10292/18 10183/19
f 10186/16 10293/17 10294/18 10187/19
f 10526/16 10343/17 10344/18 10394/19
f 10317/16 10316/17 10345/18 10496/19
f 10277/16 10526/17 10394/18 10278/19
f 10281/16 10317/17 10496/18 10282/19
f 10530/8 10531/9 10532/10 10533/11
f 10534/8 10535/9 10536/10 10537/11
f 10538/8 10539/9 10540/10 10541/11
f 10542/8 10543/9 10544/10 10545/11
f 10546/5 10547/6 10548/7 10549/8
f 10550/5 10551/6 10552/7 10553/8
f 10554/5 10555/6 10556/7 10557/8
f 10557/8 10558/9 10559/10 10560/11
f 10561/5 10562/6 10563/7 10564/8
f 10564/8 10565/9 10566/10 10567/11
f 10568/8 10569/7 10570/12 10571/11
f 10572/48 10573/7 10574/12 10575/49
f 10576/48 10577/7 10578/12 10579/49
f 10580/1 10581/2 10582/3 10583/4
f 10581/3 10580/4 10583/1 10582/2
f 10584/1 10585/2 10586/3 10587/4
f 10585/3 10584/4 10587/1 10586/2
f 10588/1 10589/2 10590/3 10591/4
f 10589/3 10588/4 10591/1 10590/2
f 10592/1 10593/2 10594/3 10595/4
f 10593/3 10592/4 10595/1 10594/2
f 10596/1 10597/2 10598/3 10599/4
f 10597/3 10596/4 10599/1 10598/2
f 10600/1 10601/2 10602/3 10603/4
f 10601/3 10600/4 10603/1 10602/2
f 10604/1 10605/2 10606/3 10607/4
f 10605/3 10604/4 10607/1 10606/2
f 10608/1 10609/2 10610/3 10611/4
f 10609/3 10608/4 10611/1 10610/2
f 10612/1 10613/2 10614/3 10615/4
f 10613/3 10612/4 10615/1 10614/2
f 10616/1 10617/2 10618/3 10619/4
f 10617/3 10616/4 10619/1 10618/2
f 10620/1 10621/2 10622/3 10623/4
f 10621/3 10620/4 10623/1 10622/2
f 10624/1 10625/2 10626/3 10627/4
f 10625/3 10624/4 10627/1 10626/2
f 10628/1 10629/2 10630/3 10631/4
f 10629/3 10628/4 10631/1 10630/2
f 10632/1 10633/2 10634/3 10635/4
f 10633/3 10632/4 10635/1 10634/2
f 10636/1 10637/2 10638/3 10639/4
f 10637/3 10636/4 10639/1 10638/2
f 10640/1 10641/2 10642/3 10643/4
f 10641/3 10640/4 10643/1 10642/2
f 10644/1 10645/2 10646/3 10647/4
f 10645/3 10644/4 10647/1 10646/2
f 10648/1 10649/2 10650/3 10651/4
f 10649/3 10648/4 10651/1 10650/2
f 10652/5 10653/6 10654/7 10655/8
f 10656/5 10657/6 10658/7 10659/8
f 10660/5 10661/6 10662/7 10663/8
f 10664/5 10665/6 10666/7 10667/8
f 10555/5 10674/6 10675/7 10556/8
f 10562/5 10676/6 10677/7 10563/8
f 10696/5 10697/6 10698/7 10699/8
f 10699/8 10700/9 10701/10 10702/11
f 10697/5 10703/6 10704/7 10698/8
f 10705/13 10706/11 10707/5 10708/6
f 10709/34 10710/11 10711/5 10712/35
f 10713/13 10714/11 10715/14 10716/15
f 10721/13 10705/11 10722/14 10723/15
f 10716/14 10728/15 10729/7 10730/8
f 10730/8 10731/9 10732/10 10713/11
f 10733/13 10734/11 10735/69 10736/70
f 10736/7 10737/9 10738/66 10739/6
f 10740/67 10741/68 10742/7 10743/8
f 10743/8 10744/9 10745/10 10733/11
f 10741/7 10746/9 10747/66 10748/6
f 10749/67 10750/68 10751/7 10752/8
f 10752/8 10753/9 10754/10 10755/11
f 10750/7 10756/9 10757/66 10758/6
f 10759/67 10760/68 10761/7 10762/8
f 10762/8 10763/9 10764/10 10765/11
f 10760/7 10766/9 10767/66 10768/6
f 10769/67 10770/68 10771/7 10772/8
f 10772/8 10773/9 10774/10 10775/11
f 10770/7 10776/9 10777/66 10778/6
f 10778/14 10779/15 10780/7 10781/8
f 10781/8 10782/9 10783/10 10784/11
f 10785/13 10786/11 10787/14 10788/15
f 10793/13 10794/11 10779/14 10795/15
f 10800/5 10801/24 10802/22 10803/8
f 10804/5 10805/24 10806/22 10807/8
f 10808/13 10809/11 10810/14 10811/15
f 10816/13 10817/11 10818/14 10819/15
f 10824/13 10825/11 10826/5 10827/6
f 10828/13 10829/11 10830/5 10831/6
f 10835/13 10733/11 10836/5 10832/6
f 10830/13 10831/11 10837/69 10838/70
f 10836/13 10832/11 10841/69 10740/70
f 10843/13 10844/11 10845/5 10678/6
f 10846/13 10847/11 10689/5 10848/6
f 10849/13 10850/11 10711/5 10692/6
f 10851/13 10852/25 10844/26 10842/6
f 10853/13 10712/97 10850/98 10846/6
f 10854/13 10855/25 10856/26 10857/6
f 10858/13 10827/97 10826/98 10859/6
f 10700/8 10860/7 10861/12 10701/11
f 10862/8 10863/22 10864/23 10865/11
f 10866/8 10867/22 10868/23 10869/11
f 10870/14 10871/15 10872/7 10873/8
f 10876/14 10874/15 10875/7 10761/8
f 10870/13 10871/11 10877/69 10878/70
f 10876/13 10874/11 10883/69 10769/70
f 10934/5 10935/6 10936/7 10937/8
f 10938/9 10936/7 10939/12 10940/10
f 10935/5 10934/6 10937/7 10936/8
f 10936/8 10938/9 10940/10 10939/11
f 10941/5 10942/6 10943/7 10944/8
f 10944/8 10945/9 10946/10 10947/11
f 10948/5 10949/6 10950/7 10951/8
f 10951/8 10952/9 10953/10 10954/11
f 10955/5 10941/6 10944/7 10956/8
f 10945/9 10944/7 10947/12 10946/10
f 10957/5 10948/6 10951/7 10958/8
f 10952/9 10951/7 10954/12 10953/10
f 10959/8 10960/7 10961/12 10962/11
f 10963/7 10964/8 10965/5 10966/6
f 10744/8 10967/7 10968/12 10745/11
f 10746/7 10973/8 10974/5 10747/6
f 10975/8 10976/7 10977/12 10978/11
f 10979/7 10980/8 10981/5 10982/6
f 10773/8 10983/7 10984/12 10774/11
f 10776/7 10989/8 10990/5 10777/6
f 10993/5 10994/6 10995/7 10996/8
f 10997/9 10995/7 10998/12 10999/10
f 11000/5 11001/6 11002/7 11003/8
f 11004/9 11002/7 11005/12 11006/10
f 10994/5 10993/6 10996/7 10995/8
f 10995/8 10997/9 10999/10 10998/11
f 11001/5 11000/6 11003/7 11002/8
f 11002/8 11004/9 11006/10 11005/11
f 11041/34 11042/11 10857/5 10856/35
f 11028/71 11043/11 11044/5 11045/72
f 11032/71 11009/11 11050/5 11051/72
f 10825/71 11064/11 10859/5 10826/72
f 10809/13 11037/11 11065/14 10810/15
f 10817/13 11039/11 11068/14 10818/15
f 11071/16 11072/17 11073/20 11074/21
f 11075/16 11076/17 11077/18 11078/19
f 11079/16 11080/17 11081/18 11082/19
f 11083/16 11084/17 11085/18 11086/19
f 11087/16 11088/17 11089/20 11090/21
f 11091/16 11092/17 11093/18 11094/19
f 11095/16 11096/17 11097/18 11098/19
f 11099/16 11100/17 11101/18 11102/19
f 11103/16 11104/17 11105/18 11106/19
f 11107/16 11108/17 11109/18 11110/19
f 11111/16 11112/17 11113/18 11114/19
f 11115/16 11116/17 11117/18 11118/19
f 11119/16 11120/17 11121/18 11122/19
f 11123/16 11124/17 11125/20 11126/21
f 11127/16 11128/17 11129/18 11130/19
f 11131/16 11132/17 11133/18 11134/19
f 11135/16 11136/17 11137/18 11138/19
f 11139/16 11140/17 11141/18 11142/19
f 11104/16 11143/17 11144/18 11105/19
f 10965/123 11155/124 11156/28 10966/8
f 10974/123 11157/124 11158/28 10747/8
f 10882/13 11161/11 11155/5 11156/6
f 10775/13 10881/11 11157/5 11158/6
f 10977/44 11161/45 10882/46 10978/8
f 10984/44 10881/45 10775/46 10774/8
f 11177/16 11178/17 11179/18 11180/19
f 11181/16 11119/17 11122/18 11182/19
f 11208/34 11209/11 10845/5 10852/35
f 11210/13 11211/11 11212/5 11213/6
f 11216/13 11217/11 11218/5 11219/6
f 11222/14 11223/15 11224/7 11225/8
f 11225/8 11226/9 11227/10 11210/11
f 11228/14 11229/15 11230/7 11231/8
f 11231/8 11232/9 11233/10 11216/11
f 11234/65 11235/11 11223/5 11236/24
f 11237/65 11238/11 11229/5 11239/24
f 11236/14 11240/15 11241/7 11242/8
f 11243/9 11241/7 11244/12 11245/10
f 11239/14 11246/15 11247/7 11248/8
f 11249/9 11247/7 11250/12 11251/10
f 11252/13 11244/11 11253/5 11254/6
f 11257/13 11250/11 11258/5 11259/6
f 11262/13 11011/11 11014/5 10547/6
f 11264/13 11015/11 11018/5 10551/6
f 11266/13 11041/11 10856/5 10855/6
f 11267/16 11268/17 11269/18 11270/19
f 11271/16 11111/17 11114/18 11272/19
f 11211/13 11273/11 11276/5 11277/6
f 11284/13 11282/11 11283/5 11285/6
f 10861/66 11290/6 10702/12 10701/10
f 11210/34 11291/11 11274/5 11211/35
f 11292/66 11210/6 11211/12 11293/10
f 11294/39 11282/11 11295/5 11296/66
f 10713/71 11295/11 11282/5 10714/72
f 11300/44 11299/45 11210/46 11227/8
f 11301/44 11295/45 11302/46 11303/8
f 11310/44 11309/45 10713/46 10732/8
f 11245/8 11244/5 11317/36 11319/7
f 11252/34 11320/11 11318/5 11244/35
f 11321/66 11252/6 11244/12 11322/10
f 11323/39 11324/11 11325/5 11326/66
f 11327/114 10560/115 11324/5 11328/6
f 11329/48 11330/50 11331/36 11332/7
f 10785/13 11330/11 11333/5 10786/6
f 11011/54 11337/30 11336/5 11252/6
f 10864/41 11341/42 11330/12 10865/10
f 11262/34 11376/11 11372/5 11011/35
f 11377/66 11262/6 11011/12 11378/10
f 11379/39 11023/11 10560/5 10559/66
f 10574/44 11025/45 11037/47 10575/48
f 10808/13 11380/11 11037/5 10809/6
f 10837/6 11381/113 11382/33 10838/5
f 10841/6 11383/113 10741/33 10740/5
f 10872/36 11386/45 11384/46 10873/5
f 10875/36 11385/45 10762/46 10761/5
f 11387/16 11388/17 11389/18 11390/19
f 11391/16 11392/17 11393/18 11394/19
f 11395/1 11396/2 11397/3 11398/4
f 11396/3 11395/4 11398/1 11397/2
f 11399/1 11400/2 11401/3 11402/4
f 11400/3 11399/4 11402/1 11401/2
f 11403/1 11404/2 11405/3 11406/4
f 11404/3 11403/4 11406/1 11405/2
f 11407/1 11408/2 11409/3 11410/4
f 11408/3 11407/4 11410/1 11409/2
f 11411/1 11412/2 11413/3 11414/4
f 11412/3 11411/4 11414/1 11413/2
f 11415/1 11416/2 11417/3 11418/4
f 11416/3 11415/4 11418/1 11417/2
f 11419/1 11420/2 11421/3 11422/4
f 11420/3 11419/4 11422/1 11421/2
f 11423/1 11424/2 11425/3 11426/4
f 11424/3 11423/4 11426/1 11425/2
f 11427/1 11428/2 11429/3 11430/4
f 11428/3 11427/4 11430/1 11429/2
f 11431/16 11432/17 11433/18 11434/19
f 11435/16 11107/17 11110/18 11436/19
f 11437/16 11438/17 11439/18 11440/19
f 11441/16 11442/17 11443/18 11444/19
f 11445/1 11446/2 11447/3 11448/4
f 11446/3 11445/4 11448/1 11447/2
f 11449/1 11450/2 11451/3 11452/4
f 11450/3 11449/4 11452/1 11451/2
f 11453/1 11454/2 11455/3 11456/4
f 11454/3 11453/4 11456/1 11455/2
f 11457/1 11458/2 11459/3 11460/4
f 11458/3 11457/4 11460/1 11459/2
f 11461/1 11462/2 11463/3 11464/4
f 11462/3 11461/4 11464/1 11463/2
f 11465/1 11466/2 11467/3 11468/4
f 11466/3 11465/4 11468/1 11467/2
f 11469/1 11470/2 11471/3 11472/4
f 11470/3 11469/4 11472/1 11471/2
f 11473/1 11474/2 11475/3 11476/4
f 11474/3 11473/4 11476/1 11475/2
f 11477/1 11478/2 11479/3 11480/4
f 11478/3 11477/4 11480/1 11479/2
f 11481/1 11482/2 11483/3 11484/4
f 11482/3 11481/4 11484/1 11483/2
f 11485/1 11486/2 11487/3 11488/4
f 11486/3 11485/4 11488/1 11487/2
f 11489/1 11490/2 11491/3 11492/4
f 11490/3 11489/4 11492/1 11491/2
f 11493/1 11494/2 11495/3 11496/4
f 11494/3 11493/4 11496/1 11495/2
f 11497/1 11498/2 11499/3 11500/4
f 11498/3 11497/4 11500/1 11499/2
f 11501/1 11502/2 11503/3 11504/4
f 11502/3 11501/4 11504/1 11503/2
f 11505/1 11506/2 11507/3 11508/4
f 11506/3 11505/4 11508/1 11507/2
f 11509/1 11510/2 11511/3 11512/4
f 11510/3 11509/4 11512/1 11511/2
f 11513/1 11514/2 11515/3 11516/4
f 11514/3 11513/4 11516/1 11515/2
f 11517/16 11518/17 11519/20 11520/21
f 11521/16 11522/17 11523/18 11524/19
f 11525/16 11526/17 11527/18 11528/19
f 11529/16 11530/17 11531/18 11532/19
f 11533/16 11534/17 11535/18 11536/19
f 11537/16 11071/17 11074/20 11538/21
f 11539/16 11075/17 11078/18 11540/19
f 11541/16 11079/17 11082/18 11542/19
f 11543/16 11083/17 11086/18 11544/19
f 11545/16 11546/17 11547/20 11548/21
f 11549/16 11550/17 11551/18 11552/19
f 11553/16 11554/17 11555/18 11556/19
f 11557/16 11558/17 11559/18 11560/19
f 11561/16 11562/17 11563/18 11564/19
f 11565/16 11566/17 11567/18 11568/19
f 11116/16 11569/17 11570/18 11117/19
f 11582/71 11583/11 11584/5 11585/72
f 11587/71 11588/11 11589/5 11590/72
f 10714/13 11290/11 11596/14 10715/15
f 10708/13 11598/11 11599/5 10722/6
f 11518/16 11601/17 11602/20 11519/21
f 11522/16 11603/17 11604/18 11523/19
f 11526/16 11605/17 11606/18 11527/19
f 11530/16 11607/17 11608/18 11531/19
f 11534/16 11609/17 11610/18 11535/19
f 11611/16 11612/17 11613/20 11614/21
f 11615/16 11616/17 11617/18 11618/19
f 11619/16 11620/17 11621/18 11622/19
f 11623/16 11624/17 11625/18 11626/19
f 11627/16 11628/17 11629/18 11630/19
f 11631/16 11139/17 11142/18 11632/19
f 11432/16 11633/17 11634/18 11433/19
f 11268/16 11635/17 11636/18 11269/19
f 11637/16 11565/17 11568/18 11638/19
f 11178/16 11639/17 11640/18 11179/19
f 11641/16 11642/17 11643/20 11644/21
f 11645/16 11646/17 11647/18 11648/19
f 11649/16 11650/17 11651/18 11652/19
f 11653/16 11654/17 11655/18 11656/19
f 11657/16 11658/17 11659/18 11660/19
f 11633/16 11661/17 11662/18 11634/19
f 11108/16 11663/17 11664/18 11109/19
f 11665/13 11666/25 11667/26 11596/6
f 11598/13 11669/11 11670/5 11599/6
f 11666/13 10835/11 10840/69 11675/70
f 11676/9 10840/8 11677/5 11678/66
f 11383/67 10841/68 11681/7 11680/8
f 10967/9 11681/7 10835/12 10968/10
f 10973/9 11383/8 11682/5 10974/66
f 11689/67 11690/68 11686/7 11685/8
f 11687/9 11686/7 11679/12 11688/10
f 11691/9 11689/8 11692/5 11693/66
f 10880/67 11696/68 11385/7 10875/8
f 11694/9 11385/7 11684/12 11695/10
f 11697/9 10880/8 11698/5 11699/66
f 11703/67 10883/68 11702/7 11701/8
f 10983/9 11702/7 10881/12 10984/10
f 10989/9 11703/8 11704/5 10990/66
f 11706/13 11708/25 11709/26 11704/6
f 11333/13 11330/11 11710/14 11711/15
f 11037/13 11380/11 11722/14 11065/15
f 11039/13 11724/11 11725/14 11068/15
f 11727/14 11728/15 11729/7 11730/8
f 11731/14 11683/15 11680/7 10742/8
f 11727/13 11728/11 11732/69 11733/70
f 11731/13 11683/11 11690/69 10749/70
f 11735/8 11736/7 11737/12 11738/11
f 11739/7 11740/8 11741/5 11742/6
f 10753/8 11687/7 11688/12 10754/11
f 10756/7 11691/8 11693/5 10757/6
f 11749/13 11745/11 11748/5 11209/6
f 11750/13 11751/11 11752/5 11753/6
f 11756/13 11754/11 11755/5 10710/6
f 11208/34 11757/11 11746/5 11749/35
f 10709/71 11758/11 11751/5 11756/72
f 11266/34 11759/11 11042/5 11041/35
f 10824/71 11760/11 11064/5 10825/72
f 11809/5 11810/6 11811/7 11812/8
f 11813/9 11811/7 11814/12 11815/10
f 11810/5 11809/6 11812/7 11811/8
f 11811/8 11813/9 11815/10 11814/11
f 11027/5 11816/6 11817/7 11818/8
f 11818/8 11819/9 11820/10 11026/11
f 11031/5 11821/6 11822/7 11823/8
f 11823/8 11824/9 11825/10 11030/11
f 11826/5 11027/6 11818/7 11827/8
f 11819/9 11818/7 11026/12 11820/10
f 11828/5 11031/6 11823/7 11829/8
f 11824/9 11823/7 11030/12 11825/10
f 11830/16 11517/17 11520/20 11831/21
f 11832/16 11521/17 11524/18 11833/19
f 11834/16 11525/17 11528/18 11835/19
f 11836/16 11529/17 11532/18 11837/19
f 11838/16 11533/17 11536/18 11839/19
f 11840/16 11841/17 11842/20 11843/21
f 11844/16 11845/17 11846/18 11847/19
f 11848/16 11849/17 11850/18 11851/19
f 11852/16 11853/17 11854/18 11855/19
f 11856/16 11857/17 11858/18 11859/19
f 11140/16 11860/17 11861/18 11141/19
f 11661/16 11431/17 11434/18 11662/19
f 11862/16 11267/17 11270/18 11863/19
f 11566/16 11864/17 11865/18 11567/19
f 11866/16 11177/17 11180/18 11867/19
f 11868/16 11869/17 11870/20 11871/21
f 11872/16 11873/17 11874/18 11875/19
f 11876/16 11877/17 11878/18 11879/19
f 11880/16 11881/17 11882/18 11883/19
f 11884/16 11885/17 11886/18 11887/19
f 11888/13 11889/97 11890/98 11891/6
f 11893/13 11894/97 11895/98 11896/6
f 11330/13 10785/11 10788/14 11710/15
f 11719/13 10793/11 10795/14 11709/15
f 11908/16 11909/17 11910/18 11911/19
f 11912/16 11913/17 11914/18 11915/19
f 11916/5 11917/6 10538/7 11918/8
f 10539/9 10538/7 11371/12 10540/10
f 11919/5 11920/6 10542/7 11921/8
f 10543/9 10542/7 11922/12 10544/10
f 11917/5 11916/6 11918/7 10538/8
f 11920/5 11919/6 11921/7 10542/8
f 11927/16 11928/17 11929/18 11930/19
f 11931/16 11932/17 11933/18 11934/19
f 11841/16 11611/17 11614/20 11842/21
f 11845/16 11615/17 11618/18 11846/19
f 11849/16 11619/17 11622/18 11850/19
f 11853/16 11623/17 11626/18 11854/19
f 11857/16 11627/17 11630/18 11858/19
f 11935/16 11087/17 11090/20 11936/21
f 11937/16 11091/17 11094/18 11938/19
f 11939/16 11095/17 11098/18 11940/19
f 11941/16 11099/17 11102/18 11942/19
f 11943/16 11944/17 11945/20 11946/21
f 11947/16 11948/17 11949/18 11950/19
f 11951/16 11952/17 11953/18 11954/19
f 11955/16 11956/17 11957/18 11958/19
f 11959/16 11960/17 11961/18 11962/19
f 11966/123 11728/124 11727/28 11967/8
f 11678/123 11683/124 11731/28 10738/8
f 11968/13 11969/11 11728/5 11727/6
f 10765/13 11684/11 11683/5 11731/6
f 11971/44 11969/45 11968/46 11970/8
f 11695/44 11684/45 10765/46 10764/8
f 11978/1 11979/2 11980/3 11981/4
f 11982/13 11983/97 11590/98 11589/6
f 11632/1 11142/2 11141/3 11861/4
f 11433/1 11634/2 11662/3 11434/4
f 11269/1 11636/2 11863/3 11270/4
f 11638/1 11568/2 11567/3 11865/4
f 11179/1 11640/2 11867/3 11180/4
f 11670/13 10723/11 10722/5 11599/6
f 11984/114 11246/115 11228/5 11982/6
f 10981/123 11985/124 11986/28 10982/8
f 10990/123 11709/125 10795/76 10777/8
f 11896/13 11895/97 11986/98 11984/6
f 11987/1 11988/2 11394/3 11393/4
f 11989/1 11990/2 11991/3 11992/4
f 11993/1 11994/2 11915/3 11914/4
f 11444/1 11443/2 11995/3 11996/4
f 11997/1 11998/2 11934/3 11933/4
f 11999/13 12000/97 11051/98 11050/6
f 11725/13 10819/11 10818/5 11068/6
f 12001/16 12002/17 12003/18 12004/19
f 12005/16 12006/17 11980/18 11979/19
f 11642/16 11868/17 11871/20 11643/21
f 11646/16 11872/17 11875/18 11647/19
f 11650/16 11876/17 11879/18 11651/19
f 11654/16 11880/17 11883/18 11655/19
f 11658/16 11884/17 11887/18 11659/19
f 11124/16 12007/17 12008/20 11125/21
f 11128/16 12009/17 12010/18 11129/19
f 11132/16 12011/17 12012/18 11133/19
f 11136/16 12013/17 12014/18 11137/19
f 12015/16 11387/17 11390/18 12016/19
f 12017/16 11391/17 11394/18 11988/19
f 12018/16 12019/17 12020/18 12021/19
f 12022/16 12023/17 11991/18 11990/19
f 12024/16 11908/17 11911/18 12025/19
f 12026/16 11912/17 11915/18 11994/19
f 11438/16 12027/17 12028/18 11439/19
f 11442/16 12029/17 11995/18 11443/19
f 12030/16 11927/17 11930/18 12031/19
f 12032/16 11931/17 11934/18 11998/19
f 12033/16 12034/17 12035/20 12036/21
f 12037/16 12038/17 12039/18 12040/19
f 12041/16 12042/17 12043/18 12044/19
f 12045/16 12046/17 12047/18 12048/19
f 12049/16 12050/17 12051/18 12052/19
f 11583/13 11888/138 11891/139 11584/6
f 11588/13 11893/138 11896/139 11589/6
f 11043/13 12070/11 12071/5 11044/6
f 11008/13 12072/11 11999/14 11050/15
f 12074/6 12075/113 10839/33 12076/5
f 11675/6 10840/113 10736/33 10735/5
f 12078/36 12079/45 12077/46 12080/5
f 11685/36 11686/45 10752/46 10751/5
f 10877/6 12081/113 12082/33 10878/5
f 10883/6 11703/113 10770/33 10769/5
f 12083/16 12018/17 12021/18 12084/19
f 12085/16 12022/17 11990/18 11989/19
f 12086/1 12087/2 12088/3 12089/4
f 12087/3 12086/4 12089/1 12088/2
f 12090/1 12091/2 12092/3 12093/4
f 12091/3 12090/4 12093/1 12092/2
f 12094/1 12095/2 12096/3 12097/4
f 12095/3 12094/4 12097/1 12096/2
f 12098/1 12099/2 12100/3 12101/4
f 12099/3 12098/4 12101/1 12100/2
f 12102/1 12103/2 12104/3 12105/4
f 12103/3 12102/4 12105/1 12104/2
f 12106/1 12107/2 12108/3 12109/4
f 12107/3 12106/4 12109/1 12108/2
f 12110/1 12111/2 12112/3 12113/4
f 12111/3 12110/4 12113/1 12112/2
f 12114/1 12115/2 12116/3 12117/4
f 12115/3 12114/4 12117/1 12116/2
f 12118/1 12119/2 12120/3 12121/4
f 12119/3 12118/4 12121/1 12120/2
f 12122/1 12123/2 12124/3 12125/4
f 12123/3 12122/4 12125/1 12124/2
f 12126/1 12127/2 12128/3 12129/4
f 12127/3 12126/4 12129/1 12128/2
f 12130/1 12131/2 12132/3 12133/4
f 12131/3 12130/4 12133/1 12132/2
f 12134/1 12135/2 12136/3 12137/4
f 12135/3 12134/4 12137/1 12136/2
f 12138/1 12139/2 12140/3 12141/4
f 12139/3 12138/4 12141/1 12140/2
f 12142/1 12143/2 12144/3 12145/4
f 12143/3 12142/4 12145/1 12144/2
f 12146/1 12147/2 12148/3 12149/4
f 12147/3 12146/4 12149/1 12148/2
f 12150/1 12151/2 12152/3 12153/4
f 12151/3 12150/4 12153/1 12152/2
f 12154/1 12155/2 12156/3 12157/4
f 12155/3 12154/4 12157/1 12156/2
f 11757/13 11208/25 10852/26 10851/6
f 11299/13 11210/11 11213/5 12054/6
f 12057/13 11216/11 11219/5 12058/6
f 12158/5 11213/6 11225/7 12159/8
f 12160/9 11225/7 11210/12 11292/10
f 11213/13 12161/53 12162/50 11222/6
f 12163/5 11219/6 11231/7 12164/8
f 12165/9 11231/7 11216/12 12166/10
f 11219/13 12167/73 11983/74 11228/6
f 12161/5 10652/6 10655/7 12168/8
f 12168/8 12169/9 11296/10 11295/11
f 12170/5 10656/6 10659/7 12171/8
f 12171/8 12172/9 12173/10 12174/11
f 11295/13 11302/11 12175/5 12161/6
f 12174/13 10721/97 12176/98 12170/6
f 11758/13 10709/97 10712/98 10853/6
f 11309/13 10713/11 12179/5 11672/6
f 11669/13 12176/11 10723/5 11670/6
f 12180/1 12181/2 12182/3 12183/4
f 12181/3 12180/4 12183/1 12182/2
f 12184/1 12185/2 12186/3 12187/4
f 12185/3 12184/4 12187/1 12186/2
f 12188/1 12189/2 12190/3 12191/4
f 12189/3 12188/4 12191/1 12190/2
f 12192/1 12193/2 12194/3 12195/4
f 12193/3 12192/4 12195/1 12194/2
f 12196/1 12197/2 12198/3 12199/4
f 12197/3 12196/4 12199/1 12198/2
f 12200/1 12201/2 12202/3 12203/4
f 12201/3 12200/4 12203/1 12202/2
f 12204/1 12205/2 12206/3 12207/4
f 12205/3 12204/4 12207/1 12206/2
f 12208/1 12209/2 12210/3 12211/4
f 12209/3 12208/4 12211/1 12210/2
f 12212/1 12213/2 12214/3 12215/4
f 12213/3 12212/4 12215/1 12214/2
f 12264/5 12265/6 12266/7 12267/8
f 12268/9 12266/7 12269/12 12270/10
f 12265/5 12264/6 12267/7 12266/8
f 12266/8 12268/9 12270/10 12269/11
f 12271/5 12272/6 12273/7 12274/8
f 12274/8 12275/9 12276/10 12277/11
f 11034/5 12278/6 12279/7 12280/8
f 12280/8 12281/9 12282/10 11033/11
f 12283/5 12271/6 12274/7 12284/8
f 12275/9 12274/7 12277/12 12276/10
f 12285/5 11034/6 12280/7 12286/8
f 12281/9 12280/7 11033/12 12282/10
f 11156/14 11155/15 12078/7 12080/8
f 11158/14 11157/15 11685/7 10751/8
f 11156/13 11155/11 12287/69 12288/70
f 11158/13 11157/11 11696/69 10759/70
f 11226/8 12290/7 11300/12 11227/11
f 11232/8 12291/7 12292/12 11233/11
f 12293/8 12294/7 11301/12 11303/11
f 10731/8 12295/7 11310/12 10732/11
f 12296/34 11582/11 11585/5 12297/35
f 12167/13 11587/11 11590/5 11983/6
f 10829/13 12296/11 12076/69 10839/70
f 10839/7 12298/9 11967/66 12299/6
f 10838/67 11382/68 11730/7 12302/8
f 12302/8 10959/9 10962/10 10829/11
f 11382/7 10963/9 10966/66 12303/6
f 11733/67 12289/68 12080/7 12077/8
f 12077/8 11735/9 11738/10 11734/11
f 12289/7 11739/9 11742/66 12304/6
f 12288/67 10879/68 10873/7 11384/8
f 11384/8 12305/9 11970/10 11968/11
f 10879/7 12306/9 12307/66 12308/6
f 10878/67 12082/68 12309/7 12310/8
f 12310/8 10975/9 10978/10 10882/11
f 12082/7 10979/9 10982/66 12311/6
f 11894/34 12313/11 12311/5 11895/35
f 11331/13 11328/11 12316/14 11890/15
f 11327/13 11025/11 11045/14 12318/15
f 12319/13 11029/11 11051/14 12000/15
f 12305/8 12321/7 11971/12 11970/11
f 12306/7 12322/8 12323/5 12307/6
f 10763/8 11694/7 11695/12 10764/11
f 10766/7 11697/8 11699/5 10767/6
f 12328/16 12329/17 12330/18 12331/19
f 12332/16 12333/17 11978/18 11981/19
f 11869/16 11641/17 11644/20 11870/21
f 11873/16 11645/17 11648/18 11874/19
f 11877/16 11649/17 11652/18 11878/19
f 11881/16 11653/17 11656/18 11882/19
f 11885/16 11657/17 11660/18 11886/19
f 12334/16 11123/17 11126/20 12335/21
f 12336/16 11127/17 11130/18 12337/19
f 12338/16 11131/17 11134/18 12339/19
f 12340/16 11135/17 11138/18 12341/19
f 11388/16 12342/17 12343/18 11389/19
f 11392/16 12344/17 11987/18 11393/19
f 12345/16 12083/17 12084/18 12346/19
f 12347/16 12085/17 11989/18 11992/19
f 11909/16 12348/17 12349/18 11910/19
f 11913/16 12350/17 11993/18 11914/19
f 12351/16 11437/17 11440/18 12352/19
f 12353/16 11441/17 11444/18 11996/19
f 11928/16 12354/17 12355/18 11929/19
f 11932/16 12356/17 11997/18 11933/19
f 12357/16 12358/17 12359/20 12360/21
f 12361/16 12362/17 12363/18 12364/19
f 12365/16 12366/17 12367/18 12368/19
f 12369/16 12370/17 12371/18 12372/19
f 12373/16 12374/17 12375/18 12376/19
f 11244/13 11317/11 12066/5 11253/6
f 11250/13 12067/11 12068/5 11258/6
f 11253/5 12377/6 12378/7 11241/8
f 11241/8 12379/9 11322/10 11244/11
f 12380/87 11253/11 11240/5 12316/88
f 11258/5 12381/6 12382/7 11247/8
f 11247/8 12383/9 12384/10 11250/11
f 12385/65 11258/11 11246/5 11985/24
f 10661/5 12386/6 12387/7 10662/8
f 12388/9 12387/7 11324/12 11323/10
f 10665/5 12385/6 12389/7 10666/8
f 12390/9 12389/7 12391/12 12392/10
f 11328/13 11324/11 12386/5 12380/6
f 12314/13 12391/11 12385/5 12315/6
f 12380/5 12394/24 12395/22 12396/8
f 10786/13 11333/11 11711/14 10787/15
f 10794/13 11705/11 11707/5 12397/6
f 12398/8 12399/22 11329/23 11332/11
f 12400/5 11721/6 10530/7 12401/8
f 10531/9 10530/7 11361/12 10532/10
f 12402/5 12403/6 10534/7 12404/8
f 10535/9 10534/7 12405/12 10536/10
f 11721/5 12400/6 12401/7 10530/8
f 12403/5 12402/6 12404/7 10534/8
f 12406/16 11537/17 11538/20 12407/21
f 12408/16 11539/17 11540/18 12409/19
f 12410/16 11541/17 11542/18 12411/19
f 12412/16 11543/17 11544/18 12413/19
f 12414/16 11935/17 11936/20 12415/21
f 12416/16 11937/17 11938/18 12417/19
f 12418/16 11939/17 11940/18 12419/19
f 12420/16 11941/17 11942/18 12421/19
f 11143/16 12422/17 12423/18 11144/19
f 11663/16 11435/17 11436/18 11664/19
f 12424/16 11271/17 11272/18 12425/19
f 11569/16 12426/17 12427/18 11570/19
f 12428/16 11181/17 11182/18 12429/19
f 12007/16 12334/17 12335/20 12008/21
f 12009/16 12336/17 12337/18 12010/19
f 12011/16 12338/17 12339/18 12012/19
f 12013/16 12340/17 12341/18 12014/19
f 11546/16 12430/17 12431/20 11547/21
f 11550/16 12432/17 12433/18 11551/19
f 11554/16 12434/17 12435/18 11555/19
f 11558/16 12436/17 12437/18 11559/19
f 11562/16 12438/17 12439/18 11563/19
f 11944/16 12440/17 12441/20 11945/21
f 11948/16 12442/17 12443/18 11949/19
f 11952/16 12444/17 12445/18 11953/19
f 11956/16 12446/17 12447/18 11957/19
f 11960/16 12448/17 12449/18 11961/19
f 12358/16 12033/17 12036/20 12359/21
f 12362/16 12037/17 12040/18 12363/19
f 12366/16 12041/17 12044/18 12367/19
f 12370/16 12045/17 12048/18 12371/19
f 12374/16 12049/17 12052/18 12375/19
f 11601/3 11518/4 11517/1 11830/2
f 11612/3 11611/4 11841/1 11840/2
f 11642/3 11641/4 11869/1 11868/2
f 11072/3 11071/4 11537/1 12406/2
f 11088/3 11087/4 11935/1 12414/2
f 11124/3 11123/4 12334/1 12007/2
f 12430/3 11546/4 11545/1 12450/2
f 12440/3 11944/4 11943/1 12451/2
f 12033/3 12358/4 12357/1 12034/2
f 11588/13 11218/11 12455/5 12453/6
f 11578/13 11587/11 12457/5 12456/6
f 11598/13 10708/11 10707/5 12462/6
f 12463/13 12058/11 11588/5 12452/6
f 12170/65 11219/11 11218/5 11578/24
f 12167/13 11669/53 11598/50 11587/6
f 11258/114 12068/115 12058/5 11219/6
f 12323/123 12467/124 12313/28 12307/8
f 11699/123 11706/124 12468/28 10767/8
f 12315/13 12385/11 12467/5 12313/6
f 12397/13 11707/11 11706/5 12468/6
f 12474/13 11893/11 12068/5 12469/6
f 11907/65 11259/11 11258/5 12385/24
f 11894/13 11708/53 11707/50 12315/6
f 11009/54 11018/30 11259/5 11893/6
f 11022/54 11032/30 11894/5 11907/6
f 12483/29 10805/30 10804/5 11708/6
f 12017/3 12344/4 11392/1 11391/2
f 12022/3 12085/4 12347/1 12023/2
f 12026/3 12350/4 11913/1 11912/2
f 11442/3 11441/4 12353/1 12029/2
f 12032/3 12356/4 11932/1 11931/2
f 11010/31 12502/32 12503/33 11009/5
f 12504/65 10551/11 11018/5 11022/24
f 11032/31 12505/32 12506/56 11040/50
f 11612/16 11840/17 11843/20 11613/21
f 11616/16 11844/17 11847/18 11617/19
f 11620/16 11848/17 11851/18 11621/19
f 11624/16 11852/17 11855/18 11625/19
f 11628/16 11856/17 11859/18 11629/19
f 11088/16 12414/17 12415/20 11089/21
f 11092/16 12416/17 12417/18 11093/19
f 11096/16 12418/17 12419/18 11097/19
f 11100/16 12420/17 12421/18 11101/19
f 12440/16 12451/17 12507/20 12441/21
f 12442/16 12508/17 12509/18 12443/19
f 12444/16 12510/17 12511/18 12445/19
f 12446/16 12512/17 12513/18 12447/19
f 12448/16 12514/17 12515/18 12449/19
f 11729/36 12518/45 12302/46 11730/5
f 11680/36 11681/45 10743/46 10742/5
f 12330/1 12004/2 12003/3 12331/4
f 12519/13 12520/97 11585/98 11584/6
f 10832/75 10836/76 10715/5 11596/6
f 12521/114 11240/115 11222/5 12519/6
f 10831/27 10830/28 12520/5 12162/6
f 11734/13 12524/11 10831/5 10830/6
f 10755/13 11679/11 10832/5 10836/6
f 11737/44 12524/45 11734/46 11738/8
f 11688/44 11679/45 10755/46 10754/8
f 11891/13 11890/97 12316/98 12521/6
f 11106/1 11105/2 11144/3 12423/4
f 11110/1 11109/2 11664/3 11436/4
f 11114/1 11113/2 12425/3 11272/4
f 11118/1 11117/2 11570/3 12427/4
f 11122/1 11121/2 12429/3 11182/4
f 11710/13 10788/11 10787/5 11711/6
f 12343/1 12016/2 11390/3 11389/4
f 12084/1 12021/2 12020/3 12346/4
f 12349/1 12025/2 11911/3 11910/4
f 11440/1 11439/2 12028/3 12352/4
f 12355/1 12031/2 11930/3 11929/4
f 12071/13 12318/97 11045/98 11044/6
f 11722/13 10811/11 10810/5 11065/6
f 12502/5 11010/6 12525/7 12526/8
f 10569/9 12525/7 11007/12 10570/10
f 12164/5 11231/6 12527/12 12528/11
f 10658/13 12529/11 12171/5 10659/6
f 12530/36 12531/45 11231/46 11230/5
f 12287/6 12532/113 10879/33 12288/5
f 11696/6 10880/113 10760/33 10759/5
f 11248/11 11247/5 12535/36 12536/51
f 12389/36 12537/45 12533/46 12538/5
f 12539/36 12534/45 10781/46 10780/5
f 12540/5 12541/6 11247/12 12382/11
f 10666/13 12389/11 12542/5 10667/6
f 10806/40 12543/42 12544/12 10807/11
f 12526/36 12525/45 12545/46 12546/5
f 10553/5 10552/6 12547/12 12548/11
f 10677/13 12549/11 10564/5 10563/6
f 12550/36 12551/45 12552/47 12553/50
f 12329/16 12001/17 12004/18 12330/19
f 12333/16 12005/17 11979/18 11978/19
f 11864/16 11637/17 11638/18 11865/19
f 12426/16 11115/17 11118/18 12427/19
f 12554/1 12555/2 12556/3 12557/4
f 12555/3 12554/4 12557/1 12556/2
f 12558/1 12559/2 12560/3 12561/4
f 12559/3 12558/4 12561/1 12560/2
f 12562/1 12563/2 12564/3 12565/4
f 12563/3 12562/4 12565/1 12564/2
f 12566/1 12567/2 12568/3 12569/4
f 12567/3 12566/4 12569/1 12568/2
f 12570/1 12571/2 12572/3 12573/4
f 12571/3 12570/4 12573/1 12572/2
f 12574/1 12575/2 12576/3 12577/4
f 12575/3 12574/4 12577/1 12576/2
f 12578/1 12579/2 12580/3 12581/4
f 12579/3 12578/4 12581/1 12580/2
f 12582/1 12583/2 12584/3 12585/4
f 12583/3 12582/4 12585/1 12584/2
f 12586/1 12587/2 12588/3 12589/4
f 12587/3 12586/4 12589/1 12588/2
f 12590/1 12591/2 12592/3 12593/4
f 12591/3 12590/4 12593/1 12592/2
f 12594/1 12595/2 12596/3 12597/4
f 12595/3 12594/4 12597/1 12596/2
f 12598/1 12599/2 12600/3 12601/4
f 12599/3 12598/4 12601/1 12600/2
f 12602/1 12603/2 12604/3 12605/4
f 12603/3 12602/4 12605/1 12604/2
f 12606/1 12607/2 12608/3 12609/4
f 12607/3 12606/4 12609/1 12608/2
f 12610/1 12611/2 12612/3 12613/4
f 12611/3 12610/4 12613/1 12612/2
f 12614/1 12615/2 12616/3 12617/4
f 12615/3 12614/4 12617/1 12616/2
f 12618/1 12619/2 12620/3 12621/4
f 12619/3 12618/4 12621/1 12620/2
f 12622/1 12623/2 12624/3 12625/4
f 12623/3 12622/4 12625/1 12624/2
f 11752/13 11758/25 10853/26 10848/6
f 11282/13 11295/11 12161/5 11579/6
f 11577/13 12174/11 12170/5 11578/6
f 12626/14 12162/15 12168/7 12627/8
f 12294/9 12168/7 11295/12 11301/10
f 12628/13 10828/11 12075/69 12074/70
f 12629/9 12075/8 12630/5 11966/66
f 11381/67 10837/68 12518/7 11729/8
f 10960/9 12518/7 10828/12 10961/10
f 10964/9 11381/8 12631/5 10965/66
f 12632/67 11732/68 12079/7 12078/8
f 11736/9 12079/7 12524/12 11737/10
f 11740/9 12632/8 12633/5 11741/66
f 12532/67 12287/68 11386/7 10872/8
f 12321/9 11386/7 11969/12 11971/10
f 12322/9 12532/8 12634/5 12323/66
f 12081/67 10877/68 12635/7 12636/8
f 10976/9 12635/7 11161/12 10977/10
f 10980/9 12081/8 12637/5 10981/66
f 11985/14 12637/15 12537/7 12389/8
f 12638/9 12537/7 12639/12 12640/10
f 11324/13 11325/11 11902/5 12386/6
f 12391/13 11906/11 11907/5 12385/6
f 11023/13 10560/11 12641/5 11024/6
f 11021/13 10567/11 12504/5 11022/6
f 11064/13 11760/11 10858/5 10859/6
f 12002/16 12328/17 12331/18 12003/19
f 12006/16 12332/17 11981/18 11980/19
f 12348/16 12024/17 12025/18 12349/19
f 12350/16 12026/17 11994/18 11993/19
f 11235/5 12643/6 12644/7 11224/8
f 11238/5 12645/6 12530/7 11230/8
f 12296/5 12628/6 12627/7 12300/8
f 10734/5 11666/6 11673/7 10729/8
f 12297/13 12626/11 12074/8 12076/7
f 10728/13 11667/11 11675/8 10735/7
f 12169/8 12648/7 11294/12 11296/11
f 12172/8 12649/7 12650/12 12173/11
f 12651/8 12388/7 11323/12 11326/11
f 12652/8 12390/7 12392/12 12653/11
f 10558/8 12654/7 11379/12 10559/11
f 10565/8 12655/7 12656/12 10566/11
f 12019/16 12345/17 12346/18 12020/19
f 12023/16 12347/17 11992/18 11991/19
f 12354/16 12030/17 12031/18 12355/19
f 12356/16 12032/17 11998/18 11997/19
f 11860/16 11631/17 11632/18 11861/19
f 12422/16 11103/17 11106/18 12423/19
f 12313/14 12467/15 12636/7 12309/8
f 12468/14 11706/15 11701/7 10771/8
f 12657/5 11234/6 11242/7 12658/8
f 12659/5 11237/6 11248/7 12536/8
f 12313/13 12467/11 12637/5 12311/6
f 12468/13 11706/11 11704/5 10778/6
f 12298/7 12629/8 11966/5 11967/6
f 10737/7 11676/8 11678/5 10738/6
f 12713/5 12714/6 12715/7 12716/8
f 12717/9 12715/7 12718/12 12719/10
f 12714/5 12713/6 12716/7 12715/8
f 12715/8 12717/9 12719/10 12718/11
f 11036/5 12720/6 12721/7 12722/8
f 12722/8 12723/9 12724/10 11035/11
f 12725/5 12726/6 12727/7 12728/8
f 12728/8 12729/9 12730/10 12731/11
f 12732/5 11036/6 12722/7 12733/8
f 12723/9 12722/7 11035/12 12724/10
f 12734/5 12725/6 12728/7 12735/8
f 12729/9 12728/7 12731/12 12730/10
f 12736/5 11717/6 12737/7 12738/8
f 12739/9 12737/7 11349/12 12740/10
f 12741/5 11720/6 12742/7 12743/8
f 12744/9 12742/7 11718/12 12745/10
f 11717/5 12736/6 12738/7 12737/8
f 12737/8 12739/9 12740/10 11349/11
f 11720/5 12741/6 12743/7 12742/8
f 12742/8 12744/9 12745/10 11718/11
f 11601/16 11830/17 11831/20 11602/21
f 11603/16 11832/17 11833/18 11604/19
f 11605/16 11834/17 11835/18 11606/19
f 11607/16 11836/17 11837/18 11608/19
f 11609/16 11838/17 11839/18 11610/19
f 11072/16 12406/17 12407/20 11073/21
f 11076/16 12408/17 12409/18 11077/19
f 11080/16 12410/17 12411/18 11081/19
f 11084/16 12412/17 12413/18 11085/19
f 12430/16 12450/17 12746/20 12431/21
f 12432/16 12747/17 12748/18 12433/19
f 12434/16 12749/17 12750/18 12435/19
f 12436/16 12751/17 12752/18 12437/19
f 12438/16 12753/17 12754/18 12439/19
f 12755/13 11262/11 10547/5 12070/6
f 12070/13 12756/97 12318/98 12071/6
f 12072/13 11264/11 10551/5 12757/6
f 12757/13 12758/97 12000/98 11999/6
f 12759/9 10548/7 11262/12 11377/10
f 12760/9 10552/7 11264/12 12761/10
f 10560/13 11327/11 12756/5 12641/6
f 10567/13 12319/11 12758/5 12504/6
f 11380/13 10808/11 10811/14 11722/15
f 11724/13 10816/11 10819/14 11725/15
f 11635/16 11862/17 11863/18 11636/19
f 11112/16 12424/17 12425/18 11113/19
f 12762/8 11243/7 11245/12 11319/11
f 12763/8 11249/7 11251/12 12764/11
f 12765/8 12638/7 12640/12 12766/11
f 10782/8 12767/7 12768/12 10783/11
f 11217/13 12769/11 12772/5 12773/6
f 12775/13 11577/11 12774/5 12776/6
f 10705/13 12781/11 12782/5 10706/6
f 11216/34 12783/11 12770/5 11217/35
f 12166/66 11216/6 11217/12 12784/10
f 12650/39 11577/11 12174/5 12173/66
f 10721/71 12174/11 11577/5 10705/72
f 12292/44 12057/45 11216/46 11233/8
f 11741/123 10871/124 10870/28 11742/8
f 11693/123 10874/124 10876/28 10757/8
f 12312/13 12639/11 10871/5 10870/6
f 10784/13 11700/11 10874/5 10876/6
f 11251/8 11250/5 12067/36 12764/7
f 12640/44 12639/45 12312/46 12766/8
f 12768/44 11700/45 10784/46 10783/8
f 11257/34 12792/11 12788/5 11250/35
f 12793/66 11257/6 11250/12 12384/10
f 12392/39 12391/11 11906/5 12653/66
f 10793/71 11906/11 12391/5 10794/72
f 11264/89 12072/90 12796/5 11257/6
f 12319/89 10567/90 11906/5 12799/6
f 10868/41 12804/42 11719/12 10869/10
f 10570/44 11007/45 11008/46 10571/8
f 12761/66 11264/6 11015/12 12823/10
f 12656/39 11021/11 10567/5 10566/66
f 10578/44 11029/45 11039/47 10579/48
f 10816/13 11724/11 11039/5 10817/6
f 12342/16 12015/17 12016/18 12343/19
f 12344/16 12017/17 11988/18 11987/19
f 12027/16 12351/17 12352/18 12028/19
f 12029/16 12353/17 11996/18 11995/19
f 10704/5 12824/6 10699/12 10698/11
f 12159/5 11225/6 12825/12 12826/11
f 10654/13 12827/11 12168/5 10655/6
f 12644/36 12828/45 11225/46 11224/5
f 12627/36 12168/45 12829/46 12300/5
f 11673/36 12830/45 10730/46 10729/5
f 11242/11 11241/5 12831/36 12658/51
f 12832/5 12833/6 11241/12 12378/11
f 10662/13 12387/11 12834/5 10663/6
f 12395/93 12835/50 12836/36 12396/51
f 10802/40 12837/42 12835/12 10803/11
f 10549/5 10548/6 12838/12 12839/11
f 10675/13 12840/11 10557/5 10556/6
f 12841/36 12842/45 12843/47 12844/50
f 12845/5 12158/6 12159/7 12826/8
f 12846/5 12163/6 12164/7 12528/8
f 12377/5 12847/6 12832/7 12378/8
f 12381/5 11904/6 12540/7 12382/8
f 12848/5 10546/6 10549/7 12839/8
f 12849/5 10550/6 10553/7 12548/8
f 12450/16 11545/17 11548/20 12746/21
f 12747/16 11549/17 11552/18 12748/19
f 12749/16 11553/17 11556/18 12750/19
f 12751/16 11557/17 11560/18 12752/19
f 12753/16 11561/17 11564/18 12754/19
f 12451/16 11943/17 11946/20 12507/21
f 12508/16 11947/17 11950/18 12509/19
f 12510/16 11951/17 11954/18 12511/19
f 12512/16 11955/17 11958/18 12513/19
f 12514/16 11959/17 11962/18 12515/19
f 12034/16 12357/17 12360/20 12035/21
f 12038/16 12361/17 12364/18 12039/19
f 12042/16 12365/17 12368/18 12043/19
f 12046/16 12369/17 12372/18 12047/19
f 12050/16 12373/17 12376/18 12051/19
f 11732/6 12632/113 12289/33 11733/5
f 11690/6 11689/113 10750/33 10749/5
f 12636/36 12635/45 12310/46 12309/5
f 11701/36 11702/45 10772/46 10771/5
f 12850/8 12160/7 11292/12 11293/11
f 12851/8 12165/7 12166/12 12784/11
f 12379/8 12852/7 11321/12 11322/11
f 12383/8 12853/7 12793/12 12384/11
f 12854/8 12759/7 11377/12 11378/11
f 12855/8 12760/7 12761/12 12823/11
f 11583/13 11212/11 12859/5 12857/6
f 11579/13 11582/11 12863/5 12862/6
f 11665/140 10703/11 10697/5 10696/6
f 12001/3 12329/4 12328/1 12002/2
f 12868/13 12054/11 11583/5 12856/6
f 12161/65 11213/11 11212/5 11579/24
f 12175/13 11672/53 11665/50 11582/6
f 11253/114 12066/115 12054/5 11213/6
f 10829/27 10828/28 12161/5 12175/6
f 10733/27 10835/28 11672/5 12179/6
f 10961/44 10828/45 10829/46 10962/8
f 10968/44 10835/45 10733/46 10745/8
f 12875/13 11888/11 12066/5 12874/6
f 11902/65 11254/11 11253/5 12386/24
f 11716/112 12394/50 12380/6 11889/113
f 11104/3 11103/4 12422/1 11143/2
f 11108/3 11107/4 11435/1 11663/2
f 11112/3 11111/4 11271/1 12424/2
f 11116/3 11115/4 12426/1 11569/2
f 11120/3 11119/4 11181/1 12428/2
f 11043/54 11014/30 11254/5 11888/6
f 11024/54 11028/30 11889/5 11902/6
f 12881/29 10801/30 10800/5 11716/6
f 12015/3 12342/4 11388/1 11387/2
f 12018/3 12083/4 12345/1 12019/2
f 12024/3 12348/4 11909/1 11908/2
f 11438/3 11437/4 12351/1 12027/2
f 12030/3 12354/4 11928/1 11927/2
f 12913/13 12070/11 11043/5 12909/6
f 12641/65 10547/11 11014/5 11024/24
f 11028/31 12914/32 12915/56 11038/50
f 11639/16 11866/17 11867/18 11640/19
f 11120/16 12428/17 12429/18 11121/19
f 12916/5 12917/6 12918/7 12919/8
f 12920/9 12918/7 12921/12 12922/10
f 12923/5 12916/6 12924/7 12925/8
f 12925/8 12926/9 12927/10 12921/11
f 12928/5 12929/6 12930/7 12931/8
f 12931/8 12932/9 12933/10 12934/11
f 12935/1 12936/2 12937/3 12938/4
f 12936/3 12935/4 12938/1 12937/2
f 12939/1 12940/2 12941/3 12942/4
f 12940/3 12939/4 12942/1 12941/2
f 12943/1 12944/2 12945/3 12946/4
f 12944/3 12943/4 12946/1 12945/2
f 12947/1 12948/2 12949/3 12950/4
f 12948/3 12947/4 12950/1 12949/2
f 12951/16 12952/17 12953/18 12954/19
f 12955/16 12956/17 12957/18 12958/19
f 12959/1 12960/2 12961/3 12962/4
f 12960/3 12959/4 12962/1 12961/2
f 12963/1 12964/2 12965/3 12966/4
f 12964/3 12963/4 12966/1 12965/2
f 12967/1 12968/2 12969/3 12970/4
f 12968/3 12967/4 12970/1 12969/2
f 12971/1 12972/2 12973/3 12974/4
f 12972/3 12971/4 12974/1 12973/2
f 12975/16 12976/17 12977/18 12978/19
f 12979/16 12980/17 12981/18 12982/19
f 12983/119 12984/7 12985/12 12986/141
f 12987/16 12988/17 12989/18 12990/19
f 12991/16 12992/17 12993/18 12994/19
f 12995/16 12996/17 12997/18 12998/19
f 12999/16 13000/17 13001/20 13002/21
f 13003/16 13004/17 13005/18 13006/19
f 13007/16 13008/17 13009/18 13010/19
f 13011/16 13012/17 13013/18 13014/19
f 13015/16 13016/17 13017/20 13018/21
f 13019/16 13020/17 13021/18 13022/19
f 13023/16 13024/17 13025/18 13026/19
f 13027/16 13028/17 13029/18 13030/19
f 13031/16 13032/17 13033/18 13034/19
f 13036/13 13039/77 13040/78 13041/6
f 13046/13 13049/77 13050/78 13051/6
f 13052/5 13053/6 13054/7 13055/8
f 13055/8 13056/9 13057/10 13058/11
f 13059/5 13060/6 13061/7 13062/8
f 13063/9 13061/7 13064/12 13065/10
f 13066/5 13067/6 13068/7 13069/8
f 13069/8 13070/9 13071/10 13072/11
f 13053/5 13052/6 13055/7 13054/8
f 13056/9 13055/7 13058/12 13057/10
f 13060/5 13059/6 13062/7 13061/8
f 13061/8 13063/9 13065/10 13064/11
f 13067/5 13066/6 13069/7 13068/8
f 13070/9 13069/7 13072/12 13071/10
f 13091/34 13090/11 13092/5 13093/35
f 13101/13 13091/11 13102/69 13103/70
f 13103/7 13104/9 13105/66 13106/6
f 13111/67 13112/68 13113/7 13114/8
f 13114/8 13115/9 13116/10 13101/11
f 13112/7 13117/9 13118/66 13119/6
f 13122/67 13123/68 13124/7 13125/8
f 13125/8 13126/9 13127/10 13120/11
f 13123/7 13128/9 13129/66 13130/6
f 13133/67 13134/68 13135/7 13136/8
f 13136/8 13137/9 13138/10 13131/11
f 13134/7 13139/9 13140/66 13141/6
f 13144/67 13145/68 13146/7 13147/8
f 13147/8 13148/9 13149/10 13142/11
f 13145/7 13150/9 13151/66 13152/6
f 13155/13 13156/11 13152/5 13157/6
f 13159/13 13160/11 13161/5 13162/6
f 13167/13 13158/11 13157/14 13168/15
f 13173/65 13174/11 13175/5 13176/24
f 13177/13 13178/73 13175/74 13179/6
f 13180/13 13181/53 13182/50 13183/6
f 13042/91 13176/92 13178/5 13186/6
f 13187/91 13045/92 13188/5 13180/6
f 12929/5 12928/6 13194/7 12930/8
f 12932/9 13194/7 13195/12 13196/10
f 13247/13 13248/11 13249/5 13250/6
f 13251/5 13252/6 13253/7 13254/8
f 13259/16 13260/17 13261/18 13262/19
f 13263/16 13264/17 13265/18 13266/19
f 13267/16 13268/17 13269/18 13270/19
f 13271/16 13272/17 13273/20 13274/21
f 13275/16 13276/17 13277/18 13278/19
f 13279/16 13280/17 13281/20 13282/21
f 13283/16 13284/17 13285/18 13286/19
f 13287/16 13288/17 13289/18 13290/19
f 13291/16 13292/17 13293/18 13294/19
f 13295/16 13296/17 13297/18 13298/19
f 13299/16 13300/17 13301/18 13302/19
f 13303/16 13304/17 13305/18 13306/19
f 13313/123 13314/124 13143/28 13118/8
f 13315/123 13316/124 13317/28 13318/8
f 13142/13 13322/11 13314/5 13143/6
f 13324/13 13320/11 13316/5 13317/6
f 13325/44 13322/45 13142/46 13149/8
f 13323/44 13320/45 13324/46 13326/8
f 13091/5 13343/6 13344/7 13107/8
f 13351/5 13350/6 13352/7 13353/8
f 13093/13 13370/11 13371/8 13102/7
f 13374/13 13375/11 13376/8 13377/7
f 13154/14 13378/15 13379/7 13135/8
f 13382/14 13380/15 13381/7 13383/8
f 13154/13 13378/11 13384/69 13144/70
f 13382/13 13380/11 13386/69 13387/70
f 13104/7 13388/8 13389/5 13105/6
f 13396/7 13397/8 13398/5 13399/6
f 12985/39 13087/11 13089/142 12986/143
f 13405/143 13406/144 13404/12 13407/10
f 13430/60 13431/11 13432/5 13412/61
f 13433/44 13431/45 13098/46 13434/8
f 13438/44 13437/45 13439/46 13440/8
f 13456/48 13457/50 13458/36 13459/7
f 13460/54 13461/30 13462/5 13160/6
f 13463/66 13159/6 13160/12 13464/10
f 13465/39 13466/11 13467/5 13468/66
f 13469/65 13467/11 13466/5 13454/24
f 13480/91 13481/92 13467/5 13482/6
f 13527/6 13528/113 13112/33 13111/5
f 13529/6 13530/113 13531/33 13532/5
f 13379/36 13534/45 13136/46 13135/5
f 13381/36 13533/45 13535/46 13383/5
f 13536/16 13263/17 13266/18 13537/19
f 13538/16 12991/17 12994/18 13539/19
f 13148/8 13540/7 13325/12 13149/11
f 13150/7 13541/8 13542/5 13151/6
f 13548/8 13543/7 13323/12 13326/11
f 13549/7 13550/8 13551/5 13552/6
f 13272/16 13553/17 13554/20 13273/21
f 13276/16 13555/17 13556/18 13277/19
f 13000/16 13557/17 13558/20 13001/21
f 13004/16 13559/17 13560/18 13005/19
f 13008/16 13561/17 13562/18 13009/19
f 13012/16 13563/17 13564/18 13013/19
f 13565/1 13566/2 13567/3 13568/4
f 13566/3 13565/4 13568/1 13567/2
f 13569/1 13570/2 13571/3 13572/4
f 13570/3 13569/4 13572/1 13571/2
f 13573/1 13574/2 13575/3 13576/4
f 13574/3 13573/4 13576/1 13575/2
f 13577/1 13578/2 13579/3 13580/4
f 13578/3 13577/4 13580/1 13579/2
f 13581/1 13582/2 13583/3 13584/4
f 13582/3 13581/4 13584/1 13583/2
f 13585/1 13586/2 13587/3 13588/4
f 13586/3 13585/4 13588/1 13587/2
f 13589/1 13590/2 13591/3 13592/4
f 13590/3 13589/4 13592/1 13591/2
f 13593/1 13594/2 13595/3 13596/4
f 13594/3 13593/4 13596/1 13595/2
f 13597/16 13259/17 13262/18 13598/19
f 13599/16 12987/17 12990/18 13600/19
f 13192/85 13191/11 13609/5 13610/86
f 13190/85 13193/11 13611/5 13612/86
f 13613/1 13614/2 13615/3 13616/4
f 13614/3 13613/4 13616/1 13615/2
f 13617/1 13618/2 13619/3 13620/4
f 13618/3 13617/4 13620/1 13619/2
f 13621/1 13622/2 13623/3 13624/4
f 13622/3 13621/4 13624/1 13623/2
f 13625/1 13626/2 13627/3 13628/4
f 13626/3 13625/4 13628/1 13627/2
f 13260/16 13629/17 13630/18 13261/19
f 12988/16 13631/17 13632/18 12989/19
f 13679/5 13680/6 13681/7 13682/8
f 13683/13 13684/11 13685/5 13686/6
f 13689/87 13690/11 13691/5 13174/88
f 13692/65 13693/11 13694/5 13695/24
f 13173/91 13696/92 13698/5 13689/6
f 13699/91 13700/92 13693/5 13701/6
f 13703/5 13704/6 13705/7 13706/8
f 13706/8 13707/9 13708/10 13416/11
f 13709/5 13710/6 13711/7 13712/8
f 13713/9 13711/7 13418/12 13714/10
f 13715/5 13716/6 13717/7 13718/8
f 13718/8 13719/9 13720/10 13721/11
f 13704/5 13703/6 13706/7 13705/8
f 13707/9 13706/7 13416/12 13708/10
f 13710/5 13709/6 13712/7 13711/8
f 13711/8 13713/9 13714/10 13418/11
f 13716/5 13715/6 13718/7 13717/8
f 13719/9 13718/7 13721/12 13720/10
f 13722/5 13723/6 13724/7 13725/8
f 13726/9 13724/7 13474/12 13727/10
f 13723/5 13722/6 13725/7 13724/8
f 13724/8 13726/9 13727/10 13474/11
f 13732/8 13733/7 13463/12 13464/11
f 13734/8 13735/7 13736/12 13737/11
f 13389/123 13744/124 13132/28 13105/8
f 13398/123 13745/124 13746/28 13399/8
f 13131/13 13750/11 13744/5 13132/6
f 13752/13 13748/11 13745/5 13746/6
f 13753/44 13750/45 13131/46 13138/8
f 13751/44 13748/45 13752/46 13754/8
f 13761/16 13762/17 13763/18 13764/19
f 13765/16 13766/17 13767/18 13768/19
f 13769/16 13770/17 13771/18 13772/19
f 13773/16 13774/17 13775/18 13776/19
f 13300/16 13777/17 13778/18 13301/19
f 13304/16 13779/17 13780/18 13305/19
f 13781/16 12975/17 12978/18 13782/19
f 13783/16 12979/17 12982/18 13784/19
f 12952/16 13785/17 13786/18 12953/19
f 12956/16 13787/17 13788/18 12957/19
f 13789/16 13279/17 13282/20 13790/21
f 13791/16 13283/17 13286/18 13792/19
f 13793/16 13287/17 13290/18 13794/19
f 13795/16 13291/17 13294/18 13796/19
f 13797/16 13295/17 13298/18 13798/19
f 13799/16 13015/17 13018/20 13800/21
f 13801/16 13019/17 13022/18 13802/19
f 13803/16 13023/17 13026/18 13804/19
f 13805/16 13027/17 13030/18 13806/19
f 13807/16 13031/17 13034/18 13808/19
f 12989/1 13632/2 13600/3 12990/4
f 12993/1 13809/2 13539/3 12994/4
f 12997/1 13810/2 13811/3 12998/4
f 13812/13 13813/11 13814/5 13815/6
f 13542/123 13816/125 13168/76 13151/8
f 13551/123 13817/125 13818/76 13552/8
f 13819/1 13820/2 13768/3 13767/4
f 13821/1 13822/2 13776/3 13775/4
f 13823/1 13306/2 13305/3 13780/4
f 12981/1 13824/2 13784/3 12982/4
f 13825/1 12958/2 12957/3 13788/4
f 13826/13 13101/11 13121/5 13827/6
f 13830/13 13831/11 13832/5 13828/6
f 13121/13 13827/11 13527/69 13111/70
f 13832/13 13828/11 13529/69 13532/70
f 13115/8 13834/7 13835/12 13116/11
f 13117/7 13836/8 13313/5 13118/6
f 13841/8 13837/7 13838/12 13842/11
f 13843/7 13844/8 13315/5 13318/6
f 13371/6 13850/113 13103/33 13102/5
f 13376/6 13833/113 13851/33 13377/5
f 13853/36 13854/45 13125/46 13124/5
f 13855/36 13852/45 13856/46 13857/5
f 13156/14 13858/15 13859/7 13146/8
f 13862/14 13863/15 13861/7 13864/8
f 13156/13 13858/11 13865/5 13152/6
f 13862/13 13863/11 13870/5 13871/6
f 13193/13 13046/77 13051/78 13611/6
f 13889/8 13890/7 13891/12 13892/11
f 13893/8 13894/7 13895/12 13896/11
f 13384/6 13897/113 13145/33 13144/5
f 13386/6 13898/113 13899/33 13387/5
f 13900/1 13901/2 13902/3 13903/4
f 13901/3 13900/4 13903/1 13902/2
f 13904/1 13905/2 13906/3 13907/4
f 13905/3 13904/4 13907/1 13906/2
f 13908/1 13909/2 13910/3 13911/4
f 13909/3 13908/4 13911/1 13910/2
f 13912/1 13913/2 13914/3 13915/4
f 13913/3 13912/4 13915/1 13914/2
f 13762/16 13916/17 13917/18 13763/19
f 13766/16 13918/17 13819/18 13767/19
f 13919/1 13920/2 13921/3 13922/4
f 13920/3 13919/4 13922/1 13921/2
f 13923/1 13924/2 13925/3 13926/4
f 13924/3 13923/4 13926/1 13925/2
f 13927/1 13928/2 13929/3 13930/4
f 13928/3 13927/4 13930/1 13929/2
f 13931/1 13932/2 13933/3 13934/4
f 13932/3 13931/4 13934/1 13933/2
f 13629/16 13597/17 13598/18 13630/19
f 13947/16 13536/17 13537/18 13948/19
f 13949/16 13950/17 13951/18 13952/19
f 13553/16 13953/17 13954/20 13554/21
f 13555/16 13955/17 13956/18 13556/19
f 13957/16 13789/17 13790/20 13958/21
f 13959/16 13791/17 13792/18 13960/19
f 13961/16 13793/17 13794/18 13962/19
f 13963/16 13795/17 13796/18 13964/19
f 13965/16 13797/17 13798/18 13966/19
f 13968/1 13969/2 13970/3 13971/4
f 13969/3 13968/4 13971/1 13970/2
f 13972/1 13973/2 13974/3 13975/4
f 13973/3 13972/4 13975/1 13974/2
f 13976/1 13977/2 13978/3 13979/4
f 13977/3 13976/4 13979/1 13978/2
f 13980/1 13981/2 13982/3 13983/4
f 13981/3 13980/4 13983/1 13982/2
f 13953/16 13271/17 13274/20 13954/21
f 13955/16 13275/17 13278/18 13956/19
f 13984/16 12999/17 13002/20 13985/21
f 13986/16 13003/17 13006/18 13987/19
f 13988/16 13007/17 13010/18 13989/19
f 13990/16 13011/17 13014/18 13991/19
f 14038/16 13781/17 13782/18 14039/19
f 14040/16 13783/17 13784/18 13824/19
f 14041/5 14042/6 14043/7 14044/8
f 14045/9 14043/7 14046/12 14047/10
f 14042/5 14041/6 14044/7 14043/8
f 14043/8 14045/9 14047/10 14046/11
f 13039/85 13192/11 13610/5 13040/86
f 13777/16 14050/17 14051/18 13778/19
f 13779/16 14052/17 13823/18 13780/19
f 13950/16 13267/17 13270/18 13951/19
f 14053/16 12995/17 12998/18 13811/19
f 13553/3 13272/4 13271/1 13953/2
f 13557/3 13000/4 12999/1 13984/2
f 13957/3 13280/4 13279/1 13789/2
f 14054/3 13016/4 13015/1 13799/2
f 13089/13 13432/11 14055/14 13092/15
f 13428/13 13406/11 14056/14 14057/15
f 14058/13 14059/11 13815/14 13814/15
f 14062/16 13769/17 13772/18 14063/19
f 14064/16 13773/17 13776/18 13822/19
f 14065/5 14066/6 14067/75 14068/76
f 13631/3 12988/4 12987/1 13599/2
f 14073/3 12992/4 12991/1 13538/2
f 14076/3 12996/4 12995/1 14053/2
f 14079/13 14080/57 14070/58 14068/6
f 14086/123 13858/124 13156/28 13140/8
f 14087/123 13863/124 13862/28 14088/8
f 13155/13 14089/11 13858/5 13156/6
f 14092/13 14091/11 13863/5 13862/6
f 14096/13 14097/53 14089/50 14098/6
f 14099/140 14100/53 14091/50 13155/6
f 14101/13 14102/57 14095/58 14092/6
f 14111/91 14112/92 14099/5 14097/6
f 14115/91 14116/92 14101/5 14100/6
f 13351/34 14148/11 14057/5 13374/35
f 14079/13 14068/11 13814/5 13813/6
f 13831/13 13351/11 13377/69 13851/70
f 13851/7 13396/9 13399/66 14153/6
f 13532/67 13531/68 14155/7 14156/8
f 14156/8 13841/9 13842/10 13831/11
f 13531/7 13843/9 13318/66 14157/6
f 14158/67 14159/68 13857/7 13856/8
f 13856/8 14160/9 14161/10 14162/11
f 14159/7 14163/9 14164/66 14165/6
f 14165/14 13382/15 13383/7 13535/8
f 13535/8 14166/9 13754/10 13752/11
f 13382/5 14167/6 13864/7 14168/8
f 14168/8 13548/9 13326/10 13324/11
f 13862/13 14085/11 13387/8 13899/7
f 13899/7 13549/9 13552/66 13871/6
f 14101/34 13862/11 13871/5 13818/35
f 14172/13 14170/11 14173/5 14174/6
f 13132/14 13744/15 14178/7 13113/8
f 13746/14 13745/15 14179/7 14155/8
f 13132/13 13744/11 14180/69 13122/70
f 13746/13 13745/11 14182/69 14158/70
f 14183/8 14184/147 13405/148 13407/11
f 14185/119 14186/7 14187/12 14188/141
f 13268/16 13949/17 13952/18 13269/19
f 12996/16 14076/17 13810/18 12997/19
f 14190/5 14191/24 14192/22 14193/8
f 13158/87 14194/11 14098/5 13155/88
f 13174/87 13691/11 13179/5 13175/88
f 13160/13 13462/11 14191/5 13161/6
f 14170/71 14191/11 14195/5 14173/72
f 13161/5 13679/6 13682/7 14197/8
f 14197/8 13732/9 13464/10 13160/11
f 13252/5 14198/6 14199/7 13253/8
f 14200/9 14199/7 13466/12 13465/10
f 13450/13 13466/11 14198/5 14170/6
f 14171/13 14189/11 14091/5 14092/6
f 13695/65 13694/11 13183/5 13182/24
f 13785/16 14202/17 14203/18 13786/19
f 13787/16 14204/17 13825/18 13788/19
f 13126/8 14205/7 14206/12 13127/11
f 13128/7 14207/8 14208/5 13129/6
f 14160/8 14209/7 14210/12 14161/11
f 14163/7 14213/8 14214/5 14164/6
f 14178/36 14216/45 13114/46 13113/5
f 14179/36 14215/45 14156/46 14155/5
f 13916/16 14217/17 14218/18 13917/19
f 13918/16 14219/17 13820/18 13819/19
f 14220/16 14062/17 14063/18 14221/19
f 14222/16 14064/17 13822/18 13821/19
f 14050/16 13299/17 13302/18 14051/19
f 14052/16 13303/17 13306/18 13823/19
f 12976/16 14038/17 14039/18 12977/19
f 12980/16 14040/17 13824/18 12981/19
f 14202/16 12951/17 12954/18 14203/19
f 14204/16 12955/17 12958/18 13825/19
f 13280/16 13957/17 13958/20 13281/21
f 13284/16 13959/17 13960/18 13285/19
f 13288/16 13961/17 13962/18 13289/19
f 13292/16 13963/17 13964/18 13293/19
f 13296/16 13965/17 13966/18 13297/19
f 13016/16 14054/17 14223/20 13017/21
f 13020/16 14224/17 14225/18 13021/19
f 13024/16 14226/17 14227/18 13025/19
f 13028/16 14228/17 14229/18 13029/19
f 13032/16 14230/17 14231/18 13033/19
f 14232/8 14233/22 13456/23 13459/11
f 13261/1 13630/2 13598/3 13262/4
f 13265/1 13948/2 13537/3 13266/4
f 13269/1 13952/2 13951/3 13270/4
f 13827/75 13121/76 13092/5 14055/6
f 13828/75 13832/76 14057/5 14056/6
f 13120/13 14234/11 13827/5 13121/6
f 14162/13 14181/11 13828/5 13832/6
f 14206/44 14234/45 13120/46 13127/8
f 14210/44 14181/45 14162/46 14161/8
f 13917/1 14218/2 13764/3 13763/4
f 14221/1 14063/2 13772/3 13771/4
f 14051/1 13302/2 13301/3 13778/4
f 12977/1 14039/2 13782/3 12978/4
f 14203/1 12954/2 12953/3 13786/4
f 14235/13 14174/97 14173/98 14195/6
f 14236/13 14237/11 14238/142 14239/149
f 14240/6 14241/113 13134/33 13133/5
f 14242/6 13385/113 14243/33 14244/5
f 14247/36 14248/45 14245/46 14249/5
f 14250/36 14246/45 14251/46 14252/5
f 14253/5 14254/6 14249/12 14255/11
f 14256/13 14250/11 14257/5 14258/6
f 13049/85 13190/11 13612/5 13050/86
f 13631/16 13599/17 13600/18 13632/19
f 14073/16 13538/17 13539/18 13809/19
f 14076/16 14053/17 13811/18 13810/19
f 13557/16 13984/17 13985/20 13558/21
f 13559/16 13986/17 13987/18 13560/19
f 13561/16 13988/17 13989/18 13562/19
f 13563/16 13990/17 13991/18 13564/19
f 14054/16 13799/17 13800/20 14223/21
f 14224/16 13801/17 13802/18 14225/19
f 14226/16 13803/17 13804/18 14227/19
f 14228/16 13805/17 13806/18 14229/19
f 14230/16 13807/17 13808/18 14231/19
f 13264/16 13947/17 13948/18 13265/19
f 12992/16 14073/17 13809/18 12993/19
f 14261/1 14262/2 14263/3 14264/4
f 14262/3 14261/4 14264/1 14263/2
f 14265/1 14266/2 14267/3 14268/4
f 14266/3 14265/4 14268/1 14267/2
f 14269/1 14270/2 14271/3 14272/4
f 14270/3 14269/4 14272/1 14271/2
f 14273/1 14274/2 14275/3 14276/4
f 14274/3 14273/4 14276/1 14275/2
f 14277/1 14278/2 14279/3 14280/4
f 14278/3 14277/4 14280/1 14279/2
f 14281/1 14282/2 14283/3 14284/4
f 14282/3 14281/4 14284/1 14283/2
f 14285/1 14286/2 14287/3 14288/4
f 14286/3 14285/4 14288/1 14287/2
f 14289/1 14290/2 14291/3 14292/4
f 14290/3 14289/4 14292/1 14291/2
f 13191/13 13036/77 13041/78 13609/6
f 14307/5 13088/6 14308/7 14309/8
f 12984/9 14308/7 13087/12 12985/10
f 14310/5 14146/6 14311/7 14312/8
f 14312/8 14183/9 13407/10 13404/11
f 14066/5 14065/6 14237/7 14236/8
f 14186/9 14237/7 14147/12 14187/10
f 14359/78 14307/6 14309/7 14360/119
f 13432/13 13431/11 14361/14 14055/15
f 13370/14 14361/15 14362/7 13344/8
f 14363/9 14362/7 13431/12 13433/10
f 13343/13 13826/11 13850/69 13371/70
f 13388/9 13850/8 14364/5 13389/66
f 13528/67 13527/68 14216/7 14178/8
f 13834/9 14216/7 13826/12 13835/10
f 13836/9 13528/8 14365/5 13313/66
f 14366/67 14180/68 13854/7 13853/8
f 14205/9 13854/7 14234/12 14206/10
f 14207/9 14366/8 14367/5 14208/66
f 14241/67 14240/68 13534/7 13379/8
f 14368/9 13534/7 13750/12 13753/10
f 14369/9 14241/8 14370/5 14086/66
f 13897/67 13384/68 14371/7 13859/8
f 13540/9 14371/7 13322/12 13325/10
f 13541/9 13897/8 13865/5 13542/66
f 14372/14 13865/15 14248/7 14247/8
f 13890/9 14248/7 14373/12 13891/10
f 13462/13 13457/11 14235/14 14195/15
f 14089/13 14097/11 13816/5 14372/6
f 14217/16 13761/17 13764/18 14218/19
f 14219/16 13765/17 13768/18 13820/19
f 14375/13 14376/77 13610/78 13609/6
f 14377/13 14378/77 13612/78 13611/6
f 14379/13 14380/11 14381/5 14375/6
f 14382/13 14384/11 14376/5 14383/6
f 14385/13 14386/11 14387/5 14377/6
f 14388/13 14390/11 14378/5 14389/6
f 13041/13 13040/77 14384/78 14379/6
f 13051/13 13050/77 14390/78 14385/6
f 13431/13 13098/11 13100/5 14391/6
f 13437/13 13439/11 14150/5 14392/6
f 14393/13 14151/11 13813/14 13812/15
f 13770/16 14220/17 14221/18 13771/19
f 13774/16 14222/17 13821/18 13775/19
f 14067/78 14066/6 14236/7 14239/119
f 14395/13 13350/25 13375/26 14056/6
f 14059/13 14393/11 13812/14 13815/15
f 13350/13 13830/11 13833/69 13376/70
f 13397/9 13833/8 14396/5 13398/66
f 13530/67 13529/68 14215/7 14179/8
f 13837/9 14215/7 13830/12 13838/10
f 13844/9 13530/8 14397/5 13315/66
f 14398/67 14182/68 13852/7 13855/8
f 14209/9 13852/7 14181/12 14210/10
f 14213/9 14398/8 14399/5 14214/66
f 13385/67 14242/68 13533/7 13381/8
f 14400/9 13533/7 13748/12 13751/10
f 14401/9 13385/8 14402/5 14087/66
f 13898/67 13386/68 14403/7 13861/8
f 13543/9 14403/7 13320/12 13323/10
f 13550/9 13898/8 13870/5 13551/66
f 13863/13 14091/11 14404/5 13870/6
f 13466/13 13467/11 14405/5 14198/6
f 14189/13 14406/11 13817/14 14404/15
f 13694/13 13700/53 13187/50 13183/6
f 14187/39 14147/11 14058/142 14188/143
f 14416/65 14393/11 14059/5 14408/24
f 14208/123 13378/124 13154/28 13129/8
f 14214/123 13380/124 13382/28 14164/8
f 13153/13 14373/11 13378/5 13154/6
f 14167/13 13860/11 13380/5 13382/6
f 13891/44 14373/45 13153/46 13892/8
f 13895/44 13860/45 14167/46 13896/8
f 13167/87 14426/11 14194/5 13158/88
f 13736/66 13167/6 13158/12 13737/10
f 13247/85 13684/11 13683/5 13248/86
f 14427/39 14189/11 14406/5 14428/66
f 14429/65 14406/11 14189/5 14425/24
f 14439/91 14440/92 14438/5 13167/6
f 14443/91 14444/92 14406/5 14445/6
f 13143/14 13314/15 13853/7 13124/8
f 13317/14 13316/15 13855/7 13857/8
f 13143/13 13314/11 14240/69 13133/70
f 13317/13 13316/11 14242/69 14244/70
f 14475/8 14200/7 13465/12 13468/11
f 14476/8 14477/7 14427/12 14428/11
f 14309/13 14308/11 14478/142 14360/149
f 14479/142 14480/144 14312/12 14311/11
f 13344/36 14362/45 14481/46 13107/5
f 13352/36 14482/45 14483/46 13353/5
f 14192/93 14484/50 14485/36 14193/51
f 13681/5 14486/6 14197/12 13682/11
f 13253/13 14199/11 14487/5 13254/6
f 14488/13 14172/97 14174/98 14235/6
f 14097/13 14099/11 13168/5 13816/6
f 14100/13 14101/11 13818/5 13817/6
f 14489/8 14363/7 13433/12 13434/11
f 14490/8 14491/7 13438/12 13440/11
f 14180/6 14366/113 13123/33 13122/5
f 14182/6 14398/113 14159/33 14158/5
f 13859/36 14371/45 13147/46 13146/5
f 13861/36 14403/45 14168/46 13864/5
f 13137/8 14368/7 13753/12 13138/11
f 13139/7 14369/8 14086/5 13140/6
f 14166/8 14400/7 13751/12 13754/11
f 14499/7 14401/8 14087/5 14088/6
f 13088/5 14307/6 14359/75 13090/76
f 13629/3 13260/4 13259/1 13597/2
f 14395/150 14148/76 14146/5 14310/6
f 13947/3 13264/4 13263/1 13536/2
f 13949/3 13268/4 13267/1 13950/2
f 13100/13 14392/53 14395/50 13090/6
f 14150/13 14516/57 14503/58 14148/6
f 13101/27 13826/28 14391/5 13100/6
f 13831/27 13830/28 14392/5 14150/6
f 13835/44 13826/45 13101/46 13116/8
f 13838/44 13830/45 13831/46 13842/8
f 14488/112 14191/50 14190/6 13846/113
f 14217/3 13916/4 13762/1 13761/2
f 14062/3 14220/4 13770/1 13769/2
f 13299/3 14050/4 13777/1 13300/2
f 14038/3 12976/4 12975/1 13781/2
f 12951/3 14202/4 13785/1 12952/2
f 14405/65 13162/11 13161/5 14198/24
f 14172/13 14525/57 14524/58 14170/6
f 14529/91 14530/92 13162/5 14488/6
f 14534/91 14535/92 14172/5 14405/6
f 14570/1 14571/2 14572/3 14573/4
f 14571/3 14570/4 14573/1 14572/2
f 14574/1 14575/2 14576/3 14577/4
f 14575/3 14574/4 14577/1 14576/2
f 14578/1 14579/2 14580/3 14581/4
f 14579/3 14578/4 14581/1 14580/2
f 14582/1 14583/2 14584/3 14585/4
f 14583/3 14582/4 14585/1 14584/2
f 14586/1 14587/2 14588/3 14589/4
f 14587/3 14586/4 14589/1 14588/2
f 14590/16 14591/17 14592/18 14593/19
f 14594/16 14595/17 14596/18 14597/19
f 14598/1 14599/2 14600/3 14601/4
f 14599/3 14598/4 14601/1 14600/2
f 14602/1 14603/2 14604/3 14605/4
f 14603/3 14602/4 14605/1 14604/2
f 14606/1 14607/2 14608/3 14609/4
f 14607/3 14606/4 14609/1 14608/2
f 14610/1 14611/2 14612/3 14613/4
f 14611/3 14610/4 14613/1 14612/2
f 14614/1 14615/2 14616/3 14617/4
f 14615/3 14614/4 14617/1 14616/2
f 14664/5 14665/6 14666/7 14667/8
f 14677/13 14680/77 14681/78 14682/6
f 14686/5 14687/6 14688/7 14689/8
f 14690/9 14688/7 14691/12 14692/10
f 14693/5 14694/6 14695/7 14696/8
f 14696/8 14697/9 14698/10 14699/11
f 14700/5 14701/6 14702/7 14703/8
f 14704/9 14702/7 14705/12 14706/10
f 14707/5 14708/6 14709/7 14710/8
f 14711/9 14709/7 14712/12 14713/10
f 14694/5 14693/6 14696/7 14695/8
f 14697/9 14696/7 14699/12 14698/10
f 14701/5 14700/6 14703/7 14702/8
f 14702/8 14704/9 14706/10 14705/11
f 14708/5 14707/6 14710/7 14709/8
f 14709/8 14711/9 14713/10 14712/11
f 14718/13 14719/11 14720/14 14721/15
f 14726/13 14727/11 14728/14 14729/15
f 14734/65 14735/11 14736/5 14737/24
f 14738/5 14686/101 14689/105 14739/8
f 14740/104 14726/11 14741/5 14742/101
f 14743/13 14744/25 14745/26 14746/6
f 14747/13 14748/97 14736/98 14749/6
f 14673/91 14751/92 14744/5 14750/6
f 14752/91 14676/92 14753/5 14747/6
f 14683/91 14737/92 14748/5 14756/6
f 14759/8 14690/105 14692/121 14760/11
f 14761/5 14762/6 14763/7 14764/8
f 14765/9 14763/7 14766/12 14767/10
f 14762/5 14761/6 14764/7 14763/8
f 14763/8 14765/9 14767/10 14766/11
f 14772/16 14773/17 14774/18 14775/19
f 14776/16 14777/17 14778/18 14779/19
f 14788/123 14789/124 14790/28 14791/8
f 14792/123 14793/124 14794/28 14795/8
f 14797/13 14800/11 14789/5 14790/6
f 14803/13 14798/11 14793/5 14794/6
f 14804/44 14800/45 14797/46 14801/8
f 14802/44 14798/45 14803/46 14805/8
f 14816/16 14817/17 14818/18 14819/19
f 14820/16 14821/17 14822/18 14823/19
f 14838/16 14839/17 14840/18 14841/19
f 14842/16 14843/17 14844/18 14845/19
f 14846/5 14847/6 14848/7 14849/8
f 14857/5 14856/6 14858/7 14859/8
f 14860/13 14861/11 14862/8 14863/7
f 14866/13 14867/11 14868/8 14869/7
f 14870/5 14871/86 14872/147 14873/8
f 14846/34 14877/11 14878/5 14860/35
f 14881/13 14882/11 14883/14 14884/15
f 14889/13 14846/11 14863/69 14890/70
f 14890/7 14891/9 14892/66 14893/6
f 14897/67 14898/68 14899/7 14900/8
f 14900/8 14901/9 14902/10 14889/11
f 14898/7 14903/9 14791/66 14904/6
f 14907/67 14908/68 14909/7 14910/8
f 14910/8 14911/9 14912/10 14905/11
f 14908/7 14913/9 14914/66 14915/6
f 14918/67 14919/68 14920/7 14921/8
f 14921/8 14922/9 14923/10 14916/11
f 14919/7 14924/9 14925/66 14926/6
f 14927/67 14928/68 14929/7 14930/8
f 14930/8 14931/9 14801/10 14797/11
f 14928/7 14932/9 14933/66 14934/6
f 14937/34 14938/11 14934/5 14939/35
f 14942/13 14943/11 14944/5 14945/6
f 14950/65 14951/11 14745/5 14751/24
f 14936/14 14952/15 14953/7 14920/8
f 14956/14 14954/15 14955/7 14957/8
f 14936/13 14952/11 14958/69 14927/70
f 14956/13 14954/11 14960/69 14961/70
f 14962/16 14963/17 14964/18 14965/19
f 14966/16 14967/17 14968/18 14969/19
f 14891/7 14970/8 14971/5 14892/6
f 14978/7 14979/8 14980/5 14981/6
f 14986/39 14874/11 14876/142 14987/143
f 14993/143 14994/144 14992/12 14995/10
f 15009/37 15010/11 15003/5 15011/38
f 15015/44 15014/45 14887/46 15016/8
f 15020/44 15019/45 15009/46 15021/8
f 14942/34 15026/11 15025/5 14943/35
f 15027/66 14942/6 14943/12 15028/10
f 15029/39 15030/11 15031/5 15032/66
f 15033/54 15034/30 15030/5 15035/6
f 15036/48 15037/50 15038/36 15039/7
f 14718/13 15037/11 15040/5 14719/6
f 15044/91 15045/92 15043/5 14942/6
f 14692/151 14691/152 15037/12 14760/10
f 15076/119 15077/7 14986/12 14987/141
f 15078/8 15079/147 15080/148 15081/11
f 15082/6 15083/113 14898/33 14897/5
f 15084/6 15085/113 15086/33 15087/5
f 14953/36 15089/45 14921/46 14920/5
f 14955/36 15088/45 15090/46 14957/5
f 15091/16 15092/17 15093/18 15094/19
f 15095/16 15096/17 15097/18 15098/19
f 14931/8 15099/7 14804/12 14801/11
f 14932/7 15100/8 15101/5 14933/6
f 15107/8 15102/7 14802/12 14805/11
f 15108/7 15109/8 15110/5 15111/6
f 15112/16 15113/17 15114/20 15115/21
f 15116/16 15117/17 15118/18 15119/19
f 15120/16 15121/17 15122/18 15123/19
f 15124/16 15125/17 15126/18 15127/19
f 15128/16 15129/17 15130/20 15131/21
f 15132/16 15133/17 15134/18 15135/19
f 15136/1 15137/2 15138/3 15139/4
f 15137/3 15136/4 15139/1 15138/2
f 15140/1 15141/2 15142/3 15143/4
f 15141/3 15140/4 15143/1 15142/2
f 15144/1 15145/2 15146/3 15147/4
f 15145/3 15144/4 15147/1 15146/2
f 15148/1 15149/2 15150/3 15151/4
f 15149/3 15148/4 15151/1 15150/2
f 15152/1 15153/2 15154/3 15155/4
f 15153/3 15152/4 15155/1 15154/2
f 15156/16 15157/17 15158/18 15159/19
f 15160/16 15161/17 15162/18 15163/19
f 15164/1 15165/2 15166/3 15167/4
f 15165/3 15164/4 15167/1 15166/2
f 15168/1 15169/2 15170/3 15171/4
f 15169/3 15168/4 15171/1 15170/2
f 15172/1 15173/2 15174/3 15175/4
f 15173/3 15172/4 15175/1 15174/2
f 15176/1 15177/2 15178/3 15179/4
f 15177/3 15176/4 15179/1 15178/2
f 15180/1 15181/2 15182/3 15183/4
f 15181/3 15180/4 15183/1 15182/2
f 15184/16 15185/17 15186/18 15187/19
f 15188/16 15189/17 15190/18 15191/19
f 15250/5 15251/6 15252/7 15253/8
f 15254/9 15252/7 15060/12 15255/10
f 14758/85 14757/11 15256/5 15257/86
f 15251/5 15250/6 15253/7 15252/8
f 15252/8 15254/9 15255/10 15060/11
f 15258/1 15259/2 15260/3 15261/4
f 15259/3 15258/4 15261/1 15260/2
f 15262/1 15263/2 15264/3 15265/4
f 15263/3 15262/4 15265/1 15264/2
f 15266/1 15267/2 15268/3 15269/4
f 15267/3 15266/4 15269/1 15268/2
f 15270/1 15271/2 15272/3 15273/4
f 15271/3 15270/4 15273/1 15272/2
f 15274/1 15275/2 15276/3 15277/4
f 15275/3 15274/4 15277/1 15276/2
f 15185/16 15278/17 15279/18 15186/19
f 15092/16 15280/17 15281/18 15093/19
f 15282/16 15283/17 15284/18 15285/19
f 15286/16 15112/17 15115/20 15287/21
f 15288/16 15116/17 15119/18 15289/19
f 15290/16 15120/17 15123/18 15291/19
f 15292/16 15124/17 15127/18 15293/19
f 15294/16 15295/17 15296/20 15297/21
f 15298/16 15299/17 15300/18 15301/19
f 15302/16 15303/17 15304/18 15305/19
f 15306/16 15307/17 15308/18 15309/19
f 15310/16 15311/17 15312/18 15313/19
f 15314/16 15315/17 15316/18 15317/19
f 15318/16 15319/17 15320/18 15321/19
f 15322/16 15323/17 15324/18 15325/19
f 15326/16 15327/17 15328/18 15329/19
f 15278/16 15330/17 15331/18 15279/19
f 15332/16 15333/17 15334/18 15335/19
f 15040/13 15037/11 15336/14 15337/15
f 15340/13 15341/11 15342/5 15343/6
f 15350/34 15351/11 15352/5 14951/35
f 15353/71 15354/11 15355/5 14735/72
f 14950/91 15356/92 15358/5 15350/6
f 15359/91 15360/92 15354/5 15361/6
f 14734/91 15362/92 15363/5 15353/6
f 15364/5 15365/6 15366/7 15367/8
f 15368/9 15366/7 15369/12 15370/10
f 15365/5 15364/6 15367/7 15366/8
f 15366/8 15368/9 15370/10 15369/11
f 14757/13 14677/77 14682/78 15256/6
f 15373/5 15374/6 15375/7 15376/8
f 15376/8 15377/9 15378/10 14999/11
f 15379/5 15380/6 15381/7 15382/8
f 15383/9 15381/7 15384/12 15385/10
f 15386/5 15387/6 15388/7 15389/8
f 15390/9 15388/7 15001/12 15391/10
f 15374/5 15373/6 15376/7 15375/8
f 15377/9 15376/7 14999/12 15378/10
f 15380/5 15379/6 15382/7 15381/8
f 15381/8 15383/9 15385/10 15384/11
f 15387/5 15386/6 15389/7 15388/8
f 15388/8 15390/9 15391/10 15001/11
f 15189/16 15332/17 15335/18 15190/19
f 15096/16 15392/17 15393/18 15097/19
f 15394/16 15395/17 15396/18 15397/19
f 15398/16 15128/17 15131/20 15399/21
f 15400/16 15132/17 15135/18 15401/19
f 15402/16 15403/17 15404/20 15405/21
f 15406/16 15407/17 15408/18 15409/19
f 15410/16 15411/17 15412/18 15413/19
f 15414/16 15415/17 15416/18 15417/19
f 15418/16 15419/17 15420/18 15421/19
f 14971/123 15428/124 14917/28 14892/8
f 14980/123 15429/124 15430/28 14981/8
f 14916/13 15434/11 15428/5 14917/6
f 15436/13 15432/11 15429/5 15430/6
f 15437/44 15434/45 14916/46 14923/8
f 15435/44 15432/45 15436/46 15438/8
f 15445/16 15294/17 15297/20 15446/21
f 15447/16 15298/17 15301/18 15448/19
f 15449/16 15302/17 15305/18 15450/19
f 15451/16 15306/17 15309/18 15452/19
f 15453/16 15310/17 15313/18 15454/19
f 15455/16 15402/17 15405/20 15456/21
f 15457/16 15406/17 15409/18 15458/19
f 15459/16 15410/17 15413/18 15460/19
f 15461/16 15414/17 15417/18 15462/19
f 15463/16 15418/17 15421/18 15464/19
f 14773/16 15465/17 15466/18 14774/19
f 14777/16 15467/17 15468/18 14778/19
f 15323/16 15156/17 15159/18 15324/19
f 15327/16 15160/17 15163/18 15328/19
f 15469/16 14962/17 14965/18 15470/19
f 15471/16 14966/17 14969/18 15472/19
f 15315/16 15473/17 15474/18 15316/19
f 15319/16 15475/17 15476/18 15320/19
f 15477/16 14816/17 14819/18 15478/19
f 15479/16 14820/17 14823/18 15480/19
f 15481/16 15482/17 15483/20 15484/21
f 15485/16 15486/17 15487/18 15488/19
f 15489/16 15490/17 15491/18 15492/19
f 15493/16 15494/17 15495/18 15496/19
f 15497/16 15498/17 15499/18 15500/19
f 15279/1 15331/2 15187/3 15186/4
f 15281/1 15501/2 15094/3 15093/4
f 15284/1 15502/2 15503/3 15285/4
f 15504/13 14884/11 14883/5 15505/6
f 15101/123 15506/125 14939/76 14933/8
f 15110/123 15507/125 15508/76 15111/8
f 15509/1 14779/2 14778/3 15468/4
f 15162/1 15329/2 15328/3 15163/4
f 14968/1 15510/2 15472/3 14969/4
f 15511/1 15321/2 15320/3 15476/4
f 14822/1 15512/2 15480/3 14823/4
f 15342/13 14729/11 14728/5 15343/6
f 15513/1 15514/2 15515/3 15516/4
f 14597/1 14596/2 15517/3 15518/4
f 15519/1 15520/2 15521/3 15522/4
f 14845/1 14844/2 15523/3 15524/4
f 15525/13 14889/11 14906/5 15526/6
f 15529/13 15530/11 15531/5 15527/6
f 14906/13 15526/11 15082/69 14897/70
f 15531/13 15527/11 15084/69 15087/70
f 15533/16 15481/17 15484/20 15534/21
f 15535/16 15485/17 15488/18 15536/19
f 15537/16 15489/17 15492/18 15538/19
f 15539/16 15493/17 15496/18 15540/19
f 15541/16 15497/17 15500/18 15542/19
f 15543/16 15544/17 15545/18 15546/19
f 15547/16 15548/17 15515/18 15514/19
f 14591/16 15549/17 15550/18 14592/19
f 14595/16 15551/17 15517/18 14596/19
f 15552/16 15553/17 15554/18 15555/19
f 15556/16 15557/17 15521/18 15520/19
f 14839/16 15558/17 15559/18 14840/19
f 14843/16 15560/17 15523/18 14844/19
f 15564/13 14847/25 14861/26 15567/6
f 15566/13 15568/11 15504/5 15505/6
f 14847/13 15525/11 15577/69 14862/70
f 14970/9 15577/8 15578/5 14971/66
f 15083/67 15082/68 15579/7 15580/8
f 15581/9 15579/7 15525/12 15582/10
f 15583/9 15083/8 15584/5 14788/66
f 15585/67 15586/68 15587/7 15588/8
f 15589/9 15587/7 15590/12 15591/10
f 15592/9 15585/8 15593/5 15594/66
f 14952/14 15593/15 15089/7 14953/8
f 15595/9 15089/7 15434/12 15437/10
f 15597/5 14952/6 15598/7 15599/8
f 15099/9 15598/7 14800/12 14804/10
f 15576/13 15600/11 15601/8 14958/7
f 15100/9 15601/8 15602/5 15101/66
f 15600/13 15605/25 15506/26 15602/6
f 15596/13 15606/11 15607/5 15608/6
f 14901/8 15581/7 15582/12 14902/11
f 14903/7 15583/8 14788/5 14791/6
f 15616/8 15612/7 15613/12 15617/11
f 15618/7 15619/8 14792/5 14795/6
f 14862/6 15577/113 14890/33 14863/5
f 14868/6 15532/113 15620/33 14869/5
f 15588/36 15587/45 14910/46 14909/5
f 15622/36 15621/45 15623/46 15624/5
f 14938/14 15600/15 15599/7 14929/8
f 15627/14 15628/15 15626/7 15629/8
f 14938/13 15600/11 15602/5 14934/6
f 15627/13 15628/11 15634/5 15635/6
f 15636/8 15637/7 15638/12 15639/11
f 15640/8 15641/7 15642/12 15643/11
f 15644/16 15543/17 15546/18 15645/19
f 15646/16 15547/17 15514/18 15513/19
f 15558/16 15647/17 15648/18 15559/19
f 15560/16 15649/17 15524/18 15523/19
f 14958/6 15601/113 14928/33 14927/5
f 14960/6 15650/113 15651/33 14961/5
f 15652/1 15653/2 15654/3 15655/4
f 15653/3 15652/4 15655/1 15654/2
f 15656/1 15657/2 15658/3 15659/4
f 15657/3 15656/4 15659/1 15658/2
f 15660/1 15661/2 15662/3 15663/4
f 15661/3 15660/4 15663/1 15662/2
f 15664/1 15665/2 15666/3 15667/4
f 15665/3 15664/4 15667/1 15666/2
f 15668/1 15669/2 15670/3 15671/4
f 15669/3 15668/4 15671/1 15670/2
f 15672/1 15673/2 15674/3 15675/4
f 15673/3 15672/4 15675/1 15674/2
f 15676/1 15677/2 15678/3 15679/4
f 15677/3 15676/4 15679/1 15678/2
f 15680/1 15681/2 15682/3 15683/4
f 15681/3 15680/4 15683/1 15682/2
f 15684/1 15685/2 15686/3 15687/4
f 15685/3 15684/4 15687/1 15686/2
f 15688/1 15689/2 15690/3 15691/4
f 15689/3 15688/4 15691/1 15690/2
f 15704/5 15348/6 15705/7 15706/8
f 15707/9 15705/7 15066/12 15708/10
f 15348/5 15704/6 15706/7 15705/8
f 15705/8 15707/9 15708/10 15066/11
f 15709/16 15286/17 15287/20 15710/21
f 15711/16 15288/17 15289/18 15712/19
f 15713/16 15290/17 15291/18 15714/19
f 15715/16 15292/17 15293/18 15716/19
f 15717/16 15398/17 15399/20 15718/21
f 15719/16 15400/17 15401/18 15720/19
f 15721/1 15722/2 15723/3 15724/4
f 15722/3 15721/4 15724/1 15723/2
f 15725/1 15726/2 15727/3 15728/4
f 15726/3 15725/4 15728/1 15727/2
f 15729/1 15730/2 15731/3 15732/4
f 15730/3 15729/4 15732/1 15731/2
f 15733/1 15734/2 15735/3 15736/4
f 15734/3 15733/4 15736/1 15735/2
f 15737/1 15738/2 15739/3 15740/4
f 15738/3 15737/4 15740/1 15739/2
f 15741/8 15742/147 14993/148 14995/11
f 15743/5 15744/6 15745/7 15746/8
f 15747/9 15745/7 15059/12 15748/10
f 15744/5 15743/6 15746/7 15745/8
f 15745/8 15747/9 15748/10 15059/11
f 14680/85 14758/11 15257/5 14681/86
f 15544/16 15751/17 15752/18 15545/19
f 15548/16 15753/17 15516/18 15515/19
f 15754/16 15552/17 15555/18 15755/19
f 15756/16 15556/17 15520/18 15519/19
f 15757/5 15758/86 15759/147 15760/8
f 15009/13 15011/11 15761/14 15762/15
f 15762/14 14866/15 14859/7 15763/8
f 15763/8 15764/9 15021/10 15009/11
f 15530/13 14857/11 14869/69 15620/70
f 15620/7 14978/9 14981/66 15765/6
f 15087/67 15086/68 15766/7 15767/8
f 15767/8 15616/9 15617/10 15530/11
f 15086/7 15618/9 14795/66 15768/6
f 15769/67 15770/68 15624/7 15623/8
f 15623/8 15771/9 15772/10 15773/11
f 15770/7 15774/9 15775/66 15776/6
f 15777/67 15778/68 14957/7 15090/8
f 15090/8 15779/9 15438/10 15436/11
f 15778/7 15780/9 15781/66 15782/6
f 14961/67 15651/68 15629/7 15783/8
f 15783/8 15107/9 14805/10 14803/11
f 15651/7 15108/9 15111/66 15635/6
f 15635/14 15784/15 15785/7 15786/8
f 15786/8 15640/9 15643/10 15787/11
f 15038/13 15035/11 15788/14 15789/15
f 15790/13 15791/11 15784/5 15508/6
f 15549/16 15795/17 15796/18 15550/19
f 15551/16 15797/17 15518/18 15517/19
f 15482/16 15798/17 15799/20 15483/21
f 15486/16 15800/17 15801/18 15487/19
f 15490/16 15802/17 15803/18 15491/19
f 15494/16 15804/17 15805/18 15495/19
f 15498/16 15806/17 15807/18 15499/19
f 15751/16 15644/17 15645/18 15752/19
f 15753/16 15646/17 15513/18 15516/19
f 15795/16 14590/17 14593/18 15796/19
f 15797/16 14594/17 14597/18 15518/19
f 15808/16 15754/17 15755/18 15809/19
f 15810/16 15756/17 15519/18 15522/19
f 15647/16 14838/17 14841/18 15648/19
f 15649/16 14842/17 14845/18 15524/19
f 15811/16 15282/17 15285/18 15503/19
f 15812/16 15394/17 15397/18 15813/19
f 15113/3 15112/4 15286/1 15709/2
f 15129/3 15128/4 15398/1 15717/2
f 15814/3 15295/4 15294/1 15445/2
f 15815/3 15403/4 15402/1 15455/2
f 15533/3 15798/4 15482/1 15481/2
f 14876/13 15002/11 15567/14 14878/15
f 14882/13 15565/11 15505/14 14883/15
f 15011/13 14994/11 15816/14 15761/15
f 15566/150 14871/76 14870/5 15563/6
f 15330/3 15278/4 15185/1 15184/2
f 15820/3 15280/4 15092/1 15091/2
f 15822/3 15283/4 15282/1 15811/2
f 15823/13 15568/11 15566/5 15821/6
f 15826/123 15600/124 14938/28 14925/8
f 15827/123 15628/124 15627/28 15781/8
f 14941/13 15604/11 15600/5 14938/6
f 15791/13 15832/11 15628/5 15627/6
f 15833/13 15605/11 15604/5 15828/6
f 14937/13 15834/53 15832/50 14941/6
f 15790/13 15341/53 15340/50 15791/6
f 15837/91 15838/92 14937/5 15605/6
f 15843/91 15844/92 15790/5 15834/6
f 15849/91 14742/92 14741/5 15341/6
f 15333/16 15188/17 15191/18 15334/19
f 15857/16 15095/17 15098/18 15858/19
f 15859/16 15812/17 15813/18 15860/19
f 15129/16 15717/17 15718/20 15130/21
f 15133/16 15719/17 15720/18 15134/19
f 15815/16 15455/17 15456/20 15861/21
f 15862/16 15457/17 15458/18 15863/19
f 15864/16 15459/17 15460/18 15865/19
f 15866/16 15461/17 15462/18 15867/19
f 15868/16 15463/17 15464/18 15869/19
f 14917/14 15428/15 15580/7 14899/8
f 15430/14 15429/15 15870/7 15766/8
f 14917/13 15428/11 15586/69 14907/70
f 15430/13 15429/11 15872/69 15769/70
f 15283/16 15822/17 15502/18 15284/19
f 15395/16 15859/17 15860/18 15396/19
f 14951/34 15352/11 14746/5 14745/35
f 14943/13 15024/11 15596/5 14944/6
f 15873/71 15596/11 15608/5 15788/72
f 14940/13 15603/11 15604/5 14941/6
f 14944/5 15874/6 15875/7 15876/8
f 15876/8 15877/9 15028/10 14943/11
f 14665/5 15878/6 15879/7 14666/8
f 15880/9 15879/7 15030/12 15029/10
f 15035/13 15030/11 15878/5 15873/6
f 14727/71 15881/11 15832/5 15882/72
f 14735/71 15355/11 14749/5 14736/72
f 15873/5 15884/24 15885/22 15886/8
f 14719/13 15040/11 15337/14 14720/15
f 15882/13 15340/11 15343/5 14728/6
f 14911/8 15589/7 15591/12 14912/11
f 14913/7 15592/8 15594/5 14914/6
f 15771/8 15887/7 15888/12 15772/11
f 15774/7 15891/8 15892/5 15775/6
f 15580/36 15579/45 14900/46 14899/5
f 15870/36 15939/45 15767/46 15766/5
f 15295/16 15814/17 15940/20 15296/21
f 15299/16 15941/17 15942/18 15300/19
f 15303/16 15943/17 15944/18 15304/19
f 15307/16 15945/17 15946/18 15308/19
f 15311/16 15947/17 15948/18 15312/19
f 15403/16 15815/17 15861/20 15404/21
f 15407/16 15862/17 15863/18 15408/19
f 15411/16 15864/17 15865/18 15412/19
f 15415/16 15866/17 15867/18 15416/19
f 15419/16 15868/17 15869/18 15420/19
f 15949/16 14772/17 14775/18 15950/19
f 15951/16 14776/17 14779/18 15509/19
f 15157/16 15322/17 15325/18 15158/19
f 15161/16 15326/17 15329/18 15162/19
f 14963/16 15952/17 15953/18 14964/19
f 14967/16 15954/17 15510/18 14968/19
f 15955/16 15314/17 15317/18 15956/19
f 15957/16 15318/17 15321/18 15511/19
f 14817/16 15958/17 15959/18 14818/19
f 14821/16 15960/17 15512/18 14822/19
f 15798/16 15533/17 15534/20 15799/21
f 15800/16 15535/17 15536/18 15801/19
f 15802/16 15537/17 15538/18 15803/19
f 15804/16 15539/17 15540/18 15805/19
f 15806/16 15541/17 15542/18 15807/19
f 15961/8 15962/22 15036/23 15039/11
f 15335/1 15334/2 15191/3 15190/4
f 15393/1 15858/2 15098/3 15097/4
f 15396/1 15860/2 15813/3 15397/4
f 15526/75 14906/76 14878/5 15567/6
f 15527/75 15531/76 15761/5 15816/6
f 14905/13 15590/11 15526/5 14906/6
f 15773/13 15871/11 15527/5 15531/6
f 15591/44 15590/45 14905/46 14912/8
f 15888/44 15871/45 15773/46 15772/8
f 15607/13 15789/97 15788/98 15608/6
f 15950/1 14775/2 14774/3 15466/4
f 15158/1 15325/2 15324/3 15159/4
f 14964/1 15953/2 15470/3 14965/4
f 15956/1 15317/2 15316/3 15474/4
f 14818/1 15959/2 15478/3 14819/4
f 15336/13 14721/11 14720/5 15337/6
f 15645/1 15546/2 15545/3 15752/4
f 14593/1 14592/2 15550/3 15796/4
f 15755/1 15555/2 15554/3 15809/4
f 14841/1 14840/2 15559/3 15648/4
f 14872/142 15963/144 15964/12 14873/11
f 15965/6 15966/113 14919/33 14918/5
f 15967/6 14959/113 15778/33 15777/5
f 15970/36 15971/45 15968/46 15972/5
f 15973/36 15969/45 15786/46 15785/5
f 15473/16 15955/17 15956/18 15474/19
f 15475/16 15957/17 15511/18 15476/19
f 15280/16 15820/17 15501/18 15281/19
f 15392/16 15857/17 15858/18 15393/19
f 15983/1 15984/2 15985/3 15986/4
f 15984/3 15983/4 15986/1 15985/2
f 15987/1 15988/2 15989/3 15990/4
f 15988/3 15987/4 15990/1 15989/2
f 15991/1 15992/2 15993/3 15994/4
f 15992/3 15991/4 15994/1 15993/2
f 15995/1 15996/2 15997/3 15998/4
f 15996/3 15995/4 15998/1 15997/2
f 15999/1 16000/2 16001/3 16002/4
f 16000/3 15999/4 16002/1 16001/2
f 16003/1 16004/2 16005/3 16006/4
f 16004/3 16003/4 16006/1 16005/2
f 16007/1 16008/2 16009/3 16010/4
f 16008/3 16007/4 16010/1 16009/2
f 16011/1 16012/2 16013/3 16014/4
f 16012/3 16011/4 16014/1 16013/2
f 16015/1 16016/2 16017/3 16018/4
f 16016/3 16015/4 16018/1 16017/2
f 16019/1 16020/2 16021/3 16022/4
f 16020/3 16019/4 16022/1 16021/2
f 16035/5 15349/6 16036/7 16037/8
f 16038/9 16036/7 15069/12 16039/10
f 15349/5 16035/6 16037/7 16036/8
f 16036/8 16038/9 16039/10 15069/11
f 16041/13 14856/25 14867/26 15816/6
f 14856/13 15529/11 15532/69 14868/70
f 14979/9 15532/8 16043/5 14980/66
f 15085/67 15084/68 15939/7 15870/8
f 15612/9 15939/7 15529/12 15613/10
f 15619/9 15085/8 16044/5 14792/66
f 16045/67 15872/68 15621/7 15622/8
f 15887/9 15621/7 15871/12 15888/10
f 15891/9 16045/8 16046/5 15892/66
f 14959/67 15967/68 15088/7 14955/8
f 16047/9 15088/7 15432/12 15435/10
f 16048/9 14959/8 16049/5 15827/66
f 15650/67 14960/68 16050/7 15626/8
f 15102/9 16050/7 14798/12 14802/10
f 15109/9 15650/8 15634/5 15110/66
f 15628/13 15834/25 15507/26 15634/6
f 15030/13 15031/11 16051/5 15878/6
f 15355/13 15360/53 14752/50 14749/6
f 16053/8 15880/7 15029/12 15032/11
f 15561/5 14875/6 16054/7 16055/8
f 15077/9 16054/7 14874/12 14986/10
f 15563/5 14870/6 14873/7 15964/8
f 15964/8 15078/9 15081/10 15562/11
f 16040/5 15757/6 15760/7 16056/8
f 16056/8 15741/9 14995/10 14992/11
f 15465/16 15949/17 15950/18 15466/19
f 15467/16 15951/17 15509/18 15468/19
f 16057/5 16058/6 16059/7 16060/8
f 16061/9 16059/7 15056/12 16062/10
f 16058/5 16057/6 16060/7 16059/8
f 16059/8 16061/9 16062/10 15056/11
f 16067/13 16068/77 15257/78 15256/6
f 16069/13 16070/11 16071/5 16067/6
f 16072/13 16074/11 16068/5 16073/6
f 14682/13 14681/77 16074/78 16069/6
f 15330/16 15184/17 15187/18 15331/19
f 15820/16 15091/17 15094/18 15501/19
f 15822/16 15811/17 15503/18 15502/19
f 15113/16 15709/17 15710/20 15114/21
f 15117/16 15711/17 15712/18 15118/19
f 15121/16 15713/17 15714/18 15122/19
f 15125/16 15715/17 15716/18 15126/19
f 15814/16 15445/17 15446/20 15940/21
f 15941/16 15447/17 15448/18 15942/19
f 15943/16 15449/17 15450/18 15944/19
f 15945/16 15451/17 15452/18 15946/19
f 15947/16 15453/17 15454/18 15948/19
f 15952/16 15469/17 15470/18 15953/19
f 15954/16 15471/17 15472/18 15510/19
f 15553/16 15808/17 15809/18 15554/19
f 15557/16 15810/17 15522/18 15521/19
f 15014/13 14887/11 14888/5 15571/6
f 15573/13 14881/11 14884/14 15504/15
f 15019/13 15009/11 16075/5 16042/6
f 15080/143 15565/144 15562/12 15081/10
f 14881/34 16080/11 16079/5 14882/35
f 15594/123 14952/124 14936/28 14914/8
f 15892/123 14954/124 14956/28 15775/8
f 14935/13 15597/11 14952/5 14936/6
f 15787/13 15625/11 14954/5 14956/6
f 15638/44 15597/45 14935/46 15639/8
f 15642/44 15625/45 15787/46 15643/8
f 14726/129 16087/11 16083/5 14727/130
f 16091/91 16092/92 16090/5 16093/6
f 16100/91 16098/92 16099/5 16101/6
f 14740/91 16107/92 16106/5 14726/6
f 14790/14 14789/15 15588/7 14909/8
f 14794/14 14793/15 15622/7 15624/8
f 14790/13 14789/11 15965/69 14918/70
f 14794/13 14793/11 15967/69 15777/70
f 16055/13 16054/11 16115/142 16116/149
f 15759/142 16117/144 16056/12 15760/11
f 14848/36 16118/45 16119/46 14849/5
f 14858/36 16120/45 15763/46 14859/5
f 16121/5 16122/6 15876/12 15875/11
f 14666/13 15879/11 16123/5 14667/6
f 15885/93 16124/50 16125/36 15886/51
f 14689/153 14688/152 16124/12 14739/11
f 15606/13 16126/97 15789/98 15607/6
f 15605/13 14937/11 14939/5 15506/6
f 15834/13 15790/11 15508/5 15507/6
f 15037/13 14718/11 14721/14 15336/15
f 15341/13 14741/11 14729/5 15342/6
f 16129/8 16130/7 15015/12 15016/11
f 15764/8 16131/7 15020/12 15021/11
f 15874/5 16127/6 16121/7 15875/8
f 15586/6 15585/113 14908/33 14907/5
f 15872/6 16045/113 15770/33 15769/5
f 15599/36 15598/45 14930/46 14929/5
f 15626/36 16050/45 15783/46 15629/5
f 15877/8 16177/7 15027/12 15028/11
f 14922/8 15595/7 15437/12 14923/11
f 14924/7 16178/8 15826/5 14925/6
f 15779/8 16047/7 15435/12 15438/11
f 15780/7 16048/8 15827/5 15781/6
f 14875/5 15561/6 15564/75 14877/76
f 16041/150 15758/76 15757/5 16040/6
f 15333/3 15332/4 15189/1 15188/2
f 15857/3 15392/4 15096/1 15095/2
f 15859/3 15395/4 15394/1 15812/2
f 16194/13 15571/11 15564/5 16188/6
f 14888/13 16042/53 16041/50 14877/6
f 14889/27 15525/28 15571/5 14888/6
f 15530/27 15529/28 16042/5 16075/6
f 15582/44 15525/45 14889/46 14902/8
f 15613/44 15529/45 15530/46 15617/8
f 16198/13 15606/11 15596/5 16197/6
f 16051/65 14945/11 14944/5 15878/24
f 15346/112 15884/50 15873/6 16126/113
f 14772/3 15949/4 15465/1 14773/2
f 15322/3 15157/4 15156/1 15323/2
f 15952/3 14963/4 14962/1 15469/2
f 15314/3 15955/4 15473/1 15315/2
f 15958/3 14817/4 14816/1 15477/2
f 16201/91 16202/92 14945/5 15606/6
f 16208/91 16209/92 16126/5 16051/6
f 14687/154 14686/92 14738/5 15346/6
f 15543/3 15644/4 15751/1 15544/2
f 14591/3 14590/4 15795/1 15549/2
f 15552/3 15754/4 15808/1 15553/2
f 14839/3 14838/4 15647/1 15558/2
f 15958/16 15477/17 15478/18 15959/19
f 15960/16 15479/17 15480/18 15512/19
f 16228/5 16229/6 16230/7 16231/8
f 16231/8 16232/9 16233/10 16234/11
f 16235/5 16236/6 16237/7 16238/8
f 16229/5 16228/6 16231/7 16239/8
f 16240/5 16241/6 16242/7 16243/8
f 16244/5 16245/6 16246/7 16247/8
f 16243/8 16248/9 16249/10 16250/11
f 16251/5 16252/6 16253/7 16254/8
f 16254/8 16255/9 16256/10 16257/11
f 16455/5 16456/6 16457/7 16458/8
f 16459/9 16457/7 16460/12 16461/10
f 16462/5 16455/6 16463/7 16464/8
f 16464/8 16465/9 16466/10 16460/11
f 16467/5 16468/6 16469/7 16470/8
f 16470/8 16471/9 16472/10 16473/11
f 16474/5 16475/6 16476/7 16477/8
f 16477/8 16478/9 16479/10 16480/11
f 16481/5 16482/6 16483/7 16484/8
f 16484/8 16485/9 16486/10 16487/11
f 16488/5 16489/6 16490/7 16491/8
f 16492/5 16474/6 16477/7 16493/8
f 16494/5 16495/6 16496/7 16497/8
f 16498/5 16481/6 16484/7 16499/8
f 16500/5 16501/6 16502/7 16503/8
f 16504/5 16505/6 16506/7 16507/8
f 16503/8 16508/9 16509/10 16510/11
f 16511/5 16512/6 16513/7 16514/8
f 16515/5 16516/6 16517/7 16518/8
f 16514/8 16519/9 16520/10 16521/11
f 16522/5 16523/6 16524/7 16525/8
f 16525/8 16526/9 16527/10 16528/11
f 16529/5 16530/6 16531/7 16532/8
f 16532/8 16533/9 16534/10 16535/11
f 16536/5 16537/6 16538/7 16539/8
f 16540/5 16541/6 16542/7 16543/8
f 16544/5 16545/6 16546/7 16547/8
f 16547/8 16548/9 16549/10 16550/11
f 16551/5 16552/6 16553/7 16554/8
f 16554/8 16555/9 16556/10 16557/11
f 16558/1 16559/2 16560/3 16561/4
f 16559/3 16558/4 16561/1 16560/2
f 16562/1 16563/2 16564/3 16565/4
f 16563/3 16562/4 16565/1 16564/2
f 16566/1 16567/2 16568/3 16569/4
f 16567/3 16566/4 16569/1 16568/2
f 16570/1 16571/2 16572/3 16573/4
f 16571/3 16570/4 16573/1 16572/2
f 16574/1 16575/2 16576/3 16577/4
f 16575/3 16574/4 16577/1 16576/2
f 16578/1 16579/2 16580/3 16581/4
f 16579/3 16578/4 16581/1 16580/2
f 16582/48 16583/7 16584/12 16585/49
f 16586/48 16587/7 16588/12 16589/49
f 16590/63 16591/7 16592/12 16593/64
f 16594/1 16595/2 16596/3 16597/4
f 16595/3 16594/4 16597/1 16596/2
f 16598/1 16599/2 16600/3 16601/4
f 16599/3 16598/4 16601/1 16600/2
f 16602/1 16603/2 16604/3 16605/4
f 16603/3 16602/4 16605/1 16604/2
f 16606/1 16607/2 16608/3 16609/4
f 16607/3 16606/4 16609/1 16608/2
f 16610/1 16611/2 16612/3 16613/4
f 16611/3 16610/4 16613/1 16612/2
f 16614/1 16615/2 16616/3 16617/4
f 16615/3 16614/4 16617/1 16616/2
f 16618/16 16619/17 16620/18 16621/19
f 16622/16 16623/17 16624/18 16625/19
f 16626/16 16627/17 16628/18 16629/19
f 16630/16 16631/17 16632/18 16633/19
f 16634/1 16635/2 16636/3 16637/4
f 16635/3 16634/4 16637/1 16636/2
f 16638/1 16639/2 16640/3 16641/4
f 16639/3 16638/4 16641/1 16640/2
f 16642/1 16643/2 16644/3 16645/4
f 16643/3 16642/4 16645/1 16644/2
f 16646/1 16647/2 16648/3 16649/4
f 16647/3 16646/4 16649/1 16648/2
f 16650/1 16651/2 16652/3 16653/4
f 16651/3 16650/4 16653/1 16652/2
f 16654/1 16655/2 16656/3 16657/4
f 16655/3 16654/4 16657/1 16656/2
f 16658/1 16659/2 16660/3 16661/4
f 16659/3 16658/4 16661/1 16660/2
f 16662/1 16663/2 16664/3 16665/4
f 16663/3 16662/4 16665/1 16664/2
f 16666/1 16667/2 16668/3 16669/4
f 16667/3 16666/4 16669/1 16668/2
f 16670/1 16671/2 16672/3 16673/4
f 16671/3 16670/4 16673/1 16672/2
f 16674/1 16675/2 16676/3 16677/4
f 16675/3 16674/4 16677/1 16676/2
f 16678/1 16679/2 16680/3 16681/4
f 16679/3 16678/4 16681/1 16680/2
f 16682/16 16683/17 16684/18 16685/19
f 16686/16 16687/17 16688/18 16689/19
f 16690/16 16691/17 16692/20 16693/21
f 16694/16 16695/17 16696/18 16697/19
f 16698/16 16699/17 16700/18 16701/19
f 16702/16 16703/17 16704/18 16705/19
f 16706/16 16707/17 16708/18 16709/19
f 16710/16 16711/17 16712/20 16713/21
f 16714/16 16715/17 16716/18 16717/19
f 16718/16 16719/17 16720/18 16721/19
f 16722/16 16723/17 16724/18 16725/19
f 16726/16 16727/17 16728/20 16729/21
f 16730/16 16731/17 16732/18 16733/19
f 16734/16 16735/17 16736/18 16737/19
f 16738/16 16739/17 16740/18 16741/19
f 16742/16 16743/17 16744/18 16745/19
f 16746/50 16747/6 16748/7 16749/48
f 16750/13 16751/73 16752/74 16753/6
f 16754/13 16755/11 16756/5 16746/6
f 16746/13 16757/73 16758/74 16759/6
f 16764/13 16765/11 16766/5 16767/6
f 16772/5 16756/6 16773/7 16774/8
f 16775/9 16773/7 16755/12 16776/10
f 16777/5 16766/6 16778/7 16779/8
f 16780/9 16778/7 16765/12 16781/10
f 16766/13 16782/53 16783/50 16784/6
f 16757/5 16785/6 16786/7 16787/8
f 16787/8 16788/9 16789/10 16790/11
f 16782/5 16791/6 16792/7 16793/8
f 16793/8 16794/9 16795/10 16796/11
f 16790/13 16797/11 16798/5 16757/6
f 16796/13 16803/11 16804/5 16782/6
f 16809/13 16810/53 16811/50 16812/6
f 16813/16 16814/17 16815/20 16816/21
f 16817/16 16818/17 16819/18 16820/19
f 16821/16 16822/17 16823/18 16824/19
f 16825/16 16826/17 16827/18 16828/19
f 16829/16 16830/17 16831/18 16832/19
f 16833/16 16834/17 16835/20 16836/21
f 16837/16 16838/17 16839/18 16840/19
f 16841/16 16842/17 16843/18 16844/19
f 16845/16 16846/17 16847/18 16848/19
f 16849/16 16850/17 16851/20 16852/21
f 16853/16 16854/17 16855/18 16856/19
f 16857/16 16858/17 16859/18 16860/19
f 16861/16 16862/17 16863/18 16864/19
f 16865/16 16866/17 16867/18 16868/19
f 16869/1 16870/2 16871/3 16872/4
f 16870/3 16869/4 16872/1 16871/2
f 16873/1 16874/2 16875/3 16876/4
f 16874/3 16873/4 16876/1 16875/2
f 16877/1 16878/2 16879/3 16880/4
f 16878/3 16877/4 16880/1 16879/2
f 16881/1 16882/2 16883/3 16884/4
f 16882/3 16881/4 16884/1 16883/2
f 16885/1 16886/2 16887/3 16888/4
f 16886/3 16885/4 16888/1 16887/2
f 16889/1 16890/2 16891/3 16892/4
f 16890/3 16889/4 16892/1 16891/2
f 16912/13 16913/11 16914/69 16915/70
f 16912/14 16913/15 16918/7 16917/8
f 16919/8 16920/7 16921/12 16922/11
f 16923/8 16924/7 16925/12 16926/11
f 16927/8 16928/7 16929/12 16930/11
f 16931/16 16932/17 16933/18 16934/19
f 16935/16 16936/17 16937/18 16938/19
f 16942/13 16943/11 16944/69 16945/70
f 16942/14 16943/15 16948/7 16947/8
f 16751/34 16949/11 16950/5 16752/35
f 16755/13 16951/11 16952/5 16756/6
f 16765/13 16955/11 16956/5 16766/6
f 16784/14 16959/15 16960/7 16778/8
f 16920/9 16960/7 16961/12 16921/10
f 16962/67 16944/68 16963/7 16964/8
f 16965/9 16963/7 16966/12 16967/10
f 16968/9 16962/8 16959/5 16969/66
f 16970/67 16971/68 16972/7 16948/8
f 16973/9 16972/7 16974/12 16975/10
f 16976/9 16970/8 16977/5 16978/66
f 16979/67 16914/68 16980/7 16981/8
f 16982/9 16980/7 16983/12 16984/10
f 16985/9 16979/8 16986/5 16987/66
f 16988/67 16989/68 16990/7 16918/8
f 16991/9 16990/7 16992/12 16993/10
f 16994/9 16988/8 16995/5 16996/66
f 16997/13 16992/11 16998/69 16999/70
f 17000/9 16998/8 17001/5 17002/66
f 17003/14 17004/15 17005/7 17006/8
f 17007/9 17005/7 17008/12 17009/10
f 17010/13 17008/11 17011/5 17012/6
f 17017/13 17018/11 17019/5 17020/6
f 17025/13 17026/11 17027/5 16537/6
f 17032/13 17033/11 17034/5 16541/6
f 17039/13 17040/11 17041/5 17042/6
f 17044/13 17045/11 16950/5 16897/6
f 17046/13 17047/11 16906/5 17048/6
f 16753/13 16752/73 17045/74 17043/6
f 16812/13 16811/53 17049/50 17046/6
f 17051/13 17042/73 17041/74 17052/6
f 17053/13 17054/53 17055/50 17056/6
f 16252/5 16251/6 17059/7 16253/8
f 16255/9 17059/7 17060/12 16256/10
f 17107/5 17108/6 17109/7 17110/8
f 17111/9 17109/7 17112/12 17113/10
f 17108/5 17107/6 17110/7 17109/8
f 17109/8 17111/9 17113/10 17112/11
f 17114/5 16522/6 17115/7 17116/8
f 16526/9 17115/7 17117/12 16527/10
f 17118/5 16529/6 17119/7 17120/8
f 16533/9 17119/7 17121/12 16534/10
f 17125/13 17126/11 16989/69 17127/70
f 16992/13 17124/11 17125/5 17126/6
f 17130/8 16991/7 16993/12 17131/11
f 17136/7 16994/8 16996/5 17137/6
f 17138/16 17139/17 17140/18 17141/19
f 17142/16 17143/17 17144/18 17145/19
f 16238/8 17150/9 17151/10 17152/11
f 16468/5 16467/6 17166/7 16469/8
f 16471/9 17166/7 17167/12 17168/10
f 16491/8 17169/9 17170/10 17171/11
f 16497/8 17172/9 17173/10 17174/11
f 17175/8 16973/7 16975/12 17176/11
f 17181/7 16976/8 16978/5 17182/6
f 17189/7 17000/8 17002/5 17190/6
f 17195/5 17196/24 17197/22 17198/8
f 17008/13 17199/11 17200/5 17011/6
f 17018/13 17203/11 17196/5 17019/6
f 17204/87 17196/11 17205/5 17206/88
f 17011/5 17209/6 17210/7 17005/8
f 17005/8 17211/9 17212/10 17008/11
f 17213/65 17011/11 17004/5 17214/24
f 17019/5 17215/6 17216/7 17217/8
f 17217/8 17218/9 17219/10 17018/11
f 17220/5 17213/6 17221/7 17222/8
f 17223/9 17221/7 17224/12 17225/10
f 17226/5 17204/6 17227/7 17228/8
f 17229/9 17227/7 17230/12 17231/10
f 17232/13 17224/11 17213/5 17233/6
f 17238/13 17230/11 17204/5 17239/6
f 17040/87 17265/11 17052/5 17041/88
f 17266/71 17252/11 17267/5 17268/72
f 17262/71 17249/11 17271/5 17272/72
f 17283/65 17284/11 17056/5 17055/24
f 17285/8 17286/22 17287/23 17288/11
f 16623/16 17289/17 17290/18 16624/19
f 17291/16 17292/17 17293/18 17294/19
f 17143/16 17295/17 17296/18 17144/19
f 16687/16 16935/17 16938/18 16688/19
f 17297/16 16630/17 16633/18 17298/19
f 17299/16 16833/17 16836/20 17300/21
f 17301/16 16837/17 16840/18 17302/19
f 17303/16 16841/17 16844/18 17304/19
f 17305/16 16845/17 16848/18 17306/19
f 16711/16 17307/17 17308/20 16712/21
f 16715/16 17309/17 17310/18 16716/19
f 16719/16 17311/17 17312/18 16720/19
f 16723/16 17313/17 17314/18 16724/19
f 16785/5 17315/6 17316/7 16786/8
f 16791/5 17317/6 17318/7 16792/8
f 17319/5 17220/6 17222/7 17320/8
f 17321/5 17226/6 17228/7 17322/8
f 16545/5 17254/6 17325/7 16546/8
f 16552/5 17326/6 17327/7 16553/8
f 17328/16 16622/17 16625/18 17329/19
f 17330/16 17331/17 17332/18 17333/19
f 17334/16 17142/17 17145/18 17335/19
f 16936/16 16686/17 16689/18 16937/19
f 16631/16 17336/17 17337/18 16632/19
f 16834/16 17338/17 17339/20 16835/21
f 16838/16 17340/17 17341/18 16839/19
f 16842/16 17342/17 17343/18 16843/19
f 16846/16 17344/17 17345/18 16847/19
f 17346/16 16710/17 16713/20 17347/21
f 17348/16 16714/17 16717/18 17349/19
f 17350/16 16718/17 16721/18 17351/19
f 17352/16 16722/17 16725/18 17353/19
f 17354/16 16849/17 16852/20 17355/21
f 17356/16 16853/17 16856/18 17357/19
f 17358/16 16857/17 16860/18 17359/19
f 17360/16 16861/17 16864/18 17361/19
f 17362/16 16865/17 16868/18 17363/19
f 16727/16 17364/17 17365/20 16728/21
f 16731/16 17366/17 17367/18 16732/19
f 16735/16 17368/17 17369/18 16736/19
f 16739/16 17370/17 17371/18 16740/19
f 16743/16 17372/17 17373/18 16744/19
f 17374/16 17375/17 17376/18 17377/19
f 17295/16 17334/17 17335/18 17296/19
f 17378/16 17379/17 17380/20 17381/21
f 17382/16 17383/17 17384/18 17385/19
f 17386/16 17387/17 17388/18 17389/19
f 17390/16 17391/17 17392/18 17393/19
f 17394/16 17395/17 17396/18 17397/19
f 17338/16 17299/17 17300/20 17339/21
f 17340/16 17301/17 17302/18 17341/19
f 17342/16 17303/17 17304/18 17343/19
f 17344/16 17305/17 17306/18 17345/19
f 17398/16 17354/17 17355/20 17399/21
f 17400/16 17356/17 17357/18 17401/19
f 17402/16 17358/17 17359/18 17403/19
f 17404/16 17360/17 17361/18 17405/19
f 17406/16 17362/17 17363/18 17407/19
f 16813/3 17379/4 17378/1 16814/2
f 17408/3 16691/4 16690/1 17409/2
f 16833/3 17299/4 17338/1 16834/2
f 17307/3 16711/4 16710/1 17346/2
f 16849/3 17354/4 17398/1 16850/2
f 17364/3 16727/4 16726/1 17410/2
f 17411/16 17412/17 17413/18 17414/19
f 17292/16 17330/17 17333/18 17293/19
f 16967/8 16966/5 16941/36 17418/7
f 17423/13 17421/11 16941/5 16966/6
f 17137/83 16996/84 17423/5 17421/6
f 17434/13 16956/11 17436/5 17435/6
f 17437/13 17439/11 17440/5 17438/6
f 17445/13 16767/53 17434/50 17430/6
f 16782/65 16766/11 16956/5 17437/24
f 16804/13 17446/57 17443/58 17439/6
f 17453/13 17452/11 16767/5 16766/6
f 17239/114 17204/115 16782/5 16804/6
f 17182/83 16978/84 17453/5 17452/6
f 17484/112 17196/50 17195/6 17485/113
f 17289/3 16623/4 16622/1 17328/2
f 17292/3 17291/4 17331/1 17330/2
f 17295/3 17143/4 17142/1 17334/2
f 16935/3 16687/4 16686/1 16936/2
f 16630/3 17297/4 17336/1 16631/2
f 17486/65 17020/11 17019/5 17204/24
f 17487/13 17488/57 17483/58 17239/6
f 17249/54 17034/30 17020/5 17484/6
f 17256/54 17262/30 17487/5 17486/6
f 17250/31 17511/32 17512/56 17249/50
f 17513/65 16541/11 17034/5 17256/24
f 17262/31 17514/32 17515/59 17264/58
f 17517/155 17518/11 17519/5 17520/156
f 17487/155 17439/11 17522/5 17523/156
f 17538/13 17266/11 17268/5 17539/6
f 17541/13 17259/11 17272/14 17542/15
f 17551/16 17552/17 17553/18 17554/19
f 17336/16 17297/17 17298/18 17337/19
f 16918/11 16990/5 17555/36 16917/51
f 16755/27 16754/28 17566/5 17567/6
f 17576/13 17574/11 17575/5 17577/6
f 17580/44 17560/45 17565/47 17581/48
f 16776/66 16755/6 16951/12 17582/10
f 17583/39 17574/11 16790/5 16789/66
f 17584/65 16790/11 17574/5 17578/24
f 16925/44 16790/45 16797/46 16926/8
f 17009/8 17008/5 17199/36 17611/7
f 17612/8 17232/5 17224/36 17613/7
f 17010/87 17619/11 17606/5 17008/88
f 17620/66 17010/6 17008/12 17212/10
f 17225/39 17224/11 17621/5 17622/66
f 17623/65 17621/11 17224/5 17618/24
f 17025/89 17631/90 17630/5 17010/6
f 17640/54 17257/30 17621/5 17641/6
f 16584/44 17244/45 17251/47 16585/48
f 17684/66 17025/6 17026/12 17685/10
f 17686/39 17257/11 16550/5 16549/66
f 17687/65 16550/11 17257/5 17682/24
f 17261/5 17692/6 17693/7 17694/8
f 17694/8 17695/9 17696/10 17260/11
f 17697/5 17261/6 17694/7 17698/8
f 17695/9 17694/7 17260/12 17696/10
f 16948/11 16972/5 17699/36 16947/51
f 16989/33 16988/5 16909/31 17127/32
f 16620/1 17701/2 17702/3 16621/4
f 17703/1 17414/2 17413/3 17704/4
f 17140/1 17377/2 17376/3 17141/4
f 16684/1 16934/2 16933/3 16685/4
f 17553/1 16629/2 16628/3 17554/4
f 16759/13 17705/97 17519/98 17706/6
f 17214/114 17707/115 17705/5 16758/6
f 16984/8 16983/5 16911/36 17708/7
f 17126/13 17125/11 16911/5 16983/6
f 17710/27 17004/28 17126/5 17125/6
f 17711/13 17520/97 17707/98 17710/6
f 17712/13 17539/97 17268/98 17267/6
f 17264/5 17515/6 17715/7 17716/8
f 17716/8 16590/9 16593/10 17263/11
f 16779/5 16778/6 17717/12 17718/11
f 17318/13 17719/11 16793/5 16792/6
f 16778/11 16960/5 17720/36 17721/51
f 17722/36 16793/45 17723/46 17724/5
f 16971/33 16970/5 16939/31 17726/32
f 17727/11 17728/5 17227/36 17729/51
f 17197/93 17730/50 17731/36 17198/51
f 17732/5 17733/6 17217/12 17216/11
f 17228/13 17227/11 17734/5 17322/6
f 17735/36 17736/45 17737/47 17738/50
f 16543/5 16542/6 17739/12 17740/11
f 17327/13 17741/11 16554/5 16553/6
f 17742/36 17743/45 17716/62 17715/58
f 17408/16 17409/17 17744/20 17745/21
f 17746/16 17747/17 17748/18 17749/19
f 17750/16 17751/17 17752/18 17753/19
f 17754/16 17755/17 17756/18 17757/19
f 17758/16 17759/17 17760/18 17761/19
f 17307/16 17346/17 17347/20 17308/21
f 17309/16 17348/17 17349/18 17310/19
f 17311/16 17350/17 17351/18 17312/19
f 17313/16 17352/17 17353/18 17314/19
f 17364/16 17410/17 17762/20 17365/21
f 17366/16 17763/17 17764/18 17367/19
f 17368/16 17765/17 17766/18 17369/19
f 17370/16 17767/17 17768/18 17371/19
f 17372/16 17769/17 17770/18 17373/19
f 17771/1 17772/2 17773/3 17774/4
f 17772/3 17771/4 17774/1 17773/2
f 17775/1 17776/2 17777/3 17778/4
f 17776/3 17775/4 17778/1 17777/2
f 17779/1 17780/2 17781/3 17782/4
f 17780/3 17779/4 17782/1 17781/2
f 17783/1 17784/2 17785/3 17786/4
f 17784/3 17783/4 17786/1 17785/2
f 17787/1 17788/2 17789/3 17790/4
f 17788/3 17787/4 17790/1 17789/2
f 17791/1 17792/2 17793/3 17794/4
f 17792/3 17791/4 17794/1 17793/2
f 17795/1 17796/2 17797/3 17798/4
f 17796/3 17795/4 17798/1 17797/2
f 17799/1 17800/2 17801/3 17802/4
f 17800/3 17799/4 17802/1 17801/2
f 17803/1 17804/2 17805/3 17806/4
f 17804/3 17803/4 17806/1 17805/2
f 17807/1 17808/2 17809/3 17810/4
f 17808/3 17807/4 17810/1 17809/2
f 17811/1 17812/2 17813/3 17814/4
f 17812/3 17811/4 17814/1 17813/2
f 17815/1 17816/2 17817/3 17818/4
f 17816/3 17815/4 17818/1 17817/2
f 17819/1 17820/2 17821/3 17822/4
f 17820/3 17819/4 17822/1 17821/2
f 17823/1 17824/2 17825/3 17826/4
f 17824/3 17823/4 17826/1 17825/2
f 17827/1 17828/2 17829/3 17830/4
f 17828/3 17827/4 17830/1 17829/2
f 17831/1 17832/2 17833/3 17834/4
f 17832/3 17831/4 17834/1 17833/2
f 17835/1 17836/2 17837/3 17838/4
f 17836/3 17835/4 17838/1 17837/2
f 17839/1 17840/2 17841/3 17842/4
f 17840/3 17839/4 17842/1 17841/2
f 17843/1 17844/2 17845/3 17846/4
f 17844/3 17843/4 17846/1 17845/2
f 17847/1 17848/2 17849/3 17850/4
f 17848/3 17847/4 17850/1 17849/2
f 17851/1 17852/2 17853/3 17854/4
f 17852/3 17851/4 17854/1 17853/2
f 17855/1 17856/2 17857/3 17858/4
f 17856/3 17855/4 17858/1 17857/2
f 17859/1 17860/2 17861/3 17862/4
f 17860/3 17859/4 17862/1 17861/2
f 17863/1 17864/2 17865/3 17866/4
f 17864/3 17863/4 17866/1 17865/2
f 17869/9 16231/7 17559/12 16233/10
f 17870/9 16477/7 17871/12 16479/10
f 17872/9 16484/7 17873/12 16486/10
f 17874/1 17875/2 17876/3 17877/4
f 17875/3 17874/4 17877/1 17876/2
f 17878/1 17879/2 17880/3 17881/4
f 17879/3 17878/4 17881/1 17880/2
f 17882/1 17883/2 17884/3 17885/4
f 17883/3 17882/4 17885/1 17884/2
f 17886/1 17887/2 17888/3 17889/4
f 17887/3 17886/4 17889/1 17888/2
f 17890/1 17891/2 17892/3 17893/4
f 17891/3 17890/4 17893/1 17892/2
f 17894/1 17895/2 17896/3 17897/4
f 17895/3 17894/4 17897/1 17896/2
f 17452/13 17453/11 16959/5 17902/6
f 17903/5 17904/6 17905/7 17906/8
f 17907/5 17908/6 17722/7 17724/8
f 17452/14 17453/15 16964/7 17909/8
f 17518/71 17913/11 17706/5 17519/72
f 17439/71 17434/11 17919/5 17522/72
f 16619/16 17923/17 17701/18 16620/19
f 17924/16 17411/17 17414/18 17703/19
f 17139/16 17374/17 17377/18 17140/19
f 16683/16 16931/17 16934/18 16684/19
f 17552/16 16626/17 16629/18 17553/19
f 17379/16 16813/17 16816/20 17380/21
f 17383/16 16817/17 16820/18 17384/19
f 17387/16 16821/17 16824/18 17388/19
f 17391/16 16825/17 16828/18 17392/19
f 17395/16 16829/17 16832/18 17396/19
f 16691/16 17408/17 17745/20 16692/21
f 16695/16 17746/17 17749/18 16696/19
f 16699/16 17750/17 17753/18 16700/19
f 16703/16 17754/17 17757/18 16704/19
f 16707/16 17758/17 17761/18 16708/19
f 17925/48 17926/7 17580/12 17581/49
f 17914/5 16772/6 16774/7 17927/8
f 17928/5 16777/6 16779/7 17718/8
f 17209/5 17929/6 17930/7 17210/8
f 17215/5 17931/6 17732/7 17216/8
f 17933/5 16536/6 16539/7 17934/8
f 17935/5 16540/6 16543/7 17740/8
f 17421/13 17423/11 16971/69 17726/70
f 17421/14 17423/15 16981/7 17940/8
f 17565/13 16754/11 16759/14 17706/15
f 17434/13 17452/25 17902/26 17919/6
f 16945/67 17943/68 17909/7 17941/8
f 17941/8 17942/9 17418/10 16941/11
f 17943/7 17944/9 17945/66 17902/6
f 17726/67 16939/68 16947/7 17699/8
f 17699/8 17175/9 17176/10 17938/11
f 16939/7 17181/9 17182/66 17946/6
f 16915/67 17936/68 17940/7 17947/8
f 17947/8 17948/9 17708/10 16911/11
f 17936/7 17949/9 17950/66 17951/6
f 17127/67 16909/68 16917/7 17555/8
f 17555/8 17130/9 17131/10 17124/11
f 16909/7 17136/9 17137/66 17952/6
f 17124/13 17953/11 17955/69 17122/70
f 17122/7 17189/9 17190/66 17956/6
f 17953/13 17957/25 17711/26 17958/6
f 17203/13 17960/11 17961/14 17205/15
f 17251/13 17631/11 17712/14 17267/15
f 17248/13 17964/11 17965/14 17271/15
f 17948/8 16982/7 16984/12 17708/11
f 17949/7 16985/8 16987/5 17950/6
f 17958/13 17003/11 16999/8 17955/7
f 17953/5 16997/6 17006/7 17954/8
f 17972/5 17973/6 17974/7 17975/8
f 17976/5 17475/6 17727/7 17729/8
f 17981/13 17977/11 17980/5 16949/6
f 17982/13 17983/11 17984/5 17985/6
f 16751/87 16750/11 17978/5 17981/88
f 16810/65 16809/11 17983/5 17986/24
f 17039/87 17988/11 17265/5 17040/88
f 17989/65 17990/11 17284/5 17283/24
f 16241/5 16240/6 17995/7 16242/8
f 16248/9 17995/7 17996/12 16249/10
f 18042/5 18043/6 18044/7 18045/8
f 18046/9 18044/7 18047/12 18048/10
f 18043/5 18042/6 18045/7 18044/8
f 18044/8 18046/9 18048/10 18047/11
f 18049/5 16500/6 18050/7 18051/8
f 16508/9 18050/7 17245/12 16509/10
f 18052/5 16511/6 18053/7 18054/8
f 16519/9 18053/7 18055/12 16520/10
f 17942/8 16965/7 16967/12 17418/11
f 17944/7 16968/8 16969/5 17945/6
f 17923/16 18058/17 17702/18 17701/19
f 17289/16 17328/17 17329/18 17290/19
f 18059/8 16775/7 16776/12 17582/11
f 18060/8 16780/7 16781/12 18061/11
f 17211/8 18062/7 17620/12 17212/11
f 17218/8 18063/7 18064/12 17219/11
f 18065/8 18066/7 17684/12 17685/11
f 18067/8 18068/7 18069/12 18070/11
f 18058/16 16618/17 16621/18 17702/19
f 17412/16 18071/17 17704/18 17413/19
f 17375/16 17138/17 17141/18 17376/19
f 16932/16 16682/17 16685/18 16933/19
f 16627/16 17551/17 17554/18 16628/19
f 16814/16 17378/17 17381/20 16815/21
f 16818/16 17382/17 17385/18 16819/19
f 16822/16 17386/17 17389/18 16823/19
f 16826/16 17390/17 17393/18 16827/19
f 16830/16 17394/17 17397/18 16831/19
f 17409/16 16690/17 16693/20 17744/21
f 17747/16 16694/17 16697/18 17748/19
f 17751/16 16698/17 16701/18 17752/19
f 17755/16 16702/17 16705/18 17756/19
f 17759/16 16706/17 16709/18 17760/19
f 17957/13 17517/97 17520/98 17711/6
f 17484/13 17487/97 17523/98 17961/6
f 17631/13 17025/11 16537/5 18078/6
f 18078/13 17538/97 17539/98 17712/6
f 17964/13 17032/11 16541/5 18079/6
f 18079/13 18080/97 17542/98 17965/6
f 18066/9 16538/7 17025/12 17684/10
f 18068/9 16542/7 17032/12 18069/10
f 16550/13 18081/11 17538/5 18082/6
f 16557/13 17541/11 18080/5 17513/6
f 18085/8 17007/7 17009/12 17611/11
f 18086/8 18087/7 17612/12 17613/11
f 18088/8 18089/7 18090/12 18091/11
f 18071/16 17924/17 17703/18 17704/19
f 17331/16 17291/17 17294/18 17332/19
f 16975/8 16974/5 17938/36 17176/7
f 16913/13 16912/11 17938/5 16974/6
f 17190/83 17002/84 16913/5 16912/6
f 17984/13 16809/25 16812/26 17048/6
f 17574/13 16790/11 16757/5 17917/6
f 17915/13 16796/11 16782/5 17437/6
f 18093/14 16758/15 16787/7 17905/8
f 16924/9 16787/7 16790/12 16925/10
f 18094/14 16783/15 16793/7 17722/8
f 16928/9 16793/7 16796/12 16929/10
f 17904/13 17972/53 18095/50 18093/6
f 17908/13 17976/53 18096/50 18094/6
f 17214/14 18095/15 17975/7 17221/8
f 17221/8 18086/9 17613/10 17224/11
f 17206/14 18096/15 17729/7 17227/8
f 17227/8 18088/9 18091/10 17230/11
f 17224/13 17621/11 18077/5 17213/6
f 17230/13 18075/11 17486/5 17204/6
f 17257/13 16550/11 18082/5 17258/6
f 17255/13 16557/11 17513/5 17256/6
f 17284/13 17990/11 17053/5 17056/6
f 18097/9 16246/7 18098/12 18099/10
f 18100/9 16506/7 18101/12 18102/10
f 18103/9 16517/7 18104/12 18105/10
f 16955/13 18110/11 18111/5 18112/6
f 18114/13 17915/11 18113/5 18115/6
f 16765/87 18120/11 18107/5 16955/88
f 16781/66 16765/6 16955/12 18061/10
f 18121/39 17915/11 16796/5 16795/66
f 18122/65 16796/11 17915/5 18118/24
f 16921/8 16961/5 17901/36 16922/7
f 16929/44 16796/45 16803/46 16930/8
f 16943/13 16942/11 17901/5 16961/6
f 17950/83 16987/84 16943/5 16942/6
f 18090/8 17238/5 17230/36 18091/7
f 17287/48 17960/50 18151/36 17288/7
f 17032/114 17964/115 17203/5 17018/6
f 18064/66 17017/6 17018/12 17219/10
f 17231/39 17230/11 18075/5 18152/66
f 18153/65 18075/11 17230/5 18150/24
f 17541/89 16557/90 18075/5 18156/6
f 16588/44 17247/45 17248/47 16589/48
f 18069/66 17032/6 17033/12 18070/10
f 18176/39 17255/11 16557/5 16556/66
f 16592/44 17259/45 17263/62 16593/63
f 18177/13 18178/97 17522/98 17919/6
f 17945/83 16969/84 16784/5 18177/6
f 17206/114 18179/115 18178/5 16783/6
f 16624/1 17290/2 17329/3 16625/4
f 17294/1 17293/2 17333/3 17332/4
f 17144/1 17296/2 17335/3 17145/4
f 16688/1 16938/2 16937/3 16689/4
f 17298/1 16633/2 16632/3 17337/4
f 17961/13 17523/97 18179/98 17205/6
f 17965/13 17542/97 17272/98 17271/6
f 16788/8 18180/7 17583/12 16789/11
f 16794/8 18181/7 18121/12 16795/11
f 18182/8 17223/7 17225/12 17622/11
f 18183/8 17229/7 17231/12 18152/11
f 16548/8 18184/7 17686/12 16549/11
f 16555/8 18185/7 18176/12 16556/11
f 16748/36 18191/45 18192/47 16749/50
f 16774/5 16773/6 18193/12 17927/11
f 17316/13 18194/11 16787/5 16786/6
f 17905/36 16787/45 18195/46 17906/5
f 17006/11 17005/5 18196/36 17954/51
f 17974/11 18197/5 17221/36 17975/51
f 17930/5 18198/6 17005/12 17210/11
f 17222/13 17221/11 18199/5 17320/6
f 18200/36 18201/45 18202/47 18203/50
f 16539/5 16538/6 18204/12 17934/11
f 17325/13 18205/11 16547/5 16546/6
f 16981/11 16980/5 17947/36 17940/51
f 16999/33 16998/5 17122/31 17955/32
f 16850/16 17398/17 17399/20 16851/21
f 16854/16 17400/17 17401/18 16855/19
f 16858/16 17402/17 17403/18 16859/19
f 16862/16 17404/17 17405/18 16863/19
f 16866/16 17406/17 17407/18 16867/19
f 17410/16 16726/17 16729/20 17762/21
f 17763/16 16730/17 16733/18 17764/19
f 17765/16 16734/17 16737/18 17766/19
f 17767/16 16738/17 16741/18 17768/19
f 17769/16 16742/17 16745/18 17770/19
f 18209/5 18210/6 18211/7 18212/8
f 18212/8 18213/9 18214/10 18215/11
f 18216/5 18209/6 18212/7 18217/8
f 18213/9 18212/7 18215/12 18214/10
f 16964/11 16963/5 17941/36 17909/51
f 16914/33 16979/5 17936/31 16915/32
f 18223/5 18224/6 18225/7 18226/8
f 18226/8 18227/9 18228/10 18229/11
f 18230/5 18223/6 18226/7 18231/8
f 18227/9 18226/7 18229/12 18228/10
f 16944/33 16962/5 17943/31 16945/32
f 17913/13 16952/11 18236/5 18235/6
f 17917/13 17518/11 18241/5 18240/6
f 17910/31 16747/32 16746/56 17913/50
f 17923/3 16619/4 16618/1 18058/2
f 17411/3 17924/4 18071/1 17412/2
f 17374/3 17139/4 17138/1 17375/2
f 16931/3 16683/4 16682/1 16932/2
f 16626/3 17552/4 17551/1 16627/2
f 16757/65 16756/11 16952/5 17917/24
f 16798/13 18244/57 18242/58 17518/6
f 17233/114 17213/115 16757/5 16798/6
f 16993/8 16992/5 17124/36 17131/7
f 17011/27 17200/28 17124/5 16992/6
f 18189/13 17957/53 17200/50 18187/6
f 18077/65 17012/11 17011/5 17213/24
f 17517/13 18271/57 18270/58 17233/6
f 17252/54 17027/30 17012/5 17957/6
f 17258/54 17266/30 17517/5 18077/6
f 17246/31 18323/32 18324/56 17252/50
f 18082/65 16537/11 17027/5 17258/24
f 17538/13 18325/57 18321/58 17266/6
f 18326/1 18327/2 18328/3 18329/4
f 18327/3 18326/4 18329/1 18328/2
f 18330/1 18331/2 18332/3 18333/4
f 18331/3 18330/4 18333/1 18332/2
f 18334/1 18335/2 18336/3 18337/4
f 18335/3 18334/4 18337/1 18336/2
f 18338/1 18339/2 18340/3 18341/4
f 18339/3 18338/4 18341/1 18340/2
f 18342/16 18343/17 18344/18 18345/19
f 18346/16 18347/17 18348/18 18349/19
f 18350/1 18351/2 18352/3 18353/4
f 18351/3 18350/4 18353/1 18352/2
f 18354/1 18355/2 18356/3 18357/4
f 18355/3 18354/4 18357/1 18356/2
f 18358/1 18359/2 18360/3 18361/4
f 18359/3 18358/4 18361/1 18360/2
f 18362/1 18363/2 18364/3 18365/4
f 18363/3 18362/4 18365/1 18364/2
f 18366/5 18367/6 18368/7 18369/8
f 18369/8 18370/9 18371/10 18372/11
f 18367/5 18366/6 18369/7 18368/8
f 18370/9 18369/7 18372/12 18371/10
f 18373/5 18374/6 18375/7 18376/8
f 18376/8 18377/9 18378/10 18379/11
f 18374/5 18373/6 18376/7 18375/8
f 18377/9 18376/7 18379/12 18378/10
f 18380/5 18381/6 18382/7 18383/8
f 18383/8 18384/9 18385/10 18386/11
f 18381/5 18380/6 18383/7 18382/8
f 18384/9 18383/7 18386/12 18385/10
f 18387/1 18388/2 18389/3 18390/4
f 18388/3 18387/4 18390/1 18389/2
f 18391/1 18392/2 18393/3 18394/4
f 18392/3 18391/4 18394/1 18393/2
f 18395/5 18396/6 18397/7 18398/8
f 18398/8 18399/9 18400/10 18401/11
f 18402/16 18403/17 18404/18 18405/19
f 18406/16 18407/17 18408/18 18409/19
f 18410/16 18411/17 18412/18 18413/19
f 18414/16 18415/17 18416/18 18417/19
f 18418/54 18419/30 18420/5 18421/6
f 18422/54 18423/30 18424/5 18425/6
f 18426/16 18427/17 18428/18 18429/19
f 18430/16 18431/17 18432/18 18433/19
f 18434/16 18435/17 18436/20 18437/21
f 18438/16 18439/17 18440/18 18441/19
f 18442/16 18443/17 18444/18 18445/19
f 18446/16 18447/17 18448/18 18449/19
f 18450/16 18451/17 18452/18 18453/19
f 18454/16 18402/17 18405/18 18455/19
f 18456/16 18406/17 18409/18 18457/19
f 18343/16 18426/17 18429/18 18344/19
f 18347/16 18430/17 18433/18 18348/19
f 18411/16 18458/17 18459/18 18412/19
f 18415/16 18460/17 18461/18 18416/19
f 18462/16 18463/17 18464/18 18465/19
f 18466/16 18467/17 18468/18 18469/19
f 18458/16 18470/17 18471/18 18459/19
f 18460/16 18472/17 18473/18 18461/19
f 18434/3 18474/4 18475/1 18435/2
f 18484/91 18485/92 18486/5 18487/6
f 18435/16 18475/17 18488/20 18436/21
f 18439/16 18489/17 18490/18 18440/19
f 18443/16 18491/17 18492/18 18444/19
f 18447/16 18493/17 18494/18 18448/19
f 18451/16 18495/17 18496/18 18452/19
f 18497/54 18498/30 18499/5 18500/6
f 18399/63 18505/7 18506/12 18400/64
f 18507/13 18508/11 18509/5 18510/6
f 18511/1 18457/2 18409/3 18408/4
f 18349/1 18348/2 18433/3 18432/4
f 18417/1 18416/2 18461/3 18473/4
f 18512/1 18469/2 18468/3 18513/4
f 18514/16 18462/17 18465/18 18515/19
f 18516/16 18466/17 18469/18 18512/19
f 18521/13 18522/11 18523/14 18524/15
f 18500/13 18499/11 18510/14 18509/15
f 18425/13 18424/11 18421/5 18420/6
f 18525/13 18521/11 18524/14 18526/15
f 18486/13 18527/11 18509/5 18508/6
f 18528/13 18529/11 18398/153 18397/157
f 18530/13 18525/11 18526/14 18531/15
f 18487/13 18486/11 18508/5 18507/6
f 18522/13 18530/11 18531/14 18523/15
f 18499/13 18532/11 18507/14 18510/15
f 18424/13 18423/53 18418/50 18421/6
f 18396/58 18533/6 18528/7 18397/63
f 18532/13 18498/57 18484/58 18487/6
f 18475/16 18474/17 18534/20 18488/21
f 18489/16 18535/17 18536/18 18490/19
f 18491/16 18537/17 18538/18 18492/19
f 18493/16 18539/17 18540/18 18494/19
f 18495/16 18541/17 18542/18 18496/19
f 18403/16 18543/17 18544/18 18404/19
f 18407/16 18545/17 18511/18 18408/19
f 18427/16 18342/17 18345/18 18428/19
f 18431/16 18346/17 18349/18 18432/19
f 18470/16 18410/17 18413/18 18471/19
f 18472/16 18414/17 18417/18 18473/19
f 18546/16 18514/17 18515/18 18547/19
f 18548/16 18516/17 18512/18 18513/19
f 18474/16 18434/17 18437/20 18534/21
f 18535/16 18438/17 18441/18 18536/19
f 18537/16 18442/17 18445/18 18538/19
f 18539/16 18446/17 18449/18 18540/19
f 18541/16 18450/17 18453/18 18542/19
f 18525/13 18530/11 18522/5 18521/6
f 18506/39 18525/11 18401/153 18400/151
f 18543/16 18454/17 18455/18 18544/19
f 18545/16 18456/17 18457/18 18511/19
f 18463/16 18546/17 18547/18 18464/19
f 18467/16 18548/17 18513/18 18468/19
f 18531/13 18526/11 18524/5 18523/6
f 18544/1 18455/2 18405/3 18404/4
f 18345/1 18344/2 18429/3 18428/4
f 18413/1 18412/2 18459/3 18471/4
f 18515/1 18465/2 18464/3 18547/4
f 18549/5 18533/6 18396/91 18395/92
f 18454/3 18543/4 18403/1 18402/2
f 18343/3 18342/4 18427/1 18426/2
f 18411/3 18410/4 18470/1 18458/2
f 18462/3 18514/4 18546/1 18463/2
f 18550/5 18551/6 18552/7 18553/8
f 18553/8 18554/9 18555/10 18556/11
f 18557/5 18558/6 18559/7 18560/8
f 18561/5 18562/6 18563/7 18564/8
f 18560/8 18565/9 18566/10 18567/11
f 18568/9 18563/7 18569/12 18570/10
f 18571/13 18572/11 18573/8 18574/7
f 18575/13 18576/11 18577/8 18578/7
f 18574/7 18579/9 18580/66 18581/6
f 18582/9 18577/8 18583/5 18584/66
f 18585/5 18586/6 18587/7 18588/8
f 18589/5 18590/6 18591/7 18592/8
f 18588/8 18593/9 18594/10 18595/11
f 18596/9 18591/7 18597/12 18598/10
f 18599/13 18600/11 18601/8 18602/7
f 18603/13 18604/11 18605/8 18606/7
f 18602/7 18607/9 18608/66 18609/6
f 18610/9 18605/8 18611/5 18612/66
f 18613/5 18614/6 18615/7 18616/8
f 18617/5 18618/6 18619/7 18620/8
f 18616/8 18621/9 18622/10 18623/11
f 18624/9 18619/7 18625/12 18626/10
f 18627/13 18628/11 18629/8 18630/7
f 18631/13 18632/11 18633/8 18634/7
f 18630/7 18635/9 18636/66 18637/6
f 18638/9 18633/8 18639/5 18640/66
f 18641/5 18642/6 18643/7 18644/8
f 18645/5 18646/6 18647/7 18648/8
f 18644/8 18649/9 18650/10 18651/11
f 18652/9 18647/7 18653/12 18654/10
f 18655/13 18656/11 18657/8 18658/7
f 18659/13 18660/11 18661/8 18662/7
f 18658/7 18663/9 18664/66 18665/6
f 18666/9 18661/8 18667/5 18668/66
f 18669/13 18670/11 18671/8 18672/7
f 18673/13 18674/11 18675/8 18676/7
f 18672/7 18677/9 18678/66 18679/6
f 18680/9 18675/8 18681/5 18682/66
f 18683/1 18684/2 18685/3 18686/4
f 18684/3 18683/4 18686/1 18685/2
f 18687/1 18688/2 18689/3 18690/4
f 18688/3 18687/4 18690/1 18689/2
f 18691/1 18692/2 18693/3 18694/4
f 18692/3 18691/4 18694/1 18693/2
f 18695/1 18696/2 18697/3 18698/4
f 18696/3 18695/4 18698/1 18697/2
f 18699/1 18700/2 18701/3 18702/4
f 18700/3 18699/4 18702/1 18701/2
f 18703/1 18704/2 18705/3 18706/4
f 18704/3 18703/4 18706/1 18705/2
f 18707/1 18708/2 18709/3 18710/4
f 18708/3 18707/4 18710/1 18709/2
f 18711/1 18712/2 18713/3 18714/4
f 18712/3 18711/4 18714/1 18713/2
f 18715/1 18716/2 18717/3 18718/4
f 18716/3 18715/4 18718/1 18717/2
f 18719/1 18720/2 18721/3 18722/4
f 18720/3 18719/4 18722/1 18721/2
f 18723/1 18724/2 18725/3 18726/4
f 18724/3 18723/4 18726/1 18725/2
f 18727/1 18728/2 18729/3 18730/4
f 18728/3 18727/4 18730/1 18729/2
f 18731/1 18732/2 18733/3 18734/4
f 18732/3 18731/4 18734/1 18733/2
f 18735/1 18736/2 18737/3 18738/4
f 18736/3 18735/4 18738/1 18737/2
f 18739/1 18740/2 18741/3 18742/4
f 18740/3 18739/4 18742/1 18741/2
f 18743/13 18744/11 18745/14 18746/15
f 18751/13 18752/11 18753/5 18551/6
f 18758/13 18759/11 18760/5 18761/6
f 18762/5 18763/6 18764/7 18765/8
f 18766/9 18764/7 18767/12 18768/10
f 18613/13 18618/11 18634/69 18629/70
f 18613/14 18618/15 18648/7 18643/8
f 18554/8 18769/7 18770/12 18555/11
f 18557/13 18562/11 18578/69 18573/70
f 18557/14 18562/15 18592/7 18587/8
f 18761/27 18760/28 18771/5 18772/6
f 18773/13 18774/11 18775/5 18776/6
f 18649/8 18652/7 18654/12 18650/11
f 18663/7 18666/8 18668/5 18664/6
f 18641/13 18646/11 18662/69 18657/70
f 18777/13 18778/11 18641/5 18646/6
f 18593/8 18596/7 18598/12 18594/11
f 18607/7 18610/8 18612/5 18608/6
f 18677/7 18680/8 18682/5 18678/6
f 18779/5 18780/6 18781/7 18782/8
f 18782/8 18783/9 18784/10 18785/11
f 18786/5 18787/6 18788/7 18789/8
f 18789/8 18790/9 18791/10 18792/11
f 18780/5 18779/6 18782/7 18781/8
f 18783/9 18782/7 18785/12 18784/10
f 18787/5 18786/6 18789/7 18788/8
f 18790/9 18789/7 18792/12 18791/10
f 18793/13 18794/11 18795/5 18796/6
f 18801/13 18802/11 18803/14 18804/15
f 18809/13 18810/11 18811/14 18812/15
f 18817/13 18818/11 18819/14 18820/15
f 18825/13 18826/11 18776/5 18775/6
f 18827/16 18828/17 18829/20 18830/21
f 18831/16 18832/17 18833/18 18834/19
f 18835/16 18836/17 18837/18 18838/19
f 18839/16 18840/17 18841/18 18842/19
f 18843/5 18844/6 18845/7 18846/8
f 18846/8 18847/9 18848/10 18849/11
f 18850/5 18851/6 18852/7 18853/8
f 18853/8 18854/9 18855/10 18856/11
f 18844/5 18843/6 18846/7 18845/8
f 18847/9 18846/7 18849/12 18848/10
f 18851/5 18850/6 18853/7 18852/8
f 18854/9 18853/7 18856/12 18855/10
f 18857/16 18858/17 18859/18 18860/19
f 18861/16 18862/17 18863/18 18864/19
f 18865/16 18866/17 18867/20 18868/21
f 18869/16 18870/17 18871/18 18872/19
f 18873/16 18874/17 18875/18 18876/19
f 18877/16 18878/17 18879/18 18880/19
f 18881/16 18882/17 18883/18 18884/19
f 18828/16 18885/17 18886/20 18829/21
f 18832/16 18887/17 18888/18 18833/19
f 18836/16 18889/17 18890/18 18837/19
f 18840/16 18891/17 18892/18 18841/19
f 18893/16 18894/17 18895/18 18896/19
f 18897/16 18898/17 18899/18 18900/19
f 18901/16 18902/17 18903/18 18904/19
f 18905/16 18906/17 18907/18 18908/19
f 18909/16 18910/17 18911/18 18912/19
f 18913/16 18914/17 18915/18 18916/19
f 18917/16 18918/17 18919/18 18920/19
f 18921/16 18922/17 18923/18 18924/19
f 18925/16 18926/17 18927/18 18928/19
f 18929/16 18930/17 18931/18 18932/19
f 18933/16 18934/17 18935/20 18936/21
f 18937/16 18938/17 18939/18 18940/19
f 18941/16 18942/17 18943/18 18944/19
f 18945/16 18946/17 18947/18 18948/19
f 18949/16 18950/17 18951/18 18952/19
f 18885/16 18953/17 18954/20 18886/21
f 18887/16 18955/17 18956/18 18888/19
f 18889/16 18957/17 18958/18 18890/19
f 18891/16 18959/17 18960/18 18892/19
f 18961/16 18933/17 18936/20 18962/21
f 18963/16 18937/17 18940/18 18964/19
f 18965/16 18941/17 18944/18 18966/19
f 18967/16 18945/17 18948/18 18968/19
f 18969/16 18949/17 18952/18 18970/19
f 18865/3 18971/4 18972/1 18866/2
f 18828/3 18827/4 18953/1 18885/2
f 18933/3 18961/4 18973/1 18934/2
f 18570/8 18569/5 18567/36 18566/7
f 18590/13 18585/11 18586/5 18589/6
f 18667/11 18665/13 18590/5 18585/6
f 18980/13 18981/11 18982/5 18983/6
f 18984/13 18550/11 18551/5 18753/6
f 18611/11 18609/13 18984/5 18550/6
f 18985/5 18986/6 18987/54 18988/30
f 18897/3 18989/4 18990/1 18898/2
f 18905/3 18991/4 18992/1 18906/2
f 18913/3 18993/4 18994/1 18914/2
f 18921/3 18995/4 18996/1 18922/2
f 18929/3 18997/4 18998/1 18930/2
f 18999/8 18766/7 18768/12 19000/11
f 19001/48 19002/7 19003/12 19004/49
f 19005/48 19006/7 19007/12 19008/49
f 19015/5 18762/6 18765/7 19016/8
f 19017/13 19018/11 18980/5 18983/6
f 19019/13 18758/25 18761/26 18772/6
f 19020/13 18743/11 18746/14 19021/15
f 19018/13 18751/11 19023/14 19024/15
f 18551/13 18550/11 19026/5 19023/6
f 18558/13 18557/11 18572/5 18550/6
f 18586/13 18585/11 18600/5 18557/6
f 18614/13 18613/11 18628/5 18585/6
f 18642/13 18641/11 18656/5 18613/6
f 18778/13 18795/25 19027/26 18641/6
f 18794/13 19028/11 19029/14 19027/15
f 18802/13 19031/11 19032/14 18803/15
f 19034/50 19035/6 19036/7 19037/48
f 18987/50 18986/6 19038/7 19039/48
f 18810/13 19040/11 19041/14 18811/15
f 18818/13 19043/11 19044/14 18819/15
f 18826/13 19046/11 18773/5 18776/6
f 18648/11 18647/5 18644/36 18643/51
f 18768/39 18767/11 19047/5 19000/66
f 18744/13 18743/11 19020/5 19047/6
f 19048/13 19028/11 18794/5 18793/6
f 19003/39 19048/11 19049/40 19004/41
f 19050/13 19040/11 18810/5 18809/6
f 18592/11 18591/5 18588/36 18587/51
f 18662/33 18661/5 18658/31 18657/32
f 19051/1 18860/2 18859/3 19052/4
f 18746/13 18745/11 19053/5 19021/6
f 18626/8 18625/5 18623/36 18622/7
f 18646/13 18641/11 18642/5 18645/6
f 19029/75 19054/76 18646/5 18641/6
f 19055/1 18896/2 18895/3 19056/4
f 19057/1 18904/2 18903/3 19058/4
f 19059/1 18912/2 18911/3 19060/4
f 19061/1 18920/2 18919/3 19062/4
f 19063/1 18928/2 18927/3 19064/4
f 19041/13 19065/11 18812/5 18811/6
f 19066/11 19067/5 18553/36 18552/51
f 18606/33 18605/5 18602/31 18601/32
f 19038/13 19068/11 19069/40 19039/52
f 19070/16 18857/17 18860/18 19051/19
f 19071/16 18861/17 18864/18 19072/19
f 18894/16 19073/17 19056/18 18895/19
f 18898/16 18990/17 19074/18 18899/19
f 19075/1 19076/2 19077/3 19078/4
f 19076/3 19075/4 19078/1 19077/2
f 19079/1 19080/2 19081/3 19082/4
f 19080/3 19079/4 19082/1 19081/2
f 19083/1 19084/2 19085/3 19086/4
f 19084/3 19083/4 19086/1 19085/2
f 19087/16 18917/17 18920/18 19061/19
f 18995/16 18921/17 18924/18 19088/19
f 19089/1 19090/2 19091/3 19092/4
f 19090/3 19089/4 19092/1 19091/2
f 19093/1 19094/2 19095/3 19096/4
f 19094/3 19093/4 19096/1 19095/2
f 19097/1 19098/2 19099/3 19100/4
f 19098/3 19097/4 19100/1 19099/2
f 19101/1 19102/2 19103/3 19104/4
f 19102/3 19101/4 19104/1 19103/2
f 19105/1 19106/2 19107/3 19108/4
f 19106/3 19105/4 19108/1 19107/2
f 19109/1 19110/2 19111/3 19112/4
f 19110/3 19109/4 19112/1 19111/2
f 19113/1 19114/2 19115/3 19116/4
f 19114/3 19113/4 19116/1 19115/2
f 19117/1 19118/2 19119/3 19120/4
f 19118/3 19117/4 19120/1 19119/2
f 19121/1 19122/2 19123/3 19124/4
f 19122/3 19121/4 19124/1 19123/2
f 18858/16 19125/17 19052/18 18859/19
f 18862/16 19126/17 19127/18 18863/19
f 19128/16 18909/17 18912/18 19059/19
f 18993/16 18913/17 18916/18 19129/19
f 19130/1 19131/2 19132/3 19133/4
f 19131/3 19130/4 19133/1 19132/2
f 19134/1 19135/2 19136/3 19137/4
f 19135/3 19134/4 19137/1 19136/2
f 19138/1 19139/2 19140/3 19141/4
f 19139/3 19138/4 19141/1 19140/2
f 18550/13 18984/11 19142/5 19026/6
f 18550/14 18984/15 18564/7 18559/8
f 18971/16 18865/17 18868/20 19143/21
f 19144/16 18869/17 18872/18 19145/19
f 19146/16 18873/17 18876/18 19147/19
f 19148/16 18877/17 18880/18 19149/19
f 19150/16 18881/17 18884/18 19151/19
f 19047/13 19020/11 19021/14 19053/15
f 18981/13 18980/11 19024/5 19153/6
f 18902/16 19155/17 19058/18 18903/19
f 18906/16 18992/17 19156/18 18907/19
f 19157/16 18925/17 18928/18 19063/19
f 18997/16 18929/17 18932/18 19158/19
f 18585/13 18590/11 18606/69 18601/70
f 18585/14 18590/15 18620/7 18615/8
f 18621/8 18624/7 18626/12 18622/11
f 18635/7 18638/8 18640/5 18636/6
f 18670/13 18673/11 18676/8 18671/7
f 18759/27 18758/28 19019/5 19159/6
f 19160/13 19046/11 18826/5 18825/6
f 18565/8 18568/7 18570/12 18566/11
f 18579/7 18582/8 18584/5 18580/6
f 19161/5 19162/6 19163/7 19164/8
f 19164/8 19165/9 19166/10 19167/11
f 19168/5 19169/6 19170/7 19171/8
f 19171/8 19172/9 19173/10 19174/11
f 19162/5 19161/6 19164/7 19163/8
f 19165/9 19164/7 19167/12 19166/10
f 19169/5 19168/6 19171/7 19170/8
f 19172/9 19171/7 19174/12 19173/10
f 18866/16 18972/17 19175/20 18867/21
f 18870/16 19176/17 19177/18 18871/19
f 18874/16 19178/17 19179/18 18875/19
f 18878/16 19180/17 19181/18 18879/19
f 18882/16 19182/17 19183/18 18883/19
f 19028/13 19048/11 19054/14 19029/15
f 19031/13 19185/11 19186/14 19032/15
f 19040/13 19050/11 19065/14 19041/15
f 19043/13 19189/11 19190/14 19044/15
f 18910/16 19192/17 19060/18 18911/19
f 18914/16 18994/17 19193/18 18915/19
f 19194/5 19195/6 19196/7 19197/8
f 19197/8 19198/9 19199/10 19200/11
f 19201/5 19202/6 19203/7 19204/8
f 19204/8 19205/9 19206/10 19207/11
f 19195/5 19194/6 19197/7 19196/8
f 19198/9 19197/7 19200/12 19199/10
f 19202/5 19201/6 19204/7 19203/8
f 19205/9 19204/7 19207/12 19206/10
f 18926/16 19208/17 19064/18 18927/19
f 18930/16 18998/17 19209/18 18931/19
f 18598/8 18597/5 18595/36 18594/7
f 18618/13 18613/11 18614/5 18617/6
f 18681/11 18679/13 18618/5 18613/6
f 18752/27 18751/28 19017/5 19210/6
f 18770/8 19211/5 18556/36 18555/7
f 18562/13 18557/11 18558/5 18561/6
f 18639/11 18637/13 18562/5 18557/6
f 19185/13 19031/11 18802/5 18801/6
f 19007/39 19185/11 19212/40 19008/41
f 19189/13 19043/11 18818/5 18817/6
f 19072/1 18864/2 18863/3 19127/4
f 19023/13 19213/11 19153/5 19024/6
f 18583/11 18581/13 19213/5 19023/6
f 19032/13 19186/11 18804/5 18803/6
f 19214/1 18900/2 18899/3 19074/4
f 19215/1 18908/2 18907/3 19156/4
f 19129/1 18916/2 18915/3 19193/4
f 19088/1 18924/2 18923/3 19216/4
f 19158/1 18932/2 18931/3 19209/4
f 19044/13 19190/11 18820/5 18819/6
f 19217/16 18893/17 18896/18 19055/19
f 18989/16 18897/17 18900/18 19214/19
f 18918/16 19218/17 19062/18 18919/19
f 18922/16 18996/17 19216/18 18923/19
f 18765/13 18764/11 19219/5 19016/6
f 19036/13 19220/11 19221/40 19037/52
f 18744/13 19047/11 19053/14 18745/15
f 18984/34 18981/11 19153/5 19142/35
f 18562/13 18561/11 18984/5 18575/6
f 18590/13 18589/11 18562/5 18603/6
f 18618/13 18617/11 18590/5 18631/6
f 18646/13 18645/11 18618/5 18659/6
f 19222/85 18777/11 18646/5 19054/86
f 19185/13 18801/11 18804/14 19186/15
f 19050/13 18809/11 18812/14 19065/15
f 19189/13 18817/11 18820/14 19190/15
f 18620/11 18619/5 18616/36 18615/51
f 18676/33 18675/5 18672/31 18671/32
f 19125/16 19070/17 19051/18 19052/19
f 19126/16 19071/17 19072/18 19127/19
f 18972/16 18971/17 19143/20 19175/21
f 19176/16 19144/17 19145/18 19177/19
f 19178/16 19146/17 19147/18 19179/19
f 19180/16 19148/17 19149/18 19181/19
f 19182/16 19150/17 19151/18 19183/19
f 18953/16 18827/17 18830/20 18954/21
f 18955/16 18831/17 18834/18 18956/19
f 18957/16 18835/17 18838/18 18958/19
f 18959/16 18839/17 18842/18 18960/19
f 19073/16 19217/17 19055/18 19056/19
f 18990/16 18989/17 19214/18 19074/19
f 19155/16 19223/17 19057/18 19058/19
f 18992/16 18991/17 19215/18 19156/19
f 19192/16 19128/17 19059/18 19060/19
f 18994/16 18993/17 19129/18 19193/19
f 19218/16 19087/17 19061/18 19062/19
f 18996/16 18995/17 19088/18 19216/19
f 19208/16 19157/17 19063/18 19064/19
f 18998/16 18997/17 19158/18 19209/19
f 18973/16 18961/17 18962/20 19224/21
f 19225/16 18963/17 18964/18 19226/19
f 19227/16 18965/17 18966/18 19228/19
f 19229/16 18967/17 18968/18 19230/19
f 19231/16 18969/17 18970/18 19232/19
f 18934/16 18973/17 19224/20 18935/21
f 18938/16 19225/17 19226/18 18939/19
f 18942/16 19227/17 19228/18 18943/19
f 18946/16 19229/17 19230/18 18947/19
f 18950/16 19231/17 19232/18 18951/19
f 18564/11 18563/5 18560/36 18559/51
f 18634/33 18633/5 18630/31 18629/32
f 18578/33 18577/5 18574/31 18573/32
f 18763/5 18762/6 19015/13 19233/11
f 18857/3 19070/4 19125/1 18858/2
f 18654/8 18653/5 18651/36 18650/7
f 18796/27 18795/28 18778/5 18777/6
f 19222/5 19035/6 19034/54 19234/30
f 18893/3 19217/4 19073/1 18894/2
f 18901/3 19223/4 19155/1 18902/2
f 18909/3 19128/4 19192/1 18910/2
f 18917/3 19087/4 19218/1 18918/2
f 18925/3 19157/4 19208/1 18926/2
f 19223/16 18901/17 18904/18 19057/19
f 18991/16 18905/17 18908/18 19215/19
f 19235/5 19236/6 19237/7 19238/8
f 19239/5 19240/6 19241/7 19242/8
f 19238/8 19243/9 19244/10 19245/11
f 19246/9 19241/7 19247/12 19248/10
f 19249/13 19250/11 19251/8 19252/7
f 19253/13 19254/11 19255/8 19256/7
f 19252/7 19257/9 19258/66 19259/6
f 19260/9 19255/8 19261/5 19262/66
f 19263/13 19264/11 19265/8 19266/7
f 19267/13 19268/11 19269/8 19270/7
f 19266/7 19271/9 19272/66 19273/6
f 19274/9 19269/8 19275/5 19276/66
f 19277/5 19278/6 19279/7 19280/8
f 19280/8 19281/9 19282/10 19283/11
f 19271/7 19274/8 19276/5 19272/6
f 19284/1 19285/2 19286/3 19287/4
f 19285/3 19284/4 19287/1 19286/2
f 19288/1 19289/2 19290/3 19291/4
f 19289/3 19288/4 19291/1 19290/2
f 19292/16 19293/17 19294/18 19295/19
f 19296/16 19297/17 19298/18 19299/19
f 19300/1 19301/2 19302/3 19303/4
f 19301/3 19300/4 19303/1 19302/2
f 19304/1 19305/2 19306/3 19307/4
f 19305/3 19304/4 19307/1 19306/2
f 19308/1 19309/2 19310/3 19311/4
f 19309/3 19308/4 19311/1 19310/2
f 19312/1 19313/2 19314/3 19315/4
f 19313/3 19312/4 19315/1 19314/2
f 19316/1 19317/2 19318/3 19319/4
f 19317/3 19316/4 19319/1 19318/2
f 19320/1 19321/2 19322/3 19323/4
f 19321/3 19320/4 19323/1 19322/2
f 19324/1 19325/2 19326/3 19327/4
f 19325/3 19324/4 19327/1 19326/2
f 19328/1 19329/2 19330/3 19331/4
f 19329/3 19328/4 19331/1 19330/2
f 19332/16 19333/17 19334/18 19335/19
f 19336/16 19337/17 19338/18 19339/19
f 19340/16 19341/17 19342/18 19343/19
f 19344/16 19345/17 19346/18 19347/19
f 19348/114 19349/115 19350/5 19351/6
f 19352/16 19353/17 19354/18 19355/19
f 19356/16 19357/17 19358/18 19359/19
f 19360/13 19361/11 19362/14 19363/15
f 19368/13 19369/11 19370/5 19371/6
f 19264/13 19267/11 19270/8 19265/7
f 19278/5 19376/6 19377/7 19279/8
f 19378/14 19379/15 19242/7 19237/8
f 19380/16 19381/17 19382/20 19383/21
f 19384/16 19385/17 19386/18 19387/19
f 19388/16 19389/17 19390/18 19391/19
f 19392/16 19393/17 19394/18 19395/19
f 19396/16 19397/17 19398/18 19399/19
f 19400/16 19332/17 19335/18 19401/19
f 19402/16 19336/17 19339/18 19403/19
f 19293/16 19340/17 19343/18 19294/19
f 19297/16 19344/17 19347/18 19298/19
f 19353/16 19404/17 19405/18 19354/19
f 19357/16 19406/17 19407/18 19358/19
f 19408/16 19409/17 19410/18 19411/19
f 19412/16 19413/17 19414/18 19415/19
f 19416/16 19417/17 19418/18 19419/19
f 19420/16 19421/17 19422/18 19423/19
f 19424/16 19425/17 19426/20 19427/21
f 19428/16 19429/17 19430/18 19431/19
f 19432/16 19433/17 19434/18 19435/19
f 19436/16 19437/17 19438/18 19439/19
f 19440/16 19441/17 19442/18 19443/19
f 19444/5 19445/6 19446/7 19447/8
f 19447/8 19448/9 19449/10 19450/11
f 19445/5 19444/6 19447/7 19446/8
f 19448/9 19447/7 19450/12 19449/10
f 19451/5 19452/6 19453/7 19454/8
f 19454/8 19455/9 19456/10 19457/11
f 19452/5 19451/6 19454/7 19453/8
f 19455/9 19454/7 19457/12 19456/10
f 19380/3 19458/4 19459/1 19381/2
f 19424/3 19460/4 19461/1 19425/2
f 19262/8 19261/5 19259/31 19258/7
f 19468/54 19469/30 19369/5 19368/6
f 19470/16 19408/17 19411/18 19471/19
f 19472/16 19412/17 19415/18 19473/19
f 19480/48 19481/7 19482/12 19483/49
f 19236/13 19235/11 19250/5 19378/6
f 19484/13 19277/25 19485/26 19235/6
f 19486/13 19360/11 19363/14 19485/15
f 19488/13 19489/11 19371/14 19490/15
f 19492/13 19493/97 19348/98 19351/6
f 19494/50 19495/6 19496/7 19497/48
f 19489/13 19498/53 19468/50 19368/6
f 19499/13 19500/11 19501/14 19502/15
f 19498/13 19505/11 19506/14 19507/15
f 19242/11 19241/5 19238/36 19237/51
f 19458/16 19380/17 19383/20 19510/21
f 19511/16 19384/17 19387/18 19512/19
f 19513/16 19388/17 19391/18 19514/19
f 19515/16 19392/17 19395/18 19516/19
f 19517/16 19396/17 19399/18 19518/19
f 19519/8 19520/5 19283/36 19282/7
f 19361/13 19360/11 19486/5 19521/6
f 19482/39 19361/11 19522/40 19483/41
f 19523/13 19500/11 19499/5 19522/6
f 19256/33 19255/5 19252/31 19251/32
f 19240/13 19235/11 19236/5 19239/6
f 19363/75 19362/76 19240/5 19235/6
f 19524/1 19401/2 19335/3 19334/4
f 19295/1 19294/2 19343/3 19342/4
f 19355/1 19354/2 19405/3 19525/4
f 19471/1 19411/2 19410/3 19526/4
f 19527/1 19419/2 19418/3 19528/4
f 19501/13 19529/11 19530/5 19502/6
f 19531/16 19416/17 19419/18 19527/19
f 19532/16 19420/17 19423/18 19533/19
f 19500/13 19523/11 19529/14 19501/15
f 19505/13 19535/11 19536/14 19506/15
f 19493/13 19538/11 19349/5 19348/6
f 19281/8 19539/7 19519/12 19282/11
f 19540/1 19541/2 19542/3 19543/4
f 19541/3 19540/4 19543/1 19542/2
f 19544/1 19545/2 19546/3 19547/4
f 19545/3 19544/4 19547/1 19546/2
f 19243/8 19246/7 19248/12 19244/11
f 19257/7 19260/8 19262/5 19258/6
f 19548/1 19549/2 19550/3 19551/4
f 19549/3 19548/4 19551/1 19550/2
f 19552/1 19553/2 19554/3 19555/4
f 19553/3 19552/4 19555/1 19554/2
f 19556/1 19557/2 19558/3 19559/4
f 19557/3 19556/4 19559/1 19558/2
f 19560/1 19561/2 19562/3 19563/4
f 19561/3 19560/4 19563/1 19562/2
f 19425/16 19461/17 19564/20 19426/21
f 19429/16 19565/17 19566/18 19430/19
f 19433/16 19567/17 19568/18 19434/19
f 19437/16 19569/17 19570/18 19438/19
f 19441/16 19571/17 19572/18 19442/19
f 19573/1 19574/2 19575/3 19576/4
f 19574/3 19573/4 19576/1 19575/2
f 19577/1 19578/2 19579/3 19580/4
f 19578/3 19577/4 19580/1 19579/2
f 19417/16 19581/17 19528/18 19418/19
f 19421/16 19582/17 19583/18 19422/19
f 19460/16 19424/17 19427/20 19584/21
f 19585/16 19428/17 19431/18 19586/19
f 19587/16 19432/17 19435/18 19588/19
f 19589/16 19436/17 19439/18 19590/19
f 19591/16 19440/17 19443/18 19592/19
f 19593/1 19594/2 19595/3 19596/4
f 19594/3 19593/4 19596/1 19595/2
f 19597/1 19598/2 19599/3 19600/4
f 19598/3 19597/4 19600/1 19599/2
f 19538/114 19493/115 19492/5 19601/6
f 19521/13 19486/11 19277/5 19602/6
f 19604/13 19488/11 19490/14 19605/15
f 19601/13 19492/11 19351/5 19350/6
f 19235/13 19240/11 19256/69 19251/70
f 19607/13 19484/11 19235/5 19240/6
f 19522/13 19499/11 19502/14 19530/15
f 19469/13 19468/11 19507/5 19609/6
f 19611/5 19612/6 19613/7 19614/8
f 19614/8 19615/9 19616/10 19617/11
f 19612/5 19611/6 19614/7 19613/8
f 19615/9 19614/7 19617/12 19616/10
f 19618/5 19619/6 19620/7 19621/8
f 19621/8 19622/9 19623/10 19624/11
f 19619/5 19618/6 19621/7 19620/8
f 19622/9 19621/7 19624/12 19623/10
f 19404/16 19625/17 19525/18 19405/19
f 19406/16 19626/17 19627/18 19407/19
f 19275/11 19273/13 19379/5 19378/6
f 19535/114 19505/115 19488/5 19604/6
f 19381/16 19459/17 19628/20 19382/21
f 19385/16 19629/17 19630/18 19386/19
f 19389/16 19631/17 19632/18 19390/19
f 19393/16 19633/17 19634/18 19394/19
f 19397/16 19635/17 19636/18 19398/19
f 19371/13 19370/11 19605/5 19490/6
f 19637/1 19403/2 19339/3 19338/4
f 19299/1 19298/2 19347/3 19346/4
f 19359/1 19358/2 19407/3 19627/4
f 19473/1 19415/2 19414/3 19638/4
f 19533/1 19423/2 19422/3 19583/4
f 19506/13 19536/11 19609/5 19507/6
f 19240/13 19239/11 19379/5 19253/6
f 19639/85 19607/11 19240/5 19362/86
f 19369/13 19640/11 19605/5 19370/6
f 19523/13 19522/11 19530/14 19529/15
f 19641/13 19469/11 19609/5 19536/6
f 19377/11 19642/5 19280/36 19279/51
f 19496/13 19643/11 19644/40 19497/52
f 19270/33 19269/5 19266/31 19265/32
f 19459/16 19458/17 19510/20 19628/21
f 19629/16 19511/17 19512/18 19630/19
f 19631/16 19513/17 19514/18 19632/19
f 19633/16 19515/17 19516/18 19634/19
f 19635/16 19517/17 19518/18 19636/19
f 19333/16 19645/17 19524/18 19334/19
f 19337/16 19646/17 19637/18 19338/19
f 19341/16 19292/17 19295/18 19342/19
f 19345/16 19296/17 19299/18 19346/19
f 19625/16 19352/17 19355/18 19525/19
f 19626/16 19356/17 19359/18 19627/19
f 19647/16 19470/17 19471/18 19526/19
f 19648/16 19472/17 19473/18 19638/19
f 19581/16 19531/17 19527/18 19528/19
f 19582/16 19532/17 19533/18 19583/19
f 19461/16 19460/17 19584/20 19564/21
f 19565/16 19585/17 19586/18 19566/19
f 19567/16 19587/17 19588/18 19568/19
f 19569/16 19589/17 19590/18 19570/19
f 19571/16 19591/17 19592/18 19572/19
f 19248/8 19247/5 19245/36 19244/7
f 19602/27 19277/28 19484/5 19607/6
f 19639/5 19495/6 19494/54 19649/30
f 19400/3 19645/4 19333/1 19332/2
f 19293/3 19292/4 19341/1 19340/2
f 19353/3 19352/4 19625/1 19404/2
f 19408/3 19470/4 19647/1 19409/2
f 19416/3 19531/4 19581/1 19417/2
f 19645/16 19400/17 19401/18 19524/19
f 19646/16 19402/17 19403/18 19637/19
f 19409/16 19647/17 19526/18 19410/19
f 19413/16 19648/17 19638/18 19414/19
f 19650/5 19651/6 19652/7 19653/8
f 19654/5 19655/6 19656/7 19657/8
f 19658/8 19659/9 19660/10 19661/11
f 19662/9 19653/7 19663/12 19664/10
f 19665/8 19666/9 19667/10 19668/11
f 19669/9 19657/7 19670/12 19671/10
f 19659/9 19658/7 19661/12 19660/10
f 19666/9 19665/7 19668/12 19667/10
f 19672/5 19673/6 19674/7 19675/8
f 19675/8 19676/9 19677/10 19678/11
f 19679/5 19680/6 19681/7 19682/8
f 19683/5 19684/6 19685/7 19686/8
f 19682/8 19687/9 19688/10 19689/11
f 19690/9 19685/7 19691/12 19692/10
f 19693/13 19694/11 19695/8 19696/7
f 19697/13 19698/11 19699/8 19700/7
f 19696/7 19701/9 19702/66 19703/6
f 19704/9 19699/8 19705/5 19706/66
f 19707/5 19708/6 19709/7 19710/8
f 19711/5 19712/6 19713/7 19714/8
f 19710/8 19715/9 19716/10 19717/11
f 19718/9 19713/7 19719/12 19720/10
f 19721/13 19722/11 19723/8 19724/7
f 19725/13 19726/11 19727/8 19728/7
f 19724/7 19729/9 19730/66 19731/6
f 19732/9 19727/8 19733/5 19734/66
f 19735/5 19736/6 19737/7 19738/8
f 19739/5 19740/6 19741/7 19742/8
f 19738/8 19743/9 19744/10 19745/11
f 19746/9 19741/7 19747/12 19748/10
f 19749/13 19750/11 19751/8 19752/7
f 19753/13 19754/11 19755/8 19756/7
f 19752/7 19757/9 19758/66 19759/6
f 19760/9 19755/8 19761/5 19762/66
f 19763/1 19764/2 19765/3 19766/4
f 19764/3 19763/4 19766/1 19765/2
f 19767/1 19768/2 19769/3 19770/4
f 19768/3 19767/4 19770/1 19769/2
f 19679/13 19684/11 19700/69 19695/70
f 19679/14 19684/15 19714/7 19709/8
f 19771/1 19772/2 19773/3 19774/4
f 19772/3 19771/4 19774/1 19773/2
f 19775/1 19776/2 19777/3 19778/4
f 19776/3 19775/4 19778/1 19777/2
f 19779/16 19780/17 19781/18 19782/19
f 19783/16 19784/17 19785/18 19786/19
f 19743/8 19746/7 19748/12 19744/11
f 19757/7 19760/8 19762/5 19758/6
f 19787/13 19788/11 19789/14 19790/15
f 19795/13 19796/11 19797/5 19673/6
f 19802/1 19803/2 19804/3 19805/4
f 19803/3 19802/4 19805/1 19804/2
f 19806/1 19807/2 19808/3 19809/4
f 19807/3 19806/4 19809/1 19808/2
f 19687/8 19690/7 19692/12 19688/11
f 19701/7 19704/8 19706/5 19702/6
f 19810/16 19811/17 19812/20 19813/21
f 19814/16 19815/17 19816/18 19817/19
f 19818/16 19819/17 19820/18 19821/19
f 19822/16 19823/17 19824/18 19825/19
f 19826/1 19827/2 19828/3 19829/4
f 19827/3 19826/4 19829/1 19828/2
f 19830/1 19831/2 19832/3 19833/4
f 19831/3 19830/4 19833/1 19832/2
f 19834/1 19835/2 19836/3 19837/4
f 19835/3 19834/4 19837/1 19836/2
f 19838/1 19839/2 19840/3 19841/4
f 19839/3 19838/4 19841/1 19840/2
f 19842/16 19843/17 19844/18 19845/19
f 19846/16 19847/17 19848/18 19849/19
f 19850/89 19851/90 19852/5 19853/6
f 19854/16 19855/17 19856/18 19857/19
f 19858/16 19859/17 19860/18 19861/19
f 19862/16 19863/17 19864/18 19865/19
f 19866/16 19867/17 19868/18 19869/19
f 19870/16 19871/17 19872/18 19873/19
f 19874/16 19875/17 19876/18 19877/19
f 19735/13 19740/11 19756/69 19751/70
f 19878/16 19854/17 19857/18 19879/19
f 19880/16 19858/17 19861/18 19881/19
f 19882/16 19883/17 19884/18 19885/19
f 19886/16 19887/17 19888/18 19889/19
f 19890/16 19891/17 19892/18 19893/19
f 19894/16 19895/17 19896/18 19897/19
f 19898/16 19899/17 19900/18 19901/19
f 19902/16 19903/17 19904/18 19905/19
f 19906/16 19907/17 19908/18 19909/19
f 19910/16 19911/17 19912/18 19913/19
f 19914/16 19915/17 19916/20 19917/21
f 19918/16 19919/17 19920/18 19921/19
f 19922/16 19923/17 19924/18 19925/19
f 19926/16 19927/17 19928/18 19929/19
f 19930/16 19931/17 19932/18 19933/19
f 19934/16 19862/17 19865/18 19935/19
f 19936/16 19866/17 19869/18 19937/19
f 19871/16 19779/17 19782/18 19872/19
f 19875/16 19783/17 19786/18 19876/19
f 19843/16 19938/17 19939/18 19844/19
f 19847/16 19940/17 19941/18 19848/19
f 19942/16 19943/17 19944/18 19945/19
f 19946/16 19947/17 19948/18 19949/19
f 19950/16 19951/17 19952/18 19953/19
f 19954/16 19955/17 19956/18 19957/19
f 19958/16 19810/17 19813/20 19959/21
f 19960/16 19814/17 19817/18 19961/19
f 19962/16 19818/17 19821/18 19963/19
f 19964/16 19822/17 19825/18 19965/19
f 19966/16 19950/17 19953/18 19967/19
f 19968/16 19954/17 19957/18 19969/19
f 19914/3 19970/4 19971/1 19915/2
f 19958/3 19972/4 19811/1 19810/2
f 19692/8 19691/5 19689/36 19688/7
f 19712/13 19707/11 19708/5 19711/6
f 19750/13 19753/11 19712/5 19707/6
f 19979/5 19980/6 19981/54 19982/30
f 19880/3 19983/4 19859/1 19858/2
f 19886/3 19984/4 19985/1 19887/2
f 19894/3 19986/4 19987/1 19895/2
f 19902/3 19988/4 19989/1 19903/2
f 19910/3 19990/4 19991/1 19911/2
f 19992/5 19993/6 19994/54 19995/30
f 19936/3 19996/4 19867/1 19866/2
f 19875/3 19874/4 19784/1 19783/2
f 19847/3 19846/4 19997/1 19940/2
f 19946/3 19998/4 19999/1 19947/2
f 19954/3 19968/4 20000/1 19955/2
f 20001/13 19672/11 19673/5 19797/6
f 19733/11 19731/13 20001/5 19672/6
f 20002/48 20003/7 20004/12 20005/49
f 20006/48 20007/7 20008/12 20009/49
f 20010/48 20011/7 20012/12 20013/49
f 20014/48 20015/7 20016/12 20017/49
f 20024/16 19934/17 19935/18 20025/19
f 19996/16 19936/17 19937/18 20026/19
f 19943/16 20027/17 20028/18 19944/19
f 19947/16 19999/17 20029/18 19948/19
f 20030/5 20031/6 20032/7 20033/8
f 20033/8 20034/9 20035/10 20036/11
f 20037/5 20038/6 20039/7 20040/8
f 20040/8 20041/9 20042/10 20043/11
f 20031/5 20030/6 20033/7 20032/8
f 20034/9 20033/7 20036/12 20035/10
f 20038/5 20037/6 20040/7 20039/8
f 20041/9 20040/7 20043/12 20042/10
f 20044/50 20045/6 20046/7 20047/48
f 19981/50 19980/6 20048/7 20049/48
f 20050/13 20051/73 19850/74 19853/6
f 20052/13 20053/11 20054/14 20055/15
f 20058/13 20059/11 20060/14 20061/15
f 20064/50 20065/6 20066/7 20067/48
f 19994/50 19993/6 20068/7 20069/48
f 20070/13 19787/11 19790/14 20071/15
f 20073/13 19795/11 20074/14 20075/15
f 19673/13 19672/11 20077/5 20074/6
f 19680/13 19679/11 19694/5 19672/6
f 19708/13 19707/11 19722/5 19679/6
f 19736/13 19735/11 19750/5 19707/6
f 19938/16 20078/17 20079/18 19939/19
f 19940/16 19997/17 20080/18 19941/19
f 19653/8 19662/9 20081/10 20082/11
f 19657/8 19669/9 20083/10 20084/11
f 20085/5 20086/6 19653/7 19652/8
f 20087/5 20088/6 19657/7 19656/8
f 20004/39 20089/11 20090/40 20005/41
f 20091/13 20053/11 20052/5 20090/6
f 20012/39 20091/11 20092/40 20013/41
f 19788/13 19787/11 20070/5 20092/6
f 20093/5 20094/6 20095/7 20096/8
f 20096/8 20097/9 20098/10 20099/11
f 20100/5 20101/6 20102/7 20103/8
f 20103/8 20104/9 20105/10 20106/11
f 20094/5 20093/6 20096/7 20095/8
f 20097/9 20096/7 20099/12 20098/10
f 20101/5 20100/6 20103/7 20102/8
f 20104/9 20103/7 20106/12 20105/10
f 19714/11 19713/5 19710/36 19709/51
f 20107/1 19879/2 19857/3 19856/4
f 20108/1 19885/2 19884/3 20109/4
f 20110/1 19893/2 19892/3 20111/4
f 20112/1 19901/2 19900/3 20113/4
f 20114/1 19909/2 19908/3 20115/4
f 20054/13 20116/11 20117/5 20055/6
f 20025/1 19935/2 19865/3 19864/4
f 19873/1 19872/2 19782/3 19781/4
f 19845/1 19844/2 19939/3 20079/4
f 20118/1 19945/2 19944/3 20028/4
f 19967/1 19953/2 19952/3 20119/4
f 19790/13 19789/11 20120/5 20071/6
f 19748/8 19747/5 19745/36 19744/7
f 20090/13 20052/11 20055/14 20117/15
f 20122/13 20058/11 20061/14 20123/15
f 20048/13 20125/11 20126/40 20049/52
f 20068/13 20127/11 20128/40 20069/52
f 20129/11 20130/5 19675/36 19674/51
f 19728/33 19727/5 19724/31 19723/32
f 19970/16 19914/17 19917/20 20131/21
f 20132/16 19918/17 19921/18 20133/19
f 20134/16 19922/17 19925/18 20135/19
f 20136/16 19926/17 19929/18 20137/19
f 20138/16 19930/17 19933/18 20139/19
f 20140/5 20141/6 20142/7 20143/8
f 20143/8 20144/9 20145/10 20146/11
f 20147/5 20148/6 20149/7 20150/8
f 20150/8 20151/9 20152/10 20153/11
f 20141/5 20140/6 20143/7 20142/8
f 20144/9 20143/7 20146/12 20145/10
f 20148/5 20147/6 20150/7 20149/8
f 20151/9 20150/7 20153/12 20152/10
f 19972/16 19958/17 19959/20 20154/21
f 20155/16 19960/17 19961/18 20156/19
f 20157/16 19962/17 19963/18 20158/19
f 20159/16 19964/17 19965/18 20160/19
f 19672/13 20001/11 20161/5 20077/6
f 19672/14 20001/15 19686/7 19681/8
f 20162/1 20163/2 20164/3 20165/4
f 20163/3 20162/4 20165/1 20164/2
f 20166/1 20167/2 20168/3 20169/4
f 20167/3 20166/4 20169/1 20168/2
f 20092/13 20070/11 20071/14 20120/15
f 20171/13 20073/11 20075/14 20172/15
f 20174/16 19898/17 19901/18 20112/19
f 19988/16 19902/17 19905/18 20175/19
f 20176/1 20177/2 20178/3 20179/4
f 20177/3 20176/4 20179/1 20178/2
f 20180/1 20181/2 20182/3 20183/4
f 20181/3 20180/4 20183/1 20182/2
f 20184/1 20185/2 20186/3 20187/4
f 20185/3 20184/4 20187/1 20186/2
f 20188/1 20189/2 20190/3 20191/4
f 20189/3 20188/4 20191/1 20190/2
f 19715/8 19718/7 19720/12 19716/11
f 19729/7 19732/8 19734/5 19730/6
f 19891/16 20192/17 20111/18 19892/19
f 19895/16 19987/17 20193/18 19896/19
f 20194/1 20195/2 20196/3 20197/4
f 20195/3 20194/4 20197/1 20196/2
f 20198/1 20199/2 20200/3 20201/4
f 20199/3 20198/4 20201/1 20200/2
f 19676/8 20202/7 20203/12 19677/11
f 20204/16 19906/17 19909/18 20114/19
f 19990/16 19910/17 19913/18 20205/19
f 20206/1 20207/2 20208/3 20209/4
f 20207/3 20206/4 20209/1 20208/2
f 20210/1 20211/2 20212/3 20213/4
f 20211/3 20210/4 20213/1 20212/2
f 20214/16 19890/17 19893/18 20110/19
f 19986/16 19894/17 19897/18 20215/19
f 19883/16 20216/17 20109/18 19884/19
f 19887/16 19985/17 20217/18 19888/19
f 20218/89 20051/90 20050/5 20219/6
f 19707/13 19712/11 19728/69 19723/70
f 19707/14 19712/15 19742/7 19737/8
f 19951/16 20220/17 20119/18 19952/19
f 19955/16 20000/17 20221/18 19956/19
f 20222/16 19882/17 19885/18 20108/19
f 19984/16 19886/17 19889/18 20223/19
f 19907/16 20224/17 20115/18 19908/19
f 19911/16 19991/17 20225/18 19912/19
f 19915/16 19971/17 20226/20 19916/21
f 19919/16 20227/17 20228/18 19920/19
f 19923/16 20229/17 20230/18 19924/19
f 19927/16 20231/17 20232/18 19928/19
f 19931/16 20233/17 20234/18 19932/19
f 19720/8 19719/5 19717/36 19716/7
f 19740/13 19735/11 19736/5 19739/6
f 20008/39 20236/11 20122/40 20009/41
f 20237/13 20059/11 20058/5 20122/6
f 20016/39 20237/11 20171/40 20017/41
f 19796/13 19795/11 20073/5 20171/6
f 20203/8 20238/5 19678/36 19677/7
f 19684/13 19679/11 19680/5 19683/6
f 19761/11 19759/13 19684/5 19679/6
f 20239/1 19881/2 19861/3 19860/4
f 20223/1 19889/2 19888/3 20217/4
f 20215/1 19897/2 19896/3 20193/4
f 20175/1 19905/2 19904/3 20240/4
f 20205/1 19913/2 19912/3 20225/4
f 20060/13 20241/11 20123/5 20061/6
f 20026/1 19937/2 19869/3 19868/4
f 19877/1 19876/2 19786/3 19785/4
f 19849/1 19848/2 19941/3 20080/4
f 20242/1 19949/2 19948/3 20029/4
f 19969/1 19957/2 19956/3 20221/4
f 20074/13 20243/11 20172/5 20075/6
f 19705/11 19703/13 20243/5 20074/6
f 20046/13 20245/11 20246/40 20047/52
f 20066/13 20247/11 20248/40 20067/52
f 20091/13 20090/11 20117/14 20116/15
f 20237/13 20122/11 20123/14 20241/15
f 19788/13 20092/11 20120/14 19789/15
f 20001/34 19995/11 20172/5 20161/35
f 19684/13 19683/11 20001/5 19697/6
f 19712/13 19711/11 19684/5 19725/6
f 19740/13 19739/11 19712/5 19753/6
f 20249/5 20250/6 20251/7 19658/8
f 20252/5 20253/6 20254/7 19665/8
f 20250/5 20249/6 19658/7 20251/8
f 20253/5 20252/6 19665/7 20254/8
f 19742/11 19741/5 19738/36 19737/51
f 19855/16 20255/17 20107/18 19856/19
f 19859/16 19983/17 20239/18 19860/19
f 20216/16 20222/17 20108/18 20109/19
f 19985/16 19984/17 20223/18 20217/19
f 20192/16 20214/17 20110/18 20111/19
f 19987/16 19986/17 20215/18 20193/19
f 20256/16 20174/17 20112/18 20113/19
f 19989/16 19988/17 20175/18 20240/19
f 20224/16 20204/17 20114/18 20115/19
f 19991/16 19990/17 20205/18 20225/19
f 19971/16 19970/17 20131/20 20226/21
f 20227/16 20132/17 20133/18 20228/19
f 20229/16 20134/17 20135/18 20230/19
f 20231/16 20136/17 20137/18 20232/19
f 20233/16 20138/17 20139/18 20234/19
f 19863/16 20024/17 20025/18 19864/19
f 19867/16 19996/17 20026/18 19868/19
f 19780/16 19870/17 19873/18 19781/19
f 19784/16 19874/17 19877/18 19785/19
f 20078/16 19842/17 19845/18 20079/19
f 19997/16 19846/17 19849/18 20080/19
f 20027/16 20257/17 20118/18 20028/19
f 19999/16 19998/17 20242/18 20029/19
f 20220/16 19966/17 19967/18 20119/19
f 20000/16 19968/17 19969/18 20221/19
f 19811/16 19972/17 20154/20 19812/21
f 19815/16 20155/17 20156/18 19816/19
f 19819/16 20157/17 20158/18 19820/19
f 19823/16 20159/17 20160/18 19824/19
f 19686/11 19685/5 19682/36 19681/51
f 19756/33 19755/5 19752/31 19751/32
f 20255/16 19878/17 19879/18 20107/19
f 19983/16 19880/17 19881/18 20239/19
f 20053/13 20091/11 20116/14 20054/15
f 20059/13 20237/11 20241/14 20060/15
f 20051/13 20218/11 19851/5 19850/6
f 19899/16 20256/17 20113/18 19900/19
f 19903/16 19989/17 20240/18 19904/19
f 19700/33 19699/5 19696/31 19695/32
f 20258/5 20045/6 20044/54 20259/30
f 19878/3 20255/4 19855/1 19854/2
f 19882/3 20222/4 20216/1 19883/2
f 19890/3 20214/4 20192/1 19891/2
f 19898/3 20174/4 20256/1 19899/2
f 19906/3 20204/4 20224/1 19907/2
f 20260/5 20065/6 20064/54 20261/30
f 19934/3 20024/4 19863/1 19862/2
f 19871/3 19870/4 19780/1 19779/2
f 19843/3 19842/4 20078/1 19938/2
f 19942/3 20257/4 20027/1 19943/2
f 19950/3 19966/4 20220/1 19951/2
f 20262/5 20263/6 20264/7 20265/8
f 20265/8 20266/9 20267/10 20268/11
f 20269/5 20270/6 20271/7 20272/8
f 20272/8 20273/9 20274/10 20275/11
f 20263/5 20262/6 20265/7 20264/8
f 20266/9 20265/7 20268/12 20267/10
f 20270/5 20269/6 20272/7 20271/8
f 20273/9 20272/7 20275/12 20274/10
f 20276/5 20277/6 20278/7 20279/8
f 20279/8 20280/9 20281/10 20282/11
f 20283/5 20284/6 20285/7 20286/8
f 20286/8 20287/9 20288/10 20289/11
f 20277/5 20276/6 20279/7 20278/8
f 20280/9 20279/7 20282/12 20281/10
f 20284/5 20283/6 20286/7 20285/8
f 20287/9 20286/7 20289/12 20288/10
f 20290/5 20291/6 20292/7 20293/8
f 20293/8 20294/9 20295/10 20296/11
f 20297/5 20298/6 20299/7 20300/8
f 20300/8 20301/9 20302/10 20303/11
f 20291/5 20290/6 20293/7 20292/8
f 20294/9 20293/7 20296/12 20295/10
f 20298/5 20297/6 20300/7 20299/8
f 20301/9 20300/7 20303/12 20302/10
f 20257/16 19942/17 19945/18 20118/19
f 19998/16 19946/17 19949/18 20242/19

usemtl minecraft_block-sea_lantern

f 1051/13 1052/11 1053/5 1054/6
f 1052/13 1051/11 1175/5 1176/6
f 1176/13 1175/11 1375/5 1374/6
f 1053/13 1052/11 1176/5 1374/6
f 1054/13 1053/11 1374/5 1375/6
f 1051/13 1054/11 1375/5 1175/6
f 13073/13 13074/11 13075/5 13076/6
f 13076/13 13075/11 13411/5 13410/6
f 13522/13 13073/11 13076/5 13410/6
f 13074/13 13073/11 13522/5 13967/6
f 13967/13 13522/11 13410/5 13411/6
f 13074/13 13967/11 13411/5 13075/6

usemtl minecraft_block-quartz_block_side

f 247/13 248/11 249/5 250/6
f 251/13 252/11 253/5 254/6
f 256/13 259/11 260/5 257/6
f 261/13 263/25 264/26 262/6
f 429/13 54/11 57/5 426/6
f 23/13 437/11 438/5 17/6
f 289/13 439/11 440/5 283/6
f 305/13 447/11 448/5 306/6
f 458/34 429/11 426/5 598/35
f 461/34 460/11 599/5 600/35
f 71/13 461/11 600/5 72/6
f 477/34 474/11 643/5 531/35
f 263/34 302/11 298/5 264/35
f 463/34 465/11 725/5 518/35
f 527/34 558/11 347/5 349/35
f 248/34 478/11 284/5 249/35
f 252/34 295/11 291/5 253/35
f 1071/13 1072/11 1073/5 1074/6
f 1090/13 819/11 822/5 1087/6
f 788/13 1094/11 1095/5 782/6
f 1096/13 1098/11 1099/5 1097/6
f 1113/13 1081/11 1075/5 1114/6
f 1115/13 1117/25 1118/26 1116/6
f 1120/13 1127/11 1128/5 1121/6
f 1124/13 1129/11 1130/5 1125/6
f 1131/13 1135/11 1136/5 1132/6
f 1133/13 1137/11 1138/5 1134/6
f 1277/13 827/11 830/5 1274/6
f 1278/13 835/11 1235/5 1238/6
f 1284/13 1286/11 1287/5 789/6
f 802/13 1288/11 1256/5 796/6
f 1289/13 1290/11 1291/5 1161/6
f 1174/13 1292/11 1265/5 1168/6
f 1176/13 1374/11 1393/5 1179/6
f 1182/13 1394/11 1257/5 1183/6
f 1347/34 1090/11 1087/5 1506/35
f 1350/34 1349/11 1507/5 1508/35
f 1352/13 1511/11 1512/5 1513/6
f 1514/13 1515/11 1516/5 1237/6
f 1356/13 1354/11 1517/5 1519/6
f 1520/13 1518/11 1240/5 1242/6
f 828/13 1350/11 1508/5 829/6
f 1373/34 1365/11 1612/5 1449/35
f 1117/34 1166/11 1162/5 1118/35
f 1687/5 1688/6 1689/7 1690/8
f 1691/5 1692/6 1693/7 1694/8
f 1690/8 1695/9 1696/10 1697/11
f 1698/9 1693/7 1699/12 1700/10
f 1701/13 1691/11 1702/8 1703/7
f 1704/9 1702/8 1705/5 1706/66
f 1707/5 1691/6 1708/7 1709/8
f 1709/8 1710/9 1711/10 1699/11
f 1712/13 1701/11 1703/8 1713/7
f 1713/7 1704/9 1706/66 1714/6
f 1715/5 1716/6 1717/7 1718/8
f 1718/8 1719/9 1720/10 1721/11
f 1722/13 1715/11 1723/8 1724/7
f 1724/7 1725/9 1726/66 1727/6
f 1728/5 1729/6 1730/7 1731/8
f 1732/5 1733/6 1734/7 1735/8
f 1731/8 1736/9 1737/10 1738/11
f 1739/9 1734/7 1740/12 1741/10
f 1742/13 1732/11 1743/8 1744/7
f 1745/9 1743/8 1692/5 1746/66
f 1747/5 1732/6 1748/7 1749/8
f 1749/8 1750/9 1751/10 1740/11
f 1752/13 1742/11 1744/8 1753/7
f 1753/7 1745/9 1746/66 1707/6
f 1754/5 1755/6 1756/7 1757/8
f 1757/8 1758/9 1759/10 1760/11
f 1761/13 1754/11 1762/8 1763/7
f 1763/7 1764/9 1765/66 1766/6
f 1736/8 1797/22 1798/23 1737/11
f 1799/7 1800/48 1801/50 1802/6
f 1971/5 1960/6 1965/7 1964/8
f 1964/8 1966/9 1968/10 1967/11
f 1982/5 1967/6 1975/7 1974/8
f 1974/8 1976/9 1978/10 1977/11
f 1993/5 1977/6 1986/7 1985/8
f 1985/8 1987/9 1989/10 1988/11
f 2004/5 1988/6 1997/7 1996/8
f 1996/8 1998/9 2000/10 1999/11
f 2005/5 1999/6 2011/7 2012/8
f 2012/8 2013/9 2014/10 2015/11
f 2048/69 1723/70 2049/7 1717/8
f 1719/9 2049/7 1755/12 2050/10
f 1725/9 2048/8 2051/5 1726/66
f 2049/69 1762/70 2052/7 1756/8
f 1758/9 2052/7 2053/12 2054/10
f 1764/9 2049/8 1715/5 1765/66
f 2055/13 2056/11 2057/8 2058/7
f 2056/13 2055/11 2058/8 2057/7
f 2059/13 2060/11 2061/8 2062/7
f 2060/13 2059/11 2062/8 2061/7
f 2066/13 2067/53 2068/48 2069/7
f 2053/34 2072/11 1728/5 1754/35
f 2075/34 2073/11 2074/5 2067/35
f 2093/13 2094/77 2095/78 2096/6
f 2101/69 2102/70 2103/7 2104/8
f 2105/9 2103/7 2106/12 2107/10
f 2108/9 2101/8 2109/5 2110/66
f 2102/69 2101/70 2104/7 2103/8
f 2103/8 2105/9 2107/10 2106/11
f 2101/7 2108/9 2110/66 2109/6
f 2103/69 2111/70 2112/7 2113/8
f 2114/9 2112/7 2115/12 2116/10
f 2117/9 2103/8 2118/5 2119/66
f 2111/69 2103/70 2113/7 2112/8
f 2112/8 2114/9 2116/10 2115/11
f 2103/7 2117/9 2119/66 2118/6
f 2112/69 2120/70 2121/7 2122/8
f 2123/9 2121/7 2124/12 2125/10
f 2126/9 2112/8 2127/5 2128/66
f 2120/69 2112/70 2122/7 2121/8
f 2121/8 2123/9 2125/10 2124/11
f 2112/7 2126/9 2128/66 2127/6
f 2121/69 2129/70 2130/7 2131/8
f 2132/9 2130/7 2133/12 2134/10
f 2135/9 2121/8 2136/5 2137/66
f 2129/69 2121/70 2131/7 2130/8
f 2130/8 2132/9 2134/10 2133/11
f 2121/7 2135/9 2137/66 2136/6
f 2130/69 2138/70 2139/7 2140/8
f 2141/9 2139/7 2142/12 2143/10
f 2144/9 2130/8 2145/5 2146/66
f 2138/69 2130/70 2140/7 2139/8
f 2139/8 2141/9 2143/10 2142/11
f 2130/7 2144/9 2146/66 2145/6
f 1987/8 2151/22 2152/23 1989/11
f 2153/7 2154/48 2155/50 2156/6
f 2163/13 2164/11 2165/8 2166/7
f 2167/13 2168/11 2169/8 2170/7
f 2171/13 2172/11 2173/8 2174/7
f 2164/13 2163/11 2166/8 2165/7
f 2168/13 2167/11 2170/8 2169/7
f 2172/13 2171/11 2174/8 2173/7
f 2426/13 2427/11 2428/8 2429/7
f 2427/13 2426/11 2429/8 2428/7
f 2430/13 2431/11 2432/8 2433/7
f 2431/13 2430/11 2433/8 2432/7
f 2420/94 1994/70 1988/95 2436/53
f 1993/14 2437/96 2442/22 1997/8
f 2536/85 2537/11 2538/5 2539/86
f 2542/69 2543/70 2544/7 2545/8
f 2546/9 2544/7 2547/12 2548/10
f 2549/9 2542/8 2550/5 2551/66
f 2543/69 2542/70 2545/7 2544/8
f 2544/8 2546/9 2548/10 2547/11
f 2542/7 2549/9 2551/66 2550/6
f 2544/69 2552/70 2553/7 2554/8
f 2555/9 2553/7 2556/12 2557/10
f 2558/9 2544/8 2559/5 2560/66
f 2552/69 2544/70 2554/7 2553/8
f 2553/8 2555/9 2557/10 2556/11
f 2544/7 2558/9 2560/66 2559/6
f 2553/69 2561/70 2562/7 2563/8
f 2564/9 2562/7 2565/12 2566/10
f 2567/9 2553/8 2568/5 2569/66
f 2561/69 2553/70 2563/7 2562/8
f 2562/8 2564/9 2566/10 2565/11
f 2553/7 2567/9 2569/66 2568/6
f 2562/69 2570/70 2571/7 2572/8
f 2573/9 2571/7 2574/12 2575/10
f 2576/9 2562/8 2577/5 2578/66
f 2570/69 2562/70 2572/7 2571/8
f 2571/8 2573/9 2575/10 2574/11
f 2562/7 2576/9 2578/66 2577/6
f 2571/69 2579/70 2580/7 2581/8
f 2582/9 2580/7 2583/12 2584/10
f 2585/9 2571/8 2586/5 2587/66
f 2579/69 2571/70 2581/7 2580/8
f 2580/8 2582/9 2584/10 2583/11
f 2571/7 2585/9 2587/66 2586/6
f 2603/69 2604/70 2605/7 2606/8
f 2607/9 2605/7 2608/12 2609/10
f 2610/9 2603/8 2611/5 2612/66
f 2604/69 2603/70 2606/7 2605/8
f 2605/8 2607/9 2609/10 2608/11
f 2603/7 2610/9 2612/66 2611/6
f 2605/69 2613/70 2614/7 2615/8
f 2616/9 2614/7 2073/12 2617/10
f 2618/9 2605/8 2619/5 2620/66
f 2613/69 2605/70 2615/7 2614/8
f 2614/8 2616/9 2617/10 2073/11
f 2605/7 2618/9 2620/66 2619/6
f 2621/13 2622/11 2623/8 2624/7
f 2622/13 2621/11 2624/8 2623/7
f 2625/13 2626/11 2627/8 2628/7
f 2626/13 2625/11 2628/8 2627/7
f 2670/13 2671/11 2672/8 2673/7
f 2674/13 2675/11 2676/8 2677/7
f 2678/13 2679/11 2680/8 2681/7
f 2671/13 2670/11 2673/8 2672/7
f 2675/13 2674/11 2677/8 2676/7
f 2679/13 2678/11 2681/8 2680/7
f 2072/13 2317/11 2736/5 1728/6
f 2325/13 2355/25 2737/26 2738/6
f 2016/13 2042/53 2739/48 2740/7
f 2366/13 2376/11 2742/5 2741/6
f 2041/13 2760/11 2761/8 2762/7
f 2760/13 2041/11 2762/8 2761/7
f 2765/13 2040/11 2766/8 2767/7
f 2040/13 2765/11 2767/8 2766/7
f 2405/13 2407/11 2768/5 2769/6
f 2770/13 2771/11 2772/5 2773/6
f 2785/13 2786/11 2787/5 2550/6
f 2788/13 2789/11 2790/5 2109/6
f 2407/13 2398/11 2794/5 2768/6
f 2771/13 2795/11 2796/5 2772/6
f 2402/13 2404/11 2800/5 2797/6
f 2798/13 2801/11 2802/5 2799/6
f 1960/5 2789/24 2804/22 1965/8
f 2754/94 2006/70 1999/95 2846/53
f 2004/14 2847/96 2850/22 2011/8
f 1998/8 2855/22 2856/23 2000/11
f 2857/7 2858/48 2699/50 2700/6
f 2909/69 2910/70 2911/7 2912/8
f 2913/9 2911/7 2914/12 2915/10
f 2916/9 2909/8 2787/5 2917/66
f 2910/69 2909/70 2912/7 2911/8
f 2911/8 2913/9 2915/10 2914/11
f 2909/7 2916/9 2917/66 2787/6
f 2911/69 2918/70 2919/7 2920/8
f 2921/9 2919/7 2922/12 2923/10
f 2924/9 2911/8 2925/5 2926/66
f 2918/69 2911/70 2920/7 2919/8
f 2919/8 2921/9 2923/10 2922/11
f 2911/7 2924/9 2926/66 2925/6
f 2919/69 2927/70 2928/7 2929/8
f 2930/9 2928/7 2931/12 2932/10
f 2933/9 2919/8 2934/5 2935/66
f 2927/69 2919/70 2929/7 2928/8
f 2928/8 2930/9 2932/10 2931/11
f 2919/7 2933/9 2935/66 2934/6
f 2928/69 2936/70 2937/7 2938/8
f 2939/9 2937/7 2940/12 2941/10
f 2942/9 2928/8 2943/5 2944/66
f 2936/69 2928/70 2938/7 2937/8
f 2937/8 2939/9 2941/10 2940/11
f 2928/7 2942/9 2944/66 2943/6
f 2937/69 2945/70 2946/7 2947/8
f 2948/9 2946/7 2949/12 2950/10
f 2951/9 2937/8 2952/5 2953/66
f 2945/69 2937/70 2947/7 2946/8
f 2946/8 2948/9 2950/10 2949/11
f 2937/7 2951/9 2953/66 2952/6
f 2961/69 2962/70 2963/7 2964/8
f 2965/9 2963/7 2966/12 2967/10
f 2968/9 2961/8 2969/5 2970/66
f 2962/69 2961/70 2964/7 2963/8
f 2963/8 2965/9 2967/10 2966/11
f 2961/7 2968/9 2970/66 2969/6
f 2963/69 2971/70 2972/7 2973/8
f 2974/9 2972/7 2975/12 2976/10
f 2977/9 2963/8 2978/5 2979/66
f 2971/69 2963/70 2973/7 2972/8
f 2972/8 2974/9 2976/10 2975/11
f 2963/7 2977/9 2979/66 2978/6
f 2038/13 2980/11 2981/8 2982/7
f 2980/13 2038/11 2982/8 2981/7
f 2985/13 2036/11 2986/8 2987/7
f 2036/13 2985/11 2987/8 2986/7
f 2025/65 2016/11 2740/8 3006/22
f 3008/85 1931/11 1934/5 3009/86
f 2344/13 2342/11 3007/5 3010/6
f 2020/104 2030/11 3014/8 3015/105
f 2684/14 2683/96 3016/22 1689/8
f 2033/13 2034/11 3017/8 3018/7
f 2036/13 2037/11 3020/8 2986/7
f 2039/13 2040/11 2766/8 3021/7
f 2034/13 2033/11 3018/8 3017/7
f 2037/13 2036/11 2986/8 3020/7
f 2094/13 3023/11 3024/5 2095/6
f 2040/13 2039/11 3021/8 2766/7
f 1966/8 3027/22 2247/23 1968/11
f 3028/7 3029/48 3030/50 3031/6
f 2305/13 2304/11 3113/5 3111/6
f 3114/13 3115/11 3047/5 3046/6
f 2030/13 2029/53 3116/48 3014/7
f 2400/13 2406/25 3120/26 2451/6
f 2466/13 3121/11 2791/5 2467/6
f 2032/13 2020/11 3015/8 3184/7
f 2043/13 2044/11 3186/8 3187/7
f 3178/94 1972/70 1967/95 2251/53
f 1971/14 3216/96 2416/22 1975/8
f 1695/8 3217/22 3218/23 1696/11
f 3219/7 3220/48 2682/50 2685/6
f 2005/13 3238/53 3145/48 3146/7
f 2035/13 3259/11 3260/8 3261/7
f 3259/13 2035/11 3261/8 3260/7
f 3263/13 2034/11 3017/8 3264/7
f 2034/13 3263/11 3264/8 3017/7
f 2013/8 3267/22 2410/23 2014/11
f 3268/7 3269/48 3161/50 3162/6
f 3279/69 3280/70 3281/7 3282/8
f 3283/9 3281/7 3284/12 3285/10
f 3286/9 3279/8 3287/5 3288/66
f 3280/69 3279/70 3282/7 3281/8
f 3281/8 3283/9 3285/10 3284/11
f 3279/7 3286/9 3288/66 3287/6
f 3281/69 3289/70 3290/7 3291/8
f 3292/9 3290/7 3293/12 3294/10
f 3295/9 3281/8 3296/5 3297/66
f 3289/69 3281/70 3291/7 3290/8
f 3290/8 3292/9 3294/10 3293/11
f 3281/7 3295/9 3297/66 3296/6
f 3290/69 3298/70 3299/7 3300/8
f 3301/9 3299/7 3302/12 3303/10
f 3304/9 3290/8 3305/5 3306/66
f 3298/69 3290/70 3300/7 3299/8
f 3299/8 3301/9 3303/10 3302/11
f 3290/7 3304/9 3306/66 3305/6
f 3299/69 3307/70 3308/7 3309/8
f 3310/9 3308/7 3311/12 3312/10
f 3313/9 3299/8 3314/5 3315/66
f 3307/69 3299/70 3309/7 3308/8
f 3308/8 3310/9 3312/10 3311/11
f 3299/7 3313/9 3315/66 3314/6
f 3308/69 3316/70 3317/7 3318/8
f 3319/9 3317/7 3320/12 3321/10
f 3322/9 3308/8 3323/5 3324/66
f 3316/69 3308/70 3318/7 3317/8
f 3317/8 3319/9 3321/10 3320/11
f 3308/7 3322/9 3324/66 3323/6
f 3147/5 3148/6 3141/7 3016/8
f 3217/9 3141/7 3325/12 3218/10
f 3325/5 2067/6 2076/7 3326/8
f 1797/9 2076/7 2075/12 1798/10
f 2319/13 2075/11 2067/5 2639/6
f 2026/65 2025/11 3006/8 3278/22
f 2744/94 2747/70 1697/95 3325/53
f 3357/14 3148/96 3326/22 1730/8
f 1976/8 3358/22 2695/23 1978/11
f 3359/7 3360/48 3361/50 3362/6
f 2042/13 2026/53 3278/48 2739/7
f 2389/13 2065/11 1774/5 1767/6
f 2378/13 2380/25 3365/26 1779/6
f 2387/13 2386/25 2098/26 3366/6
f 2029/13 2043/57 3187/63 3116/7
f 2023/13 2035/11 3261/8 3275/7
f 2038/13 2024/11 3276/8 2982/7
f 2537/13 3369/25 3069/26 2538/6
f 2031/13 2041/11 2762/8 3277/7
f 2035/13 2023/11 3275/8 3261/7
f 2024/13 2038/11 2982/8 3276/7
f 2041/13 2031/11 3277/8 2762/7
f 2789/13 2465/11 2468/5 2790/6
f 2789/5 3216/6 3374/7 2804/8
f 3027/9 3374/7 2251/12 2247/10
f 2251/5 2248/6 2417/7 2416/8
f 3358/9 2417/7 2698/12 2695/10
f 2698/5 2437/6 2751/7 2750/8
f 2151/9 2751/7 2436/12 2152/10
f 2436/5 2847/6 3144/7 2442/8
f 2855/9 3144/7 2846/12 2856/10
f 2846/5 3238/6 3379/7 2850/8
f 3267/9 3379/7 2411/12 2410/10
f 3456/13 3457/11 3458/8 3459/7
f 3457/13 3456/11 3459/8 3458/7
f 3460/13 3461/11 3462/8 3463/7
f 3461/13 3460/11 3463/8 3462/7
f 3376/94 1983/70 1977/95 2698/53
f 1982/14 2248/96 2750/22 1986/8
f 3659/5 3660/6 3661/7 3662/8
f 3663/5 3664/6 3665/7 3666/8
f 3662/8 3667/9 3668/10 3669/11
f 3670/9 3665/7 3671/12 3672/10
f 3673/13 3663/11 3674/8 3675/7
f 3676/9 3674/8 3677/5 3678/66
f 3679/5 3663/6 3680/7 3681/8
f 3681/8 3682/9 3683/10 3671/11
f 3684/13 3673/11 3675/8 3685/7
f 3685/7 3676/9 3678/66 3686/6
f 3687/5 3688/6 3689/7 3690/8
f 3690/8 3691/9 3692/10 3693/11
f 3694/13 3687/11 3695/8 3696/7
f 3696/7 3697/9 3698/66 3699/6
f 3700/5 3701/6 3702/7 3703/8
f 3704/5 3705/6 3706/7 3707/8
f 3703/8 3708/9 3709/10 3710/11
f 3711/9 3706/7 3712/12 3713/10
f 3714/13 3704/11 3715/8 3716/7
f 3717/9 3715/8 3664/5 3718/66
f 3719/5 3704/6 3720/7 3721/8
f 3721/8 3722/9 3723/10 3712/11
f 3724/13 3714/11 3716/8 3725/7
f 3725/7 3717/9 3718/66 3679/6
f 3726/5 3727/6 3728/7 3729/8
f 3729/8 3730/9 3731/10 3732/11
f 3733/13 3726/11 3734/8 3735/7
f 3735/7 3736/9 3737/66 3738/6
f 3739/5 3740/6 3741/7 3742/8
f 3743/5 3744/6 3745/7 3746/8
f 3742/8 3747/9 3748/10 3749/11
f 3750/9 3745/7 3751/12 3752/10
f 3753/13 3743/11 3754/8 3755/7
f 3756/9 3754/8 3705/5 3757/66
f 3758/5 3743/6 3759/7 3760/8
f 3760/8 3761/9 3762/10 3751/11
f 3763/13 3753/11 3755/8 3764/7
f 3764/7 3756/9 3757/66 3719/6
f 3765/5 3766/6 3767/7 3768/8
f 3768/8 3769/9 3770/10 3771/11
f 3772/13 3765/11 3773/8 3774/7
f 3774/7 3775/9 3776/66 3777/6
f 3778/94 3779/70 3669/95 3780/53
f 3785/14 3781/96 3786/22 3702/8
f 3667/8 3808/22 3809/23 3668/11
f 3810/7 3811/48 3812/50 3813/6
f 4064/13 4065/11 4066/8 4067/7
f 4065/13 4064/11 4067/8 4066/7
f 4068/13 4069/11 4070/8 4071/7
f 4069/13 4068/11 4071/8 4070/7
f 4081/69 3695/70 4082/7 3689/8
f 3691/9 4082/7 3727/12 4083/10
f 3697/9 4081/8 4084/5 3698/66
f 4082/69 3734/70 4085/7 3728/8
f 3730/9 4085/7 3766/12 4086/10
f 3736/9 4082/8 3687/5 3737/66
f 4085/69 3773/70 4087/7 3767/8
f 3769/9 4087/7 4088/12 4089/10
f 3775/9 4085/8 3726/5 3776/66
f 4098/13 4099/25 4100/26 4101/6
f 4036/13 4051/11 4213/8 4214/7
f 4054/13 4037/11 4215/8 4216/7
f 4046/13 4057/11 4225/8 4226/7
f 4051/13 4036/11 4214/8 4213/7
f 4037/13 4054/11 4216/8 4215/7
f 4057/13 4046/11 4226/8 4225/7
f 4351/13 4352/11 4353/8 4354/7
f 4352/13 4351/11 4354/8 4353/7
f 4355/13 4356/11 4357/8 4358/7
f 4356/13 4355/11 4358/8 4357/7
f 4236/13 4235/53 4370/50 4371/6
f 4372/13 4373/53 4374/50 4375/6
f 4058/13 4040/53 4376/48 4377/7
f 4378/13 4379/57 4380/58 4381/6
f 4043/13 4059/57 4382/63 4383/7
f 3999/13 4449/11 4450/5 4000/6
f 4451/13 4452/11 4453/5 4109/6
f 3708/8 4483/22 4484/23 3709/11
f 4485/7 4486/48 4487/50 4488/6
f 4531/13 4527/11 4530/5 4532/6
f 4562/13 4563/11 4564/8 4565/7
f 4563/13 4562/11 4565/8 4564/7
f 4566/13 4567/11 4568/8 4569/7
f 4567/13 4566/11 4569/8 4568/7
f 4585/69 4586/70 4587/7 4588/8
f 4589/9 4587/7 4590/12 4591/10
f 4592/9 4585/8 4593/5 4594/66
f 4586/69 4585/70 4588/7 4587/8
f 4587/8 4589/9 4591/10 4590/11
f 4585/7 4592/9 4594/66 4593/6
f 4587/69 4595/70 4596/7 4597/8
f 4598/9 4596/7 4599/12 4600/10
f 4601/9 4587/8 4602/5 4603/66
f 4595/69 4587/70 4597/7 4596/8
f 4596/8 4598/9 4600/10 4599/11
f 4587/7 4601/9 4603/66 4602/6
f 4596/69 4604/70 4605/7 4606/8
f 4607/9 4605/7 4608/12 4609/10
f 4610/9 4596/8 4611/5 4612/66
f 4604/69 4596/70 4606/7 4605/8
f 4605/8 4607/9 4609/10 4608/11
f 4596/7 4610/9 4612/66 4611/6
f 4622/94 4623/70 3710/95 4624/53
f 4626/14 4196/96 4627/22 3741/8
f 4237/13 4236/53 4371/50 4678/6
f 4679/13 4372/53 4375/50 4680/6
f 4039/13 4058/53 4377/48 4681/7
f 4684/13 4685/77 4686/78 4687/6
f 4282/13 4294/11 4688/5 4682/6
f 4057/13 4696/11 4697/8 4225/7
f 4696/13 4057/11 4225/8 4697/7
f 4699/13 4056/11 4700/8 4701/7
f 4056/13 4699/11 4701/8 4700/7
f 4049/13 4050/11 4722/8 4723/7
f 4052/13 4053/11 4726/8 4727/7
f 4055/13 4056/11 4700/8 4750/7
f 4050/13 4049/11 4723/8 4722/7
f 4053/13 4052/11 4727/8 4726/7
f 4056/13 4055/11 4750/8 4700/7
f 3747/8 4768/22 4769/23 3748/11
f 4770/7 4771/48 4194/50 4195/6
f 4054/13 4858/11 4859/8 4216/7
f 4858/13 4054/11 4216/8 4859/7
f 4860/13 4052/11 4727/8 4861/7
f 4052/13 4860/11 4861/8 4727/7
f 4877/69 4878/70 4879/7 4880/8
f 4881/9 4879/7 4882/12 4883/10
f 4884/9 4877/8 4885/5 4886/66
f 4878/69 4877/70 4880/7 4879/8
f 4879/8 4881/9 4883/10 4882/11
f 4877/7 4884/9 4886/66 4885/6
f 4879/69 4887/70 4888/7 4889/8
f 4890/9 4888/7 4891/12 4892/10
f 4893/9 4879/8 4894/5 4895/66
f 4887/69 4879/70 4889/7 4888/8
f 4888/8 4890/9 4892/10 4891/11
f 4879/7 4893/9 4895/66 4894/6
f 4888/69 4896/70 4897/7 4898/8
f 4899/9 4897/7 4900/12 4901/10
f 4902/9 4888/8 4903/5 4904/66
f 4896/69 4888/70 4898/7 4897/8
f 4897/8 4899/9 4901/10 4900/11
f 4888/7 4902/9 4904/66 4903/6
f 4367/94 4369/70 3749/95 4910/53
f 4244/13 4241/53 4384/50 5002/6
f 5003/13 4378/53 4381/50 4920/6
f 4044/13 4043/53 4383/48 5004/7
f 4329/13 4338/25 5011/26 4792/6
f 4793/13 5012/25 4989/26 4794/6
f 4342/13 4347/11 5009/5 5013/6
f 5014/13 5015/11 4980/5 4993/6
f 5022/13 5023/11 5024/8 5025/7
f 5026/13 5027/11 5028/8 5029/7
f 5052/13 5053/11 5054/8 5055/7
f 5023/13 5022/11 5025/8 5024/7
f 5027/13 5026/11 5029/8 5028/7
f 5053/13 5052/11 5055/8 5054/7
f 4528/13 5058/25 4937/26 4529/6
f 4047/13 4048/11 5089/8 5090/7
f 4059/13 4060/11 5091/8 4382/7
f 5108/13 3688/11 4084/5 4974/6
f 5109/13 5110/11 4978/5 4885/6
f 3660/5 5110/24 5117/22 3661/8
f 4051/13 5158/11 5159/8 4213/7
f 5158/13 4051/11 4213/8 5159/7
f 5160/13 4050/11 4722/8 5161/7
f 4050/13 5160/11 5161/8 4722/7
f 4235/65 4238/11 5165/5 4370/24
f 4373/65 5166/11 4915/5 4374/24
f 4040/65 4038/11 5164/8 4376/22
f 5110/13 4781/11 4782/5 4978/6
f 5110/5 3781/6 5169/7 5117/8
f 3808/9 5169/7 3780/12 3809/10
f 3780/5 4196/6 4366/7 3786/8
f 4483/9 4366/7 4624/12 4484/10
f 4624/5 4654/6 4695/7 4627/8
f 4768/9 4695/7 4910/12 4769/10
f 4238/65 4237/11 4678/5 5165/24
f 5166/65 4679/11 4680/5 4915/24
f 4038/65 4039/11 4681/8 5164/22
f 5188/104 5003/11 4920/5 4919/101
f 4048/104 4044/11 5004/8 5089/105
f 5291/13 5292/11 5293/8 5294/7
f 5295/13 5296/11 5297/8 5298/7
f 5311/13 5312/11 5313/8 5314/7
f 5292/13 5291/11 5294/8 5293/7
f 5296/13 5295/11 5298/8 5297/7
f 5312/13 5311/11 5314/8 5313/7
f 5210/13 4684/11 4687/5 4932/6
f 4262/13 4073/11 3615/5 4571/6
f 4247/13 4264/11 4863/5 5321/6
f 5167/13 4873/11 4869/5 4925/6
f 5215/85 3983/11 3985/5 4938/86
f 4270/13 4268/11 5322/5 5323/6
f 5221/34 4707/11 4703/5 4944/35
f 5324/13 5325/11 5326/8 5327/7
f 5325/13 5324/11 5327/8 5326/7
f 5328/13 5329/11 5330/8 5331/7
f 5329/13 5328/11 5331/8 5330/7
f 5418/48 5410/7 5413/12 5419/49
f 5420/22 5421/8 5422/5 5423/24
f 5486/13 5487/77 5488/78 5489/6
f 5494/69 5495/70 5496/7 5497/8
f 5498/9 5496/7 5499/12 5500/10
f 5501/9 5494/8 5502/5 5503/66
f 5495/69 5494/70 5497/7 5496/8
f 5496/8 5498/9 5500/10 5499/11
f 5494/7 5501/9 5503/66 5502/6
f 5496/69 5504/70 5505/7 5506/8
f 5507/9 5505/7 5508/12 5509/10
f 5510/9 5496/8 5511/5 5512/66
f 5504/69 5496/70 5506/7 5505/8
f 5505/8 5507/9 5509/10 5508/11
f 5496/7 5510/9 5512/66 5511/6
f 5505/69 5513/70 5514/7 5515/8
f 5516/9 5514/7 5517/12 5518/10
f 5519/9 5505/8 5520/5 5521/66
f 5513/69 5505/70 5515/7 5514/8
f 5514/8 5516/9 5518/10 5517/11
f 5505/7 5519/9 5521/66 5520/6
f 5514/69 5522/70 5523/7 5524/8
f 5525/9 5523/7 5526/12 5527/10
f 5528/9 5514/8 5529/5 5530/66
f 5522/69 5514/70 5524/7 5523/8
f 5523/8 5525/9 5527/10 5526/11
f 5514/7 5528/9 5530/66 5529/6
f 5523/69 5531/70 5532/7 5533/8
f 5534/9 5532/7 5535/12 5536/10
f 5537/9 5523/8 5538/5 5539/66
f 5531/69 5523/70 5533/7 5532/8
f 5532/8 5534/9 5536/10 5535/11
f 5523/7 5537/9 5539/66 5538/6
f 5659/69 5660/70 5661/7 5662/8
f 5662/8 5663/9 5664/10 5665/11
f 5660/7 5666/9 5667/66 5668/6
f 5660/69 5659/70 5662/7 5661/8
f 5663/9 5662/7 5665/12 5664/10
f 5666/9 5660/8 5668/5 5667/66
f 5669/69 5670/70 5671/7 5660/8
f 5660/8 5672/9 5673/10 5674/11
f 5670/7 5675/9 5676/66 5677/6
f 5670/69 5669/70 5660/7 5671/8
f 5672/9 5660/7 5674/12 5673/10
f 5675/9 5670/8 5677/5 5676/66
f 5685/13 5686/11 5687/8 5688/7
f 5686/13 5685/11 5688/8 5687/7
f 5689/13 5690/11 5691/8 5692/7
f 5690/13 5689/11 5692/8 5691/7
f 5704/50 5705/6 5703/7 5706/48
f 5721/13 5719/11 5720/5 5677/6
f 5704/34 5722/11 5723/5 5708/35
f 5726/8 5733/22 5734/23 5727/11
f 5735/7 5736/48 5737/50 5738/6
f 5745/13 5746/11 5747/8 5748/7
f 5749/13 5750/11 5751/8 5752/7
f 5753/13 5754/11 5755/8 5756/7
f 5746/13 5745/11 5748/8 5747/7
f 5750/13 5749/11 5752/8 5751/7
f 5754/13 5753/11 5756/8 5755/7
f 5905/5 5896/6 5901/7 5900/8
f 5900/8 5902/9 5807/10 5808/11
f 5813/5 5808/6 5909/7 5908/8
f 5908/8 5910/9 5912/10 5911/11
f 5922/5 5911/6 5919/7 5918/8
f 5918/8 5726/9 5727/10 5920/11
f 5932/5 5920/6 5926/7 5925/8
f 5925/8 5927/9 5929/10 5928/11
f 5933/5 5928/6 5939/7 5940/8
f 5940/8 5941/9 5942/10 5943/11
f 6129/94 5923/70 5920/95 6137/53
f 5922/14 6138/96 6143/22 5926/8
f 6260/69 6261/70 6262/7 6263/8
f 6264/9 6262/7 6265/12 6266/10
f 6267/9 6260/8 6268/5 6269/66
f 6261/69 6260/70 6263/7 6262/8
f 6262/8 6264/9 6266/10 6265/11
f 6260/7 6267/9 6269/66 6268/6
f 6262/69 6270/70 6271/7 6272/8
f 6273/9 6271/7 6274/12 6275/10
f 6276/9 6262/8 6277/5 6278/66
f 6270/69 6262/70 6272/7 6271/8
f 6271/8 6273/9 6275/10 6274/11
f 6262/7 6276/9 6278/66 6277/6
f 6271/69 6279/70 6280/7 6281/8
f 6282/9 6280/7 6283/12 6284/10
f 6285/9 6271/8 6286/5 6287/66
f 6279/69 6271/70 6281/7 6280/8
f 6280/8 6282/9 6284/10 6283/11
f 6271/7 6285/9 6287/66 6286/6
f 6280/69 6288/70 6289/7 6290/8
f 6291/9 6289/7 6292/12 6293/10
f 6294/9 6280/8 6295/5 6296/66
f 6288/69 6280/70 6290/7 6289/8
f 6289/8 6291/9 6293/10 6292/11
f 6280/7 6294/9 6296/66 6295/6
f 6289/69 6297/70 6298/7 6299/8
f 6300/9 6298/7 6301/12 6302/10
f 6303/9 6289/8 6304/5 6305/66
f 6297/69 6289/70 6299/7 6298/8
f 6298/8 6300/9 6302/10 6301/11
f 6289/7 6303/9 6305/66 6304/6
f 5785/5 5784/6 6122/7 6121/8
f 6121/8 6380/9 6381/10 6382/11
f 6388/5 5704/6 5706/7 6389/8
f 6389/8 5418/9 5419/10 5784/11
f 6392/13 5704/11 5708/5 6393/6
f 6072/13 6048/11 6402/5 6403/6
f 5636/65 5635/11 6404/8 6405/22
f 6096/13 6087/11 6406/5 6407/6
f 6414/69 6415/70 6416/7 6417/8
f 6417/8 6418/9 6419/10 6420/11
f 6415/7 6421/9 6422/66 6423/6
f 6415/69 6414/70 6417/7 6416/8
f 6418/9 6417/7 6420/12 6419/10
f 6421/9 6415/8 6423/5 6422/66
f 6424/69 6425/70 6426/7 6415/8
f 6415/8 6427/9 6428/10 6429/11
f 6425/7 6430/9 6431/66 5720/6
f 6425/69 6424/70 6415/7 6426/8
f 6427/9 6415/7 6429/12 6428/10
f 6430/9 6425/8 5720/5 6431/66
f 5640/13 6438/11 6439/8 6440/7
f 6438/13 5640/11 6440/8 6439/7
f 6443/13 5639/11 6444/8 6445/7
f 5639/13 6443/11 6445/8 6444/7
f 6510/13 6511/11 6512/8 6513/7
f 6514/13 6515/11 6516/8 6517/7
f 6518/13 6519/11 6520/8 6521/7
f 6511/13 6510/11 6513/8 6512/7
f 6515/13 6514/11 6517/8 6516/7
f 6519/13 6518/11 6521/8 6520/7
f 6030/13 6033/11 6655/5 6656/6
f 6657/13 6658/11 6659/5 6660/6
f 5627/65 5628/11 6666/8 6667/22
f 6108/13 6110/11 6154/5 6674/6
f 6675/13 6159/11 6160/5 6671/6
f 6113/104 6111/11 6676/5 6685/101
f 6686/104 6677/11 6681/5 6687/101
f 6720/13 6722/11 6723/5 6721/6
f 6724/13 6725/11 6726/5 5502/6
f 5896/5 6725/24 6730/22 5901/8
f 6708/94 5934/70 5928/95 6784/53
f 5932/14 6785/96 6787/22 5939/8
f 5927/8 6789/22 6790/23 5929/11
f 6791/7 6792/48 6581/50 6582/6
f 6821/69 6822/70 6823/7 6824/8
f 6824/8 6825/9 6826/10 6827/11
f 6822/7 6828/9 6829/66 6830/6
f 6822/69 6821/70 6824/7 6823/8
f 6825/9 6824/7 6827/12 6826/10
f 6828/9 6822/8 6830/5 6829/66
f 6831/69 6832/70 6833/7 6822/8
f 6822/8 6834/9 6835/10 6836/11
f 6832/7 6837/9 6838/66 6839/6
f 6832/69 6831/70 6822/7 6833/8
f 6834/9 6822/7 6836/12 6835/10
f 6837/9 6832/8 6839/5 6838/66
f 5643/13 6846/11 6847/8 6848/7
f 6846/13 5643/11 6848/8 6847/7
f 6851/13 5641/11 6852/8 6853/7
f 5641/13 6851/11 6853/8 6852/7
f 5780/5 5783/6 6119/7 6120/8
f 6863/9 6119/7 6567/12 6568/10
f 5705/5 6868/6 6867/7 5703/8
f 5410/9 6867/7 5780/12 5413/10
f 5632/13 5631/53 6872/48 6873/7
f 5628/13 5619/11 6940/8 6666/7
f 6942/65 5876/11 5878/5 6943/24
f 6060/13 6058/11 6941/5 6944/6
f 6042/13 6063/11 5478/5 6945/6
f 5635/65 5632/11 6873/8 6404/22
f 6069/34 6067/11 6433/5 6946/35
f 6048/13 6071/11 6841/5 6402/6
f 6950/69 6951/126 6382/65 6567/11
f 6952/13 6953/11 6954/8 6955/7
f 5638/13 5639/11 6444/8 6956/7
f 5641/13 5642/11 6957/8 6852/7
f 6953/13 6952/11 6955/8 6954/7
f 5487/85 6963/11 6964/5 5488/86
f 5639/13 5638/11 6956/8 6444/7
f 5642/13 5641/11 6852/8 6957/7
f 5902/8 6965/22 5811/23 5807/11
f 6966/7 6967/48 6968/50 6969/6
f 7057/69 7058/70 7059/7 7060/8
f 7061/9 7059/7 7062/12 7063/10
f 7064/9 7057/8 6723/5 7065/66
f 7058/69 7057/70 7060/7 7059/8
f 7059/8 7061/9 7063/10 7062/11
f 7057/7 7064/9 7065/66 6723/6
f 7059/69 7066/70 7067/7 7068/8
f 7069/9 7067/7 7070/12 7071/10
f 7072/9 7059/8 7073/5 7074/66
f 7066/69 7059/70 7068/7 7067/8
f 7067/8 7069/9 7071/10 7070/11
f 7059/7 7072/9 7074/66 7073/6
f 7067/69 7075/70 7076/7 7077/8
f 7078/9 7076/7 7079/12 7080/10
f 7081/9 7067/8 7082/5 7083/66
f 7075/69 7067/70 7077/7 7076/8
f 7076/8 7078/9 7080/10 7079/11
f 7067/7 7081/9 7083/66 7082/6
f 7076/69 7084/70 7085/7 7086/8
f 7087/9 7085/7 7088/12 7089/10
f 7090/9 7076/8 7091/5 7092/66
f 7084/69 7076/70 7086/7 7085/8
f 7085/8 7087/9 7089/10 7088/11
f 7076/7 7090/9 7092/66 7091/6
f 7085/69 7093/70 7094/7 7095/8
f 7096/9 7094/7 7097/12 7098/10
f 7099/9 7085/8 7100/5 7101/66
f 7093/69 7085/70 7095/7 7094/8
f 7094/8 7096/9 7098/10 7097/11
f 7085/7 7099/9 7101/66 7100/6
f 5619/13 7144/11 7145/8 6940/7
f 6952/13 5626/11 7146/8 6955/7
f 6112/13 6114/57 7151/58 7147/6
f 7150/13 7152/57 7029/58 7026/6
f 7140/94 5906/70 5808/95 5816/53
f 5905/14 7158/96 6125/22 5909/8
f 6380/48 6863/7 6568/12 6381/49
f 7162/22 7163/8 7164/5 7165/24
f 5933/13 7190/53 7103/48 7104/7
f 5941/8 7230/22 6115/23 5942/11
f 7231/7 7232/48 7118/50 7119/6
f 6725/13 6171/11 6173/5 6726/6
f 6725/5 7158/6 7239/7 6730/8
f 6965/9 7239/7 5816/12 5811/10
f 5816/5 5812/6 6126/7 6125/8
f 7240/9 6126/7 6580/12 6577/10
f 6580/5 6138/6 6705/7 6704/8
f 5733/9 6705/7 6137/12 5734/10
f 6137/5 6785/6 7102/7 6143/8
f 6789/9 7102/7 6784/12 6790/10
f 6784/5 7190/6 7246/7 6787/8
f 7230/9 7246/7 6116/12 6115/10
f 7270/69 7271/70 7272/7 7273/8
f 7273/8 7274/9 7275/10 7276/11
f 7271/7 7277/9 7278/66 7279/6
f 7271/69 7270/70 7273/7 7272/8
f 7274/9 7273/7 7276/12 7275/10
f 7277/9 7271/8 7279/5 7278/66
f 7280/69 7281/70 7282/7 7271/8
f 7271/8 7283/9 7284/10 7285/11
f 7281/7 7286/9 7287/66 5723/6
f 7281/69 7280/70 7271/7 7282/8
f 7283/9 7271/7 7285/12 7284/10
f 7286/9 7281/8 5723/5 7287/66
f 7293/13 7294/11 7295/8 7296/7
f 7294/13 7293/11 7296/8 7295/7
f 7297/13 7298/11 7299/8 7300/7
f 7298/13 7297/11 7300/8 7299/7
f 6388/79 6868/15 6120/7 6122/48
f 6862/69 6383/126 5784/65 5780/11
f 5910/8 7240/22 6577/23 5912/11
f 7328/7 7329/48 7330/50 7331/6
f 5626/13 5627/11 6667/8 7146/7
f 6091/13 6092/11 7237/5 5491/6
f 5631/13 5636/53 6405/48 6872/7
f 5699/13 6100/11 7301/5 5693/6
f 7144/13 7333/11 7334/8 7145/7
f 7335/13 5486/77 5489/78 6998/6
f 5633/13 5640/11 6440/8 7267/7
f 5643/13 5634/11 7268/8 6848/7
f 7333/13 7144/11 7145/8 7334/7
f 5640/13 5633/11 7267/8 6440/7
f 5634/13 5643/11 6848/8 7268/7
f 6963/85 7335/11 6998/5 6964/86
f 7413/69 7414/70 7415/7 7416/8
f 7417/9 7415/7 7418/12 7419/10
f 7420/9 7413/8 6721/5 7421/66
f 7414/69 7413/70 7416/7 7415/8
f 7415/8 7417/9 7419/10 7418/11
f 7413/7 7420/9 7421/66 6721/6
f 7415/69 7422/70 7423/7 7424/8
f 7425/9 7423/7 7426/12 7427/10
f 7428/9 7415/8 7429/5 7430/66
f 7422/69 7415/70 7424/7 7423/8
f 7423/8 7425/9 7427/10 7426/11
f 7415/7 7428/9 7430/66 7429/6
f 7423/69 7431/70 7432/7 7433/8
f 7434/9 7432/7 7435/12 7436/10
f 7437/9 7423/8 7438/5 7439/66
f 7431/69 7423/70 7433/7 7432/8
f 7432/8 7434/9 7436/10 7435/11
f 7423/7 7437/9 7439/66 7438/6
f 7432/69 7440/70 7441/7 7442/8
f 7443/9 7441/7 7444/12 7445/10
f 7446/9 7432/8 7447/5 7448/66
f 7440/69 7432/70 7442/7 7441/8
f 7441/8 7443/9 7445/10 7444/11
f 7432/7 7446/9 7448/66 7447/6
f 7441/69 7449/70 7450/7 7451/8
f 7452/9 7450/7 7453/12 7454/10
f 7455/9 7441/8 7456/5 7457/66
f 7449/69 7441/70 7451/7 7450/8
f 7450/8 7452/9 7454/10 7453/11
f 7441/7 7455/9 7457/66 7456/6
f 7243/94 5916/70 5911/95 6580/53
f 5813/14 5812/96 6704/22 5919/8
f 7614/79 7612/15 7615/7 7616/48
f 7622/69 7623/126 7617/65 7611/11
f 7654/48 7655/7 7656/12 7657/49
f 7658/22 7659/8 7660/5 7661/24
f 7894/13 7895/11 7896/8 7897/7
f 7895/13 7894/11 7897/8 7896/7
f 7898/13 7899/11 7900/8 7901/7
f 7899/13 7898/11 7901/8 7900/7
f 7923/69 7924/70 7925/7 7926/8
f 7926/8 7927/9 7928/10 7929/11
f 7924/7 7930/9 7931/66 7932/6
f 7924/69 7923/70 7926/7 7925/8
f 7927/9 7926/7 7929/12 7928/10
f 7930/9 7924/8 7932/5 7931/66
f 7933/69 7934/70 7935/7 7924/8
f 7924/8 7936/9 7937/10 7938/11
f 7934/7 7939/9 7940/66 7941/6
f 7934/69 7933/70 7924/7 7935/8
f 7936/9 7924/7 7938/12 7937/10
f 7939/9 7934/8 7941/5 7940/66
f 7942/69 7943/70 7944/7 7934/8
f 7934/8 7945/9 7946/10 7947/11
f 7943/7 7948/9 7949/66 7950/6
f 7943/69 7942/70 7934/7 7944/8
f 7945/9 7934/7 7947/12 7946/10
f 7948/9 7943/8 7950/5 7949/66
f 8086/13 8087/11 8088/8 8089/7
f 7864/13 7871/11 8098/8 8099/7
f 7874/13 7865/11 8100/8 8101/7
f 8087/13 8086/11 8089/8 8088/7
f 7871/13 7864/11 8099/8 8098/7
f 7865/13 7874/11 8101/8 8100/7
f 8222/13 8223/11 8224/5 8225/6
f 7854/13 7855/11 8226/8 8227/7
f 8122/13 8124/53 8228/50 8229/6
f 8230/13 8231/53 8232/50 8233/6
f 7861/13 7867/53 8234/48 8235/7
f 8049/13 8180/11 8365/5 8050/6
f 8182/13 8183/11 7771/5 8368/6
f 8421/48 8415/7 8418/12 8422/49
f 8423/22 8424/8 8425/5 8426/24
f 8124/65 8126/11 8554/5 8228/24
f 8231/65 8555/11 8556/5 8232/24
f 7867/65 7866/11 8557/8 8234/22
f 8160/13 8150/11 8564/5 8566/6
f 8568/5 7617/6 7616/7 8575/8
f 8575/8 7654/9 7657/10 8207/11
f 7614/5 8578/6 8579/7 8580/8
f 8580/8 8421/9 8422/10 7617/11
f 8582/5 8583/6 8584/7 8585/8
f 8585/8 8586/9 8587/10 8578/11
f 7871/13 8627/11 8628/8 8098/7
f 8627/13 7871/11 8098/8 8628/7
f 8630/13 7870/11 8631/8 8632/7
f 7870/13 8630/11 8632/8 8631/7
f 8654/69 8655/70 8656/7 8657/8
f 8657/8 8658/9 8659/10 8200/11
f 8655/7 8660/9 8661/66 8662/6
f 8655/69 8654/70 8657/7 8656/8
f 8658/9 8657/7 8200/12 8659/10
f 8660/9 8655/8 8662/5 8661/66
f 8663/69 8664/70 8665/7 8655/8
f 8655/8 8666/9 8667/10 8668/11
f 8664/7 8669/9 8670/66 8671/6
f 8664/69 8663/70 8655/7 8665/8
f 8666/9 8655/7 8668/12 8667/10
f 8669/9 8664/8 8671/5 8670/66
f 8672/69 8673/70 8674/7 8664/8
f 8664/8 8675/9 8676/10 8677/11
f 8673/7 8678/9 8679/66 8680/6
f 8673/69 8672/70 8664/7 8674/8
f 8675/9 8664/7 8677/12 8676/10
f 8678/9 8673/8 8680/5 8679/66
f 8582/79 8681/15 8684/7 8579/48
f 8218/69 8219/126 8578/65 8688/11
f 8114/65 8117/11 8883/5 8236/24
f 8223/65 8884/11 8885/5 8224/24
f 7855/65 7856/11 8886/8 8226/22
f 8193/34 8195/11 8895/5 8896/35
f 8897/34 8898/11 8899/5 8900/35
f 8927/13 8928/11 8929/8 8930/7
f 7869/13 7870/11 8631/8 8953/7
f 7872/13 7873/11 8955/8 8956/7
f 8928/13 8927/11 8930/8 8929/7
f 7870/13 7869/11 8953/8 8631/7
f 7873/13 7872/11 8956/8 8955/7
f 8586/48 9007/7 9010/12 8587/49
f 9015/22 9016/8 8004/5 8005/24
f 7874/13 9102/11 9103/8 8101/7
f 9102/13 7874/11 8101/8 9103/7
f 9104/13 7872/11 8956/8 9105/7
f 7872/13 9104/11 9105/8 8956/7
f 9127/69 9128/70 9129/7 9130/8
f 9130/8 9131/9 9132/10 8205/11
f 9128/7 9133/9 9134/66 9135/6
f 9128/69 9127/70 9130/7 9129/8
f 9131/9 9130/7 8205/12 9132/10
f 9133/9 9128/8 9135/5 9134/66
f 9136/69 9137/70 9138/7 9128/8
f 9128/8 9139/9 9140/10 9141/11
f 9137/7 9142/9 9143/66 9144/6
f 9137/69 9136/70 9128/7 9138/8
f 9139/9 9128/7 9141/12 9140/10
f 9142/9 9137/8 9144/5 9143/66
f 9145/69 9146/70 9147/7 9137/8
f 9137/8 9148/9 9149/10 9150/11
f 9146/7 9151/9 9152/66 9153/6
f 9146/69 9145/70 9137/7 9147/8
f 9148/9 9137/7 9150/12 9149/10
f 9151/9 9146/8 9153/5 9152/66
f 8125/13 8122/53 8229/50 9154/6
f 9155/13 8230/53 8233/50 9156/6
f 7862/13 7861/53 8235/48 9157/7
f 8198/13 8201/11 9161/5 9034/6
f 7611/5 9161/6 9164/7 7615/8
f 7655/9 9164/7 8201/12 7656/10
f 8688/5 7612/6 9165/7 8684/8
f 8415/9 9165/7 7611/12 8418/10
f 8789/5 8681/6 8905/7 8908/8
f 9007/9 8905/7 8688/12 9010/10
f 8002/79 7999/15 8908/7 8584/48
f 9254/13 9255/11 9256/8 9257/7
f 9280/13 9281/11 9282/8 9283/7
f 9284/13 9285/11 9286/8 9287/7
f 9255/13 9254/11 9257/8 9256/7
f 9281/13 9280/11 9283/8 9282/7
f 9285/13 9284/11 9287/8 9286/7
f 7857/13 8086/11 8089/8 9319/7
f 8927/13 7854/11 8227/8 8930/7
f 8201/13 8200/11 9357/5 9161/6
f 8203/13 8205/11 9359/5 9358/6
f 8568/65 9161/11 9296/8 9297/22
f 9431/13 9432/11 9433/8 9434/7
f 9432/13 9431/11 9434/8 9433/7
f 9435/13 9436/11 9437/8 9438/7
f 9436/13 9435/11 9438/8 9437/7
f 9460/69 9461/70 9462/7 9463/8
f 9463/8 9464/9 9465/10 8203/11
f 9461/7 9466/9 9467/66 9468/6
f 9461/69 9460/70 9463/7 9462/8
f 9464/9 9463/7 8203/12 9465/10
f 9466/9 9461/8 9468/5 9467/66
f 9469/69 9470/70 9471/7 9461/8
f 9461/8 9472/9 9473/10 9474/11
f 9470/7 9475/9 9476/66 9477/6
f 9470/69 9469/70 9461/7 9471/8
f 9472/9 9461/7 9474/12 9473/10
f 9475/9 9470/8 9477/5 9476/66
f 9478/69 9479/70 9480/7 9470/8
f 9470/8 9481/9 9482/10 9483/11
f 9479/7 9484/9 9485/66 9486/6
f 9479/69 9478/70 9470/7 9480/8
f 9481/9 9470/7 9483/12 9482/10
f 9484/9 9479/8 9486/5 9485/66
f 8884/13 9495/11 9206/5 8885/6
f 7856/13 7857/11 9319/8 8886/7
f 8126/65 8125/11 9154/5 8554/24
f 8555/65 9155/11 9156/5 8556/24
f 7866/65 7862/11 9157/8 8557/22
f 9533/13 9534/11 9535/8 9536/7
f 9549/13 9550/11 9551/8 9552/7
f 9553/13 9554/11 9555/8 9556/7
f 9534/13 9533/11 9536/8 9535/7
f 9550/13 9549/11 9552/8 9551/7
f 9554/13 9553/11 9556/8 9555/7
f 8146/13 8038/11 8040/5 9568/6
f 7907/34 8138/11 9571/5 7903/35
f 9866/13 9874/25 9875/26 9876/6
f 9898/13 9747/11 9743/5 9969/6
f 9882/34 9866/11 9876/5 9878/35
f 9678/13 9895/11 9962/5 9674/6
f 9899/13 9889/11 9729/5 9987/6
f 9990/13 9740/11 9736/5 9845/6
f 10196/13 10200/25 10201/26 10202/6
f 10331/13 10338/25 10339/26 10340/6
f 10334/13 10341/25 10320/26 10314/6
f 10194/34 10196/11 10202/5 10190/35
f 10289/13 10362/11 10456/5 10285/6
f 10367/34 10331/11 10340/5 10372/35
f 10381/34 10334/11 10314/5 10324/35
f 10359/13 10369/11 10479/5 10400/6
f 10402/13 10480/11 10326/5 10313/6
f 10365/13 10215/11 10211/5 10466/6
f 10668/13 10669/11 10670/5 10671/6
f 10678/13 10679/11 10680/8 10681/7
f 10686/34 10682/11 10685/5 10687/35
f 10688/13 10689/11 10690/8 10691/7
f 10692/13 10693/11 10694/8 10695/7
f 10832/79 10830/15 10833/7 10834/48
f 10839/69 10840/126 10835/65 10829/11
f 10874/79 10870/15 10873/7 10875/48
f 10879/69 10880/126 10881/65 10882/11
f 10884/13 10885/11 10886/8 10887/7
f 10885/13 10884/11 10887/8 10886/7
f 10888/69 10889/70 10890/7 10891/8
f 10891/8 10892/9 10893/10 10894/11
f 10889/7 10895/9 10896/66 10897/6
f 10889/69 10888/70 10891/7 10890/8
f 10892/9 10891/7 10894/12 10893/10
f 10895/9 10889/8 10897/5 10896/66
f 10898/69 10899/70 10900/7 10889/8
f 10889/8 10901/9 10902/10 10903/11
f 10899/7 10904/9 10905/66 10906/6
f 10899/69 10898/70 10889/7 10900/8
f 10901/9 10889/7 10903/12 10902/10
f 10904/9 10899/8 10906/5 10905/66
f 10907/69 10908/70 10909/7 10899/8
f 10899/8 10910/9 10911/10 10912/11
f 10908/7 10913/9 10914/66 10915/6
f 10908/69 10907/70 10899/7 10909/8
f 10910/9 10899/7 10912/12 10911/10
f 10913/9 10908/8 10915/5 10914/66
f 10916/69 10917/70 10918/7 10908/8
f 10908/8 10919/9 10920/10 10921/11
f 10917/7 10922/9 10923/66 10924/6
f 10917/69 10916/70 10908/7 10918/8
f 10919/9 10908/7 10921/12 10920/10
f 10922/9 10917/8 10924/5 10923/66
f 10925/69 10926/70 10927/7 10917/8
f 10917/8 10928/9 10929/10 10930/11
f 10926/7 10931/9 10932/66 10933/6
f 10926/69 10925/70 10917/7 10927/8
f 10928/9 10917/7 10930/12 10929/10
f 10931/9 10926/8 10933/5 10932/66
f 10967/48 10959/7 10962/12 10968/49
f 10969/22 10970/8 10971/5 10972/24
f 10983/48 10975/7 10978/12 10984/49
f 10985/22 10986/8 10987/5 10988/24
f 11012/13 11019/11 11020/5 11013/6
f 11016/13 11021/77 11022/78 11017/6
f 11025/13 11026/11 11027/5 11028/6
f 11029/13 11030/11 11031/5 11032/6
f 10947/13 11035/11 11036/5 10941/6
f 11033/13 11039/11 11040/5 11034/6
f 10842/13 10843/11 11571/8 11572/7
f 11278/13 11280/11 11576/5 11573/6
f 11574/13 11577/77 11578/78 11575/6
f 10847/13 10849/53 11580/48 11581/7
f 11290/13 10702/11 10696/5 11665/6
f 10849/13 10692/11 10695/8 11580/7
f 11308/13 11309/11 11672/5 11666/6
f 11666/5 10835/6 10834/7 11673/8
f 11673/8 11674/9 11312/10 11308/11
f 10832/5 11679/6 11680/7 11681/8
f 11681/8 10967/9 10968/10 10835/11
f 11683/5 11684/6 11685/7 11686/8
f 11686/8 11687/9 11688/10 11679/11
f 11157/5 10881/6 10875/7 11385/8
f 11385/8 11694/9 11695/10 11684/11
f 10874/5 11700/6 11701/7 11702/8
f 11702/8 10983/9 10984/10 10881/11
f 11361/13 11349/11 11717/5 11721/6
f 11039/85 11718/11 11720/5 11040/86
f 11683/79 11727/15 11730/7 11680/48
f 11382/69 11383/126 11679/65 11734/11
f 11687/48 11735/7 11738/12 11688/49
f 11743/22 11744/8 11159/5 11160/24
f 11761/13 10688/11 10691/8 11762/7
f 10688/13 11761/11 11762/8 10691/7
f 11763/69 11764/70 11765/7 11766/8
f 11766/8 11767/9 11768/10 11769/11
f 11764/7 11770/9 11771/66 11772/6
f 11764/69 11763/70 11766/7 11765/8
f 11767/9 11766/7 11769/12 11768/10
f 11770/9 11764/8 11772/5 11771/66
f 11773/69 11774/70 11775/7 11764/8
f 11764/8 11776/9 11777/10 11778/11
f 11774/7 11779/9 11780/66 11781/6
f 11774/69 11773/70 11764/7 11775/8
f 11776/9 11764/7 11778/12 11777/10
f 11779/9 11774/8 11781/5 11780/66
f 11782/69 11783/70 11784/7 11774/8
f 11774/8 11785/9 11786/10 11787/11
f 11783/7 11788/9 11789/66 11790/6
f 11783/69 11782/70 11774/7 11784/8
f 11785/9 11774/7 11787/12 11786/10
f 11788/9 11783/8 11790/5 11789/66
f 11791/69 11792/70 11793/7 11783/8
f 11783/8 11794/9 11795/10 11796/11
f 11792/7 11797/9 11798/66 11799/6
f 11792/69 11791/70 11783/7 11793/8
f 11794/9 11783/7 11796/12 11795/10
f 11797/9 11792/8 11799/5 11798/66
f 11800/69 11801/70 11802/7 11792/8
f 11792/8 11803/9 11804/10 11805/11
f 11801/7 11806/9 11807/66 11808/6
f 11801/69 11800/70 11792/7 11802/8
f 11803/9 11792/7 11805/12 11804/10
f 11806/9 11801/8 11808/5 11807/66
f 11903/13 11257/11 11259/5 11904/6
f 11906/13 11905/11 10664/5 11907/6
f 10672/34 11923/11 11926/5 10673/35
f 10843/13 10678/11 10681/8 11571/7
f 11313/34 11297/11 12055/5 12060/35
f 12061/34 12056/11 12059/5 12062/35
f 11317/34 11315/11 12063/5 12066/35
f 12067/34 12064/11 12065/5 12068/35
f 12216/13 10693/11 10694/8 12217/7
f 10693/13 12216/11 12217/8 10694/7
f 12218/69 12219/70 12220/7 12221/8
f 12221/8 12222/9 12223/10 12224/11
f 12219/7 12225/9 12226/66 12227/6
f 12219/69 12218/70 12221/7 12220/8
f 12222/9 12221/7 12224/12 12223/10
f 12225/9 12219/8 12227/5 12226/66
f 12228/69 12229/70 12230/7 12219/8
f 12219/8 12231/9 12232/10 12233/11
f 12229/7 12234/9 12235/66 12236/6
f 12229/69 12228/70 12219/7 12230/8
f 12231/9 12219/7 12233/12 12232/10
f 12234/9 12229/8 12236/5 12235/66
f 12237/69 12238/70 12239/7 12229/8
f 12229/8 12240/9 12241/10 12242/11
f 12238/7 12243/9 12244/66 12245/6
f 12238/69 12237/70 12229/7 12239/8
f 12240/9 12229/7 12242/12 12241/10
f 12243/9 12238/8 12245/5 12244/66
f 12246/69 12247/70 12248/7 12238/8
f 12238/8 12249/9 12250/10 12251/11
f 12247/7 12252/9 12253/66 12254/6
f 12247/69 12246/70 12238/7 12248/8
f 12249/9 12238/7 12251/12 12250/10
f 12252/9 12247/8 12254/5 12253/66
f 12255/69 12256/70 12257/7 12247/8
f 12247/8 12258/9 12259/10 12260/11
f 12256/7 12261/9 12262/66 12263/6
f 12256/69 12255/70 12247/7 12257/8
f 12258/9 12247/7 12260/12 12259/10
f 12261/9 12256/8 12263/5 12262/66
f 11157/79 11156/15 12080/7 11685/48
f 12289/69 11689/126 11684/65 11968/11
f 10689/13 10847/11 11581/8 10690/7
f 11302/13 11304/11 12296/5 12175/6
f 10829/5 12296/6 12300/7 10833/8
f 12301/9 12300/7 11304/12 11311/10
f 11734/5 10830/6 12302/7 11730/8
f 10959/9 12302/7 10829/12 10962/10
f 11968/5 11727/6 12077/7 12080/8
f 11735/9 12077/7 11734/12 11738/10
f 10882/5 11156/6 11384/7 10873/8
f 12305/9 11384/7 11968/12 11970/10
f 12312/5 10870/6 12310/7 12309/8
f 10975/9 12310/7 10882/12 10978/10
f 12312/13 12314/11 12315/5 12313/6
f 11694/48 12305/7 11970/12 11695/49
f 12324/22 12325/8 12326/5 12327/24
f 10679/13 10842/11 11572/8 10680/7
f 11304/13 10894/25 12646/26 12296/6
f 11306/13 11308/25 11666/26 12647/6
f 11666/65 12296/11 12516/8 12517/22
f 11700/50 12312/6 12309/7 11701/48
f 12660/13 12312/11 12313/5 11808/6
f 12662/13 12661/11 12472/5 12263/6
f 11674/48 12301/7 11311/12 11312/49
f 12663/22 12664/8 12522/5 12523/24
f 12665/13 12666/11 12667/8 12668/7
f 12666/13 12665/11 12668/8 12667/7
f 12669/69 12670/70 12671/7 12672/8
f 12672/8 12673/9 12674/10 11306/11
f 12670/7 12675/9 12676/66 12677/6
f 12670/69 12669/70 12672/7 12671/8
f 12673/9 12672/7 11306/12 12674/10
f 12675/9 12670/8 12677/5 12676/66
f 12678/69 12679/70 12680/7 12670/8
f 12670/8 12681/9 12682/10 12683/11
f 12679/7 12684/9 12685/66 12686/6
f 12679/69 12678/70 12670/7 12680/8
f 12681/9 12670/7 12683/12 12682/10
f 12684/9 12679/8 12686/5 12685/66
f 12687/69 12688/70 12689/7 12679/8
f 12679/8 12690/9 12691/10 12692/11
f 12688/7 12693/9 12694/66 12695/6
f 12688/69 12687/70 12679/7 12689/8
f 12690/9 12679/7 12692/12 12691/10
f 12693/9 12688/8 12695/5 12694/66
f 12696/69 12697/70 12698/7 12688/8
f 12688/8 12699/9 12700/10 12701/11
f 12697/7 12702/9 12703/66 12704/6
f 12697/69 12696/70 12688/7 12698/8
f 12699/9 12688/7 12701/12 12700/10
f 12702/9 12697/8 12704/5 12703/66
f 12705/69 12706/70 12707/7 12697/8
f 12697/8 12708/9 12709/10 12710/11
f 12706/7 12711/9 12712/66 12472/6
f 12706/69 12705/70 12697/7 12707/8
f 12708/9 12697/7 12710/12 12709/10
f 12711/9 12706/8 12472/5 12712/66
f 11924/34 12805/11 12485/5 11925/35
f 13035/13 13036/11 13037/8 13038/7
f 13039/13 13042/11 13043/8 13044/7
f 13045/13 13046/11 13047/8 13048/7
f 13058/13 13089/25 13090/26 13052/6
f 13098/13 13099/11 13091/5 13100/6
f 13101/5 13091/6 13107/7 13108/8
f 13109/9 13107/7 13099/12 13110/10
f 13120/5 13121/6 13114/7 13113/8
f 13115/9 13114/7 13101/12 13116/10
f 13131/5 13132/6 13125/7 13124/8
f 13126/9 13125/7 13120/12 13127/10
f 13142/5 13143/6 13136/7 13135/8
f 13137/9 13136/7 13131/12 13138/10
f 13153/5 13154/6 13147/7 13146/8
f 13148/9 13147/7 13142/12 13149/10
f 13153/13 13158/11 13155/5 13156/6
f 13197/13 13198/11 13199/8 13200/7
f 13198/13 13197/11 13200/8 13199/7
f 13201/69 13202/70 13203/7 13204/8
f 13204/8 13205/9 13206/10 13207/11
f 13202/7 13208/9 13209/66 13210/6
f 13202/69 13201/70 13204/7 13203/8
f 13205/9 13204/7 13207/12 13206/10
f 13208/9 13202/8 13210/5 13209/66
f 13211/69 13212/70 13213/7 13202/8
f 13202/8 13214/9 13215/10 13216/11
f 13212/7 13217/9 13218/66 13219/6
f 13212/69 13211/70 13202/7 13213/8
f 13214/9 13202/7 13216/12 13215/10
f 13217/9 13212/8 13219/5 13218/66
f 13220/69 13221/70 13222/7 13212/8
f 13212/8 13223/9 13224/10 13225/11
f 13221/7 13226/9 13227/66 13228/6
f 13221/69 13220/70 13212/7 13222/8
f 13223/9 13212/7 13225/12 13224/10
f 13226/9 13221/8 13228/5 13227/66
f 13229/69 13230/70 13231/7 13221/8
f 13221/8 13232/9 13233/10 13234/11
f 13230/7 13235/9 13236/66 13237/6
f 13230/69 13229/70 13221/7 13231/8
f 13232/9 13221/7 13234/12 13233/10
f 13235/9 13230/8 13237/5 13236/66
f 13238/69 13239/70 13240/7 13230/8
f 13230/8 13241/9 13242/10 13243/11
f 13239/7 13244/9 13245/66 13246/6
f 13239/69 13238/70 13230/7 13240/8
f 13241/9 13230/7 13243/12 13242/10
f 13244/9 13239/8 13246/5 13245/66
f 13255/13 13256/77 13257/78 13258/6
f 13099/13 13345/25 13346/26 13091/6
f 13347/13 13349/25 13350/26 13348/6
f 13354/13 13355/11 13356/5 13357/6
f 13358/13 13359/11 13360/5 13361/6
f 13362/13 13366/11 13367/5 13363/6
f 13364/13 13368/11 13369/5 13365/6
f 13350/65 13091/11 13372/8 13373/22
f 13380/79 13154/15 13135/7 13381/48
f 13134/69 13385/126 13320/65 13142/11
f 13390/48 13109/7 13110/12 13391/49
f 13392/22 13393/8 13394/5 13395/24
f 13523/13 13524/11 13525/8 13526/7
f 13524/13 13523/11 13526/8 13525/7
f 13543/48 13148/7 13149/12 13323/49
f 13544/22 13545/8 13546/5 13547/24
f 13184/13 13191/11 13601/8 13602/7
f 13192/13 13185/11 13603/8 13604/7
f 13605/13 13255/77 13258/78 13606/6
f 13189/13 13193/11 13607/8 13608/7
f 13191/13 13184/11 13602/8 13601/7
f 13185/13 13192/11 13604/8 13603/7
f 13193/13 13189/11 13608/8 13607/7
f 13633/69 13634/70 13635/7 13636/8
f 13636/8 13637/9 13638/10 13639/11
f 13634/7 13640/9 13641/66 13642/6
f 13634/69 13633/70 13636/7 13635/8
f 13637/9 13636/7 13639/12 13638/10
f 13640/9 13634/8 13642/5 13641/66
f 13643/69 13644/70 13645/7 13634/8
f 13634/8 13646/9 13647/10 13648/11
f 13644/7 13649/9 13650/66 13651/6
f 13644/69 13643/70 13634/7 13645/8
f 13646/9 13634/7 13648/12 13647/10
f 13649/9 13644/8 13651/5 13650/66
f 13652/69 13653/70 13654/7 13644/8
f 13644/8 13655/9 13656/10 13657/11
f 13653/7 13658/9 13659/66 13660/6
f 13653/69 13652/70 13644/7 13654/8
f 13655/9 13644/7 13657/12 13656/10
f 13658/9 13653/8 13660/5 13659/66
f 13661/69 13662/70 13663/7 13653/8
f 13653/8 13664/9 13665/10 13666/11
f 13662/7 13667/9 13668/66 13669/6
f 13662/69 13661/70 13653/7 13663/8
f 13664/9 13653/7 13666/12 13665/10
f 13667/9 13662/8 13669/5 13668/66
f 13670/69 13671/70 13672/7 13662/8
f 13662/8 13673/9 13674/10 13675/11
f 13671/7 13676/9 13677/66 13678/6
f 13671/69 13670/70 13662/7 13672/8
f 13673/9 13662/7 13675/12 13674/10
f 13676/9 13671/8 13678/5 13677/66
f 13687/85 13605/11 13606/5 13688/86
f 13728/13 13729/11 13730/8 13731/7
f 13729/13 13728/11 13731/8 13730/7
f 13828/79 13121/15 13108/7 13829/48
f 13103/69 13833/126 13830/65 13101/11
f 13837/48 13115/7 13116/12 13838/49
f 13839/22 13840/8 13747/5 13749/24
f 13177/13 13035/57 13038/63 13847/7
f 13471/13 13490/11 13848/5 13845/6
f 13860/50 13153/6 13146/7 13861/48
f 13866/13 13153/11 13156/5 13678/6
f 13869/13 13867/11 13868/5 13246/6
f 13451/13 13447/11 13872/5 13873/6
f 13874/13 13875/11 13876/5 13877/6
f 13455/13 13453/11 13878/5 13881/6
f 13882/13 13879/11 13880/5 13883/6
f 13445/104 13354/11 13357/5 13884/101
f 13885/104 13358/11 13361/5 13886/101
f 13193/13 13887/11 13888/8 13607/7
f 13887/13 13193/11 13607/8 13888/7
f 13935/13 13936/11 13937/8 13938/7
f 13939/13 13940/11 13941/8 13942/7
f 13943/13 13944/11 13945/8 13946/7
f 13936/13 13935/11 13938/8 13937/7
f 13940/13 13939/11 13942/8 13941/7
f 13944/13 13943/11 13946/8 13945/7
f 13993/69 13994/70 13995/7 13996/8
f 13996/8 13997/9 13998/10 13345/11
f 13994/7 13999/9 14000/66 14001/6
f 13994/69 13993/70 13996/7 13995/8
f 13997/9 13996/7 13345/12 13998/10
f 13999/9 13994/8 14001/5 14000/66
f 14002/69 14003/70 14004/7 13994/8
f 13994/8 14005/9 14006/10 14007/11
f 14003/7 14008/9 14009/66 14010/6
f 14003/69 14002/70 13994/7 14004/8
f 14005/9 13994/7 14007/12 14006/10
f 14008/9 14003/8 14010/5 14009/66
f 14011/69 14012/70 14013/7 14003/8
f 14003/8 14014/9 14015/10 14016/11
f 14012/7 14017/9 14018/66 14019/6
f 14012/69 14011/70 14003/7 14013/8
f 14014/9 14003/7 14016/12 14015/10
f 14017/9 14012/8 14019/5 14018/66
f 14020/69 14021/70 14022/7 14012/8
f 14012/8 14023/9 14024/10 14025/11
f 14021/7 14026/9 14027/66 14028/6
f 14021/69 14020/70 14012/7 14022/8
f 14023/9 14012/7 14025/12 14024/10
f 14026/9 14021/8 14028/5 14027/66
f 14029/69 14030/70 14031/7 14021/8
f 14021/8 14032/9 14033/10 14034/11
f 14030/7 14035/9 14036/66 14037/6
f 14030/69 14029/70 14021/7 14031/8
f 14032/9 14021/7 14034/12 14033/10
f 14035/9 14030/8 14037/5 14036/66
f 13192/13 14048/11 14049/8 13604/7
f 14048/13 13192/11 13604/8 14049/7
f 13408/13 13428/25 14148/26 13059/6
f 13072/13 14058/25 14068/26 13066/6
f 13441/13 13446/57 14154/58 13351/6
f 14152/13 13382/57 14085/58 14081/6
f 13448/13 13450/11 14170/5 14169/6
f 14167/13 14171/11 14092/5 13862/6
f 13188/13 13045/57 13048/63 14177/7
f 13745/79 13132/15 13113/7 14179/48
f 13112/69 13530/126 14181/65 13120/11
f 13158/13 13683/11 13686/5 13155/6
f 14209/48 13126/7 13127/12 14210/49
f 14211/22 14212/8 13319/5 13321/24
f 13190/13 13181/11 14259/8 14260/7
f 13191/13 14293/11 14294/8 13601/7
f 14293/13 13191/11 13601/8 14294/7
f 14295/13 14296/11 14297/8 14298/7
f 14299/13 14300/11 14301/8 14302/7
f 14303/13 14304/11 14305/8 14306/7
f 14296/13 14295/11 14298/8 14297/7
f 14300/13 14299/11 14302/8 14301/7
f 14304/13 14303/11 14306/8 14305/7
f 13402/13 13077/11 13080/5 14313/6
f 14314/69 14315/70 14316/7 14317/8
f 14317/8 14318/9 14319/10 13347/11
f 14315/7 14320/9 14321/66 14322/6
f 14315/69 14314/70 14317/7 14316/8
f 14318/9 14317/7 13347/12 14319/10
f 14320/9 14315/8 14322/5 14321/66
f 14323/69 14324/70 14325/7 14315/8
f 14315/8 14326/9 14327/10 14328/11
f 14324/7 14329/9 14330/66 14331/6
f 14324/69 14323/70 14315/7 14325/8
f 14326/9 14315/7 14328/12 14327/10
f 14329/9 14324/8 14331/5 14330/66
f 14332/69 14333/70 14334/7 14324/8
f 14324/8 14335/9 14336/10 14337/11
f 14333/7 14338/9 14339/66 14340/6
f 14333/69 14332/70 14324/7 14334/8
f 14335/9 14324/7 14337/12 14336/10
f 14338/9 14333/8 14340/5 14339/66
f 14341/69 14342/70 14343/7 14333/8
f 14333/8 14344/9 14345/10 14346/11
f 14342/7 14347/9 14348/66 14349/6
f 14342/69 14341/70 14333/7 14343/8
f 14344/9 14333/7 14346/12 14345/10
f 14347/9 14342/8 14349/5 14348/66
f 14350/69 14351/70 14352/7 14342/8
f 14342/8 14353/9 14354/10 14355/11
f 14351/7 14356/9 14357/66 13868/6
f 14351/69 14350/70 14342/7 14352/8
f 14353/9 14342/7 14355/12 14354/10
f 14356/9 14351/8 13868/5 14357/66
f 13042/104 13186/11 14358/8 13043/105
f 13418/13 13064/11 13060/5 13710/6
f 13349/13 13437/11 14392/5 13350/6
f 13350/5 13830/6 13829/7 13352/8
f 13352/8 13390/9 13391/10 13349/11
f 13828/5 14181/6 14179/7 14215/8
f 14215/8 13837/9 13838/10 13830/11
f 13745/5 13748/6 13855/7 13852/8
f 13852/8 14209/9 14210/10 14181/11
f 13316/5 13320/6 13381/7 13533/8
f 13533/8 14400/9 13751/10 13748/11
f 13380/5 13860/6 13861/7 14403/8
f 14403/8 13543/9 13323/10 13320/11
f 13316/79 13143/15 13124/7 13855/48
f 13123/69 14398/126 13748/65 13131/11
f 13186/65 13177/11 13847/8 14358/22
f 13474/13 13195/11 12928/5 13723/6
f 13478/13 13159/11 13162/5 13680/6
f 13684/13 13167/11 14099/5 13685/6
f 14406/13 13247/11 13250/5 14100/6
f 13181/104 13188/11 14177/8 14259/105
f 13411/13 13075/11 13082/5 14492/6
f 14410/13 13083/11 13086/5 14072/6
f 14493/13 14494/11 14495/8 14496/7
f 14494/13 14493/11 14496/8 14495/7
f 14400/48 13137/7 13138/12 13751/49
f 14497/22 14498/8 14420/5 14421/24
f 14618/69 14619/70 14620/7 14621/8
f 14621/8 14622/9 14623/10 14624/11
f 14619/7 14625/9 14626/66 14627/6
f 14619/69 14618/70 14621/7 14620/8
f 14622/9 14621/7 14624/12 14623/10
f 14625/9 14619/8 14627/5 14626/66
f 14628/69 14629/70 14630/7 14619/8
f 14619/8 14631/9 14632/10 14633/11
f 14629/7 14634/9 14635/66 14636/6
f 14629/69 14628/70 14619/7 14630/8
f 14631/9 14619/7 14633/12 14632/10
f 14634/9 14629/8 14636/5 14635/66
f 14637/69 14638/70 14639/7 14629/8
f 14629/8 14640/9 14641/10 14642/11
f 14638/7 14643/9 14644/66 14645/6
f 14638/69 14637/70 14629/7 14639/8
f 14640/9 14629/7 14642/12 14641/10
f 14643/9 14638/8 14645/5 14644/66
f 14646/69 14647/70 14648/7 14638/8
f 14638/8 14649/9 14650/10 14651/11
f 14647/7 14652/9 14653/66 14654/6
f 14647/69 14646/70 14638/7 14648/8
f 14649/9 14638/7 14651/12 14650/10
f 14652/9 14647/8 14654/5 14653/66
f 14655/69 14656/70 14657/7 14647/8
f 14647/8 14658/9 14659/10 14660/11
f 14656/7 14661/9 14662/66 14663/6
f 14656/69 14655/70 14647/7 14657/8
f 14658/9 14647/7 14660/12 14659/10
f 14661/9 14656/8 14663/5 14662/66
f 14668/13 14669/77 14670/78 14671/6
f 14672/13 14673/11 14674/8 14675/7
f 14676/13 14677/11 14678/8 14679/7
f 14680/13 14683/11 14684/8 14685/7
f 14768/13 14769/11 14770/8 14771/7
f 14769/13 14768/11 14771/8 14770/7
f 14850/13 14851/25 14852/26 14846/6
f 14853/13 14855/25 14856/26 14854/6
f 14856/65 14846/11 14864/8 14865/22
f 14699/13 14876/25 14877/26 14693/6
f 14887/13 14850/11 14846/5 14888/6
f 14889/5 14846/6 14849/7 14894/8
f 14895/9 14849/7 14850/12 14896/10
f 14905/5 14906/6 14900/7 14899/8
f 14901/9 14900/7 14889/12 14902/10
f 14916/5 14917/6 14910/7 14909/8
f 14911/9 14910/7 14905/12 14912/10
f 14797/5 14790/6 14921/7 14920/8
f 14922/9 14921/7 14916/12 14923/10
f 14935/5 14936/6 14930/7 14929/8
f 14931/9 14930/7 14797/12 14801/10
f 14935/13 14940/11 14941/5 14938/6
f 14954/79 14936/15 14920/7 14955/48
f 14919/69 14959/126 14798/65 14797/11
f 14972/48 14895/7 14896/12 14973/49
f 14974/22 14975/8 14976/5 14977/24
f 15102/48 14931/7 14801/12 14802/49
f 15103/22 15104/8 15105/5 15106/24
f 14990/13 14714/11 14717/5 15192/6
f 15193/69 15194/70 15195/7 15196/8
f 15196/8 15197/9 15198/10 14853/11
f 15194/7 15199/9 15200/66 15201/6
f 15194/69 15193/70 15196/7 15195/8
f 15197/9 15196/7 14853/12 15198/10
f 15199/9 15194/8 15201/5 15200/66
f 15202/69 15203/70 15204/7 15194/8
f 15194/8 15205/9 15206/10 15207/11
f 15203/7 15208/9 15209/66 15210/6
f 15203/69 15202/70 15194/7 15204/8
f 15205/9 15194/7 15207/12 15206/10
f 15208/9 15203/8 15210/5 15209/66
f 15211/69 15212/70 15213/7 15203/8
f 15203/8 15214/9 15215/10 15216/11
f 15212/7 15217/9 15218/66 15219/6
f 15212/69 15211/70 15203/7 15213/8
f 15214/9 15203/7 15216/12 15215/10
f 15217/9 15212/8 15219/5 15218/66
f 15220/69 15221/70 15222/7 15212/8
f 15212/8 15223/9 15224/10 15225/11
f 15221/7 15226/9 15227/66 15228/6
f 15221/69 15220/70 15212/7 15222/8
f 15223/9 15212/7 15225/12 15224/10
f 15226/9 15221/8 15228/5 15227/66
f 15229/69 15230/70 15231/7 15221/8
f 15221/8 15232/9 15233/10 15234/11
f 15230/7 15235/9 15236/66 15237/6
f 15230/69 15229/70 15221/7 15231/8
f 15232/9 15221/7 15234/12 15233/10
f 15235/9 15230/8 15237/5 15236/66
f 15238/13 15239/11 15240/8 15241/7
f 15242/13 15243/11 15244/5 15245/6
f 14754/13 14757/11 15246/8 15247/7
f 14758/13 14755/11 15248/8 15249/7
f 15239/13 15238/11 15241/8 15240/7
f 14757/13 14754/11 15247/8 15246/7
f 14755/13 14758/11 15249/8 15248/7
f 14683/104 14756/11 15347/8 14684/105
f 15066/13 15060/11 15251/5 15348/6
f 14691/13 15069/11 15349/5 14687/6
f 14757/13 15371/11 15372/8 15246/7
f 15371/13 14757/11 15246/8 15372/7
f 15527/79 14906/15 14894/7 15528/48
f 14890/69 15532/126 15529/65 14889/11
f 14996/13 14982/11 14694/5 15374/6
f 15384/13 14705/11 14701/5 15380/6
f 15012/13 15014/11 15571/5 14847/6
f 15572/13 15573/11 15568/5 15574/6
f 15024/34 15022/11 15575/5 15596/35
f 15603/13 15597/11 15600/5 15604/6
f 14673/104 14750/11 15611/8 14674/105
f 15612/48 14901/7 14902/12 15613/49
f 15614/22 15615/8 15431/5 15433/24
f 15625/50 14935/6 14929/7 15626/48
f 15630/13 14935/11 14938/5 15631/6
f 15633/13 15632/11 15237/5 14663/6
f 15692/13 15693/11 15694/8 15695/7
f 15696/13 15697/11 15698/8 15699/7
f 15700/13 15701/11 15702/8 15703/7
f 15693/13 15692/11 15695/8 15694/7
f 15697/13 15696/11 15699/8 15698/7
f 15701/13 15700/11 15703/8 15702/7
f 14758/13 15749/11 15750/8 15249/7
f 15749/13 14758/11 15249/8 15750/7
f 14753/13 14676/57 14679/63 15794/7
f 15429/79 14917/15 14899/7 15870/48
f 14898/69 15085/126 15871/65 14905/11
f 15887/48 14911/7 14912/12 15888/49
f 15889/22 15890/8 14796/5 14799/24
f 15894/69 15895/70 15896/7 15897/8
f 15897/8 15898/9 15899/10 14851/11
f 15895/7 15900/9 15901/66 15902/6
f 15895/69 15894/70 15897/7 15896/8
f 15898/9 15897/7 14851/12 15899/10
f 15900/9 15895/8 15902/5 15901/66
f 15903/69 15904/70 15905/7 15895/8
f 15895/8 15906/9 15907/10 15908/11
f 15904/7 15909/9 15910/66 15911/6
f 15904/69 15903/70 15895/7 15905/8
f 15906/9 15895/7 15908/12 15907/10
f 15909/9 15904/8 15911/5 15910/66
f 15912/69 15913/70 15914/7 15904/8
f 15904/8 15915/9 15916/10 15917/11
f 15913/7 15918/9 15919/66 15920/6
f 15913/69 15912/70 15904/7 15914/8
f 15915/9 15904/7 15917/12 15916/10
f 15918/9 15913/8 15920/5 15919/66
f 15921/69 15922/70 15923/7 15913/8
f 15913/8 15924/9 15925/10 15926/11
f 15922/7 15927/9 15928/66 15929/6
f 15922/69 15921/70 15913/7 15923/8
f 15924/9 15913/7 15926/12 15925/10
f 15927/9 15922/8 15929/5 15928/66
f 15930/69 15931/70 15932/7 15922/8
f 15922/8 15933/9 15934/10 15935/11
f 15931/7 15936/9 15937/66 15938/6
f 15931/69 15930/70 15922/7 15932/8
f 15933/9 15922/7 15935/12 15934/10
f 15936/9 15931/8 15938/5 15937/66
f 15023/13 15978/11 15979/5 15974/6
f 15977/13 15980/11 15981/5 15825/6
f 14743/13 15238/11 15241/8 15982/7
f 16023/13 16024/11 16025/8 16026/7
f 16027/13 16028/11 16029/8 16030/7
f 16031/13 16032/11 16033/8 16034/7
f 16024/13 16023/11 16026/8 16025/7
f 16028/13 16027/11 16030/8 16029/7
f 16032/13 16031/11 16034/8 16033/7
f 15001/13 14712/11 14708/5 15387/6
f 14855/13 15019/11 16042/5 14856/6
f 14856/5 15529/6 15528/7 14858/8
f 14858/8 14972/9 14973/10 14855/11
f 15527/5 15871/6 15870/7 15939/8
f 15939/8 15612/9 15613/10 15529/11
f 15429/5 15432/6 15622/7 15621/8
f 15621/8 15887/9 15888/10 15871/11
f 14793/5 14798/6 14955/7 15088/8
f 15088/8 16047/9 15435/10 15432/11
f 14954/5 15625/6 15626/7 16050/8
f 16050/8 15102/9 14802/10 14798/11
f 16063/13 16064/11 16065/8 16066/7
f 16064/13 16063/11 16066/8 16065/7
f 14793/79 14790/15 14909/7 15622/48
f 14908/69 16045/126 15432/65 14916/11
f 14750/13 14743/11 15982/8 15611/7
f 15050/34 15048/11 16127/5 16128/35
f 14766/34 15038/11 16126/5 14762/35
f 14756/65 14753/11 15794/8 15347/22
f 15059/13 15056/11 16058/5 15744/6
f 16132/69 16133/70 16134/7 16135/8
f 16135/8 16136/9 16137/10 16138/11
f 16133/7 16139/9 16140/66 16141/6
f 16133/69 16132/70 16135/7 16134/8
f 16136/9 16135/7 16138/12 16137/10
f 16139/9 16133/8 16141/5 16140/66
f 16142/69 16143/70 16144/7 16133/8
f 16133/8 16145/9 16146/10 16147/11
f 16143/7 16148/9 16149/66 16150/6
f 16143/69 16142/70 16133/7 16144/8
f 16145/9 16133/7 16147/12 16146/10
f 16148/9 16143/8 16150/5 16149/66
f 16151/69 16152/70 16153/7 16143/8
f 16143/8 16154/9 16155/10 16156/11
f 16152/7 16157/9 16158/66 16159/6
f 16152/69 16151/70 16143/7 16153/8
f 16154/9 16143/7 16156/12 16155/10
f 16157/9 16152/8 16159/5 16158/66
f 16160/69 16161/70 16162/7 16152/8
f 16152/8 16163/9 16164/10 16165/11
f 16161/7 16166/9 16167/66 16168/6
f 16161/69 16160/70 16152/7 16162/8
f 16163/9 16152/7 16165/12 16164/10
f 16166/9 16161/8 16168/5 16167/66
f 16169/69 16170/70 16171/7 16161/8
f 16161/8 16172/9 16173/10 16174/11
f 16170/7 16175/9 16176/66 15631/6
f 16170/69 16169/70 16161/7 16171/8
f 16172/9 16161/7 16174/12 16173/10
f 16175/9 16170/8 15631/5 16176/66
f 16108/85 15242/11 15245/5 15850/86
f 16047/48 14922/7 14923/12 15435/49
f 16179/22 16180/8 16081/5 16082/24
f 16258/5 16259/6 16260/7 16261/8
f 16262/5 16263/6 16264/7 16265/8
f 16261/8 16266/9 16267/10 16268/11
f 16269/9 16264/7 16270/12 16271/10
f 16272/13 16262/11 16273/8 16274/7
f 16275/9 16273/8 16276/5 16277/66
f 16278/5 16262/6 16279/7 16280/8
f 16280/8 16281/9 16282/10 16270/11
f 16283/13 16272/11 16274/8 16284/7
f 16284/7 16275/9 16277/66 16285/6
f 16286/5 16287/6 16288/7 16289/8
f 16289/8 16290/9 16291/10 16292/11
f 16293/13 16286/11 16294/8 16295/7
f 16295/7 16296/9 16297/66 16298/6
f 16299/5 16300/6 16301/7 16302/8
f 16303/5 16304/6 16305/7 16306/8
f 16302/8 16307/9 16308/10 16309/11
f 16310/9 16305/7 16311/12 16312/10
f 16313/13 16303/11 16314/8 16315/7
f 16316/9 16314/8 16263/5 16317/66
f 16318/5 16303/6 16319/7 16320/8
f 16320/8 16321/9 16322/10 16311/11
f 16323/13 16313/11 16315/8 16324/7
f 16324/7 16316/9 16317/66 16278/6
f 16325/5 16326/6 16327/7 16328/8
f 16328/8 16329/9 16330/10 16331/11
f 16332/13 16325/11 16333/8 16334/7
f 16334/7 16335/9 16336/66 16337/6
f 16338/5 16339/6 16340/7 16341/8
f 16342/5 16343/6 16344/7 16345/8
f 16341/8 16346/9 16347/10 16348/11
f 16349/9 16344/7 16350/12 16351/10
f 16352/13 16342/11 16353/8 16354/7
f 16355/9 16353/8 16304/5 16356/66
f 16357/5 16342/6 16358/7 16359/8
f 16359/8 16360/9 16361/10 16350/11
f 16362/13 16352/11 16354/8 16363/7
f 16363/7 16355/9 16356/66 16318/6
f 16364/5 16365/6 16366/7 16367/8
f 16367/8 16368/9 16369/10 16370/11
f 16371/13 16364/11 16372/8 16373/7
f 16373/7 16374/9 16375/66 16376/6
f 16377/5 16378/6 16379/7 16380/8
f 16381/5 16382/6 16383/7 16384/8
f 16380/8 16385/9 16386/10 16387/11
f 16388/9 16383/7 16389/12 16390/10
f 16391/13 16381/11 16392/8 16393/7
f 16394/9 16392/8 16343/5 16395/66
f 16396/5 16381/6 16397/7 16398/8
f 16398/8 16399/9 16400/10 16389/11
f 16401/13 16391/11 16393/8 16402/7
f 16402/7 16394/9 16395/66 16357/6
f 16403/5 16404/6 16405/7 16406/8
f 16406/8 16407/9 16408/10 16409/11
f 16410/13 16403/11 16411/8 16412/7
f 16412/7 16413/9 16414/66 16415/6
f 16416/5 16417/6 16418/7 16419/8
f 16420/5 16421/6 16422/7 16423/8
f 16419/8 16424/9 16425/10 16426/11
f 16427/9 16422/7 16428/12 16429/10
f 16430/13 16420/11 16431/8 16432/7
f 16433/9 16431/8 16382/5 16434/66
f 16435/5 16420/6 16436/7 16437/8
f 16437/8 16438/9 16439/10 16428/11
f 16440/13 16430/11 16432/8 16441/7
f 16441/7 16433/9 16434/66 16396/6
f 16442/5 16443/6 16444/7 16445/8
f 16445/8 16446/9 16447/10 16448/11
f 16449/13 16442/11 16450/8 16451/7
f 16451/7 16452/9 16453/66 16454/6
f 16893/13 16894/11 16895/8 16896/7
f 16897/13 16898/11 16899/8 16900/7
f 16901/85 16902/11 16903/5 16904/86
f 16905/13 16906/11 16907/8 16908/7
f 16909/94 16910/70 16348/95 16911/53
f 16916/14 16912/96 16917/22 16379/8
f 16939/94 16940/70 16268/95 16941/53
f 16946/14 16942/96 16947/22 16301/8
f 17057/13 16898/11 16899/8 17058/7
f 16898/13 17057/11 17058/8 16899/7
f 17061/69 17062/70 17063/7 17064/8
f 17065/9 17063/7 17066/12 17067/10
f 17068/9 17061/8 17069/5 17070/66
f 17062/69 17061/70 17064/7 17063/8
f 17063/8 17065/9 17067/10 17066/11
f 17061/7 17068/9 17070/66 17069/6
f 17063/69 17071/70 17072/7 17073/8
f 17074/9 17072/7 17075/12 17076/10
f 17077/9 17063/8 17078/5 17079/66
f 17071/69 17063/70 17073/7 17072/8
f 17072/8 17074/9 17076/10 17075/11
f 17063/7 17077/9 17079/66 17078/6
f 17072/69 17080/70 17081/7 17082/8
f 17083/9 17081/7 17084/12 17085/10
f 17086/9 17072/8 17087/5 17088/66
f 17080/69 17072/70 17082/7 17081/8
f 17081/8 17083/9 17085/10 17084/11
f 17072/7 17086/9 17088/66 17087/6
f 17081/69 17089/70 17090/7 17091/8
f 17092/9 17090/7 17093/12 17094/10
f 17095/9 17081/8 17096/5 17097/66
f 17089/69 17081/70 17091/7 17090/8
f 17090/8 17092/9 17094/10 17093/11
f 17081/7 17095/9 17097/66 17096/6
f 17090/69 17098/70 17099/7 17100/8
f 17101/9 17099/7 17102/12 17103/10
f 17104/9 17090/8 17105/5 17106/66
f 17098/69 17090/70 17100/7 17099/8
f 17099/8 17101/9 17103/10 17102/11
f 17090/7 17104/9 17106/66 17105/6
f 17122/94 17123/70 16387/95 17124/53
f 17128/14 17125/96 17129/22 16418/8
f 16385/8 17130/22 17131/23 16386/11
f 17132/7 17133/48 17134/50 17135/6
f 17146/13 17147/11 17148/8 17149/7
f 17147/13 17146/11 17149/8 17148/7
f 17153/69 16294/70 17154/7 16288/8
f 16290/9 17154/7 16326/12 17155/10
f 16296/9 17153/8 17156/5 16297/66
f 17154/69 16333/70 17157/7 16327/8
f 16329/9 17157/7 16365/12 17158/10
f 16335/9 17154/8 16286/5 16336/66
f 17157/69 16372/70 17159/7 16366/8
f 16368/9 17159/7 16404/12 17160/10
f 16374/9 17157/8 16325/5 16375/66
f 17159/69 16411/70 17161/7 16405/8
f 16407/9 17161/7 16443/12 17162/10
f 16413/9 17159/8 16364/5 16414/66
f 17161/69 16450/70 17163/7 16444/8
f 16446/9 17163/7 17164/12 17165/10
f 16452/9 17161/8 16403/5 16453/66
f 16307/8 17175/22 17176/23 16308/11
f 17177/7 17178/48 17179/50 17180/6
f 16424/8 17183/22 17184/23 16425/11
f 17185/7 17186/48 17187/50 17188/6
f 17245/13 17251/25 17252/26 16500/6
f 17253/13 17257/11 17258/5 17254/6
f 17260/13 17263/25 17264/26 17261/6
f 16906/13 17047/11 17516/8 16907/7
f 17526/13 17529/11 17530/5 17527/6
f 17528/13 17531/11 17469/5 17454/6
f 17532/13 17232/25 17233/26 17533/6
f 17534/13 17238/25 17239/26 17474/6
f 17688/13 17689/11 17690/8 17691/7
f 17689/13 17688/11 17691/8 17690/7
f 17049/13 17050/11 17713/8 17714/7
f 17867/13 16893/11 16896/8 17868/7
f 16893/13 17867/11 17868/8 16896/7
f 17898/13 16287/25 17156/26 17447/6
f 17899/13 17900/11 17069/5 17449/6
f 16259/5 17901/24 17909/22 16260/8
f 17560/13 17559/11 16228/5 17910/6
f 17043/13 17044/53 17911/48 17912/7
f 17152/13 17060/25 16251/26 16235/6
f 16951/13 17568/11 17914/5 16952/6
f 16955/13 17915/53 17437/50 16956/6
f 17570/13 17572/11 17315/5 17916/6
f 17047/13 17049/57 17714/63 17516/7
f 17936/94 17937/70 16309/95 17938/53
f 17939/14 17421/96 17940/22 16340/8
f 17044/13 16897/11 16900/8 17911/7
f 17901/5 16942/6 17941/7 17909/8
f 17942/9 17941/7 16941/12 17418/10
f 16941/5 17421/6 17699/7 16947/8
f 17175/9 17699/7 17938/12 17176/10
f 17938/5 16912/6 17947/7 17940/8
f 17948/9 17947/7 16911/12 17708/10
f 16911/5 17125/6 17555/7 16917/8
f 17130/9 17555/7 17124/12 17131/10
f 17124/5 17953/6 17954/7 17129/8
f 17183/9 17954/7 17600/12 17184/10
f 17199/13 17600/11 17953/5 17200/6
f 16346/8 17948/22 17708/23 16347/11
f 17967/7 17968/48 17419/50 17420/6
f 17969/13 17953/53 17556/48 17558/7
f 17164/13 17608/11 17970/5 16442/6
f 17600/13 17102/11 17971/5 17953/6
f 17991/13 17992/11 17993/8 17994/7
f 17992/13 17991/11 17994/8 17993/7
f 17997/69 17998/70 17999/7 18000/8
f 18001/9 17999/7 18002/12 18003/10
f 18004/9 17997/8 17449/5 18005/66
f 17998/69 17997/70 18000/7 17999/8
f 17999/8 18001/9 18003/10 18002/11
f 17997/7 18004/9 18005/66 17449/6
f 17999/69 18006/70 18007/7 18008/8
f 18009/9 18007/7 18010/12 18011/10
f 18012/9 17999/8 18013/5 18014/66
f 18006/69 17999/70 18008/7 18007/8
f 18007/8 18009/9 18011/10 18010/11
f 17999/7 18012/9 18014/66 18013/6
f 18007/69 18015/70 18016/7 18017/8
f 18018/9 18016/7 18019/12 18020/10
f 18021/9 18007/8 18022/5 18023/66
f 18015/69 18007/70 18017/7 18016/8
f 18016/8 18018/9 18020/10 18019/11
f 18007/7 18021/9 18023/66 18022/6
f 18016/69 18024/70 18025/7 18026/8
f 18027/9 18025/7 18028/12 18029/10
f 18030/9 18016/8 18031/5 18032/66
f 18024/69 18016/70 18026/7 18025/8
f 18025/8 18027/9 18029/10 18028/11
f 18016/7 18030/9 18032/66 18031/6
f 18025/69 18033/70 18034/7 18035/8
f 18036/9 18034/7 18037/12 18038/10
f 18039/9 18025/8 18040/5 18041/66
f 18033/69 18025/70 18035/7 18034/8
f 18034/8 18036/9 18038/10 18037/11
f 18025/7 18039/9 18041/66 18040/6
f 16266/8 17942/22 17418/23 16267/11
f 18056/7 18057/48 17461/50 17463/6
f 17636/13 17634/11 17929/5 18076/6
f 17621/13 17638/11 17319/5 18077/6
f 17561/13 17560/11 17910/5 18186/6
f 16894/13 17043/11 17912/8 16895/7
f 18120/13 17898/11 17447/5 17445/6
f 17665/13 17673/11 18190/5 18188/6
f 18207/13 16905/11 16908/8 18208/7
f 16905/13 18207/11 18208/8 16908/7
f 18219/13 18220/11 18221/8 18222/7
f 18220/13 18219/11 18222/8 18221/7

usemtl minecraft_block-quartz_block_top

f 348/27 349/28 347/5 346/6
f 254/27 253/28 291/5 360/6
f 457/34 54/11 429/5 458/35
f 71/34 459/11 460/5 461/35
f 463/27 464/28 462/5 465/6
f 470/13 468/11 469/5 471/6
f 36/13 472/11 473/5 474/6
f 447/34 437/11 23/5 470/35
f 477/34 475/11 476/5 36/35
f 305/13 480/11 481/5 447/6
f 248/27 247/28 479/5 478/6
f 482/34 439/11 289/5 305/35
f 263/43 261/28 304/5 302/35
f 259/13 256/11 483/5 482/6
f 527/27 723/28 722/5 558/6
f 252/27 251/28 724/5 295/6
f 57/13 742/25 598/26 426/6
f 743/13 72/25 600/26 599/6
f 745/27 518/28 725/5 744/6
f 746/13 748/11 749/5 747/6
f 750/13 32/11 643/5 751/6
f 438/13 448/25 748/26 17/6
f 529/13 531/25 32/26 752/6
f 754/13 306/11 448/5 755/6
f 250/27 249/28 284/5 753/6
f 440/13 756/25 306/26 283/6
f 262/27 264/55 298/26 307/6
f 257/13 260/11 756/5 757/6
f 1235/13 1236/25 1237/26 1238/6
f 1239/13 1241/11 1242/5 1240/6
f 1249/13 1251/11 1252/5 1250/6
f 1256/13 1257/25 1251/26 796/6
f 1258/13 1260/11 1253/5 1259/6
f 1262/13 1183/11 1257/5 1263/6
f 1265/13 1266/25 1183/26 1168/6
f 1134/27 1138/28 1264/5 1184/6
f 1125/13 1130/11 1266/5 1267/6
f 1346/34 819/11 1090/5 1347/35
f 828/34 1348/11 1349/5 1350/35
f 1351/34 827/11 1277/5 1352/35
f 1355/13 1353/11 1354/5 1356/6
f 1361/13 1359/11 1360/5 1362/6
f 794/13 1363/11 1364/5 1365/6
f 1368/13 1366/11 1367/5 1369/6
f 1072/34 1094/11 788/5 1361/35
f 1373/34 1371/11 1372/5 794/35
f 1374/34 1286/11 1284/5 1368/35
f 1377/13 1375/11 1376/5 1370/6
f 1071/13 1378/11 1379/5 1072/6
f 1176/13 1380/11 1381/5 1374/6
f 1383/34 1098/11 1096/5 1071/35
f 1117/43 1115/28 1177/5 1166/35
f 1384/34 1290/11 1289/5 1176/35
f 1135/27 1131/28 1175/5 1382/6
f 1081/13 1113/11 1385/5 1383/6
f 1127/13 1120/11 1386/5 1384/6
f 1613/34 835/11 1278/5 1514/35
f 1615/13 1614/11 1518/5 1520/6
f 1619/13 1617/11 1618/5 1620/6
f 1394/34 1288/11 802/5 1619/35
f 1623/13 1460/11 1622/5 1621/6
f 1182/13 1624/11 1625/5 1394/6
f 1627/34 1292/11 1174/5 1182/35
f 1137/27 1133/28 1181/5 1626/6
f 1129/13 1124/11 1628/5 1627/6
f 822/13 1658/25 1506/26 1087/6
f 1659/13 829/25 1508/26 1507/6
f 830/13 1660/25 1513/26 1274/6
f 1661/13 1662/11 1519/5 1517/6
f 1664/13 1666/11 1667/5 1665/6
f 1668/13 790/11 1612/5 1669/6
f 1670/13 1672/11 1673/5 1671/6
f 1095/13 1073/25 1666/26 782/6
f 1448/13 1449/25 790/26 1675/6
f 1287/13 1393/25 1672/26 789/6
f 1459/13 1677/11 1674/5 1676/6
f 1678/13 1074/11 1073/5 1679/6
f 1680/13 1179/11 1393/5 1681/6
f 1099/13 1683/25 1074/26 1097/6
f 1116/27 1118/55 1162/26 1178/6
f 1291/13 1684/25 1179/26 1161/6
f 1132/27 1136/28 1682/5 1180/6
f 1114/13 1075/11 1683/5 1685/6
f 1121/13 1128/11 1684/5 1686/6
f 2031/13 2032/57 2020/58 2030/6
f 2039/75 2040/76 2041/5 2031/6
f 2029/13 2043/57 2044/58 2039/6
f 2247/48 2248/79 1982/80 1968/7
f 2155/81 2251/50 1967/6 2156/82
f 2303/34 2304/11 2305/5 2306/35
f 2310/75 2311/76 2309/5 2312/6
f 1798/48 2075/50 1738/36 1737/7
f 2308/13 2313/11 2315/5 2303/6
f 2316/34 2317/11 2072/5 2053/35
f 2319/34 2318/11 2073/5 2075/35
f 2332/13 2333/11 2325/5 2334/6
f 2337/34 2335/11 2336/5 2338/35
f 2343/13 2340/11 2342/5 2344/6
f 2352/85 2353/11 2351/5 2331/86
f 2354/65 2355/11 2333/5 2337/24
f 2359/85 2356/11 2358/5 2360/86
f 2362/13 2349/11 2353/5 2363/6
f 2369/43 2370/28 2350/5 2362/35
f 2373/75 2374/76 2372/5 2364/6
f 2375/34 2376/11 2366/5 2377/35
f 2380/43 2378/28 2379/5 2365/35
f 2381/13 2382/11 2368/5 2383/6
f 2386/43 2387/28 2385/5 2388/35
f 2065/13 2389/11 2391/5 2375/6
f 2398/34 2399/11 2400/5 2401/35
f 2404/13 2402/11 2403/5 2397/6
f 2405/13 2406/11 2399/5 2407/6
f 2410/48 2411/50 2015/36 2014/7
f 2416/93 2417/50 1974/36 1975/51
f 2420/56 2417/50 1974/31 1994/32
f 2602/100 2599/30 2601/5 2591/101
f 2682/48 2683/50 2684/31 2685/7
f 2695/48 2437/79 1993/80 1978/7
f 2699/81 2698/50 1977/6 2700/82
f 2744/56 2745/50 2746/31 2747/32
f 2750/93 2751/50 1985/36 1986/51
f 2754/56 2751/50 1985/31 2006/32
f 3047/13 3048/25 3049/26 3046/6
f 3053/75 3054/76 3055/5 3052/6
f 3056/13 3050/11 3048/5 3057/6
f 3063/13 3064/11 3065/5 3062/6
f 3068/13 3069/77 3009/78 1934/6
f 3074/27 3076/106 3059/78 3075/6
f 3061/13 3077/57 3066/58 3063/6
f 1952/91 3078/92 2538/5 3068/6
f 2095/75 3079/76 3070/5 2096/6
f 3080/27 3081/28 3061/5 3060/6
f 3084/13 3086/11 3076/5 3085/6
f 3072/27 3087/55 3088/26 3083/6
f 3092/13 3067/77 3082/78 3093/6
f 3094/13 3095/11 2095/5 3024/6
f 3096/13 3098/11 3090/5 3097/6
f 2550/13 2787/11 3102/5 3101/6
f 2109/13 2790/11 2468/5 3103/6
f 2791/13 2796/25 3104/26 2467/6
f 2799/13 2802/11 3100/5 3105/6
f 3030/48 2790/50 1951/31 3031/7
f 3109/13 2773/11 2772/5 2791/6
f 3016/93 3141/50 1690/36 1689/51
f 2068/56 3141/50 3142/31 2069/32
f 2442/93 3144/50 1996/36 1997/51
f 3145/56 3144/50 1996/31 3146/32
f 1801/81 3147/50 1688/6 1802/82
f 3147/47 3148/50 3149/36 1688/45
f 2152/48 2847/79 2004/80 1989/7
f 3161/81 2436/50 1988/6 3162/82
f 3178/56 3176/50 3171/31 1972/32
f 3275/13 3276/53 3006/50 2740/6
f 3277/13 3184/57 3015/58 3014/6
f 3018/75 3017/76 3261/5 3275/6
f 2986/75 3020/76 3276/5 2982/6
f 3021/75 2766/76 2762/5 3277/6
f 2739/13 3278/53 3020/50 3018/6
f 3116/13 3187/57 3186/58 3021/6
f 3384/34 3115/11 3114/5 3385/35
f 3389/75 3390/76 3388/5 3391/6
f 3387/13 3392/11 3394/5 3384/6
f 3401/13 3402/11 3400/5 3403/6
f 3369/85 3408/11 1931/5 3008/86
f 3416/108 3413/28 3415/5 3397/86
f 3417/104 3398/11 3402/5 3404/101
f 3418/91 3406/92 3408/5 2537/6
f 3419/75 2094/76 2093/5 3409/6
f 3420/27 3421/28 3399/5 3398/6
f 3426/13 3423/11 3425/5 3416/6
f 3427/43 3410/28 3424/5 3428/35
f 3407/85 3431/11 3433/5 3422/86
f 3435/13 3434/11 3023/5 2094/6
f 3438/13 3436/11 3437/5 3429/6
f 2786/13 2785/11 3440/5 3441/6
f 2789/13 2788/11 3442/5 2465/6
f 2795/34 3121/11 2466/5 3443/35
f 2801/13 2798/11 3444/5 3439/6
f 3361/81 2789/50 1960/6 3362/82
f 2789/47 3216/50 1971/36 1960/45
f 2770/13 3122/11 3121/5 2771/6
f 3326/93 2076/50 1731/36 1730/51
f 2850/93 3379/50 2012/36 2011/51
f 2804/93 3374/50 1964/36 1965/51
f 3376/56 3374/50 1964/31 1983/32
f 3218/48 3325/50 1697/36 1696/7
f 3113/13 3464/25 3465/26 3111/6
f 3469/75 3470/76 3471/5 3468/6
f 2067/112 3325/50 1729/6 1728/113
f 3325/47 2067/50 2066/36 1729/45
f 3472/13 3466/11 3464/5 3473/6
f 2736/13 3474/25 1754/26 1728/6
f 3475/13 2639/25 2067/26 2074/6
f 3477/13 3478/11 3479/5 2738/6
f 3480/13 3482/25 2997/26 3481/6
f 3484/13 3485/11 3010/5 3007/6
f 3490/13 3491/77 3476/78 3489/6
f 2737/13 3492/53 3482/50 3477/6
f 3494/13 3496/77 3497/78 3495/6
f 3488/13 3499/11 3500/5 3490/6
f 3505/27 3506/55 3499/26 3487/6
f 3509/75 3510/76 3501/5 3508/6
f 2742/13 3511/25 3512/26 2741/6
f 1779/27 3365/55 3502/26 3513/6
f 3514/13 3515/11 3516/5 3503/6
f 3366/27 2098/55 3519/26 3518/6
f 1767/13 1774/11 3511/5 3520/6
f 3522/13 2794/25 3523/26 2451/6
f 2797/13 2800/11 3521/5 3524/6
f 3120/13 2769/11 2768/5 3522/6
f 2856/48 3238/79 2005/80 2000/7
f 3238/112 2846/50 1999/6 2005/113
f 4046/13 4047/57 4048/58 4044/6
f 4055/75 4056/76 4057/5 4046/6
f 4043/13 4059/57 4060/58 4055/6
f 3809/48 3780/50 3669/36 3668/7
f 4194/81 3780/50 3701/6 4195/82
f 3780/47 4196/50 4197/36 3701/45
f 4235/99 4236/30 4237/5 4238/24
f 4243/100 4241/30 4244/5 4245/101
f 4261/13 4258/11 4073/5 4262/6
f 4265/13 4263/11 4264/5 4247/6
f 4269/13 4266/11 4268/5 4270/6
f 4279/27 4280/28 4278/5 4257/6
f 4284/13 4281/11 4283/5 4258/6
f 4272/34 4286/11 4288/5 4269/35
f 4289/27 4290/28 4277/5 4291/6
f 4293/13 4294/11 4282/5 4281/6
f 4297/13 4295/11 4296/5 4285/6
f 4301/85 4298/11 4300/5 4271/86
f 4304/34 4302/11 4303/5 4279/35
f 4308/34 4305/11 4307/5 4297/35
f 4309/85 4310/11 4299/5 4311/86
f 4314/27 4313/28 4289/5 4302/6
f 4317/27 4315/28 4316/5 4304/6
f 4331/34 4332/11 4329/5 4333/35
f 4336/13 4334/11 4335/5 4327/6
f 4337/13 4338/11 4332/5 4339/6
f 4343/13 4341/11 4337/5 4344/6
f 4346/34 4347/11 4342/5 4343/35
f 4350/13 4348/11 4349/5 4345/6
f 3786/93 4366/50 3703/36 3702/51
f 4367/56 4366/50 4368/31 4369/32
f 4557/100 4553/30 4556/5 4558/101
f 4484/48 4624/50 3710/36 3709/7
f 4654/112 4624/50 3740/6 3739/113
f 4624/47 4654/50 4655/36 3740/45
f 4627/93 4695/50 3742/36 3741/51
f 4375/54 4374/116 4915/50 4680/6
f 4381/54 4380/117 4919/58 4920/6
f 4930/13 4931/11 4932/5 4687/6
f 4934/27 4935/28 4925/5 4869/6
f 4936/13 4937/77 4938/78 3985/6
f 4942/13 4943/25 4944/26 4703/6
f 4686/27 4946/55 4947/26 4930/6
f 4100/27 4950/28 4939/5 4101/6
f 4951/13 4952/77 4945/78 4942/6
f 4956/13 4957/25 4935/26 4955/6
f 4941/13 4958/25 4959/26 4951/6
f 4963/13 4953/11 4946/5 4962/6
f 4954/13 4964/11 4965/5 4956/6
f 4000/27 4450/28 4530/5 4949/6
f 4458/27 4968/28 4941/5 4940/6
f 4970/13 4971/11 4960/5 4958/6
f 4961/13 4459/57 4966/58 4963/6
f 4109/13 4453/11 4967/5 4103/6
f 4084/11 3686/13 4976/5 4975/6
f 4885/13 4978/11 4782/5 4977/6
f 4982/13 4983/25 4984/26 4794/6
f 4985/13 4987/11 4973/5 4986/6
f 3678/8 3677/5 4988/31 3813/7
f 3812/119 4978/78 3699/31 3698/7
f 4989/13 4990/11 4991/5 4982/6
f 4994/13 4995/11 4996/5 4990/6
f 4980/13 4998/25 4995/26 4993/6
f 4999/13 5001/11 4997/5 5000/6
f 4769/48 4910/50 3749/36 3748/7
f 3778/56 5083/50 5088/31 3779/32
f 4214/13 4215/53 5164/50 4681/6
f 4226/13 5090/57 5089/58 5004/6
f 4723/75 4722/76 4213/5 4214/6
f 4727/75 4726/76 4215/5 4216/6
f 4750/75 4700/76 4225/5 4226/6
f 4377/13 4376/53 4726/50 4723/6
f 4383/13 4382/57 5091/58 4750/6
f 4373/99 4372/30 4679/5 5166/24
f 4379/100 4378/30 5003/5 5188/101
f 5208/13 5209/11 4684/5 5210/6
f 5212/27 5213/28 4873/5 5167/6
f 5058/85 5214/11 3983/5 5215/86
f 5219/34 5220/11 4707/5 5221/35
f 5223/43 4685/28 5209/5 5224/35
f 5227/27 4099/28 4098/5 5216/6
f 5228/85 5229/11 5220/5 5222/86
f 5233/34 5234/11 5232/5 5212/35
f 5235/34 5217/11 5229/5 5236/35
f 5231/13 5240/11 5239/5 5223/6
f 5241/13 5230/11 5234/5 5242/6
f 4449/27 3999/28 5226/5 4527/6
f 5245/27 5206/28 5218/5 5217/6
f 5248/13 5246/11 5235/5 5237/6
f 5204/104 5238/11 5240/5 5243/101
f 4452/13 4451/11 4102/5 5244/6
f 3688/13 5108/11 5252/5 5253/6
f 5110/13 5109/11 5254/5 4781/6
f 5255/34 5256/11 4793/5 5257/35
f 5260/13 5258/11 5259/5 5251/6
f 4487/81 5110/50 3660/6 4488/82
f 5110/47 3781/50 5261/36 3660/45
f 5262/13 5012/11 5256/5 5263/6
f 5266/13 5265/11 5262/5 5267/6
f 5269/34 5015/11 5014/5 5266/35
f 5272/13 5270/11 5271/5 5268/6
f 5117/93 5169/50 3662/36 3661/51
f 4622/56 5169/50 5320/31 4623/32
f 4371/54 4370/116 5165/50 4678/6
f 4384/54 5339/117 5340/58 5002/6
f 5344/13 5345/11 4571/5 3615/6
f 5346/13 5347/11 5321/5 4863/6
f 5349/13 5350/11 5323/5 5322/6
f 5356/27 5357/28 5342/5 5355/6
f 5358/13 5360/11 5344/5 5359/6
f 5363/13 5351/25 5350/26 5364/6
f 5365/27 5366/28 5367/5 5353/6
f 4688/13 5369/11 5358/5 4682/6
f 5370/13 5372/11 5361/5 5371/6
f 5374/13 5376/77 5352/78 5375/6
f 5377/13 5379/25 5357/26 5378/6
f 5381/13 5383/25 5372/26 5382/6
f 5384/13 5385/77 5386/78 5373/6
f 5388/27 5389/28 5377/5 5366/6
f 5390/27 5392/28 5379/5 5391/6
f 5112/13 5394/25 5395/26 4792/6
f 5396/13 5398/11 5393/5 5397/6
f 5011/13 5399/11 5400/5 5112/6
f 5402/13 5403/11 5404/5 5399/6
f 5009/13 5406/25 5403/26 5013/6
f 5407/13 5409/11 5405/5 5408/6
f 5626/54 5627/30 5628/5 5619/6
f 5783/31 5780/32 5784/56 5785/50
f 5413/122 5783/51 5785/93 5419/94
f 5811/48 5812/79 5813/80 5807/7
f 5737/81 5816/50 5808/6 5738/82
f 6030/13 6031/11 6032/5 6033/6
f 6052/13 6053/11 6037/5 6054/6
f 6059/27 6056/28 6058/5 6060/6
f 6064/13 6061/11 6063/5 6042/6
f 6068/34 6065/11 6067/5 6069/35
f 6072/13 6070/11 6071/5 6048/6
f 6079/34 6080/11 6078/5 6064/35
f 6081/104 6082/11 6066/5 6070/101
f 6077/34 6083/11 6057/5 6059/35
f 6084/13 6076/11 6080/5 6085/6
f 6089/13 6090/11 6075/5 6074/6
f 6092/27 6091/28 6084/5 6086/6
f 6096/104 6093/11 6095/5 6087/101
f 6100/13 5699/11 6099/5 6101/6
f 6108/13 6109/11 6102/5 6110/6
f 6113/91 6114/92 6112/5 6111/6
f 6115/48 6116/50 5943/36 5942/7
f 6120/36 6119/45 6121/47 6122/50
f 6125/93 6126/50 5908/36 5909/51
f 6129/56 6126/50 5908/31 5923/32
f 6459/54 6460/30 6454/5 6461/6
f 6568/44 6567/45 6382/47 6381/48
f 6577/48 6138/79 5922/80 5912/7
f 6581/81 6580/50 5911/6 6582/82
f 6704/93 6705/50 5918/36 5919/51
f 6708/56 6705/50 5918/31 5934/32
f 6977/13 6660/11 6659/5 6978/6
f 5422/123 5700/113 5708/112 5423/48
f 6981/13 6982/11 5677/5 5720/6
f 6983/13 6393/25 5708/26 5723/6
f 6987/13 6988/53 6943/50 5878/6
f 6990/27 6991/28 6992/5 6869/6
f 6995/13 6996/11 6986/5 6985/6
f 6997/75 6964/76 6998/5 6987/6
f 5488/75 6999/76 6988/5 5489/6
f 7000/13 7002/77 6994/78 7001/6
f 7006/13 7007/11 7008/5 7000/6
f 7009/13 7011/11 7002/5 7010/6
f 7013/13 7014/25 7011/26 7007/6
f 7015/13 6670/11 7004/5 7003/6
f 5890/13 6989/53 6999/50 6997/6
f 6876/13 7016/11 7017/5 7012/6
f 7018/13 7019/11 7020/5 7013/6
f 7022/13 6671/11 6160/5 7021/6
f 6721/13 6723/11 7024/5 7023/6
f 5502/13 6726/11 6173/5 7025/6
f 6968/48 6726/50 5889/31 6969/7
f 7029/91 6687/92 6681/5 7026/6
f 6143/93 7102/50 5925/36 5926/51
f 7103/56 7102/50 5925/31 7104/32
f 5734/48 6785/79 5932/80 5727/7
f 7118/81 6137/50 5920/6 7119/82
f 6862/6 7125/113 7126/112 6383/50
f 7140/56 7138/50 7135/31 5906/32
f 7146/54 6667/30 6666/5 6940/6
f 7267/13 7268/53 6404/50 6873/6
f 6956/75 6444/76 6440/5 7267/6
f 6852/75 6957/76 7268/5 6848/6
f 6872/13 6405/53 6957/50 6956/6
f 6657/13 7341/11 7342/5 6658/6
f 7164/123 5705/127 5704/128 7165/48
f 5705/36 6868/51 6388/93 5704/50
f 7349/13 7348/11 5719/5 5721/6
f 6392/34 7350/11 5722/5 5704/35
f 7358/65 7359/11 5876/5 6942/24
f 7363/27 7364/28 7362/5 7365/6
f 7370/13 7371/11 7354/5 7353/6
f 6963/75 7372/76 7359/5 7335/6
f 7373/75 5487/76 5486/5 7358/6
f 7376/85 7374/11 7375/5 7366/86
f 7381/13 7379/11 7374/5 7382/6
f 7385/13 7383/11 7384/5 7376/6
f 7388/34 7386/11 7381/5 7385/35
f 7357/13 7389/11 7378/5 7377/6
f 7361/65 7356/11 7372/5 7373/24
f 7390/13 7360/11 7387/5 7391/6
f 7393/13 7392/11 7386/5 7394/6
f 6675/13 7149/11 7395/5 6159/6
f 6722/13 6720/11 7396/5 7397/6
f 6725/13 6724/11 7398/5 6171/6
f 7330/81 6725/50 5896/6 7331/82
f 6725/47 7158/50 5905/36 5896/45
f 6686/91 7152/92 7150/5 6677/6
f 6787/93 7246/50 5940/36 5939/51
f 6950/6 6867/113 6389/112 6951/50
f 5703/36 6867/45 6389/47 5706/50
f 6730/93 7239/50 5900/36 5901/51
f 7243/56 7239/50 5900/31 5916/32
f 7461/13 6656/11 6655/5 7462/6
f 7465/13 7466/11 6661/5 7464/6
f 7468/27 7469/28 6944/5 6941/6
f 7471/13 7472/11 6945/5 5478/6
f 7474/13 7475/25 6946/26 6433/6
f 7476/13 6403/11 6402/5 6841/6
f 7482/13 7483/25 7472/26 7481/6
f 7484/13 7485/57 7476/58 7473/6
f 7486/13 7479/25 7469/26 7467/6
f 7480/13 7487/11 7488/5 7482/6
f 7491/13 7492/11 7478/5 7477/6
f 5491/27 7237/28 7489/5 7487/6
f 7494/13 6407/57 6406/58 7495/6
f 5693/13 7301/11 7498/5 7497/6
f 7148/13 6674/11 6154/5 7499/6
f 7151/91 6685/92 6676/5 7147/6
f 6790/48 7190/79 5933/80 5929/7
f 7190/112 6784/50 5928/6 5933/113
f 7854/54 7855/30 7856/5 7857/6
f 8004/123 7999/113 8002/112 8005/48
f 8114/54 8115/30 8116/5 8117/6
f 8124/99 8122/30 8125/5 8126/24
f 8144/13 8145/11 8038/5 8146/6
f 8148/34 8149/11 8138/5 7907/35
f 8155/13 8152/11 8154/5 8156/6
f 8160/85 8158/11 8148/5 8150/86
f 8164/34 8161/11 8163/5 8152/35
f 8167/27 8165/28 8155/5 8157/6
f 8166/13 8170/11 8172/5 8164/6
f 8176/13 8173/11 8175/5 8177/6
f 8143/13 8179/11 8141/5 8140/6
f 8180/13 8049/11 8171/5 8181/6
f 8183/13 8182/11 8166/5 8165/6
f 8185/34 8184/11 8176/5 8186/35
f 8193/27 8194/28 8187/5 8195/6
f 8200/13 8201/11 8198/5 8202/6
f 8205/13 8203/11 8204/5 8206/6
f 7656/44 8201/45 8207/47 7657/48
f 8218/6 8220/113 8221/112 8219/50
f 8613/54 8614/30 8615/5 8616/6
f 8425/123 8789/127 8583/128 8426/48
f 8789/36 8681/51 8582/93 8583/50
f 7622/6 8905/113 8585/112 7623/50
f 8908/36 8905/45 8585/47 8584/50
f 8225/54 8224/30 8885/5 9206/6
f 8233/54 8232/116 8556/50 9156/6
f 9231/13 8379/11 9224/5 9223/6
f 9237/27 8900/28 8899/5 9232/6
f 9296/6 9165/113 8580/112 9297/50
f 8684/36 9165/45 8580/47 8579/50
f 7660/123 8688/127 8578/128 7661/48
f 9010/122 7612/51 7614/93 8587/94
f 8227/54 8226/30 8886/5 9319/6
f 8099/13 8100/53 8557/50 9157/6
f 8953/75 8631/76 8098/5 8099/6
f 8956/75 8955/76 8100/5 8101/6
f 8235/13 8234/53 8955/50 8953/6
f 8223/54 8222/30 9495/5 8884/6
f 8231/99 8230/30 9155/5 8555/24
f 9500/13 9511/11 9505/5 9504/6
f 8897/27 9514/28 9512/5 8898/6
f 7615/36 9164/45 8575/47 7616/50
f 9576/54 8236/30 8883/5 9577/6
f 8229/54 8228/116 8554/50 9154/6
f 9584/13 9585/11 9568/5 8040/6
f 9587/13 9588/25 7903/26 9571/6
f 9590/13 9592/11 9593/5 9591/6
f 9596/13 8566/77 8564/78 9588/6
f 9598/13 9600/25 9590/26 9599/6
f 9602/27 9603/28 9594/5 9592/6
f 9606/13 9601/11 9600/5 9607/6
f 9609/13 9611/11 9612/5 9610/6
f 9614/13 8375/11 9583/5 9582/6
f 8050/13 8365/11 9615/5 9605/6
f 8368/13 7771/11 9602/5 9601/6
f 9616/13 9617/25 9618/26 9611/6
f 9620/27 8896/28 8895/5 9619/6
f 9161/13 9357/11 9621/5 9034/6
f 9358/13 9359/11 9623/5 9622/6
f 9161/31 7611/32 7617/56 8568/50
f 8418/122 9161/51 8568/93 8422/94
f 9852/13 9845/11 9736/5 9844/6
f 9893/43 9874/28 9866/5 9882/35
f 9896/13 9897/11 9895/5 9678/6
f 9899/13 9900/11 9890/5 9889/6
f 9898/34 9894/11 9897/5 9747/35
f 9990/13 10020/11 10019/5 9740/6
f 9875/27 9992/55 9878/26 9876/6
f 10034/13 10035/11 9674/5 9962/6
f 10036/13 9987/11 9729/5 10033/6
f 9991/13 9969/25 9743/26 10034/6
f 10320/27 10323/55 10324/26 10314/6
f 10325/27 10327/28 10313/5 10326/6
f 10360/43 10200/28 10196/5 10194/35
f 10363/13 10364/11 10362/5 10289/6
f 10366/43 10338/28 10331/5 10367/35
f 10370/27 10368/28 10369/5 10359/6
f 10365/34 10361/11 10364/5 10215/35
f 10471/43 10341/28 10334/5 10381/35
f 10495/27 10472/28 10480/5 10402/6
f 10201/27 10465/55 10190/26 10202/6
f 10527/13 10528/11 10285/5 10456/6
f 10339/27 10470/55 10372/26 10340/6
f 10469/27 10529/28 10400/5 10479/6
f 10464/13 10466/25 10211/26 10527/6
f 10842/13 10843/11 10678/5 10679/6
f 11159/123 10882/127 10881/128 11160/48
f 10978/122 11156/51 11157/93 10984/94
f 11280/13 11278/11 11279/5 11281/6
f 11286/34 11284/11 11285/5 11287/35
f 11290/13 11288/11 11289/5 10702/6
f 10894/34 11304/11 11302/5 11305/35
f 11308/34 11306/11 11307/5 11309/35
f 11311/44 11304/45 11308/47 11312/48
f 11313/27 11314/28 11298/5 11297/6
f 11317/27 11318/28 11316/5 11315/6
f 11345/85 11342/11 11344/5 11338/86
f 11346/34 11347/11 11340/5 11348/35
f 11350/27 11351/28 11335/5 11334/6
f 11352/85 11353/11 11343/5 11354/86
f 11356/13 11357/11 11347/5 11358/6
f 11361/13 11359/11 11360/5 11349/6
f 11363/34 11364/11 11362/5 11365/35
f 11370/13 11367/11 11369/5 11359/6
f 11019/13 11012/11 11364/5 11373/6
f 11026/13 11025/11 11368/5 11374/6
f 11035/13 10947/11 11375/5 11367/6
f 11382/6 11384/113 11385/112 11383/50
f 10873/36 11384/45 11385/47 10875/50
f 11745/13 11746/11 11747/5 11748/6
f 10971/123 11968/127 11684/128 10972/48
f 11970/122 11727/51 11683/93 11695/94
f 10839/6 12077/113 11686/112 10840/50
f 12080/36 12077/45 11686/47 11685/50
f 11575/13 11578/77 12456/78 10685/6
f 12458/13 12460/11 12461/5 12459/6
f 12465/27 12062/28 12059/5 12464/6
f 12469/27 12068/28 12065/5 12466/6
f 10987/123 12313/113 11706/112 10988/48
f 12315/13 12470/11 11808/5 12313/6
f 12471/13 12473/11 12263/5 12472/6
f 12475/27 12476/28 11893/5 12474/6
f 12477/13 10992/11 11904/5 11259/6
f 10670/27 12478/28 11907/5 10664/6
f 12479/13 12480/57 12481/58 11894/6
f 12487/13 12489/11 12490/5 12488/6
f 12494/13 12482/11 12480/5 12493/6
f 12495/27 11925/28 12485/5 12484/6
f 12497/13 12491/25 12489/26 12486/6
f 12498/27 11920/55 11720/26 12494/6
f 11032/27 11031/28 12499/5 12497/6
f 11017/13 11022/77 12496/78 11926/6
f 11034/13 11040/11 11920/5 12501/6
f 12516/6 12302/113 11681/112 12517/50
f 11730/36 12302/45 11681/47 11680/50
f 12522/123 11734/127 11679/128 12523/48
f 11738/122 10830/51 10832/93 11688/94
f 10879/6 12533/113 12534/112 10880/50
f 11572/13 11571/11 10681/5 10680/6
f 11581/13 11580/53 10695/50 10690/6
f 11577/85 11574/11 10682/5 12774/86
f 12779/13 12777/11 12778/5 12780/6
f 12061/27 12786/28 12785/5 12056/6
f 12326/123 12312/127 11700/128 12327/48
f 12067/27 12788/28 12787/5 12064/6
f 12312/36 10870/51 10874/93 11700/50
f 12789/13 12314/11 12312/5 12660/6
f 12791/13 12790/11 12661/5 12662/6
f 12794/27 12795/28 12792/5 12796/6
f 10991/13 12797/11 11257/5 11903/6
f 12798/27 10669/28 11905/5 11906/6
f 12800/104 12801/11 12799/5 12802/101
f 12810/13 12807/11 12809/5 12811/6
f 12803/13 12815/11 12814/5 12800/6
f 11924/27 12816/28 12806/5 12805/6
f 12813/34 12818/11 12808/5 12810/35
f 11922/43 12819/28 12815/5 11718/35
f 11030/27 11029/28 12818/5 12820/6
f 11021/85 11016/11 11923/5 12817/86
f 11039/13 11033/11 12822/5 11922/6
f 10833/36 12300/45 11673/47 10834/50
f 12289/6 12310/113 11702/112 11689/50
f 12309/36 12310/45 11702/47 11701/50
f 11573/13 11576/11 12861/5 12860/6
f 11582/13 12864/25 12865/26 12863/6
f 12866/13 11665/11 10696/5 12867/6
f 12296/13 12646/25 12870/26 12175/6
f 12647/13 11666/25 11672/26 12871/6
f 12296/31 10829/32 10835/56 11666/50
f 10962/122 12296/51 11666/93 10968/94
f 12872/27 12060/28 12055/5 12869/6
f 12874/27 12066/28 12063/5 12873/6
f 12883/13 12885/77 12879/78 12884/6
f 12886/13 12887/25 12888/26 12880/6
f 12889/27 12890/28 12877/5 12876/6
f 12891/13 12892/77 12893/78 12882/6
f 12895/13 12896/11 12897/5 12886/6
f 12898/13 11721/11 11717/5 12899/6
f 12901/13 12902/25 12903/26 12900/6
f 12906/13 12908/11 12898/5 12907/6
f 11013/13 11020/11 12910/5 12901/6
f 11028/13 11027/11 12911/5 12905/6
f 10941/13 11036/11 12906/5 12912/6
f 13189/13 13190/57 13181/58 13188/6
f 13045/75 13046/76 13193/5 13189/6
f 13319/123 13142/127 13320/128 13321/48
f 13149/122 13143/51 13316/93 13323/94
f 13401/13 13077/11 13402/5 13403/6
f 13412/75 13413/76 13411/5 13414/6
f 13415/34 13416/11 13058/5 13078/35
f 13418/34 13417/11 13077/5 13064/35
f 13419/34 13420/11 13408/5 13076/35
f 13422/13 13089/11 13416/5 13423/6
f 13425/13 13424/11 13417/5 13426/6
f 13427/13 13428/11 13420/5 13429/6
f 13345/34 13099/11 13098/5 13435/35
f 13349/34 13347/11 13436/5 13437/35
f 13355/13 13354/11 13442/5 13443/6
f 13366/13 13362/11 13444/5 13430/6
f 13110/44 13099/45 13349/47 13391/48
f 13445/91 13446/92 13441/5 13354/6
f 13449/34 13450/11 13448/5 13451/35
f 13454/13 13452/11 13453/5 13455/6
f 13473/13 13470/11 13195/5 13474/6
f 13476/27 13477/28 13159/5 13478/6
f 13486/13 13483/11 13485/5 13487/6
f 13489/104 13490/11 13471/5 13491/101
f 13493/34 13494/11 13484/5 13486/35
f 13498/75 13499/76 13497/5 13488/6
f 13504/13 13502/11 13476/5 13505/6
f 13509/34 13510/11 13508/5 13479/35
f 13496/13 13511/11 13513/5 13493/6
f 13461/104 13514/11 13516/5 13500/101
f 13507/34 13460/11 13503/5 13504/35
f 13517/13 13506/11 13510/5 13518/6
f 13112/6 13136/113 13533/112 13530/50
f 13135/36 13136/45 13533/47 13381/50
f 13702/146 13699/92 13701/5 13692/101
f 13747/123 13131/127 13748/128 13749/48
f 13138/122 13132/51 13745/93 13751/94
f 13103/6 13125/113 13852/112 13833/50
f 13124/36 13125/45 13852/47 13855/50
f 14069/75 14070/76 14071/5 14072/6
f 13715/13 14074/25 13085/26 13066/6
f 14068/13 14077/11 14078/5 13715/6
f 13361/13 13360/11 14083/5 14082/6
f 13365/13 13369/11 14080/5 14084/6
f 14085/91 13886/92 13361/5 14081/6
f 13546/123 13156/113 13863/112 13547/48
f 13155/13 13686/11 13678/5 13156/6
f 14090/13 13249/11 13246/5 13868/6
f 14092/13 14093/25 13877/26 13862/6
f 14094/13 14095/11 13883/5 13880/6
f 14104/13 14106/11 14107/5 14105/6
f 14108/13 14110/11 14097/5 14109/6
f 14113/13 14114/53 14100/50 14099/6
f 14117/13 14118/25 14119/26 14101/6
f 14122/27 14123/28 14102/5 14121/6
f 14124/13 14125/25 14106/26 14103/6
f 14112/75 13688/76 13606/5 14113/6
f 13257/75 14115/76 14114/5 13258/6
f 14128/13 14129/11 14130/5 14124/6
f 14131/13 14132/11 14133/5 14125/6
f 14136/13 14138/11 14139/5 14137/6
f 14141/13 14142/77 14132/78 14128/6
f 14143/13 14111/11 14134/5 14144/6
f 14116/13 14145/57 14140/58 14135/6
f 13372/6 13114/113 14215/112 13373/50
f 13113/36 13114/45 14215/47 14179/50
f 13394/123 13120/127 14181/128 13395/48
f 13127/122 13121/51 13828/93 14210/94
f 13134/6 14245/113 14246/112 13385/50
f 13602/13 13603/53 14358/50 13847/6
f 13608/13 14260/57 14259/58 14177/6
f 13038/75 13037/76 13601/5 13602/6
f 13044/75 13043/76 13603/5 13604/6
f 13048/75 13047/76 13607/5 13608/6
f 14408/75 14409/76 14410/5 14411/6
f 14412/34 13721/11 13072/5 13084/35
f 14414/13 14058/11 13721/5 14415/6
f 13359/13 13358/11 14417/5 14418/6
f 13368/13 13364/11 14419/5 14416/6
f 13885/91 13382/92 14152/5 13358/6
f 14420/123 13153/127 13860/128 14421/48
f 13153/36 13154/51 13380/93 13860/50
f 13683/13 13158/11 13153/5 13866/6
f 13248/13 14422/11 13867/5 13869/6
f 14423/34 14171/11 14167/5 13874/35
f 14425/13 14424/11 13879/5 13882/6
f 14433/13 14430/11 14432/5 14434/6
f 14437/13 14435/11 14436/5 14438/6
f 14441/65 14442/11 13167/5 14406/24
f 14446/34 14447/11 14445/5 14448/35
f 14451/27 14452/28 14450/5 14429/6
f 14453/34 14454/11 14431/5 14433/35
f 13687/75 14439/76 14442/5 13605/6
f 14444/75 13256/76 13255/5 14441/6
f 14457/13 14458/11 14454/5 14459/6
f 14461/13 14460/11 14453/5 14462/6
f 14467/13 14464/11 14466/5 14468/6
f 14470/85 14471/11 14458/5 14461/86
f 14440/13 14472/11 14473/5 14463/6
f 14474/104 14443/11 14465/5 14469/101
f 13108/36 13107/45 13352/47 13829/50
f 13123/6 13147/113 14403/112 14398/50
f 13146/36 13147/45 14403/47 13861/50
f 13080/13 14500/11 14501/5 14313/6
f 14502/75 14503/76 14504/5 14492/6
f 13703/13 14505/25 13079/26 13052/6
f 14506/13 13710/25 13060/26 13080/6
f 13709/13 14507/25 13081/26 13059/6
f 13090/13 14509/11 14510/5 13703/6
f 14511/13 14512/11 14513/5 14506/6
f 14148/13 14514/11 14515/5 13709/6
f 13091/13 13346/25 14517/26 13100/6
f 13348/13 13350/25 14392/26 14518/6
f 13357/13 13356/11 14520/5 14519/6
f 13363/13 13367/11 14516/5 14521/6
f 13091/31 13101/32 13830/56 13350/50
f 13116/122 13091/51 13350/93 13838/94
f 14154/91 13884/92 13357/5 13351/6
f 14170/13 14522/25 13873/26 14169/6
f 14523/13 14524/11 13881/5 13878/6
f 14526/13 14527/11 13723/5 12928/6
f 14531/27 14532/28 13680/5 13162/6
f 14537/13 14539/11 14540/5 14538/6
f 13848/13 14542/57 14543/58 13845/6
f 14545/13 14546/25 14539/26 14536/6
f 14550/75 14551/76 14541/5 14549/6
f 14555/13 14556/11 14557/5 14532/6
f 14561/13 14562/25 14533/26 14560/6
f 14564/13 14547/11 14546/5 14565/6
f 14566/13 14529/57 14553/58 14567/6
f 14530/13 14558/25 14556/26 14554/6
f 14559/13 14568/11 14569/5 14561/6
f 14672/91 14673/92 14750/5 14743/6
f 14796/123 14797/127 14798/128 14799/48
f 14801/122 14790/51 14793/93 14802/94
f 14989/13 14714/11 14990/5 14991/6
f 14996/13 14997/11 14983/5 14982/6
f 14998/34 14999/11 14699/5 14715/35
f 15001/34 15000/11 14714/5 14712/35
f 15004/13 14876/11 14999/5 15005/6
f 15007/13 15006/11 15000/5 15008/6
f 15012/13 15013/11 15010/5 15014/6
f 14851/34 14850/11 14887/5 15017/35
f 14855/34 14853/11 15018/5 15019/35
f 14896/44 14850/45 14855/47 14973/48
f 15024/27 15025/28 15023/5 15022/6
f 15049/43 15046/28 15048/5 15050/35
f 15053/43 15054/28 15038/5 14766/35
f 15057/13 15058/11 15056/5 15059/6
f 15061/27 15062/28 15042/5 15041/6
f 15065/13 15063/11 15064/5 15051/6
f 15066/34 15055/11 15058/5 15060/35
f 15074/85 15072/11 15073/5 15075/86
f 14691/65 15033/11 15070/5 15069/24
f 14898/6 14921/113 15088/112 15085/50
f 14920/36 14921/45 15088/47 14955/50
f 15356/91 15357/92 15351/5 15358/6
f 15431/123 14916/127 15432/128 15433/48
f 14923/122 14917/51 15429/93 15435/94
f 14890/6 14910/113 15621/112 15532/50
f 14909/36 14910/45 15621/47 15622/50
f 15819/13 15380/11 14701/5 15817/6
f 15824/13 15574/11 15568/5 15823/6
f 15828/27 15604/28 15576/5 15825/6
f 15105/123 14938/113 15628/112 15106/48
f 14941/13 15829/11 15631/5 14938/6
f 15830/13 15831/11 14663/5 15237/6
f 15835/27 15836/28 15605/5 15833/6
f 15245/13 15244/11 15841/5 15840/6
f 14670/91 15843/92 15834/5 15842/6
f 15845/13 15846/77 15847/78 15790/6
f 15838/75 15850/76 15245/5 15839/6
f 15852/27 15854/28 15848/5 15853/6
f 15844/13 15856/57 15852/58 15851/6
f 14864/6 14900/113 15939/112 14865/50
f 14899/36 14900/45 15939/47 15870/50
f 14976/123 14905/127 15871/128 14977/48
f 14912/122 14906/51 15527/93 15888/94
f 14919/6 15968/113 15969/112 14959/50
f 14675/91 14674/92 15611/5 15982/6
f 15247/13 15248/53 15347/50 15794/6
f 14679/75 14678/76 15246/5 15247/6
f 14685/75 14684/76 15248/5 15249/6
f 15384/13 16078/11 16076/5 14705/6
f 15572/13 15976/11 16080/5 15573/6
f 16081/123 14935/127 15625/128 16082/48
f 15603/27 16083/28 15977/5 14952/6
f 14935/36 14936/51 14954/93 15625/50
f 16084/13 14940/11 14935/5 15630/6
f 16086/13 16085/11 15632/5 15633/6
f 16088/27 16089/28 16087/5 16090/6
f 15243/13 15242/11 16095/5 16096/6
f 16098/91 14669/92 16097/5 16099/6
f 16102/85 16103/11 16101/5 16104/86
f 16108/75 16091/76 16094/5 15242/6
f 16112/27 16109/28 16111/5 16105/6
f 16114/104 16100/11 16110/5 16109/101
f 14894/36 14849/45 14858/47 15528/50
f 14908/6 14930/113 16050/112 16045/50
f 14929/36 14930/45 16050/47 15626/50
f 14717/13 16183/11 16184/5 15192/6
f 16185/13 15374/11 14694/5 16181/6
f 15373/13 16186/25 14716/26 14693/6
f 16187/13 15387/25 14708/26 14717/6
f 14877/13 16189/11 16190/5 15373/6
f 16191/13 16192/11 16193/5 16187/6
f 15975/13 14847/11 15571/5 16194/6
f 14846/13 14852/25 16195/26 14888/6
f 14854/13 14856/25 16042/26 16196/6
f 14846/31 14889/32 15529/56 14856/50
f 14902/122 14846/51 14856/93 15613/94
f 16197/27 15596/28 15575/5 15974/6
f 16204/27 16205/55 16128/26 16127/6
f 16210/27 16211/55 14762/26 16126/6
f 16213/13 16214/11 15744/5 16058/6
f 16215/27 16216/28 16200/5 16199/6
f 16217/13 16219/11 16207/5 16218/6
f 16212/13 15348/25 15251/26 16213/6
f 16224/13 16226/77 16227/78 16225/6
f 16209/13 14687/53 15349/50 16222/6
f 17047/13 17049/57 17050/58 16906/6
f 17418/48 16941/50 16268/36 16267/7
f 17419/81 16941/50 16300/6 17420/82
f 16941/47 17421/50 17422/36 16300/45
f 17431/13 17434/11 17435/5 17432/6
f 16956/13 17437/53 17438/50 17436/6
f 17441/13 17443/77 17444/78 17442/6
f 17447/13 17156/25 17448/26 17445/6
f 17449/13 17069/11 17451/5 17450/6
f 17455/27 17457/28 17458/5 17456/6
f 17461/48 17452/50 17462/31 17463/7
f 17467/91 17468/92 17460/5 17466/6
f 17469/13 17470/25 17457/26 17454/6
f 17472/13 17464/11 17470/5 17473/6
f 17475/13 17476/11 17477/5 17474/6
f 17239/13 17479/25 17480/26 17475/6
f 17481/13 17483/11 17478/5 17482/6
f 17491/13 17492/11 17493/5 17487/6
f 17499/13 17500/11 17501/5 17492/6
f 17504/13 17505/25 17502/26 17500/6
f 17507/13 17509/77 17505/78 17508/6
f 17261/13 17264/25 17509/26 17510/6
f 16917/93 17555/50 16380/36 16379/51
f 17556/56 17555/50 17557/31 17558/32
f 17559/13 17560/11 17561/5 17562/6
f 17060/34 17152/11 17563/5 17564/35
f 17568/13 16951/11 17567/5 17569/6
f 17572/13 17570/11 17571/5 17573/6
f 17578/104 17576/11 17577/5 17579/101
f 17587/27 17585/28 17586/5 17588/6
f 17594/91 17595/92 17593/5 17589/6
f 17596/34 17529/11 17526/5 17587/35
f 17592/13 17597/11 17599/5 17596/6
f 17184/48 17600/50 16426/36 16425/7
f 17601/13 17602/11 17532/5 17603/6
f 17609/13 17605/11 17608/5 17164/6
f 17199/13 17610/11 17102/5 17600/6
f 17614/34 17232/11 17602/5 17615/35
f 17618/13 17616/11 17617/5 17604/6
f 17627/34 17624/11 17626/5 17628/35
f 17635/13 17632/11 17634/5 17636/6
f 17639/13 17637/11 17638/5 17621/6
f 17642/34 17643/11 17641/5 17644/35
f 17648/27 17645/28 17647/5 17623/6
f 17651/13 17649/11 17627/5 17652/6
f 17654/27 17655/28 17633/5 17632/6
f 17657/13 17658/11 17635/5 17659/6
f 17646/13 17663/11 17662/5 17642/6
f 17666/34 17656/11 17658/5 17667/35
f 17669/34 17670/11 17663/5 17645/35
f 17672/85 17673/11 17665/5 17674/86
f 17678/13 17676/11 17654/5 17656/6
f 17680/27 17661/28 17670/5 17681/6
f 17251/34 17245/11 17672/5 17675/35
f 17257/13 17253/11 17683/5 17679/6
f 16947/93 17699/50 16302/36 16301/51
f 16909/56 17699/50 17700/31 16910/32
f 17708/48 16911/50 16348/36 16347/7
f 17187/81 16911/50 16378/6 17188/82
f 16911/47 17125/50 17709/36 16378/45
f 16939/56 17720/50 17725/31 16940/32
f 17912/13 17911/53 16900/50 16895/6
f 17516/13 17714/57 17713/58 16907/6
f 17986/104 17982/11 17985/5 17987/101
f 17176/48 17938/50 16309/36 16308/7
f 17134/81 17938/50 16339/6 17135/82
f 17938/47 16912/50 18092/36 16339/45
f 18110/13 18106/11 18109/5 18111/6
f 17915/65 16955/11 18112/5 18113/24
f 18118/85 18116/11 18117/5 18119/86
f 16287/34 17898/11 18120/5 18123/35
f 17900/13 17899/11 18124/5 18125/6
f 18128/27 18126/28 18127/5 18129/6
f 17179/81 17901/50 16259/6 17180/82
f 17901/47 16942/50 18132/36 16259/45
f 18136/91 18137/92 18135/5 18130/6
f 18138/34 17531/11 17528/5 18128/35
f 18134/13 18139/11 18141/5 18138/6
f 18142/13 18143/11 17534/5 18144/6
f 18146/34 17238/11 18143/5 18147/35
f 18150/13 18148/11 18149/5 18145/6
f 18157/13 18158/11 18156/5 18159/6
f 18165/13 18163/11 18157/5 18166/6
f 18170/34 18168/11 18165/5 18167/35
f 18174/85 18171/11 18173/5 18170/86
f 17263/34 17260/11 18175/5 18174/35
f 17129/93 17954/50 16419/36 16418/51
f 17940/93 17947/50 16341/36 16340/51
f 17122/56 17947/50 18206/31 17123/32
f 17909/93 17941/50 16261/36 16260/51
f 17936/56 17941/50 18218/31 17937/32
f 17910/13 16228/11 18232/5 18186/6
f 16235/13 16251/25 18234/26 18233/6
f 16952/13 17914/11 18237/5 18236/6
f 17916/13 17315/11 18239/5 18238/6
f 17518/13 18242/57 18243/58 18241/6
f 18245/27 18247/28 18248/5 18246/6
f 18254/91 18255/92 18250/5 18253/6
f 17530/13 18256/25 18247/26 17527/6
f 18258/13 18251/11 18256/5 18259/6
f 17131/48 17124/50 16387/36 16386/7
f 17953/112 17124/50 16417/6 16416/113
f 17124/47 17953/50 17969/36 16417/45
f 17973/13 18260/11 18261/5 17533/6
f 18263/13 18264/11 16442/5 17970/6
f 18265/13 17200/11 17953/5 17971/6
f 17233/13 18266/25 18267/26 17973/6
f 18268/13 18270/11 18262/5 18269/6
f 18273/13 18275/25 18276/26 18274/6
f 18279/13 18280/11 18076/5 17929/6
f 18281/13 18282/11 18077/5 17319/6
f 18283/13 18284/25 18285/26 17517/6
f 18287/27 18289/28 18271/5 18288/6
f 18291/13 18292/11 18293/5 18275/6
f 18295/27 18296/28 18279/5 18278/6
f 18298/13 18299/11 18300/5 18280/6
f 18304/13 18286/11 18284/5 18303/6
f 18297/13 18306/25 18307/26 18298/6
f 18309/13 18310/25 18287/26 18304/6
f 18190/13 18312/77 18313/78 18188/6
f 18316/13 18317/11 18297/5 18296/6
f 18302/27 18319/28 18320/5 18309/6
f 16500/13 17252/25 18314/26 18312/6
f 17254/13 17258/11 18318/5 18322/6

usemtl minecraft_block-emerald_block

f 3979/13 3980/11 3981/5 3982/6
f 3986/13 3987/11 3988/5 3989/6
f 4182/13 3982/11 3981/5 4183/6
f 4184/13 4185/11 4186/5 4187/6
f 3986/13 4201/11 4202/5 3987/6
f 4203/13 4204/11 4205/5 4206/6
f 3980/13 4387/11 4183/5 3981/6
f 3987/13 4202/11 4390/5 3988/6
f 4406/13 4407/11 4187/5 4186/6
f 4206/13 4205/11 4408/5 4409/6
f 3979/13 4648/11 4387/5 3980/6
f 4649/13 4650/11 4407/5 4406/6
f 4649/13 4406/11 4186/5 4185/6
f 4203/13 4206/11 4409/5 5008/6
f 4387/13 4648/11 4182/5 4183/6
f 4202/13 4201/11 5168/5 4390/6
f 5177/13 5179/11 5180/5 5178/6
f 5183/13 5185/11 5186/5 5184/6
f 4407/13 4650/11 4184/5 4187/6
f 4205/13 4204/11 5193/5 4408/6
f 5168/13 3989/11 3988/5 4390/6
f 5193/13 5008/11 4409/5 4408/6
f 4648/13 3979/11 3982/5 4182/6
f 4201/13 3986/11 3989/5 5168/6
f 4650/13 4649/11 4185/5 4184/6
f 4204/13 4203/11 5008/5 5193/6
f 7794/13 7795/11 7796/5 7797/6
f 7802/13 7803/11 7804/5 7805/6
f 7977/13 7978/11 7979/5 7980/6
f 7981/13 7982/11 7983/5 7984/6
f 7985/13 7797/11 7796/5 7986/6
f 8008/13 8009/11 8010/5 8011/6
f 8012/13 8013/11 8014/5 8015/6
f 7802/13 8016/11 8017/5 7803/6
f 8041/13 8042/11 7979/5 7978/6
f 8008/13 8011/11 8046/5 8047/6
f 8042/13 8239/11 7980/5 7979/6
f 8011/13 8010/11 8242/5 8046/6
f 8258/13 8259/11 7984/5 7983/6
f 8015/13 8014/11 8260/5 8261/6
f 7795/13 8263/11 7986/5 7796/6
f 7803/13 8017/11 8265/5 7804/6
f 8263/13 8559/11 7985/5 7986/6
f 8017/13 8016/11 8562/5 8265/6
f 8041/13 8783/11 8239/5 8042/6
f 8784/13 8785/11 8259/5 8258/6
f 7794/13 8559/11 8263/5 7795/6
f 8239/13 8783/11 7977/5 7980/6
f 8010/13 8009/11 8890/5 8242/6
f 8784/13 8258/11 7983/5 7982/6
f 8012/13 8015/11 8261/5 9160/6
f 8259/13 8785/11 7981/5 7984/6
f 8014/13 8013/11 9420/5 8260/6
f 9490/13 9492/11 9493/5 9491/6
f 8890/13 8047/11 8046/5 8242/6
f 9420/13 9160/11 8261/5 8260/6
f 8562/13 7805/11 7804/5 8265/6
f 8783/13 8041/11 7978/5 7977/6
f 8009/13 8008/11 8047/5 8890/6
f 8785/13 8784/11 7982/5 7981/6
f 8013/13 8012/11 9160/5 9420/6
f 8559/13 7794/11 7797/5 7985/6
f 8016/13 7802/11 7805/5 8562/6
f 10812/13 10813/11 10814/5 10815/6
f 10820/13 10821/11 10822/5 10823/6
f 11046/13 11047/11 11048/5 11049/6
f 11052/13 11053/11 11054/5 11055/6
f 11056/13 11057/11 11058/5 11059/6
f 11060/13 11061/11 11062/5 11063/6
f 10813/13 11066/11 11067/5 10814/6
f 10821/13 11069/11 11070/5 10822/6
f 11172/13 11173/11 11049/5 11048/6
f 11174/13 11175/11 11059/5 11058/6
f 11176/13 10815/11 10814/5 11067/6
f 11203/13 11204/11 11053/5 11052/6
f 11205/13 11206/11 11061/5 11060/6
f 10820/13 11207/11 11069/5 10821/6
f 11263/13 11046/11 11049/5 11173/6
f 11203/13 11052/11 11055/5 11265/6
f 11066/13 11723/11 11176/5 11067/6
f 11069/13 11207/11 11726/5 11070/6
f 11263/13 11975/11 11047/5 11046/6
f 11976/13 11977/11 11057/5 11056/6
f 10812/13 11723/11 11066/5 10813/6
f 11047/13 11975/11 11172/5 11048/6
f 11053/13 11204/11 12073/5 11054/6
f 11976/13 11056/11 11059/5 11175/6
f 11205/13 11060/11 11063/5 12320/6
f 11057/13 11977/11 11174/5 11058/6
f 11061/13 11206/11 12642/5 11062/6
f 11975/13 11263/11 11173/5 11172/6
f 11204/13 11203/11 11265/5 12073/6
f 11977/13 11976/11 11175/5 11174/6
f 11206/13 11205/11 12320/5 12642/6
f 11723/13 10812/11 10815/5 11176/6
f 11207/13 10820/11 10823/5 11726/6
f 12073/13 11265/11 11055/5 11054/6
f 12642/13 12320/11 11063/5 11062/6
f 11726/13 10823/11 10822/5 11070/6
f 17028/13 17029/11 17030/5 17031/6
f 17035/13 17036/11 17037/5 17038/6
f 17029/13 17269/11 17270/5 17030/6
f 17036/13 17273/11 17274/5 17037/6
f 17275/13 17276/11 17277/5 17278/6
f 17279/13 17280/11 17281/5 17282/6
f 17427/13 17031/11 17030/5 17270/6
f 17428/13 17429/11 17278/5 17277/6
f 17540/13 17275/11 17278/5 17429/6
f 17543/13 17279/11 17282/5 17544/6
f 17035/13 17549/11 17273/5 17036/6
f 17543/13 17550/11 17280/5 17279/6
f 17269/13 17963/11 17427/5 17270/6
f 17273/13 17549/11 17966/5 17274/6
f 17963/13 17028/11 17031/5 17427/6
f 17549/13 17035/11 17038/5 17966/6
f 18083/13 17540/11 17429/5 17428/6
f 17550/13 17543/11 17544/5 18084/6
f 17028/13 17963/11 17269/5 17029/6
f 17540/13 18083/11 17276/5 17275/6
f 17276/13 18083/11 17428/5 17277/6
f 17280/13 17550/11 18084/5 17281/6
f 17966/13 17038/11 17037/5 17274/6
f 18084/13 17544/11 17282/5 17281/6
f 18813/13 18814/11 18815/5 18816/6
f 18821/13 18822/11 18823/5 18824/6
f 18978/13 18979/11 18816/5 18815/6
f 19013/13 19014/11 18822/5 18821/6
f 18814/13 19042/11 18978/5 18815/6
f 18822/13 19014/11 19045/5 18823/6
f 19042/13 19188/11 18979/5 18978/6
f 19014/13 19013/11 19191/5 19045/6
f 19188/13 19042/11 18814/5 18813/6
f 19045/13 19191/11 18824/5 18823/6
f 19188/13 18813/11 18816/5 18979/6
f 19013/13 18821/11 18824/5 19191/6
f 19973/13 19974/11 19975/5 19976/6
f 20018/13 20019/11 20020/5 20021/6
f 20056/13 20057/11 19973/5 19976/6
f 20020/13 20019/11 20062/5 20063/6
f 20121/13 20056/11 19976/5 19975/6
f 20021/13 20020/11 20063/5 20124/6
f 20235/13 20057/11 20056/5 20121/6
f 20062/13 20244/11 20124/5 20063/6
f 20235/13 20121/11 19975/5 19974/6
f 20018/13 20021/11 20124/5 20244/6
f 20057/13 20235/11 19974/5 19973/6
f 20019/13 20018/11 20244/5 20062/6
